"Status","Actor","ActorType","DataLayersBefore","DataLayersAfter","ExternalActorPackage","OutlinerPath","GUID"
"Removed","SM_HW_Column_A_2M_1","StaticMeshActor","DL_RENDER DL_OVERLAND","DL_RENDER","/Game/__ExternalActors__/Levels/Overland/Hogwarts/EntranceHall/LI_EntranceHall_EXT/B/2P/LFKEWSN07UB3TCY219XZRX","LV_Overland/Hogwarts/LI_Hogwarts/LevelInstances/EntranceHall/LI_EntranceHall_EXT/RENDER/Tower/SM_HW_Column_A_2M_1","4BB8817A-4A4E-7808-E881-DFA7BD959575"
"Removed","SM_HW_Column_A_2M_2","StaticMeshActor","DL_RENDER DL_OVERLAND","DL_RENDER","/Game/__ExternalActors__/Levels/Overland/Hogwarts/EntranceHall/LI_EntranceHall_EXT/A/2O/3S53Z44B8UZA1DQBX2FX0C","LV_Overland/Hogwarts/LI_Hogwarts/LevelInstances/EntranceHall/LI_EntranceHall_EXT/RENDER/Tower/SM_HW_Column_A_2M_2","3A70C4F5-4E91-6087-EF20-A49A56C11854"
"Removed","SM_HW_Column_A_2M_28","StaticMeshActor","DL_RENDER DL_OVERLAND","DL_RENDER","/Game/__ExternalActors__/Levels/Overland/Hogwarts/EntranceHall/LI_EntranceHall_EXT/B/21/FMIHW182IOKRINY9T9JUYQ","LV_Overland/Hogwarts/LI_Hogwarts/LevelInstances/EntranceHall/LI_EntranceHall_EXT/RENDER/Tower/SM_HW_Column_A_2M_28","F03798FC-42B8-562D-F32F-28AFB21FF208"
"Removed","SM_HW_Column_A_2M_29","StaticMeshActor","DL_RENDER DL_OVERLAND","DL_RENDER","/Game/__ExternalActors__/Levels/Overland/Hogwarts/EntranceHall/LI_EntranceHall_EXT/6/4A/4PJKDOCR0ICWCVZXYCO6WV","LV_Overland/Hogwarts/LI_Hogwarts/LevelInstances/EntranceHall/LI_EntranceHall_EXT/RENDER/Tower/SM_HW_Column_A_2M_29","D4A02468-4F4A-B9B9-68FB-F4880907AEB9"
"Removed","SM_HW_Column_A_2M_3","StaticMeshActor","DL_RENDER DL_OVERLAND","DL_RENDER","/Game/__ExternalActors__/Levels/Overland/Hogwarts/EntranceHall/LI_EntranceHall_EXT/1/WO/C9T6QMWS3UVPFD14N2CJET","LV_Overland/Hogwarts/LI_Hogwarts/LevelInstances/EntranceHall/LI_EntranceHall_EXT/RENDER/Tower/SM_HW_Column_A_2M_3","4B44EB8A-48DC-8F07-C3A3-C5A2F148EF5E"
"Removed","SM_HW_Column_A_2M_30","StaticMeshActor","DL_RENDER DL_OVERLAND","DL_RENDER","/Game/__ExternalActors__/Levels/Overland/Hogwarts/EntranceHall/LI_EntranceHall_EXT/1/HL/74D39FI6EHW06O2D06M28J","LV_Overland/Hogwarts/LI_Hogwarts/LevelInstances/EntranceHall/LI_EntranceHall_EXT/RENDER/Tower/SM_HW_Column_A_2M_30","A56D1235-475C-9C7B-2FC6-3C85310E502B"
"Removed","SM_HW_Column_A_2M_31","StaticMeshActor","DL_RENDER DL_OVERLAND","DL_RENDER","/Game/__ExternalActors__/Levels/Overland/Hogwarts/EntranceHall/LI_EntranceHall_EXT/0/TJ/IA3EYCTFR45H1GG4RBBGMB","LV_Overland/Hogwarts/LI_Hogwarts/LevelInstances/EntranceHall/LI_EntranceHall_EXT/RENDER/Tower/SM_HW_Column_A_2M_31","481FF9C2-48A4-7F26-6330-B8AC7E6AB70C"
"Removed","SM_HW_Column_A_2M_32","StaticMeshActor","DL_RENDER DL_OVERLAND","DL_RENDER","/Game/__ExternalActors__/Levels/Overland/Hogwarts/EntranceHall/LI_EntranceHall_EXT/9/BI/D2EHVUCFHYB5P1COVIGVIO","LV_Overland/Hogwarts/LI_Hogwarts/LevelInstances/EntranceHall/LI_EntranceHall_EXT/RENDER/Tower/SM_HW_Column_A_2M_32","5F0A5982-4B93-CB71-F36B-8F82B5FF03E1"
"Removed","SM_HW_Column_A_2M_33","StaticMeshActor","DL_RENDER DL_OVERLAND","DL_RENDER","/Game/__ExternalActors__/Levels/Overland/Hogwarts/EntranceHall/LI_EntranceHall_EXT/F/57/VM3F9YXC3E9SFUIC9FTC9I","LV_Overland/Hogwarts/LI_Hogwarts/LevelInstances/EntranceHall/LI_EntranceHall_EXT/RENDER/Tower/SM_HW_Column_A_2M_33","6CFD74BD-44E9-929F-7535-84B09CBBCE7F"
"Removed","SM_HW_Column_A_2M_34","StaticMeshActor","DL_RENDER DL_OVERLAND","DL_RENDER","/Game/__ExternalActors__/Levels/Overland/Hogwarts/EntranceHall/LI_EntranceHall_EXT/D/LY/VAQO7AE7D9AILG1TGAJUP0","LV_Overland/Hogwarts/LI_Hogwarts/LevelInstances/EntranceHall/LI_EntranceHall_EXT/RENDER/Tower/SM_HW_Column_A_2M_34","BE93F3A2-41D2-4BED-3656-34AC8E0BD7FC"
"Removed","SM_HW_Column_A_2M_35","StaticMeshActor","DL_RENDER DL_OVERLAND","DL_RENDER","/Game/__ExternalActors__/Levels/Overland/Hogwarts/EntranceHall/LI_EntranceHall_EXT/5/41/HOU8XVW6SWZH230LUJ4ILB","LV_Overland/Hogwarts/LI_Hogwarts/LevelInstances/EntranceHall/LI_EntranceHall_EXT/RENDER/Tower/SM_HW_Column_A_2M_35","AC382236-40E4-6F75-3B1F-43AAB8B75C4C"
"Removed","SM_HW_Column_A_2M_36","StaticMeshActor","DL_RENDER DL_OVERLAND","DL_RENDER","/Game/__ExternalActors__/Levels/Overland/Hogwarts/EntranceHall/LI_EntranceHall_EXT/A/BX/A0O5PDM3748QJQ97146M9G","LV_Overland/Hogwarts/LI_Hogwarts/LevelInstances/EntranceHall/LI_EntranceHall_EXT/RENDER/Tower/SM_HW_Column_A_2M_36","12FD671D-4ED7-5EAC-C7E8-F0AB8A911B5C"
"Removed","SM_HW_Column_A_2M_4","StaticMeshActor","DL_RENDER DL_OVERLAND","DL_RENDER","/Game/__ExternalActors__/Levels/Overland/Hogwarts/EntranceHall/LI_EntranceHall_EXT/2/TX/1H0DQ5EC0ZPZ3JW5LVVVFE","LV_Overland/Hogwarts/LI_Hogwarts/LevelInstances/EntranceHall/LI_EntranceHall_EXT/RENDER/Tower/SM_HW_Column_A_2M_4","69CB814B-47DD-DF26-3194-98B5A4F43E45"
"Removed","SM_HW_Column_A_2M_5","StaticMeshActor","DL_RENDER DL_OVERLAND","DL_RENDER","/Game/__ExternalActors__/Levels/Overland/Hogwarts/EntranceHall/LI_EntranceHall_EXT/C/UK/45JJQI7QSGZUFOI4PERXLN","LV_Overland/Hogwarts/LI_Hogwarts/LevelInstances/EntranceHall/LI_EntranceHall_EXT/RENDER/Tower/SM_HW_Column_A_2M_5","B1D73294-45EA-F415-7883-54978E232588"
"Removed","SM_HW_Column_A_2M_6","StaticMeshActor","DL_RENDER DL_OVERLAND","DL_RENDER","/Game/__ExternalActors__/Levels/Overland/Hogwarts/EntranceHall/LI_EntranceHall_EXT/C/0E/PBKWMFEEORV7O3F4VJ68VD","LV_Overland/Hogwarts/LI_Hogwarts/LevelInstances/EntranceHall/LI_EntranceHall_EXT/RENDER/Tower/SM_HW_Column_A_2M_6","53D2700B-43C0-A0A8-FFC0-AE85E177A163"
"Removed","SM_HW_Column_A_Base_1","StaticMeshActor","DL_RENDER DL_OVERLAND","DL_RENDER","/Game/__ExternalActors__/Levels/Overland/Hogwarts/EntranceHall/LI_EntranceHall_EXT/0/PD/ARG4CNE15I2PCJ555JXM94","LV_Overland/Hogwarts/LI_Hogwarts/LevelInstances/EntranceHall/LI_EntranceHall_EXT/RENDER/Tower/SM_HW_Column_A_Base_1","1EAACDB1-470A-B1B2-CFE1-BE88AA363133"
"Removed","SM_HW_Column_A_Base_10","StaticMeshActor","DL_RENDER DL_OVERLAND","DL_RENDER","/Game/__ExternalActors__/Levels/Overland/Hogwarts/EntranceHall/LI_EntranceHall_EXT/8/VH/PXW3OYX05C62OXCFAR8P83","LV_Overland/Hogwarts/LI_Hogwarts/LevelInstances/EntranceHall/LI_EntranceHall_EXT/RENDER/Tower/SM_HW_Column_A_Base_10","F67C10F4-4E36-5248-B6EC-5C9B555B0C51"
"Removed","SM_HW_Column_A_Base_11","StaticMeshActor","DL_RENDER DL_OVERLAND","DL_RENDER","/Game/__ExternalActors__/Levels/Overland/Hogwarts/EntranceHall/LI_EntranceHall_EXT/3/AF/KG15TEC16MFGJOBNUD331V","LV_Overland/Hogwarts/LI_Hogwarts/LevelInstances/EntranceHall/LI_EntranceHall_EXT/RENDER/Tower/SM_HW_Column_A_Base_11","782D4B28-42F1-27E0-0777-9FB7BB937528"
"Removed","SM_HW_Column_A_Base_12","StaticMeshActor","DL_RENDER DL_OVERLAND","DL_RENDER","/Game/__ExternalActors__/Levels/Overland/Hogwarts/EntranceHall/LI_EntranceHall_EXT/1/2R/VMQTS6HLHJBFQ5NK4SOZHW","LV_Overland/Hogwarts/LI_Hogwarts/LevelInstances/EntranceHall/LI_EntranceHall_EXT/RENDER/Tower/SM_HW_Column_A_Base_12","38A4EA1B-4256-40B9-C6DB-F1AB407AB5A4"
"Removed","SM_HW_Column_A_Base_13","StaticMeshActor","DL_RENDER DL_OVERLAND","DL_RENDER","/Game/__ExternalActors__/Levels/Overland/Hogwarts/EntranceHall/LI_EntranceHall_EXT/E/7H/VON0OKWR9MCPYXWXQQJNWE","LV_Overland/Hogwarts/LI_Hogwarts/LevelInstances/EntranceHall/LI_EntranceHall_EXT/RENDER/Tower/SM_HW_Column_A_Base_13","7E52B863-4BB8-824C-6C6D-318E4AEF31ED"
"Removed","SM_HW_Column_A_Base_14","StaticMeshActor","DL_RENDER DL_OVERLAND","DL_RENDER","/Game/__ExternalActors__/Levels/Overland/Hogwarts/EntranceHall/LI_EntranceHall_EXT/0/6X/YDD3V6TDRBM7OQ3ETLMEGC","LV_Overland/Hogwarts/LI_Hogwarts/LevelInstances/EntranceHall/LI_EntranceHall_EXT/RENDER/Tower/SM_HW_Column_A_Base_14","ABC12FCC-4810-BA3A-A05B-9E9A28D6227C"
"Removed","SM_HW_Column_A_Base_15","StaticMeshActor","DL_RENDER DL_OVERLAND","DL_RENDER","/Game/__ExternalActors__/Levels/Overland/Hogwarts/EntranceHall/LI_EntranceHall_EXT/D/6Z/82FXGS5C8NNEN2P3V93QS8","LV_Overland/Hogwarts/LI_Hogwarts/LevelInstances/EntranceHall/LI_EntranceHall_EXT/RENDER/Tower/SM_HW_Column_A_Base_15","96F287FB-44F6-20EF-B1E5-48969649A97B"
"Removed","SM_HW_Column_A_Base_16","StaticMeshActor","DL_RENDER DL_OVERLAND","DL_RENDER","/Game/__ExternalActors__/Levels/Overland/Hogwarts/EntranceHall/LI_EntranceHall_EXT/B/37/JDDG8OH0LWYFAQIABEMINS","LV_Overland/Hogwarts/LI_Hogwarts/LevelInstances/EntranceHall/LI_EntranceHall_EXT/RENDER/Tower/SM_HW_Column_A_Base_16","D5456428-4800-7D8A-A7C0-A7B3D36956FE"
"Removed","SM_HW_Column_A_Base_2","StaticMeshActor","DL_RENDER DL_OVERLAND","DL_RENDER","/Game/__ExternalActors__/Levels/Overland/Hogwarts/EntranceHall/LI_EntranceHall_EXT/6/IS/5A12NDRAUCTTO0AH2X4QNG","LV_Overland/Hogwarts/LI_Hogwarts/LevelInstances/EntranceHall/LI_EntranceHall_EXT/RENDER/Tower/SM_HW_Column_A_Base_2","9F16522D-4C4A-0FF0-81D6-40A497FDDE0B"
"Removed","SM_HW_Column_A_Base_20","StaticMeshActor","DL_RENDER DL_OVERLAND","DL_RENDER","/Game/__ExternalActors__/Levels/Overland/Hogwarts/EntranceHall/LI_EntranceHall_EXT/1/XO/ZGRU6OBBPF7BBWJZ7XROPT","LV_Overland/Hogwarts/LI_Hogwarts/LevelInstances/EntranceHall/LI_EntranceHall_EXT/RENDER/Tower/SM_HW_Column_A_Base_20","9C1111AE-4024-66D3-F994-43AAFAFFBF34"
"Removed","SM_HW_Column_A_Base_21","StaticMeshActor","DL_RENDER DL_OVERLAND","DL_RENDER","/Game/__ExternalActors__/Levels/Overland/Hogwarts/EntranceHall/LI_EntranceHall_EXT/1/CD/9ES783ZOLI9W0MB0YEBSF4","LV_Overland/Hogwarts/LI_Hogwarts/LevelInstances/EntranceHall/LI_EntranceHall_EXT/RENDER/Tower/SM_HW_Column_A_Base_21","E42BF571-4C55-2ABF-F0E3-86A8C1E65BF9"
"Removed","SM_HW_Column_A_Base_22","StaticMeshActor","DL_RENDER DL_OVERLAND","DL_RENDER","/Game/__ExternalActors__/Levels/Overland/Hogwarts/EntranceHall/LI_EntranceHall_EXT/A/8E/M22SL5DI4856N7XPP6MC05","LV_Overland/Hogwarts/LI_Hogwarts/LevelInstances/EntranceHall/LI_EntranceHall_EXT/RENDER/Tower/SM_HW_Column_A_Base_22","79F1E1EB-463B-77DB-D901-42AE2E151434"
"Removed","SM_HW_Column_A_Base_23","StaticMeshActor","DL_RENDER DL_OVERLAND","DL_RENDER","/Game/__ExternalActors__/Levels/Overland/Hogwarts/EntranceHall/LI_EntranceHall_EXT/B/UH/T7ACZN6DS4YLF4Z8906UCR","LV_Overland/Hogwarts/LI_Hogwarts/LevelInstances/EntranceHall/LI_EntranceHall_EXT/RENDER/Tower/SM_HW_Column_A_Base_23","8BDA9211-4B00-C770-7A04-17AA6354C93B"
"Removed","SM_HW_Column_A_Base_3","StaticMeshActor","DL_RENDER DL_OVERLAND","DL_RENDER","/Game/__ExternalActors__/Levels/Overland/Hogwarts/EntranceHall/LI_EntranceHall_EXT/E/L0/C5VF54QTO1LV23O4L45FI0","LV_Overland/Hogwarts/LI_Hogwarts/LevelInstances/EntranceHall/LI_EntranceHall_EXT/RENDER/Tower/SM_HW_Column_A_Base_3","EA3EA84B-449E-2116-5655-09850CD6DABB"
"Removed","SM_HW_Column_A_Base_5","StaticMeshActor","DL_RENDER DL_OVERLAND","DL_RENDER","/Game/__ExternalActors__/Levels/Overland/Hogwarts/EntranceHall/LI_EntranceHall_EXT/9/WW/TICX5TTTUNQQKWG544W2J7","LV_Overland/Hogwarts/LI_Hogwarts/LevelInstances/EntranceHall/LI_EntranceHall_EXT/RENDER/Tower/SM_HW_Column_A_Base_5","F46FF3FD-4E90-A684-C791-908CC60A568F"
"Removed","SM_HW_Column_A_Base_6","StaticMeshActor","DL_RENDER DL_OVERLAND","DL_RENDER","/Game/__ExternalActors__/Levels/Overland/Hogwarts/EntranceHall/LI_EntranceHall_EXT/5/Z4/V00OQULDJUH8G19EOI8L12","LV_Overland/Hogwarts/LI_Hogwarts/LevelInstances/EntranceHall/LI_EntranceHall_EXT/RENDER/Tower/SM_HW_Column_A_Base_6","607F8EBC-4308-BAD9-6ACF-8D92E0AFE252"
"Removed","SM_HW_Column_A_Base_7","StaticMeshActor","DL_RENDER DL_OVERLAND","DL_RENDER","/Game/__ExternalActors__/Levels/Overland/Hogwarts/EntranceHall/LI_EntranceHall_EXT/7/QY/6VW9FHHH29UD0CV7VC35RS","LV_Overland/Hogwarts/LI_Hogwarts/LevelInstances/EntranceHall/LI_EntranceHall_EXT/RENDER/Tower/SM_HW_Column_A_Base_7","3FCDA154-459B-DC32-83FB-E099F1A6A881"
"Removed","SM_HW_Column_A_Base_8","StaticMeshActor","DL_RENDER DL_OVERLAND","DL_RENDER","/Game/__ExternalActors__/Levels/Overland/Hogwarts/EntranceHall/LI_EntranceHall_EXT/7/O9/MW5NECHQQST18QX7FQZXBU","LV_Overland/Hogwarts/LI_Hogwarts/LevelInstances/EntranceHall/LI_EntranceHall_EXT/RENDER/Tower/SM_HW_Column_A_Base_8","8B1CF53F-4576-59EE-4417-E3927CAAF43D"
"Removed","SM_HW_Column_A_Base_9","StaticMeshActor","DL_RENDER DL_OVERLAND","DL_RENDER","/Game/__ExternalActors__/Levels/Overland/Hogwarts/EntranceHall/LI_EntranceHall_EXT/E/HN/CTIQE55LIGCFF896J8FJND","LV_Overland/Hogwarts/LI_Hogwarts/LevelInstances/EntranceHall/LI_EntranceHall_EXT/RENDER/Tower/SM_HW_Column_A_Base_9","ECE50DAD-4B2C-A881-0B36-F2AFDA1706B7"
"Removed","SM_HW_Column_A_Top_1","StaticMeshActor","DL_RENDER DL_OVERLAND","DL_RENDER","/Game/__ExternalActors__/Levels/Overland/Hogwarts/EntranceHall/LI_EntranceHall_EXT/0/2I/QPYRQVGBW68HHU1IFNBZ2C","LV_Overland/Hogwarts/LI_Hogwarts/LevelInstances/EntranceHall/LI_EntranceHall_EXT/RENDER/Tower/SM_HW_Column_A_Top_1","E56669FD-412C-0C02-53AC-76BDAEF1FCF8"
"Removed","SM_HW_Column_A_Top_12","StaticMeshActor","DL_RENDER DL_OVERLAND","DL_RENDER","/Game/__ExternalActors__/Levels/Overland/Hogwarts/EntranceHall/LI_EntranceHall_EXT/8/QR/33CK2Q6RB8ICBCMF2KHJAQ","LV_Overland/Hogwarts/LI_Hogwarts/LevelInstances/EntranceHall/LI_EntranceHall_EXT/RENDER/Tower/SM_HW_Column_A_Top_12","7375C925-4FE6-BE88-6D26-C19EE468783F"
"Removed","SM_HW_Column_A_Top_13","StaticMeshActor","DL_RENDER DL_OVERLAND","DL_RENDER","/Game/__ExternalActors__/Levels/Overland/Hogwarts/EntranceHall/LI_EntranceHall_EXT/A/UR/A2GXRR1KDDWAQ7BGAZJ1ZD","LV_Overland/Hogwarts/LI_Hogwarts/LevelInstances/EntranceHall/LI_EntranceHall_EXT/RENDER/Tower/SM_HW_Column_A_Top_13","EE13F2B2-40B0-97E7-4D4E-0087442FB4D6"
"Removed","SM_HW_Column_A_Top_14","StaticMeshActor","DL_RENDER DL_OVERLAND","DL_RENDER","/Game/__ExternalActors__/Levels/Overland/Hogwarts/EntranceHall/LI_EntranceHall_EXT/3/CI/KEEI7F38R1X18FAKX28BUO","LV_Overland/Hogwarts/LI_Hogwarts/LevelInstances/EntranceHall/LI_EntranceHall_EXT/RENDER/Tower/SM_HW_Column_A_Top_14","52B2A139-4826-57A0-E5AA-FA9C16B770C9"
"Removed","SM_HW_Column_A_Top_2","StaticMeshActor","DL_RENDER DL_OVERLAND","DL_RENDER","/Game/__ExternalActors__/Levels/Overland/Hogwarts/EntranceHall/LI_EntranceHall_EXT/3/6D/96YDVDSGZNZWF5KPIJ9DGY","LV_Overland/Hogwarts/LI_Hogwarts/LevelInstances/EntranceHall/LI_EntranceHall_EXT/RENDER/Tower/SM_HW_Column_A_Top_2","DFC099FB-41B2-5363-5FCE-F4ADA8378A33"
"Removed","SM_HW_CrocketDetail_A_1","StaticMeshActor","DL_RENDER DL_OVERLAND","DL_RENDER","/Game/__ExternalActors__/Levels/Overland/Hogwarts/EntranceHall/LI_EntranceHall_EXT/1/UA/W680SAQ3JK5S7HY05UFYNS","LV_Overland/Hogwarts/LI_Hogwarts/LevelInstances/EntranceHall/LI_EntranceHall_EXT/RENDER/Tower/SM_HW_CrocketDetail_A_1","ACC4EFFE-401D-29B8-DC11-2BB917A3A684"
"Removed","SM_HW_CrocketDetail_A_10","StaticMeshActor","DL_RENDER DL_OVERLAND","DL_RENDER","/Game/__ExternalActors__/Levels/Overland/Hogwarts/EntranceHall/LI_EntranceHall_EXT/8/0M/VNQ9BRUSYGMLT5O7SCX1XL","LV_Overland/Hogwarts/LI_Hogwarts/LevelInstances/EntranceHall/LI_EntranceHall_EXT/RENDER/Tower/SM_HW_CrocketDetail_A_10","FE7E4A4E-418A-37B1-E0B2-C581F705DA3E"
"Removed","SM_HW_CrocketDetail_A_11","StaticMeshActor","DL_RENDER DL_OVERLAND","DL_RENDER","/Game/__ExternalActors__/Levels/Overland/Hogwarts/EntranceHall/LI_EntranceHall_EXT/6/5E/TXQR0BV3KRDNUXC06SUM8G","LV_Overland/Hogwarts/LI_Hogwarts/LevelInstances/EntranceHall/LI_EntranceHall_EXT/RENDER/Tower/SM_HW_CrocketDetail_A_11","2A3B4AE6-4D0D-0F3A-55D6-E99AC7653ACE"
"Removed","SM_HW_CrocketDetail_A_12","StaticMeshActor","DL_RENDER DL_OVERLAND","DL_RENDER","/Game/__ExternalActors__/Levels/Overland/Hogwarts/EntranceHall/LI_EntranceHall_EXT/E/TV/GO736X019AFTAK338MAFKO","LV_Overland/Hogwarts/LI_Hogwarts/LevelInstances/EntranceHall/LI_EntranceHall_EXT/RENDER/Tower/SM_HW_CrocketDetail_A_12","194A2F33-4DF5-CD63-D467-C19C38D05D83"
"Removed","SM_HW_CrocketDetail_A_2","StaticMeshActor","DL_RENDER DL_OVERLAND","DL_RENDER","/Game/__ExternalActors__/Levels/Overland/Hogwarts/EntranceHall/LI_EntranceHall_EXT/A/RW/H30LOP3VDLH4E581087JUV","LV_Overland/Hogwarts/LI_Hogwarts/LevelInstances/EntranceHall/LI_EntranceHall_EXT/RENDER/Tower/SM_HW_CrocketDetail_A_2","B17552B9-4759-872C-3BC8-A584AAF5458B"
"Removed","SM_HW_CrocketDetail_A_3","StaticMeshActor","DL_RENDER DL_OVERLAND","DL_RENDER","/Game/__ExternalActors__/Levels/Overland/Hogwarts/EntranceHall/LI_EntranceHall_EXT/E/BT/BF2JK37V5BD12NEUD4A2RI","LV_Overland/Hogwarts/LI_Hogwarts/LevelInstances/EntranceHall/LI_EntranceHall_EXT/RENDER/Tower/SM_HW_CrocketDetail_A_3","02CDD05E-43BB-B703-5FE3-A29268CEF296"
"Removed","SM_HW_CrocketDetail_A_4","StaticMeshActor","DL_RENDER DL_OVERLAND","DL_RENDER","/Game/__ExternalActors__/Levels/Overland/Hogwarts/EntranceHall/LI_EntranceHall_EXT/3/7W/1JH9CHUWDK3TZ08Q3Q85MI","LV_Overland/Hogwarts/LI_Hogwarts/LevelInstances/EntranceHall/LI_EntranceHall_EXT/RENDER/Tower/SM_HW_CrocketDetail_A_4","BD02ECA7-4E2F-542F-A7E5-30952330B79F"
"Removed","SM_HW_CrocketDetail_A_5","StaticMeshActor","DL_RENDER DL_OVERLAND","DL_RENDER","/Game/__ExternalActors__/Levels/Overland/Hogwarts/EntranceHall/LI_EntranceHall_EXT/8/2Z/IBV2J8NH2UY3B3UYFV8WK7","LV_Overland/Hogwarts/LI_Hogwarts/LevelInstances/EntranceHall/LI_EntranceHall_EXT/RENDER/Tower/SM_HW_CrocketDetail_A_5","A412BDFF-4933-6328-A456-5DB6C8EB4274"
"Removed","SM_HW_CrocketDetail_A_6","StaticMeshActor","DL_RENDER DL_OVERLAND","DL_RENDER","/Game/__ExternalActors__/Levels/Overland/Hogwarts/EntranceHall/LI_EntranceHall_EXT/3/IG/SJOX09BXY7RRARNAFX7S4V","LV_Overland/Hogwarts/LI_Hogwarts/LevelInstances/EntranceHall/LI_EntranceHall_EXT/RENDER/Tower/SM_HW_CrocketDetail_A_6","FD1B56C0-46BA-FC54-643B-EAA06439778A"
"Removed","SM_HW_CrocketDetail_A_7","StaticMeshActor","DL_RENDER DL_OVERLAND","DL_RENDER","/Game/__ExternalActors__/Levels/Overland/Hogwarts/EntranceHall/LI_EntranceHall_EXT/5/5S/5UVTXFQ7R366NA0Q2JRQVK","LV_Overland/Hogwarts/LI_Hogwarts/LevelInstances/EntranceHall/LI_EntranceHall_EXT/RENDER/Tower/SM_HW_CrocketDetail_A_7","9CD8F24C-42C7-8CE2-8971-FE9C1C03EF8D"
"Removed","SM_HW_CrocketDetail_A_8","StaticMeshActor","DL_RENDER DL_OVERLAND","DL_RENDER","/Game/__ExternalActors__/Levels/Overland/Hogwarts/EntranceHall/LI_EntranceHall_EXT/E/9Z/GLUPM67K06ETQ234KIH45T","LV_Overland/Hogwarts/LI_Hogwarts/LevelInstances/EntranceHall/LI_EntranceHall_EXT/RENDER/Tower/SM_HW_CrocketDetail_A_8","9195B16B-448C-A479-6923-9FB4F7ED6788"
"Removed","SM_HW_CrocketDetail_A_9","StaticMeshActor","DL_RENDER DL_OVERLAND","DL_RENDER","/Game/__ExternalActors__/Levels/Overland/Hogwarts/EntranceHall/LI_EntranceHall_EXT/C/0K/GVJRW0NTZ933ZNB4AQABCH","LV_Overland/Hogwarts/LI_Hogwarts/LevelInstances/EntranceHall/LI_EntranceHall_EXT/RENDER/Tower/SM_HW_CrocketDetail_A_9","9AE2FE1C-41A0-2CFB-45CC-B1A0B360870D"
"Removed","SM_HW_EH_Buttress_B_Wall","StaticMeshActor","DL_RENDER DL_OVERLAND","DL_RENDER","/Game/__ExternalActors__/Levels/Overland/Hogwarts/EntranceHall/LI_EntranceHall_EXT/A/6H/M86A3EKGIO0Z1BCZZHFV08","LV_Overland/Hogwarts/LI_Hogwarts/LevelInstances/EntranceHall/LI_EntranceHall_EXT/SM_HW_EH_Buttress_B_Wall","305A4E32-4036-4E91-6EA3-FCB913829B9A"
"Removed","SM_HW_EH_Buttress_B_Wall2","StaticMeshActor","DL_RENDER DL_OVERLAND","DL_RENDER","/Game/__ExternalActors__/Levels/Overland/Hogwarts/EntranceHall/LI_EntranceHall_EXT/8/MT/NW3CN6JZ9DUJHVXNYAPM05","LV_Overland/Hogwarts/LI_Hogwarts/LevelInstances/EntranceHall/LI_EntranceHall_EXT/SM_HW_EH_Buttress_B_Wall2","23222D71-46D6-166C-1E76-D391A0AF7262"
"Removed","SM_HW_EH_Column_LG_A","StaticMeshActor","DL_RENDER DL_OVERLAND","DL_RENDER","/Game/__ExternalActors__/Levels/Overland/Hogwarts/EntranceHall/LI_EntranceHall_EXT/5/WZ/KXU6F6NPOYMIW3EMJLTYEG","LV_Overland/Hogwarts/LI_Hogwarts/LevelInstances/EntranceHall/LI_EntranceHall_EXT/RENDER/SM_HW_EH_Column_LG_A","6F560B13-4357-3491-1A4F-3A8B7460298D"
"Removed","SM_HW_EH_Column_LG_A10","StaticMeshActor","DL_RENDER DL_OVERLAND","DL_RENDER","/Game/__ExternalActors__/Levels/Overland/Hogwarts/EntranceHall/LI_EntranceHall_EXT/0/0T/OR67XHSD0CSKGU6LUER28E","LV_Overland/Hogwarts/LI_Hogwarts/LevelInstances/EntranceHall/LI_EntranceHall_EXT/RENDER/SM_HW_EH_Column_LG_A10","DBEF4A6E-4DB3-E7CE-5CC2-EB99A2130656"
"Removed","SM_HW_EH_Column_LG_A11","StaticMeshActor","DL_RENDER DL_OVERLAND","DL_RENDER","/Game/__ExternalActors__/Levels/Overland/Hogwarts/EntranceHall/LI_EntranceHall_EXT/4/3Y/6EYW0ZWM20P5C6R5975OV3","LV_Overland/Hogwarts/LI_Hogwarts/LevelInstances/EntranceHall/LI_EntranceHall_EXT/RENDER/SM_HW_EH_Column_LG_A11","C3782613-45BB-D0BD-A252-EEAC87DCFFF5"
"Removed","SM_HW_EH_Column_LG_A13","StaticMeshActor","DL_RENDER DL_OVERLAND","DL_RENDER","/Game/__ExternalActors__/Levels/Overland/Hogwarts/EntranceHall/LI_EntranceHall_EXT/C/Y0/719YB6AFFN2G16YOEQ1S27","LV_Overland/Hogwarts/LI_Hogwarts/LevelInstances/EntranceHall/LI_EntranceHall_EXT/RENDER/SM_HW_EH_Column_LG_A13","92F0E85D-4A09-112F-B37A-BEAF3888793A"
"Removed","SM_HW_EH_Column_LG_A14","StaticMeshActor","DL_RENDER DL_OVERLAND","DL_RENDER","/Game/__ExternalActors__/Levels/Overland/Hogwarts/EntranceHall/LI_EntranceHall_EXT/B/28/S2L9UC3JDQI7IB7I16JKTB","LV_Overland/Hogwarts/LI_Hogwarts/LevelInstances/EntranceHall/LI_EntranceHall_EXT/RENDER/SM_HW_EH_Column_LG_A14","90ADBA0B-43F9-F1B9-ADD4-8EA151E84B94"
"Removed","SM_HW_EH_Column_LG_A2","StaticMeshActor","DL_RENDER DL_OVERLAND","DL_RENDER","/Game/__ExternalActors__/Levels/Overland/Hogwarts/EntranceHall/LI_EntranceHall_EXT/0/6T/FLJ4BKAWCXHE7INDWW0FIP","LV_Overland/Hogwarts/LI_Hogwarts/LevelInstances/EntranceHall/LI_EntranceHall_EXT/RENDER/SM_HW_EH_Column_LG_A2","F35E991B-419D-07E7-B763-6AACD2F220B7"
"Removed","SM_HW_EH_Column_LG_A20","StaticMeshActor","DL_RENDER DL_OVERLAND","DL_RENDER","/Game/__ExternalActors__/Levels/Overland/Hogwarts/EntranceHall/LI_EntranceHall_EXT/C/G4/WJ0RDP6ZYLSQ64Q0ANHAGR","LV_Overland/Hogwarts/LI_Hogwarts/LevelInstances/EntranceHall/LI_EntranceHall_EXT/RENDER/SM_HW_EH_Column_LG_A20","0774F349-49FA-2AA3-23AB-68A12BD6CD21"
"Removed","SM_HW_EH_Column_LG_A24","StaticMeshActor","DL_RENDER DL_OVERLAND","DL_RENDER","/Game/__ExternalActors__/Levels/Overland/Hogwarts/EntranceHall/LI_EntranceHall_EXT/C/PV/SZUPZAIPRE4PLMAEYRQIK7","LV_Overland/Hogwarts/LI_Hogwarts/LevelInstances/EntranceHall/LI_EntranceHall_EXT/RENDER/SM_HW_EH_Column_LG_A24","DF9EBC68-4D2E-9667-181E-F996E289C5DB"
"Removed","SM_HW_EH_Column_LG_A3","StaticMeshActor","DL_RENDER DL_OVERLAND","DL_RENDER","/Game/__ExternalActors__/Levels/Overland/Hogwarts/EntranceHall/LI_EntranceHall_EXT/6/SN/R3GVOQT4706YXJQU0QIXNZ","LV_Overland/Hogwarts/LI_Hogwarts/LevelInstances/EntranceHall/LI_EntranceHall_EXT/RENDER/SM_HW_EH_Column_LG_A3","DBDE0587-4416-9108-3161-C59A04DE06B6"
"Removed","SM_HW_EH_Column_LG_A5","StaticMeshActor","DL_RENDER DL_OVERLAND","DL_RENDER","/Game/__ExternalActors__/Levels/Overland/Hogwarts/EntranceHall/LI_EntranceHall_EXT/7/F2/02XLFO0YBTXQ04ZY6S83OA","LV_Overland/Hogwarts/LI_Hogwarts/LevelInstances/EntranceHall/LI_EntranceHall_EXT/RENDER/SM_HW_EH_Column_LG_A5","509C86D8-4511-8189-185D-ED8E74E02C90"
"Removed","SM_HW_EH_Column_LG_A6","StaticMeshActor","DL_RENDER DL_OVERLAND","DL_RENDER","/Game/__ExternalActors__/Levels/Overland/Hogwarts/EntranceHall/LI_EntranceHall_EXT/5/OD/RE1OPR8TJB5VKYY7M8SMWP","LV_Overland/Hogwarts/LI_Hogwarts/LevelInstances/EntranceHall/LI_EntranceHall_EXT/RENDER/SM_HW_EH_Column_LG_A6","629B8276-4D71-4A46-E800-4987239A50BE"
"Removed","SM_HW_EH_Column_LG_A7","StaticMeshActor","DL_RENDER DL_OVERLAND","DL_RENDER","/Game/__ExternalActors__/Levels/Overland/Hogwarts/EntranceHall/LI_EntranceHall_EXT/A/M1/52HWD8RSSHHL7L2EB933P0","LV_Overland/Hogwarts/LI_Hogwarts/LevelInstances/EntranceHall/LI_EntranceHall_EXT/RENDER/SM_HW_EH_Column_LG_A7","E7CC8185-4D39-6A83-5EE3-45BE943036E1"
"Removed","SM_HW_EH_Column_LG_A8","StaticMeshActor","DL_RENDER DL_OVERLAND","DL_RENDER","/Game/__ExternalActors__/Levels/Overland/Hogwarts/EntranceHall/LI_EntranceHall_EXT/A/DX/VCGW6PYPM6UVRZNA2Y7HIE","LV_Overland/Hogwarts/LI_Hogwarts/LevelInstances/EntranceHall/LI_EntranceHall_EXT/RENDER/SM_HW_EH_Column_LG_A8","86474AE0-4BEF-D451-BF07-F790DF4FB570"
"Removed","SM_HW_EH_Column_LG_A9","StaticMeshActor","DL_RENDER DL_OVERLAND","DL_RENDER","/Game/__ExternalActors__/Levels/Overland/Hogwarts/EntranceHall/LI_EntranceHall_EXT/5/M9/0D8W4O86ULFPEKBNF3C2P7","LV_Overland/Hogwarts/LI_Hogwarts/LevelInstances/EntranceHall/LI_EntranceHall_EXT/RENDER/SM_HW_EH_Column_LG_A9","750048CD-4F56-4234-07AB-2FACE600F1B0"
"Removed","SM_HW_EH_ColumnBase_Large_PartA","StaticMeshActor","DL_RENDER DL_OVERLAND","DL_RENDER","/Game/__ExternalActors__/Levels/Overland/Hogwarts/EntranceHall/LI_EntranceHall_EXT/D/30/1VCKK5FHW3USRL05POE0EL","LV_Overland/Hogwarts/LI_Hogwarts/LevelInstances/EntranceHall/LI_EntranceHall_EXT/SM_HW_EH_ColumnBase_Large_PartA","35FB3BCA-4683-111E-6F7A-8793A2DA3A39"
"Removed","SM_HW_EH_ColumnBase_Large_PartA2","StaticMeshActor","DL_RENDER DL_OVERLAND","DL_RENDER","/Game/__ExternalActors__/Levels/Overland/Hogwarts/EntranceHall/LI_EntranceHall_EXT/E/0W/8TK1YC1WOVUQWA6O54XX2N","LV_Overland/Hogwarts/LI_Hogwarts/LevelInstances/EntranceHall/LI_EntranceHall_EXT/SM_HW_EH_ColumnBase_Large_PartA2","B22E9C28-466C-5C0D-ADF6-91AE800528EF"
"Removed","SM_HW_EH_ColumnBase_Large_PartA3","StaticMeshActor","DL_RENDER DL_OVERLAND","DL_RENDER","/Game/__ExternalActors__/Levels/Overland/Hogwarts/EntranceHall/LI_EntranceHall_EXT/7/IM/J6OQE9SMR52TTLFH3YQW0Q","LV_Overland/Hogwarts/LI_Hogwarts/LevelInstances/EntranceHall/LI_EntranceHall_EXT/SM_HW_EH_ColumnBase_Large_PartA3","14C0F906-4605-7886-CE2C-819A18DE6CB5"
"Removed","SM_HW_EH_ColumnBase_Large_PartA4","StaticMeshActor","DL_RENDER DL_OVERLAND","DL_RENDER","/Game/__ExternalActors__/Levels/Overland/Hogwarts/EntranceHall/LI_EntranceHall_EXT/E/9F/MOU9Q18DPFX5CWX27Q270L","LV_Overland/Hogwarts/LI_Hogwarts/LevelInstances/EntranceHall/LI_EntranceHall_EXT/SM_HW_EH_ColumnBase_Large_PartA4","CCEF2DC2-4504-9B7D-D5F9-34BDE61BE3F7"
"Removed","SM_HW_EH_ColumnBase_Large_PartA5","StaticMeshActor","DL_RENDER DL_OVERLAND","DL_RENDER","/Game/__ExternalActors__/Levels/Overland/Hogwarts/EntranceHall/LI_EntranceHall_EXT/8/NB/39OVF6ABZ37QBVTIYSJIRG","LV_Overland/Hogwarts/LI_Hogwarts/LevelInstances/EntranceHall/LI_EntranceHall_EXT/SM_HW_EH_ColumnBase_Large_PartA5","94735E5C-43BD-D50A-C12A-7B8099663C62"
"Removed","SM_HW_EH_ColumnBase_Large_PartA6","StaticMeshActor","DL_RENDER DL_OVERLAND","DL_RENDER","/Game/__ExternalActors__/Levels/Overland/Hogwarts/EntranceHall/LI_EntranceHall_EXT/6/MW/KPPUNBQ3RTVLTNEGSC9229","LV_Overland/Hogwarts/LI_Hogwarts/LevelInstances/EntranceHall/LI_EntranceHall_EXT/SM_HW_EH_ColumnBase_Large_PartA6","79559D7A-4826-4F3C-E311-0CAFD82999EC"
"Removed","SM_HW_EH_ColumnBase_Large_PartA7","StaticMeshActor","DL_RENDER DL_OVERLAND","DL_RENDER","/Game/__ExternalActors__/Levels/Overland/Hogwarts/EntranceHall/LI_EntranceHall_EXT/A/HU/XL94ME05VCWGE2UUFPX1OR","LV_Overland/Hogwarts/LI_Hogwarts/LevelInstances/EntranceHall/LI_EntranceHall_EXT/SM_HW_EH_ColumnBase_Large_PartA7","837D27E9-4203-424C-340F-C8B304AAA5E0"
"Removed","SM_HW_EH_ColumnBase_Large_PartB","StaticMeshActor","DL_RENDER DL_OVERLAND","DL_RENDER","/Game/__ExternalActors__/Levels/Overland/Hogwarts/EntranceHall/LI_EntranceHall_EXT/C/Y8/MI3C0N5E8WYQ0G6SG9102R","LV_Overland/Hogwarts/LI_Hogwarts/LevelInstances/EntranceHall/LI_EntranceHall_EXT/SM_HW_EH_ColumnBase_Large_PartB","4B4F9375-4FD2-CA7A-AE3B-4EADAAF0C460"
"Removed","SM_HW_EH_ColumnBase_Large_PartB2","StaticMeshActor","DL_RENDER DL_OVERLAND","DL_RENDER","/Game/__ExternalActors__/Levels/Overland/Hogwarts/EntranceHall/LI_EntranceHall_EXT/1/D3/MP62JSQ6A590AE1P88051A","LV_Overland/Hogwarts/LI_Hogwarts/LevelInstances/EntranceHall/LI_EntranceHall_EXT/SM_HW_EH_ColumnBase_Large_PartB2","1E7A3AB2-4D07-5192-84B9-008E930F0617"
"Removed","SM_HW_EH_ColumnBase_Large_PartB3","StaticMeshActor","DL_RENDER DL_OVERLAND","DL_RENDER","/Game/__ExternalActors__/Levels/Overland/Hogwarts/EntranceHall/LI_EntranceHall_EXT/3/AD/FI9KFD8A2O285PP91DXUPF","LV_Overland/Hogwarts/LI_Hogwarts/LevelInstances/EntranceHall/LI_EntranceHall_EXT/SM_HW_EH_ColumnBase_Large_PartB3","1114F396-4AC1-982F-8CE4-19BC93D51B29"
"Removed","SM_HW_EH_ColumnBase_Large_PartB4","StaticMeshActor","DL_RENDER DL_OVERLAND","DL_RENDER","/Game/__ExternalActors__/Levels/Overland/Hogwarts/EntranceHall/LI_EntranceHall_EXT/5/YZ/3GDZF4W7GZ4ZYTWPZV1AN1","LV_Overland/Hogwarts/LI_Hogwarts/LevelInstances/EntranceHall/LI_EntranceHall_EXT/SM_HW_EH_ColumnBase_Large_PartB4","AB723F3F-44B8-E29F-14EF-59BA8F429229"
"Removed","SM_HW_EH_ColumnBase_Large_PartB5","StaticMeshActor","DL_RENDER DL_OVERLAND","DL_RENDER","/Game/__ExternalActors__/Levels/Overland/Hogwarts/EntranceHall/LI_EntranceHall_EXT/B/L8/BFL1YSJ54JPXINP6T4MDBS","LV_Overland/Hogwarts/LI_Hogwarts/LevelInstances/EntranceHall/LI_EntranceHall_EXT/SM_HW_EH_ColumnBase_Large_PartB5","EEB6C66C-444C-722B-CC3A-72975CE75210"
"Removed","SM_HW_EH_ColumnBase_Large_PartB6","StaticMeshActor","DL_RENDER DL_OVERLAND","DL_RENDER","/Game/__ExternalActors__/Levels/Overland/Hogwarts/EntranceHall/LI_EntranceHall_EXT/D/9E/LKIXRJEJRGU0JBMOI74MNS","LV_Overland/Hogwarts/LI_Hogwarts/LevelInstances/EntranceHall/LI_EntranceHall_EXT/SM_HW_EH_ColumnBase_Large_PartB6","6E783054-4616-63BA-1105-349D36886329"
"Removed","SM_HW_EH_ColumnBase_Large_PartB7","StaticMeshActor","DL_RENDER DL_OVERLAND","DL_RENDER","/Game/__ExternalActors__/Levels/Overland/Hogwarts/EntranceHall/LI_EntranceHall_EXT/0/EJ/T2BA07MM8K2GQP4ATPLSA9","LV_Overland/Hogwarts/LI_Hogwarts/LevelInstances/EntranceHall/LI_EntranceHall_EXT/SM_HW_EH_ColumnBase_Large_PartB7","282B0D61-4860-306D-CB31-9D976BFA93F1"
"Removed","SM_HW_EH_ColumnBase_Large_PartC","StaticMeshActor","DL_RENDER DL_OVERLAND","DL_RENDER","/Game/__ExternalActors__/Levels/Overland/Hogwarts/EntranceHall/LI_EntranceHall_EXT/D/OF/HSZG0X99TXFD3KWFFJ55Y7","LV_Overland/Hogwarts/LI_Hogwarts/LevelInstances/EntranceHall/LI_EntranceHall_EXT/SM_HW_EH_ColumnBase_Large_PartC","52C33A73-47A8-01A5-81F1-51918C48CADD"
"Removed","SM_HW_EH_ColumnBase_Large_PartC2","StaticMeshActor","DL_RENDER DL_OVERLAND","DL_RENDER","/Game/__ExternalActors__/Levels/Overland/Hogwarts/EntranceHall/LI_EntranceHall_EXT/3/98/N8FQKPQR7W7T1UG7QEK50G","LV_Overland/Hogwarts/LI_Hogwarts/LevelInstances/EntranceHall/LI_EntranceHall_EXT/SM_HW_EH_ColumnBase_Large_PartC2","B0FCB9E0-4CEB-B2D6-1C76-65A889A5C8CD"
"Removed","SM_HW_EH_ColumnBase_Large_PartC3","StaticMeshActor","DL_RENDER DL_OVERLAND","DL_RENDER","/Game/__ExternalActors__/Levels/Overland/Hogwarts/EntranceHall/LI_EntranceHall_EXT/5/8S/0TSGSDTW7RO17PSXKO6G1C","LV_Overland/Hogwarts/LI_Hogwarts/LevelInstances/EntranceHall/LI_EntranceHall_EXT/SM_HW_EH_ColumnBase_Large_PartC3","70DF7710-4E83-3CFD-F310-FC939EB9B664"
"Removed","SM_HW_EH_ColumnBase_Large_PartC4","StaticMeshActor","DL_RENDER DL_OVERLAND","DL_RENDER","/Game/__ExternalActors__/Levels/Overland/Hogwarts/EntranceHall/LI_EntranceHall_EXT/D/KP/QTNGEKDXE7PZRF8BRK9DDD","LV_Overland/Hogwarts/LI_Hogwarts/LevelInstances/EntranceHall/LI_EntranceHall_EXT/SM_HW_EH_ColumnBase_Large_PartC4","494005A6-4B20-743B-3D9E-D89774AEC8CE"
"Removed","SM_HW_EH_ColumnBase_Large_PartC5","StaticMeshActor","DL_RENDER DL_OVERLAND","DL_RENDER","/Game/__ExternalActors__/Levels/Overland/Hogwarts/EntranceHall/LI_EntranceHall_EXT/8/TC/RLOGCLK7B5T8Q3PXV98WTW","LV_Overland/Hogwarts/LI_Hogwarts/LevelInstances/EntranceHall/LI_EntranceHall_EXT/SM_HW_EH_ColumnBase_Large_PartC5","3C73CDA2-4F64-3C81-DBA2-F19869ABA536"
"Removed","SM_HW_EH_ColumnBase_Large_PartC6","StaticMeshActor","DL_RENDER DL_OVERLAND","DL_RENDER","/Game/__ExternalActors__/Levels/Overland/Hogwarts/EntranceHall/LI_EntranceHall_EXT/2/HE/0UOOLP5FJ08P0AOVN9IE8N","LV_Overland/Hogwarts/LI_Hogwarts/LevelInstances/EntranceHall/LI_EntranceHall_EXT/SM_HW_EH_ColumnBase_Large_PartC6","38EA1BD2-44EA-C4DA-D5DD-2C8C28563EC4"
"Removed","SM_HW_EH_ColumnBase_Large_PartC7","StaticMeshActor","DL_RENDER DL_OVERLAND","DL_RENDER","/Game/__ExternalActors__/Levels/Overland/Hogwarts/EntranceHall/LI_EntranceHall_EXT/3/AX/OUTSE0LZMVCPYF6GAKG4TV","LV_Overland/Hogwarts/LI_Hogwarts/LevelInstances/EntranceHall/LI_EntranceHall_EXT/SM_HW_EH_ColumnBase_Large_PartC7","B9146C3E-4371-F4C9-8C22-208F26820D5F"
"Removed","SM_HW_EH_ColumnBase_Large_PartD","StaticMeshActor","DL_RENDER DL_OVERLAND","DL_RENDER","/Game/__ExternalActors__/Levels/Overland/Hogwarts/EntranceHall/LI_EntranceHall_EXT/8/RR/VCYGEUC7S2YATYAO9HTL94","LV_Overland/Hogwarts/LI_Hogwarts/LevelInstances/EntranceHall/LI_EntranceHall_EXT/SM_HW_EH_ColumnBase_Large_PartD","94DBED3E-4996-86FB-30D1-9581E71A084F"
"Removed","SM_HW_EH_ColumnBase_Large_PartD2","StaticMeshActor","DL_RENDER DL_OVERLAND","DL_RENDER","/Game/__ExternalActors__/Levels/Overland/Hogwarts/EntranceHall/LI_EntranceHall_EXT/0/R7/6Y5UT1FY9QUJHJMB5L0FZ3","LV_Overland/Hogwarts/LI_Hogwarts/LevelInstances/EntranceHall/LI_EntranceHall_EXT/SM_HW_EH_ColumnBase_Large_PartD2","36AD98FB-4206-B321-A63E-82A536C37C41"
"Removed","SM_HW_EH_ColumnBase_Large_PartE","StaticMeshActor","DL_RENDER DL_OVERLAND","DL_RENDER","/Game/__ExternalActors__/Levels/Overland/Hogwarts/EntranceHall/LI_EntranceHall_EXT/D/8O/NN8K1LNQEDTYPQZ99J32CQ","LV_Overland/Hogwarts/LI_Hogwarts/LevelInstances/EntranceHall/LI_EntranceHall_EXT/SM_HW_EH_ColumnBase_Large_PartE","03F9B149-4D69-5882-39FD-2F8F7CE0F793"
"Removed","SM_HW_EH_ColumnBase_Large_PartF","StaticMeshActor","DL_RENDER DL_OVERLAND","DL_RENDER","/Game/__ExternalActors__/Levels/Overland/Hogwarts/EntranceHall/LI_EntranceHall_EXT/4/5P/UB07GO03G5Y0GJCF94W1SU","LV_Overland/Hogwarts/LI_Hogwarts/LevelInstances/EntranceHall/LI_EntranceHall_EXT/SM_HW_EH_ColumnBase_Large_PartF","1BA1EE24-4FAA-E919-135E-D380DA345C23"
"Removed","SM_HW_EH_ColumnBase_Large_PartG","StaticMeshActor","DL_RENDER DL_OVERLAND","DL_RENDER","/Game/__ExternalActors__/Levels/Overland/Hogwarts/EntranceHall/LI_EntranceHall_EXT/9/2B/KXCFMXPN5C1OZ1QXHNNAQA","LV_Overland/Hogwarts/LI_Hogwarts/LevelInstances/EntranceHall/LI_EntranceHall_EXT/SM_HW_EH_ColumnBase_Large_PartG","E92BBF85-4BF7-153B-F008-48B1933BFFC6"
"Removed","SM_HW_EH_Crenels_A_End_A10","StaticMeshActor","DL_RENDER DL_OVERLAND","DL_RENDER","/Game/__ExternalActors__/Levels/Overland/Hogwarts/EntranceHall/LI_EntranceHall_EXT/E/D1/BXGMZHH3LG3V5CUWG49CQ0","LV_Overland/Hogwarts/LI_Hogwarts/LevelInstances/EntranceHall/LI_EntranceHall_EXT/RENDER/SM_HW_EH_Crenels_A_End_A10","B0749615-4F77-60FF-4929-0697A7303EDA"
"Removed","SM_HW_EH_Crenels_A_End_A11","StaticMeshActor","DL_RENDER DL_OVERLAND","DL_RENDER","/Game/__ExternalActors__/Levels/Overland/Hogwarts/EntranceHall/LI_EntranceHall_EXT/4/S8/I5CVIHLIC6OZAH1BJ31783","LV_Overland/Hogwarts/LI_Hogwarts/LevelInstances/EntranceHall/LI_EntranceHall_EXT/RENDER/SM_HW_EH_Crenels_A_End_A11","D892629D-4843-D531-4C19-BB8EAD5B1AA1"
"Removed","SM_HW_EH_Crenels_A_End_A12","StaticMeshActor","DL_RENDER DL_OVERLAND","DL_RENDER","/Game/__ExternalActors__/Levels/Overland/Hogwarts/EntranceHall/LI_EntranceHall_EXT/5/ZQ/J55WOBJO2QLIYXHMNOP2D8","LV_Overland/Hogwarts/LI_Hogwarts/LevelInstances/EntranceHall/LI_EntranceHall_EXT/RENDER/SM_HW_EH_Crenels_A_End_A12","13616AE6-4391-5625-A07E-399A37D5E7EB"
"Removed","SM_HW_EH_Crenels_A_End_A13","StaticMeshActor","DL_RENDER DL_OVERLAND","DL_RENDER","/Game/__ExternalActors__/Levels/Overland/Hogwarts/EntranceHall/LI_EntranceHall_EXT/6/6G/GKDRS3MT2N63GCV9UK7Z58","LV_Overland/Hogwarts/LI_Hogwarts/LevelInstances/EntranceHall/LI_EntranceHall_EXT/RENDER/SM_HW_EH_Crenels_A_End_A13","740E1BBB-408D-1B74-C154-229E5222D907"
"Removed","SM_HW_EH_Crenels_A_End_A14","StaticMeshActor","DL_RENDER DL_OVERLAND","DL_RENDER","/Game/__ExternalActors__/Levels/Overland/Hogwarts/EntranceHall/LI_EntranceHall_EXT/B/CP/FTAD13L303UL8MN5IU1QCE","LV_Overland/Hogwarts/LI_Hogwarts/LevelInstances/EntranceHall/LI_EntranceHall_EXT/RENDER/SM_HW_EH_Crenels_A_End_A14","816F4DB4-4F23-5206-FED2-0099545ACB99"
"Removed","SM_HW_EH_Crenels_A_End_A19","StaticMeshActor","DL_RENDER DL_OVERLAND","DL_RENDER","/Game/__ExternalActors__/Levels/Overland/Hogwarts/EntranceHall/LI_EntranceHall_EXT/8/HS/K5GB5ZMSEDK973HUKSUWYA","LV_Overland/Hogwarts/LI_Hogwarts/LevelInstances/EntranceHall/LI_EntranceHall_EXT/RENDER/SM_HW_EH_Crenels_A_End_A19","AA71C4C2-4D81-EB83-25D2-95BDAE325ECC"
"Removed","SM_HW_EH_Crenels_A_End_A20","StaticMeshActor","DL_RENDER DL_OVERLAND","DL_RENDER","/Game/__ExternalActors__/Levels/Overland/Hogwarts/EntranceHall/LI_EntranceHall_EXT/7/0R/EWOLS17FTQVLIT8YI25VQD","LV_Overland/Hogwarts/LI_Hogwarts/LevelInstances/EntranceHall/LI_EntranceHall_EXT/RENDER/SM_HW_EH_Crenels_A_End_A20","60B7D07C-49AA-9781-AD5C-02B4AE225C1D"
"Removed","SM_HW_EH_Crenels_A_End_A21","StaticMeshActor","DL_RENDER DL_OVERLAND","DL_RENDER","/Game/__ExternalActors__/Levels/Overland/Hogwarts/EntranceHall/LI_EntranceHall_EXT/6/FU/YMHT7NL1W2Y6Y0GTQUY3ZO","LV_Overland/Hogwarts/LI_Hogwarts/LevelInstances/EntranceHall/LI_EntranceHall_EXT/RENDER/SM_HW_EH_Crenels_A_End_A21","B3E5D58C-469D-7D1F-7C49-D7869A3CF5EE"
"Removed","SM_HW_EH_Crenels_A_End_A22","StaticMeshActor","DL_RENDER DL_OVERLAND","DL_RENDER","/Game/__ExternalActors__/Levels/Overland/Hogwarts/EntranceHall/LI_EntranceHall_EXT/7/EI/FUW4EWRVGWR5526TGC0AP3","LV_Overland/Hogwarts/LI_Hogwarts/LevelInstances/EntranceHall/LI_EntranceHall_EXT/RENDER/SM_HW_EH_Crenels_A_End_A22","3B36036A-4194-91EC-7410-31BE394DC44E"
"Removed","SM_HW_EH_Crenels_A_End_A23","StaticMeshActor","DL_RENDER DL_OVERLAND","DL_RENDER","/Game/__ExternalActors__/Levels/Overland/Hogwarts/EntranceHall/LI_EntranceHall_EXT/C/RI/E7ZERDJEQF1X7GCDJK7LAG","LV_Overland/Hogwarts/LI_Hogwarts/LevelInstances/EntranceHall/LI_EntranceHall_EXT/RENDER/SM_HW_EH_Crenels_A_End_A23","E1541519-476E-6FE1-569F-28A434834480"
"Removed","SM_HW_EH_Crenels_A_End_A24","StaticMeshActor","DL_RENDER DL_OVERLAND","DL_RENDER","/Game/__ExternalActors__/Levels/Overland/Hogwarts/EntranceHall/LI_EntranceHall_EXT/4/I2/609TKPHKW14HHE3KW2EYD4","LV_Overland/Hogwarts/LI_Hogwarts/LevelInstances/EntranceHall/LI_EntranceHall_EXT/RENDER/SM_HW_EH_Crenels_A_End_A24","112CA7F4-4BC5-7C5B-E83E-239B0C0E2E87"
"Removed","SM_HW_EH_Crenels_A_End_A25","StaticMeshActor","DL_RENDER DL_OVERLAND","DL_RENDER","/Game/__ExternalActors__/Levels/Overland/Hogwarts/EntranceHall/LI_EntranceHall_EXT/4/6N/F1UKU6ZFP6M17OPBHS0R57","LV_Overland/Hogwarts/LI_Hogwarts/LevelInstances/EntranceHall/LI_EntranceHall_EXT/RENDER/SM_HW_EH_Crenels_A_End_A25","AAACCE1D-44B2-820C-32DC-D981CF667585"
"Removed","SM_HW_EH_Crenels_A_End_A26","StaticMeshActor","DL_RENDER DL_OVERLAND","DL_RENDER","/Game/__ExternalActors__/Levels/Overland/Hogwarts/EntranceHall/LI_EntranceHall_EXT/3/OP/LGF1D6OLM9XQN5IGXZMZN1","LV_Overland/Hogwarts/LI_Hogwarts/LevelInstances/EntranceHall/LI_EntranceHall_EXT/RENDER/SM_HW_EH_Crenels_A_End_A26","109AA8CD-48DC-B5B3-8EE8-54A9D0788875"
"Removed","SM_HW_EH_Crenels_A_End_A27","StaticMeshActor","DL_RENDER DL_OVERLAND","DL_RENDER","/Game/__ExternalActors__/Levels/Overland/Hogwarts/EntranceHall/LI_EntranceHall_EXT/C/ZW/G8O710F7AR59KTV9X064GL","LV_Overland/Hogwarts/LI_Hogwarts/LevelInstances/EntranceHall/LI_EntranceHall_EXT/RENDER/SM_HW_EH_Crenels_A_End_A27","C7B2C726-4390-747D-2F0A-22A9AAFD3E85"
"Removed","SM_HW_EH_Crenels_A_End_A28","StaticMeshActor","DL_RENDER DL_OVERLAND","DL_RENDER","/Game/__ExternalActors__/Levels/Overland/Hogwarts/EntranceHall/LI_EntranceHall_EXT/6/NS/V1BO8ZCE99VUCT40YAT3O3","LV_Overland/Hogwarts/LI_Hogwarts/LevelInstances/EntranceHall/LI_EntranceHall_EXT/RENDER/SM_HW_EH_Crenels_A_End_A28","3D014399-4D65-7BC8-2274-2EAB75A9BD36"
"Removed","SM_HW_EH_Crenels_A_End_A3","StaticMeshActor","DL_RENDER DL_OVERLAND","DL_RENDER","/Game/__ExternalActors__/Levels/Overland/Hogwarts/EntranceHall/LI_EntranceHall_EXT/0/3Y/B79IEGMGVDLE03LI60F910","LV_Overland/Hogwarts/LI_Hogwarts/LevelInstances/EntranceHall/LI_EntranceHall_EXT/RENDER/SM_HW_EH_Crenels_A_End_A3","E5E1CF6D-46EE-902E-0AFC-81935F2E8012"
"Removed","SM_HW_EH_Crenels_A_End_A8","StaticMeshActor","DL_RENDER DL_OVERLAND","DL_RENDER","/Game/__ExternalActors__/Levels/Overland/Hogwarts/EntranceHall/LI_EntranceHall_EXT/2/79/SUNS1YPYKSOK8GRNE96JA8","LV_Overland/Hogwarts/LI_Hogwarts/LevelInstances/EntranceHall/LI_EntranceHall_EXT/RENDER/SM_HW_EH_Crenels_A_End_A8","6DA143A0-4BDF-65C8-ECE2-97B829A1808C"
"Removed","SM_HW_EH_DoorFrame_BaseColumn_A_11","StaticMeshActor","DL_RENDER DL_OVERLAND","DL_RENDER","/Game/__ExternalActors__/Levels/Overland/Hogwarts/EntranceHall/LI_EntranceHall_EXT/5/Q4/F487XXO24IZOGNMHZB5U18","LV_Overland/Hogwarts/LI_Hogwarts/LevelInstances/EntranceHall/LI_EntranceHall_EXT/RENDER/Porch/SM_HW_EH_DoorFrame_BaseColumn_A_11","CBBA54E5-421E-393A-CB53-12A128DC699B"
"Removed","SM_HW_EH_DoorFrame_BaseColumn_A_12","StaticMeshActor","DL_RENDER DL_OVERLAND","DL_RENDER","/Game/__ExternalActors__/Levels/Overland/Hogwarts/EntranceHall/LI_EntranceHall_EXT/1/XF/GSQBB9DX0FWX8UX9IK157S","LV_Overland/Hogwarts/LI_Hogwarts/LevelInstances/EntranceHall/LI_EntranceHall_EXT/RENDER/Porch/SM_HW_EH_DoorFrame_BaseColumn_A_12","0EF40115-41C8-F934-925B-B3B54252169C"
"Removed","SM_HW_EH_DoorFrame_BaseColumn_A_13","StaticMeshActor","DL_RENDER DL_OVERLAND","DL_RENDER","/Game/__ExternalActors__/Levels/Overland/Hogwarts/EntranceHall/LI_EntranceHall_EXT/E/BY/6HWXJ1P736S1DE1B77RZMU","LV_Overland/Hogwarts/LI_Hogwarts/LevelInstances/EntranceHall/LI_EntranceHall_EXT/RENDER/Porch/SM_HW_EH_DoorFrame_BaseColumn_A_13","05772E77-4B26-5B5D-62C8-92BDFFD49E68"
"Removed","SM_HW_EH_DoorFrame_BaseColumn_A_14","StaticMeshActor","DL_RENDER DL_OVERLAND","DL_RENDER","/Game/__ExternalActors__/Levels/Overland/Hogwarts/EntranceHall/LI_EntranceHall_EXT/E/0I/8SLSN9A3NVUWUABGLDCRF9","LV_Overland/Hogwarts/LI_Hogwarts/LevelInstances/EntranceHall/LI_EntranceHall_EXT/RENDER/Porch/SM_HW_EH_DoorFrame_BaseColumn_A_14","85EBB5D4-4135-8E69-A280-40BDCF46BF71"
"Removed","SM_HW_EH_DoorFrame_BaseColumn_A_15","StaticMeshActor","DL_RENDER DL_OVERLAND","DL_RENDER","/Game/__ExternalActors__/Levels/Overland/Hogwarts/EntranceHall/LI_EntranceHall_EXT/D/GX/K4N57KINFHQ4PG0U5IY11V","LV_Overland/Hogwarts/LI_Hogwarts/LevelInstances/EntranceHall/LI_EntranceHall_EXT/RENDER/Porch/SM_HW_EH_DoorFrame_BaseColumn_A_15","653096AE-4684-9C83-B745-FF92FCAB1045"
"Removed","SM_HW_EH_DoorFrame_BaseColumn_A_2","StaticMeshActor","DL_RENDER DL_OVERLAND","DL_RENDER","/Game/__ExternalActors__/Levels/Overland/Hogwarts/EntranceHall/LI_EntranceHall_EXT/1/CT/9II7FEMULK7EAY3H9CQU4H","LV_Overland/Hogwarts/LI_Hogwarts/LevelInstances/EntranceHall/LI_EntranceHall_EXT/RENDER/Porch/SM_HW_EH_DoorFrame_BaseColumn_A_2","3667E37D-4B1A-CC74-E837-F1B3B2656215"
"Removed","SM_HW_EH_DoorFrame_BaseColumn_A_3","StaticMeshActor","DL_RENDER DL_OVERLAND","DL_RENDER","/Game/__ExternalActors__/Levels/Overland/Hogwarts/EntranceHall/LI_EntranceHall_EXT/1/AG/JQB8OUR95RVSY7CCVYS57T","LV_Overland/Hogwarts/LI_Hogwarts/LevelInstances/EntranceHall/LI_EntranceHall_EXT/RENDER/Porch/SM_HW_EH_DoorFrame_BaseColumn_A_3","284F02FB-455A-6EA1-81B8-C0B5D5E7375D"
"Removed","SM_HW_EH_DoorFrame_BaseColumn_A_4","StaticMeshActor","DL_RENDER DL_OVERLAND","DL_RENDER","/Game/__ExternalActors__/Levels/Overland/Hogwarts/EntranceHall/LI_EntranceHall_EXT/E/G2/46EA8Z5GAM5I8KTLVIPR5L","LV_Overland/Hogwarts/LI_Hogwarts/LevelInstances/EntranceHall/LI_EntranceHall_EXT/RENDER/Porch/SM_HW_EH_DoorFrame_BaseColumn_A_4","2BEB2EF8-41E4-B63A-97CF-4C8BD6A925CF"
"Removed","SM_HW_EH_DoorFrame_BaseColumn_A_5","StaticMeshActor","DL_RENDER DL_OVERLAND","DL_RENDER","/Game/__ExternalActors__/Levels/Overland/Hogwarts/EntranceHall/LI_EntranceHall_EXT/7/3D/14HZ6L2TS27JXLFSJXM4OF","LV_Overland/Hogwarts/LI_Hogwarts/LevelInstances/EntranceHall/LI_EntranceHall_EXT/RENDER/Porch/SM_HW_EH_DoorFrame_BaseColumn_A_5","275C28F2-4786-4DA0-DDED-41B755F501EE"
"Removed","SM_HW_EH_DoorFrame_BaseColumn_A_6","StaticMeshActor","DL_RENDER DL_OVERLAND","DL_RENDER","/Game/__ExternalActors__/Levels/Overland/Hogwarts/EntranceHall/LI_EntranceHall_EXT/A/K2/697AWGFE46VIRNQUP94D9R","LV_Overland/Hogwarts/LI_Hogwarts/LevelInstances/EntranceHall/LI_EntranceHall_EXT/RENDER/Porch/SM_HW_EH_DoorFrame_BaseColumn_A_6","D3444E5A-4C78-008E-0795-7992AE473866"
"Removed","SM_HW_EH_DoorFrame_BaseColumn_A_7","StaticMeshActor","DL_RENDER DL_OVERLAND","DL_RENDER","/Game/__ExternalActors__/Levels/Overland/Hogwarts/EntranceHall/LI_EntranceHall_EXT/B/AL/0679IYDM5H17CP7ANX5D5Q","LV_Overland/Hogwarts/LI_Hogwarts/LevelInstances/EntranceHall/LI_EntranceHall_EXT/RENDER/Porch/SM_HW_EH_DoorFrame_BaseColumn_A_7","A8A185D3-478D-571F-9D6F-6EB634A13FE9"
"Removed","SM_HW_EH_DoorFrame_BaseColumn_A_8","StaticMeshActor","DL_RENDER DL_OVERLAND","DL_RENDER","/Game/__ExternalActors__/Levels/Overland/Hogwarts/EntranceHall/LI_EntranceHall_EXT/D/CS/AI61SJ1C8DRUIO5M2ELIPY","LV_Overland/Hogwarts/LI_Hogwarts/LevelInstances/EntranceHall/LI_EntranceHall_EXT/RENDER/Porch/SM_HW_EH_DoorFrame_BaseColumn_A_8","8A5B4476-41FA-C959-3662-71A4EC0D968D"
"Removed","SM_HW_EH_DoorFrame_BaseColumn_A_9","StaticMeshActor","DL_RENDER DL_OVERLAND","DL_RENDER","/Game/__ExternalActors__/Levels/Overland/Hogwarts/EntranceHall/LI_EntranceHall_EXT/9/0Y/3LUS7L7V7D435CPPUY5UPW","LV_Overland/Hogwarts/LI_Hogwarts/LevelInstances/EntranceHall/LI_EntranceHall_EXT/RENDER/Porch/SM_HW_EH_DoorFrame_BaseColumn_A_9","C6234CC2-45F5-B847-7114-0C915BBE3312"
"Removed","SM_HW_EH_DoorFrame_BaseColumn_B_1","StaticMeshActor","DL_RENDER DL_OVERLAND","DL_RENDER","/Game/__ExternalActors__/Levels/Overland/Hogwarts/EntranceHall/LI_EntranceHall_EXT/D/4D/I6TCAI35889RNU3PS9T3NI","LV_Overland/Hogwarts/LI_Hogwarts/LevelInstances/EntranceHall/LI_EntranceHall_EXT/RENDER/Porch/SM_HW_EH_DoorFrame_BaseColumn_B_1","FFA81367-4CC8-0E01-4E7B-AC99491E7AF3"
"Removed","SM_HW_EH_DoorFrame_ColumnDecor_B_1","StaticMeshActor","DL_RENDER DL_OVERLAND","DL_RENDER","/Game/__ExternalActors__/Levels/Overland/Hogwarts/EntranceHall/LI_EntranceHall_EXT/2/23/L3B5L9Q9VF4BIF6C3C1DWL","LV_Overland/Hogwarts/LI_Hogwarts/LevelInstances/EntranceHall/LI_EntranceHall_EXT/RENDER/Porch/SM_HW_EH_DoorFrame_ColumnDecor_B_1","FEB16DCF-4B35-1297-9898-5FBBD0479FE9"
"Removed","SM_HW_EH_DoorFrame_ColumnDecor_B_10","StaticMeshActor","DL_RENDER DL_OVERLAND","DL_RENDER","/Game/__ExternalActors__/Levels/Overland/Hogwarts/EntranceHall/LI_EntranceHall_EXT/C/1C/DXFQTHQ4DYWI8SEEEI8EXM","LV_Overland/Hogwarts/LI_Hogwarts/LevelInstances/EntranceHall/LI_EntranceHall_EXT/RENDER/Porch/SM_HW_EH_DoorFrame_ColumnDecor_B_10","792B6723-4445-AA6A-C660-E0926528E640"
"Removed","SM_HW_EH_DoorFrame_ColumnDecor_B_100","StaticMeshActor","DL_RENDER DL_OVERLAND","DL_RENDER","/Game/__ExternalActors__/Levels/Overland/Hogwarts/EntranceHall/LI_EntranceHall_EXT/8/II/JEORHA13LG4KY7MTFPWPGI","LV_Overland/Hogwarts/LI_Hogwarts/LevelInstances/EntranceHall/LI_EntranceHall_EXT/RENDER/Porch/SM_HW_EH_DoorFrame_ColumnDecor_B_100","61ABDE4B-4C53-9DF4-2F09-F78449FCF31F"
"Removed","SM_HW_EH_DoorFrame_ColumnDecor_B_101","StaticMeshActor","DL_RENDER DL_OVERLAND","DL_RENDER","/Game/__ExternalActors__/Levels/Overland/Hogwarts/EntranceHall/LI_EntranceHall_EXT/0/LQ/U911HORS13H746KXFKPDGH","LV_Overland/Hogwarts/LI_Hogwarts/LevelInstances/EntranceHall/LI_EntranceHall_EXT/RENDER/Porch/SM_HW_EH_DoorFrame_ColumnDecor_B_101","FB381B48-47F8-7D78-CD1E-06A97720B9E5"
"Removed","SM_HW_EH_DoorFrame_ColumnDecor_B_102","StaticMeshActor","DL_RENDER DL_OVERLAND","DL_RENDER","/Game/__ExternalActors__/Levels/Overland/Hogwarts/EntranceHall/LI_EntranceHall_EXT/2/0V/96NX4HMGC9UECWFDE6CKQE","LV_Overland/Hogwarts/LI_Hogwarts/LevelInstances/EntranceHall/LI_EntranceHall_EXT/RENDER/Porch/SM_HW_EH_DoorFrame_ColumnDecor_B_102","4AC33C19-4F66-8EF3-17E4-8BADC47F06F5"
"Removed","SM_HW_EH_DoorFrame_ColumnDecor_B_103","StaticMeshActor","DL_RENDER DL_OVERLAND","DL_RENDER","/Game/__ExternalActors__/Levels/Overland/Hogwarts/EntranceHall/LI_EntranceHall_EXT/A/3E/5MZGN55V56FJ6ME18H3IGI","LV_Overland/Hogwarts/LI_Hogwarts/LevelInstances/EntranceHall/LI_EntranceHall_EXT/RENDER/Porch/SM_HW_EH_DoorFrame_ColumnDecor_B_103","3C5C348E-47FB-96C6-B6CF-CB9CF4DE5901"
"Removed","SM_HW_EH_DoorFrame_ColumnDecor_B_104","StaticMeshActor","DL_RENDER DL_OVERLAND","DL_RENDER","/Game/__ExternalActors__/Levels/Overland/Hogwarts/EntranceHall/LI_EntranceHall_EXT/E/SI/0RECZ6VX4VE0EMK5T1PWUN","LV_Overland/Hogwarts/LI_Hogwarts/LevelInstances/EntranceHall/LI_EntranceHall_EXT/RENDER/Porch/SM_HW_EH_DoorFrame_ColumnDecor_B_104","12E0D6E1-4AA4-18D5-88C1-F1BB79EC9870"
"Removed","SM_HW_EH_DoorFrame_ColumnDecor_B_105","StaticMeshActor","DL_RENDER DL_OVERLAND","DL_RENDER","/Game/__ExternalActors__/Levels/Overland/Hogwarts/EntranceHall/LI_EntranceHall_EXT/1/AH/8Q82C2SU94AKQG075OUTQ0","LV_Overland/Hogwarts/LI_Hogwarts/LevelInstances/EntranceHall/LI_EntranceHall_EXT/RENDER/Porch/SM_HW_EH_DoorFrame_ColumnDecor_B_105","BD60A88C-4907-687A-DEFF-888892A9F361"
"Removed","SM_HW_EH_DoorFrame_ColumnDecor_B_106","StaticMeshActor","DL_RENDER DL_OVERLAND","DL_RENDER","/Game/__ExternalActors__/Levels/Overland/Hogwarts/EntranceHall/LI_EntranceHall_EXT/0/2W/JNHCWGW0JNIV26Y6FY1PBE","LV_Overland/Hogwarts/LI_Hogwarts/LevelInstances/EntranceHall/LI_EntranceHall_EXT/RENDER/Porch/SM_HW_EH_DoorFrame_ColumnDecor_B_106","3246DB52-42D8-33C1-22B5-C583AEF5E65A"
"Removed","SM_HW_EH_DoorFrame_ColumnDecor_B_107","StaticMeshActor","DL_RENDER DL_OVERLAND","DL_RENDER","/Game/__ExternalActors__/Levels/Overland/Hogwarts/EntranceHall/LI_EntranceHall_EXT/C/NJ/EHQH2WAD514FHGUQ2G04B2","LV_Overland/Hogwarts/LI_Hogwarts/LevelInstances/EntranceHall/LI_EntranceHall_EXT/RENDER/Porch/SM_HW_EH_DoorFrame_ColumnDecor_B_107","7B77496C-4C68-CC28-76C0-7398A4840D61"
"Removed","SM_HW_EH_DoorFrame_ColumnDecor_B_108","StaticMeshActor","DL_RENDER DL_OVERLAND","DL_RENDER","/Game/__ExternalActors__/Levels/Overland/Hogwarts/EntranceHall/LI_EntranceHall_EXT/5/GY/DZDN5D2T6QTLU40UYGDBJA","LV_Overland/Hogwarts/LI_Hogwarts/LevelInstances/EntranceHall/LI_EntranceHall_EXT/RENDER/Porch/SM_HW_EH_DoorFrame_ColumnDecor_B_108","5F5D788E-4A99-440A-12F0-E6BC3CD8B716"
"Removed","SM_HW_EH_DoorFrame_ColumnDecor_B_109","StaticMeshActor","DL_RENDER DL_OVERLAND","DL_RENDER","/Game/__ExternalActors__/Levels/Overland/Hogwarts/EntranceHall/LI_EntranceHall_EXT/3/XP/TLC3XIGGJO8R69TP4WIR3Z","LV_Overland/Hogwarts/LI_Hogwarts/LevelInstances/EntranceHall/LI_EntranceHall_EXT/RENDER/Porch/SM_HW_EH_DoorFrame_ColumnDecor_B_109","88F4B95B-4056-6F5F-070C-97B7930FD33D"
"Removed","SM_HW_EH_DoorFrame_ColumnDecor_B_11","StaticMeshActor","DL_RENDER DL_OVERLAND","DL_RENDER","/Game/__ExternalActors__/Levels/Overland/Hogwarts/EntranceHall/LI_EntranceHall_EXT/1/N6/JZ4B0C1IK087VO8OXI9CA3","LV_Overland/Hogwarts/LI_Hogwarts/LevelInstances/EntranceHall/LI_EntranceHall_EXT/RENDER/Porch/SM_HW_EH_DoorFrame_ColumnDecor_B_11","0BC0D744-48DC-783E-817F-709AF754DCA4"
"Removed","SM_HW_EH_DoorFrame_ColumnDecor_B_110","StaticMeshActor","DL_RENDER DL_OVERLAND","DL_RENDER","/Game/__ExternalActors__/Levels/Overland/Hogwarts/EntranceHall/LI_EntranceHall_EXT/4/Y0/PJVYMZOS45V7DZGKXLE0RQ","LV_Overland/Hogwarts/LI_Hogwarts/LevelInstances/EntranceHall/LI_EntranceHall_EXT/RENDER/Porch/SM_HW_EH_DoorFrame_ColumnDecor_B_110","5E4C6F76-4D4B-66D6-8C3B-4B8EEC596F76"
"Removed","SM_HW_EH_DoorFrame_ColumnDecor_B_111","StaticMeshActor","DL_RENDER DL_OVERLAND","DL_RENDER","/Game/__ExternalActors__/Levels/Overland/Hogwarts/EntranceHall/LI_EntranceHall_EXT/9/CO/XNOZQXMGBB4J48ZBI3YN8A","LV_Overland/Hogwarts/LI_Hogwarts/LevelInstances/EntranceHall/LI_EntranceHall_EXT/RENDER/Porch/SM_HW_EH_DoorFrame_ColumnDecor_B_111","7F0AB6C6-41FC-1612-0EFF-898B814ACD38"
"Removed","SM_HW_EH_DoorFrame_ColumnDecor_B_112","StaticMeshActor","DL_RENDER DL_OVERLAND","DL_RENDER","/Game/__ExternalActors__/Levels/Overland/Hogwarts/EntranceHall/LI_EntranceHall_EXT/3/93/ROPMH5USO454F02ZOEYKZU","LV_Overland/Hogwarts/LI_Hogwarts/LevelInstances/EntranceHall/LI_EntranceHall_EXT/RENDER/Porch/SM_HW_EH_DoorFrame_ColumnDecor_B_112","8EA4A479-4E5B-0E1E-795F-FB8266060869"
"Removed","SM_HW_EH_DoorFrame_ColumnDecor_B_113","StaticMeshActor","DL_RENDER DL_OVERLAND","DL_RENDER","/Game/__ExternalActors__/Levels/Overland/Hogwarts/EntranceHall/LI_EntranceHall_EXT/5/IS/SIEG07NZZNN37Q3LE7BYE0","LV_Overland/Hogwarts/LI_Hogwarts/LevelInstances/EntranceHall/LI_EntranceHall_EXT/RENDER/Porch/SM_HW_EH_DoorFrame_ColumnDecor_B_113","8475182C-451F-5FB8-7AAD-F2B0B9154608"
"Removed","SM_HW_EH_DoorFrame_ColumnDecor_B_114","StaticMeshActor","DL_RENDER DL_OVERLAND","DL_RENDER","/Game/__ExternalActors__/Levels/Overland/Hogwarts/EntranceHall/LI_EntranceHall_EXT/E/4A/3PTYXQJS0AY7T13OMIDKAK","LV_Overland/Hogwarts/LI_Hogwarts/LevelInstances/EntranceHall/LI_EntranceHall_EXT/RENDER/Porch/SM_HW_EH_DoorFrame_ColumnDecor_B_114","69B0B91D-4E04-B026-D68F-089871B711BF"
"Removed","SM_HW_EH_DoorFrame_ColumnDecor_B_115","StaticMeshActor","DL_RENDER DL_OVERLAND","DL_RENDER","/Game/__ExternalActors__/Levels/Overland/Hogwarts/EntranceHall/LI_EntranceHall_EXT/1/FJ/C94FNCPVX9UVYM03J8WBR8","LV_Overland/Hogwarts/LI_Hogwarts/LevelInstances/EntranceHall/LI_EntranceHall_EXT/RENDER/Porch/SM_HW_EH_DoorFrame_ColumnDecor_B_115","9961E58B-460B-2C05-9275-CDA09092EF61"
"Removed","SM_HW_EH_DoorFrame_ColumnDecor_B_116","StaticMeshActor","DL_RENDER DL_OVERLAND","DL_RENDER","/Game/__ExternalActors__/Levels/Overland/Hogwarts/EntranceHall/LI_EntranceHall_EXT/1/4A/6XCREZEOAD4VCEFPCTLO58","LV_Overland/Hogwarts/LI_Hogwarts/LevelInstances/EntranceHall/LI_EntranceHall_EXT/RENDER/Porch/SM_HW_EH_DoorFrame_ColumnDecor_B_116","28C6B59C-4C65-BCB0-81B8-9CB8A0811CD5"
"Removed","SM_HW_EH_DoorFrame_ColumnDecor_B_117","StaticMeshActor","DL_RENDER DL_OVERLAND","DL_RENDER","/Game/__ExternalActors__/Levels/Overland/Hogwarts/EntranceHall/LI_EntranceHall_EXT/4/LI/2W6ZIS50LIDMWPJALU5D8M","LV_Overland/Hogwarts/LI_Hogwarts/LevelInstances/EntranceHall/LI_EntranceHall_EXT/RENDER/Porch/SM_HW_EH_DoorFrame_ColumnDecor_B_117","EE74F612-44A3-90A7-21CA-A48EDFA86BA7"
"Removed","SM_HW_EH_DoorFrame_ColumnDecor_B_118","StaticMeshActor","DL_RENDER DL_OVERLAND","DL_RENDER","/Game/__ExternalActors__/Levels/Overland/Hogwarts/EntranceHall/LI_EntranceHall_EXT/5/OR/Y17LQGOHY5J7N6SBQ5EI38","LV_Overland/Hogwarts/LI_Hogwarts/LevelInstances/EntranceHall/LI_EntranceHall_EXT/RENDER/Porch/SM_HW_EH_DoorFrame_ColumnDecor_B_118","5A607BB1-4203-5A22-1014-07A7C895837B"
"Removed","SM_HW_EH_DoorFrame_ColumnDecor_B_119","StaticMeshActor","DL_RENDER DL_OVERLAND","DL_RENDER","/Game/__ExternalActors__/Levels/Overland/Hogwarts/EntranceHall/LI_EntranceHall_EXT/3/11/JLYI72DQ8WO706UVSKU0YG","LV_Overland/Hogwarts/LI_Hogwarts/LevelInstances/EntranceHall/LI_EntranceHall_EXT/RENDER/Porch/SM_HW_EH_DoorFrame_ColumnDecor_B_119","C71153AB-4B9F-D189-C3AC-50AEDCAAAE87"
"Removed","SM_HW_EH_DoorFrame_ColumnDecor_B_12","StaticMeshActor","DL_RENDER DL_OVERLAND","DL_RENDER","/Game/__ExternalActors__/Levels/Overland/Hogwarts/EntranceHall/LI_EntranceHall_EXT/0/62/5H3C2GKRU3K5RTOJWDH7F6","LV_Overland/Hogwarts/LI_Hogwarts/LevelInstances/EntranceHall/LI_EntranceHall_EXT/RENDER/Porch/SM_HW_EH_DoorFrame_ColumnDecor_B_12","6F808BAA-486A-13AF-CA4E-93860EFB1690"
"Removed","SM_HW_EH_DoorFrame_ColumnDecor_B_120","StaticMeshActor","DL_RENDER DL_OVERLAND","DL_RENDER","/Game/__ExternalActors__/Levels/Overland/Hogwarts/EntranceHall/LI_EntranceHall_EXT/B/JE/UP9P37YL7AL1Z6CZJD1LDK","LV_Overland/Hogwarts/LI_Hogwarts/LevelInstances/EntranceHall/LI_EntranceHall_EXT/RENDER/Porch/SM_HW_EH_DoorFrame_ColumnDecor_B_120","2994CFC0-4A74-10A0-1376-219D709A30B8"
"Removed","SM_HW_EH_DoorFrame_ColumnDecor_B_121","StaticMeshActor","DL_RENDER DL_OVERLAND","DL_RENDER","/Game/__ExternalActors__/Levels/Overland/Hogwarts/EntranceHall/LI_EntranceHall_EXT/8/BH/DM7HKUGSV2HJ16I3LL2VTM","LV_Overland/Hogwarts/LI_Hogwarts/LevelInstances/EntranceHall/LI_EntranceHall_EXT/RENDER/Porch/SM_HW_EH_DoorFrame_ColumnDecor_B_121","EAFA94D0-421E-C740-501F-A79362052D16"
"Removed","SM_HW_EH_DoorFrame_ColumnDecor_B_122","StaticMeshActor","DL_RENDER DL_OVERLAND","DL_RENDER","/Game/__ExternalActors__/Levels/Overland/Hogwarts/EntranceHall/LI_EntranceHall_EXT/F/3S/113UHCF33BWE7U6K2OZUTA","LV_Overland/Hogwarts/LI_Hogwarts/LevelInstances/EntranceHall/LI_EntranceHall_EXT/RENDER/Porch/SM_HW_EH_DoorFrame_ColumnDecor_B_122","844267E9-4FA8-0EE4-E563-E7A4E4404B99"
"Removed","SM_HW_EH_DoorFrame_ColumnDecor_B_123","StaticMeshActor","DL_RENDER DL_OVERLAND","DL_RENDER","/Game/__ExternalActors__/Levels/Overland/Hogwarts/EntranceHall/LI_EntranceHall_EXT/9/6J/MX1N50ITG072AXDKQ4T7ON","LV_Overland/Hogwarts/LI_Hogwarts/LevelInstances/EntranceHall/LI_EntranceHall_EXT/RENDER/Porch/SM_HW_EH_DoorFrame_ColumnDecor_B_123","F434FF68-415D-1773-ED45-3EA62E1E295F"
"Removed","SM_HW_EH_DoorFrame_ColumnDecor_B_124","StaticMeshActor","DL_RENDER DL_OVERLAND","DL_RENDER","/Game/__ExternalActors__/Levels/Overland/Hogwarts/EntranceHall/LI_EntranceHall_EXT/0/7T/PC1VV0CUAKIH3TBO7PC1N3","LV_Overland/Hogwarts/LI_Hogwarts/LevelInstances/EntranceHall/LI_EntranceHall_EXT/RENDER/Porch/SM_HW_EH_DoorFrame_ColumnDecor_B_124","1CF3848F-4D74-6100-A47B-01B3C0BE77D2"
"Removed","SM_HW_EH_DoorFrame_ColumnDecor_B_125","StaticMeshActor","DL_RENDER DL_OVERLAND","DL_RENDER","/Game/__ExternalActors__/Levels/Overland/Hogwarts/EntranceHall/LI_EntranceHall_EXT/6/BG/JJU9QDMQP6XYX5ZUVEUM3T","LV_Overland/Hogwarts/LI_Hogwarts/LevelInstances/EntranceHall/LI_EntranceHall_EXT/RENDER/Porch/SM_HW_EH_DoorFrame_ColumnDecor_B_125","01600378-4333-B79E-359C-F4A271419C35"
"Removed","SM_HW_EH_DoorFrame_ColumnDecor_B_126","StaticMeshActor","DL_RENDER DL_OVERLAND","DL_RENDER","/Game/__ExternalActors__/Levels/Overland/Hogwarts/EntranceHall/LI_EntranceHall_EXT/8/18/243VIO519828EKUALSRB9G","LV_Overland/Hogwarts/LI_Hogwarts/LevelInstances/EntranceHall/LI_EntranceHall_EXT/RENDER/Porch/SM_HW_EH_DoorFrame_ColumnDecor_B_126","37FF935E-4B84-4BE6-900F-CFBF3E34864F"
"Removed","SM_HW_EH_DoorFrame_ColumnDecor_B_127","StaticMeshActor","DL_RENDER DL_OVERLAND","DL_RENDER","/Game/__ExternalActors__/Levels/Overland/Hogwarts/EntranceHall/LI_EntranceHall_EXT/8/IY/SQKVQ434VQGR980ZUZM1WB","LV_Overland/Hogwarts/LI_Hogwarts/LevelInstances/EntranceHall/LI_EntranceHall_EXT/RENDER/Porch/SM_HW_EH_DoorFrame_ColumnDecor_B_127","6E3E8858-471C-5830-CD7D-4188E67B5078"
"Removed","SM_HW_EH_DoorFrame_ColumnDecor_B_128","StaticMeshActor","DL_RENDER DL_OVERLAND","DL_RENDER","/Game/__ExternalActors__/Levels/Overland/Hogwarts/EntranceHall/LI_EntranceHall_EXT/4/AW/PZLLM5PE7DPRH7GJO56AIH","LV_Overland/Hogwarts/LI_Hogwarts/LevelInstances/EntranceHall/LI_EntranceHall_EXT/RENDER/Porch/SM_HW_EH_DoorFrame_ColumnDecor_B_128","C07A2682-4C9A-1B4D-6E8F-A7A13E89C506"
"Removed","SM_HW_EH_DoorFrame_ColumnDecor_B_129","StaticMeshActor","DL_RENDER DL_OVERLAND","DL_RENDER","/Game/__ExternalActors__/Levels/Overland/Hogwarts/EntranceHall/LI_EntranceHall_EXT/5/Z8/WH2XO132QO2FMYZZHR6OD3","LV_Overland/Hogwarts/LI_Hogwarts/LevelInstances/EntranceHall/LI_EntranceHall_EXT/RENDER/Porch/SM_HW_EH_DoorFrame_ColumnDecor_B_129","AA1D3614-4B38-3747-FB96-8D8C1DDEC7F1"
"Removed","SM_HW_EH_DoorFrame_ColumnDecor_B_13","StaticMeshActor","DL_RENDER DL_OVERLAND","DL_RENDER","/Game/__ExternalActors__/Levels/Overland/Hogwarts/EntranceHall/LI_EntranceHall_EXT/8/9B/AST1HHUKFEUFCF94IH8FV6","LV_Overland/Hogwarts/LI_Hogwarts/LevelInstances/EntranceHall/LI_EntranceHall_EXT/RENDER/Porch/SM_HW_EH_DoorFrame_ColumnDecor_B_13","1DB14D61-4694-BCA2-313D-7E8CEBCFFF0E"
"Removed","SM_HW_EH_DoorFrame_ColumnDecor_B_130","StaticMeshActor","DL_RENDER DL_OVERLAND","DL_RENDER","/Game/__ExternalActors__/Levels/Overland/Hogwarts/EntranceHall/LI_EntranceHall_EXT/1/90/19QZ5ZMBKBMUFHH75TYM7I","LV_Overland/Hogwarts/LI_Hogwarts/LevelInstances/EntranceHall/LI_EntranceHall_EXT/RENDER/Porch/SM_HW_EH_DoorFrame_ColumnDecor_B_130","71C0AC85-47B3-09FA-7588-EBB1460E8FAA"
"Removed","SM_HW_EH_DoorFrame_ColumnDecor_B_131","StaticMeshActor","DL_RENDER DL_OVERLAND","DL_RENDER","/Game/__ExternalActors__/Levels/Overland/Hogwarts/EntranceHall/LI_EntranceHall_EXT/B/PI/M3G6Y9JRRVLGMW2BQYYRIB","LV_Overland/Hogwarts/LI_Hogwarts/LevelInstances/EntranceHall/LI_EntranceHall_EXT/RENDER/Porch/SM_HW_EH_DoorFrame_ColumnDecor_B_131","E714F477-4FE9-C487-AF4B-E69F5B3402A3"
"Removed","SM_HW_EH_DoorFrame_ColumnDecor_B_14","StaticMeshActor","DL_RENDER DL_OVERLAND","DL_RENDER","/Game/__ExternalActors__/Levels/Overland/Hogwarts/EntranceHall/LI_EntranceHall_EXT/0/ZQ/ZT9EKWNS56O9DH3MT5O1ZC","LV_Overland/Hogwarts/LI_Hogwarts/LevelInstances/EntranceHall/LI_EntranceHall_EXT/RENDER/Porch/SM_HW_EH_DoorFrame_ColumnDecor_B_14","E6C183A5-42BC-1DB2-12EB-179EB619B841"
"Removed","SM_HW_EH_DoorFrame_ColumnDecor_B_15","StaticMeshActor","DL_RENDER DL_OVERLAND","DL_RENDER","/Game/__ExternalActors__/Levels/Overland/Hogwarts/EntranceHall/LI_EntranceHall_EXT/C/WV/CA1X8LT5I19WFPE2HQBMMR","LV_Overland/Hogwarts/LI_Hogwarts/LevelInstances/EntranceHall/LI_EntranceHall_EXT/RENDER/Porch/SM_HW_EH_DoorFrame_ColumnDecor_B_15","3A806DD4-4ACA-FACB-BFA2-8F835F4A37A4"
"Removed","SM_HW_EH_DoorFrame_ColumnDecor_B_16","StaticMeshActor","DL_RENDER DL_OVERLAND","DL_RENDER","/Game/__ExternalActors__/Levels/Overland/Hogwarts/EntranceHall/LI_EntranceHall_EXT/9/44/1TCH8N902BR97VJNX36ATY","LV_Overland/Hogwarts/LI_Hogwarts/LevelInstances/EntranceHall/LI_EntranceHall_EXT/RENDER/Porch/SM_HW_EH_DoorFrame_ColumnDecor_B_16","3ACAD351-4237-12DA-A68B-12ABF6D4C0CE"
"Removed","SM_HW_EH_DoorFrame_ColumnDecor_B_17","StaticMeshActor","DL_RENDER DL_OVERLAND","DL_RENDER","/Game/__ExternalActors__/Levels/Overland/Hogwarts/EntranceHall/LI_EntranceHall_EXT/E/CI/A4H3YRZ7S5FX6DZ0ZI2U06","LV_Overland/Hogwarts/LI_Hogwarts/LevelInstances/EntranceHall/LI_EntranceHall_EXT/RENDER/Porch/SM_HW_EH_DoorFrame_ColumnDecor_B_17","925F7923-4A19-9299-D3EE-5598B42E335E"
"Removed","SM_HW_EH_DoorFrame_ColumnDecor_B_18","StaticMeshActor","DL_RENDER DL_OVERLAND","DL_RENDER","/Game/__ExternalActors__/Levels/Overland/Hogwarts/EntranceHall/LI_EntranceHall_EXT/C/P7/M21I0SBS64FY6LAVPD8MHX","LV_Overland/Hogwarts/LI_Hogwarts/LevelInstances/EntranceHall/LI_EntranceHall_EXT/RENDER/Porch/SM_HW_EH_DoorFrame_ColumnDecor_B_18","7200410D-453D-4A10-5938-4AA5DCDF6A7D"
"Removed","SM_HW_EH_DoorFrame_ColumnDecor_B_19","StaticMeshActor","DL_RENDER DL_OVERLAND","DL_RENDER","/Game/__ExternalActors__/Levels/Overland/Hogwarts/EntranceHall/LI_EntranceHall_EXT/C/SI/YYE2NIA2X41B6A5OTHVF4C","LV_Overland/Hogwarts/LI_Hogwarts/LevelInstances/EntranceHall/LI_EntranceHall_EXT/RENDER/Porch/SM_HW_EH_DoorFrame_ColumnDecor_B_19","E0786AB6-4078-BD58-EFE4-C9BBBE8062AB"
"Removed","SM_HW_EH_DoorFrame_ColumnDecor_B_2","StaticMeshActor","DL_RENDER DL_OVERLAND","DL_RENDER","/Game/__ExternalActors__/Levels/Overland/Hogwarts/EntranceHall/LI_EntranceHall_EXT/2/PZ/Z99B0PHVMS01VN64YL6FTM","LV_Overland/Hogwarts/LI_Hogwarts/LevelInstances/EntranceHall/LI_EntranceHall_EXT/RENDER/Porch/SM_HW_EH_DoorFrame_ColumnDecor_B_2","41C94F2E-4524-3D72-4C62-9BA043609533"
"Removed","SM_HW_EH_DoorFrame_ColumnDecor_B_20","StaticMeshActor","DL_RENDER DL_OVERLAND","DL_RENDER","/Game/__ExternalActors__/Levels/Overland/Hogwarts/EntranceHall/LI_EntranceHall_EXT/A/P6/636EXGCUEMIV3FST7RP08Y","LV_Overland/Hogwarts/LI_Hogwarts/LevelInstances/EntranceHall/LI_EntranceHall_EXT/RENDER/Porch/SM_HW_EH_DoorFrame_ColumnDecor_B_20","5AB7C868-4A64-036D-4814-84B31949E748"
"Removed","SM_HW_EH_DoorFrame_ColumnDecor_B_21","StaticMeshActor","DL_RENDER DL_OVERLAND","DL_RENDER","/Game/__ExternalActors__/Levels/Overland/Hogwarts/EntranceHall/LI_EntranceHall_EXT/D/33/YATTIOED8F29JHTTRZ6FJM","LV_Overland/Hogwarts/LI_Hogwarts/LevelInstances/EntranceHall/LI_EntranceHall_EXT/RENDER/Porch/SM_HW_EH_DoorFrame_ColumnDecor_B_21","9F1324EC-4867-D394-ED60-E59775A4449C"
"Removed","SM_HW_EH_DoorFrame_ColumnDecor_B_22","StaticMeshActor","DL_RENDER DL_OVERLAND","DL_RENDER","/Game/__ExternalActors__/Levels/Overland/Hogwarts/EntranceHall/LI_EntranceHall_EXT/0/DP/ZUN2Z4JHYW9C58ECSS8OR3","LV_Overland/Hogwarts/LI_Hogwarts/LevelInstances/EntranceHall/LI_EntranceHall_EXT/RENDER/Porch/SM_HW_EH_DoorFrame_ColumnDecor_B_22","6447E413-4C12-E0EB-2939-2389CFFD20BD"
"Removed","SM_HW_EH_DoorFrame_ColumnDecor_B_23","StaticMeshActor","DL_RENDER DL_OVERLAND","DL_RENDER","/Game/__ExternalActors__/Levels/Overland/Hogwarts/EntranceHall/LI_EntranceHall_EXT/6/V5/NXDHCMPAIWTX9IAL78YZQ2","LV_Overland/Hogwarts/LI_Hogwarts/LevelInstances/EntranceHall/LI_EntranceHall_EXT/RENDER/Porch/SM_HW_EH_DoorFrame_ColumnDecor_B_23","71EEF2F8-47A3-D896-7387-63B8A65B6BF1"
"Removed","SM_HW_EH_DoorFrame_ColumnDecor_B_24","StaticMeshActor","DL_RENDER DL_OVERLAND","DL_RENDER","/Game/__ExternalActors__/Levels/Overland/Hogwarts/EntranceHall/LI_EntranceHall_EXT/3/JA/VTDIAMSTUTPW8L49AOE3E4","LV_Overland/Hogwarts/LI_Hogwarts/LevelInstances/EntranceHall/LI_EntranceHall_EXT/RENDER/Porch/SM_HW_EH_DoorFrame_ColumnDecor_B_24","18A7B831-4B08-AD9C-4CBB-EDAD01AA1829"
"Removed","SM_HW_EH_DoorFrame_ColumnDecor_B_25","StaticMeshActor","DL_RENDER DL_OVERLAND","DL_RENDER","/Game/__ExternalActors__/Levels/Overland/Hogwarts/EntranceHall/LI_EntranceHall_EXT/7/GF/PHA0FOHYD183C9M6JPUNFL","LV_Overland/Hogwarts/LI_Hogwarts/LevelInstances/EntranceHall/LI_EntranceHall_EXT/RENDER/Porch/SM_HW_EH_DoorFrame_ColumnDecor_B_25","1E9C090D-4842-1264-DF76-939EC26E196B"
"Removed","SM_HW_EH_DoorFrame_ColumnDecor_B_26","StaticMeshActor","DL_RENDER DL_OVERLAND","DL_RENDER","/Game/__ExternalActors__/Levels/Overland/Hogwarts/EntranceHall/LI_EntranceHall_EXT/B/8H/RU692IGP9ZJ8Q2HODX6RMH","LV_Overland/Hogwarts/LI_Hogwarts/LevelInstances/EntranceHall/LI_EntranceHall_EXT/RENDER/Porch/SM_HW_EH_DoorFrame_ColumnDecor_B_26","244DB8F3-4675-790C-3DC0-B7957C75CC2D"
"Removed","SM_HW_EH_DoorFrame_ColumnDecor_B_27","StaticMeshActor","DL_RENDER DL_OVERLAND","DL_RENDER","/Game/__ExternalActors__/Levels/Overland/Hogwarts/EntranceHall/LI_EntranceHall_EXT/4/2P/3DNELRMZTK8N2OED4KWPP1","LV_Overland/Hogwarts/LI_Hogwarts/LevelInstances/EntranceHall/LI_EntranceHall_EXT/RENDER/Porch/SM_HW_EH_DoorFrame_ColumnDecor_B_27","35719121-4FFF-0369-2389-CFBF1C3F10B0"
"Removed","SM_HW_EH_DoorFrame_ColumnDecor_B_28","StaticMeshActor","DL_RENDER DL_OVERLAND","DL_RENDER","/Game/__ExternalActors__/Levels/Overland/Hogwarts/EntranceHall/LI_EntranceHall_EXT/E/3Z/9NUR9C1UM4YBT76WFBMQFW","LV_Overland/Hogwarts/LI_Hogwarts/LevelInstances/EntranceHall/LI_EntranceHall_EXT/RENDER/Porch/SM_HW_EH_DoorFrame_ColumnDecor_B_28","A51A0BD0-4F64-FE38-6117-578A650EB67C"
"Removed","SM_HW_EH_DoorFrame_ColumnDecor_B_29","StaticMeshActor","DL_RENDER DL_OVERLAND","DL_RENDER","/Game/__ExternalActors__/Levels/Overland/Hogwarts/EntranceHall/LI_EntranceHall_EXT/1/BS/1OXBOKTIPOMBJD4HAGKJ5R","LV_Overland/Hogwarts/LI_Hogwarts/LevelInstances/EntranceHall/LI_EntranceHall_EXT/RENDER/Porch/SM_HW_EH_DoorFrame_ColumnDecor_B_29","63CC17B8-4804-853D-7AD6-C1AE1B998969"
"Removed","SM_HW_EH_DoorFrame_ColumnDecor_B_3","StaticMeshActor","DL_RENDER DL_OVERLAND","DL_RENDER","/Game/__ExternalActors__/Levels/Overland/Hogwarts/EntranceHall/LI_EntranceHall_EXT/B/H0/A69IH4U34FOBDRYRU3Z9HO","LV_Overland/Hogwarts/LI_Hogwarts/LevelInstances/EntranceHall/LI_EntranceHall_EXT/RENDER/Porch/SM_HW_EH_DoorFrame_ColumnDecor_B_3","5DF0410B-42EC-37D2-2E8A-0AA077D1AC9C"
"Removed","SM_HW_EH_DoorFrame_ColumnDecor_B_30","StaticMeshActor","DL_RENDER DL_OVERLAND","DL_RENDER","/Game/__ExternalActors__/Levels/Overland/Hogwarts/EntranceHall/LI_EntranceHall_EXT/D/LK/8SJB5B06X5XSP3PZENKQHG","LV_Overland/Hogwarts/LI_Hogwarts/LevelInstances/EntranceHall/LI_EntranceHall_EXT/RENDER/Porch/SM_HW_EH_DoorFrame_ColumnDecor_B_30","A316857F-4F09-CE6B-F7FC-70954A0B23AD"
"Removed","SM_HW_EH_DoorFrame_ColumnDecor_B_31","StaticMeshActor","DL_RENDER DL_OVERLAND","DL_RENDER","/Game/__ExternalActors__/Levels/Overland/Hogwarts/EntranceHall/LI_EntranceHall_EXT/1/WL/WQCNFTVHVWSKRKDF95NV7M","LV_Overland/Hogwarts/LI_Hogwarts/LevelInstances/EntranceHall/LI_EntranceHall_EXT/RENDER/Porch/SM_HW_EH_DoorFrame_ColumnDecor_B_31","9F4FF691-4D9C-EBB3-FFEC-A6817137668D"
"Removed","SM_HW_EH_DoorFrame_ColumnDecor_B_32","StaticMeshActor","DL_RENDER DL_OVERLAND","DL_RENDER","/Game/__ExternalActors__/Levels/Overland/Hogwarts/EntranceHall/LI_EntranceHall_EXT/9/TX/QINXM8F7RCMT0FJT8U1EGI","LV_Overland/Hogwarts/LI_Hogwarts/LevelInstances/EntranceHall/LI_EntranceHall_EXT/RENDER/Porch/SM_HW_EH_DoorFrame_ColumnDecor_B_32","2523813D-4FD6-E732-6F5F-CB9CFFAE763C"
"Removed","SM_HW_EH_DoorFrame_ColumnDecor_B_33","StaticMeshActor","DL_RENDER DL_OVERLAND","DL_RENDER","/Game/__ExternalActors__/Levels/Overland/Hogwarts/EntranceHall/LI_EntranceHall_EXT/D/ZQ/YRMZ29OB9JTIFBL2KH9UI1","LV_Overland/Hogwarts/LI_Hogwarts/LevelInstances/EntranceHall/LI_EntranceHall_EXT/RENDER/Porch/SM_HW_EH_DoorFrame_ColumnDecor_B_33","F0EE68FC-476B-FEBA-35A0-BBA0E71574BD"
"Removed","SM_HW_EH_DoorFrame_ColumnDecor_B_34","StaticMeshActor","DL_RENDER DL_OVERLAND","DL_RENDER","/Game/__ExternalActors__/Levels/Overland/Hogwarts/EntranceHall/LI_EntranceHall_EXT/C/FJ/CITB0JTNDWZV0PEK8RRE7Z","LV_Overland/Hogwarts/LI_Hogwarts/LevelInstances/EntranceHall/LI_EntranceHall_EXT/RENDER/Porch/SM_HW_EH_DoorFrame_ColumnDecor_B_34","8742E74A-4A59-429A-9019-398A06C2A517"
"Removed","SM_HW_EH_DoorFrame_ColumnDecor_B_35","StaticMeshActor","DL_RENDER DL_OVERLAND","DL_RENDER","/Game/__ExternalActors__/Levels/Overland/Hogwarts/EntranceHall/LI_EntranceHall_EXT/A/RC/YCW5PJ5WFAZK9YUHM0V5VZ","LV_Overland/Hogwarts/LI_Hogwarts/LevelInstances/EntranceHall/LI_EntranceHall_EXT/RENDER/Porch/SM_HW_EH_DoorFrame_ColumnDecor_B_35","74996D1E-40A1-6160-5DFD-D18CA0DB0908"
"Removed","SM_HW_EH_DoorFrame_ColumnDecor_B_36","StaticMeshActor","DL_RENDER DL_OVERLAND","DL_RENDER","/Game/__ExternalActors__/Levels/Overland/Hogwarts/EntranceHall/LI_EntranceHall_EXT/1/KU/ZRI2SYXQKRHVDIEHK8PWGE","LV_Overland/Hogwarts/LI_Hogwarts/LevelInstances/EntranceHall/LI_EntranceHall_EXT/RENDER/Porch/SM_HW_EH_DoorFrame_ColumnDecor_B_36","89D949D4-408B-AD16-86E8-90B63D7C4F0A"
"Removed","SM_HW_EH_DoorFrame_ColumnDecor_B_37","StaticMeshActor","DL_RENDER DL_OVERLAND","DL_RENDER","/Game/__ExternalActors__/Levels/Overland/Hogwarts/EntranceHall/LI_EntranceHall_EXT/A/2O/T06IY7TVX99ECLNE2HCO27","LV_Overland/Hogwarts/LI_Hogwarts/LevelInstances/EntranceHall/LI_EntranceHall_EXT/RENDER/Porch/SM_HW_EH_DoorFrame_ColumnDecor_B_37","ED40058D-47AD-B763-EE1F-6BB73C2D0A41"
"Removed","SM_HW_EH_DoorFrame_ColumnDecor_B_38","StaticMeshActor","DL_RENDER DL_OVERLAND","DL_RENDER","/Game/__ExternalActors__/Levels/Overland/Hogwarts/EntranceHall/LI_EntranceHall_EXT/B/9J/TF2L7WJ8HKQ2P5IPPW7UTQ","LV_Overland/Hogwarts/LI_Hogwarts/LevelInstances/EntranceHall/LI_EntranceHall_EXT/RENDER/Porch/SM_HW_EH_DoorFrame_ColumnDecor_B_38","52205862-486D-B0A9-2C19-29910E5FCE84"
"Removed","SM_HW_EH_DoorFrame_ColumnDecor_B_39","StaticMeshActor","DL_RENDER DL_OVERLAND","DL_RENDER","/Game/__ExternalActors__/Levels/Overland/Hogwarts/EntranceHall/LI_EntranceHall_EXT/F/36/07R8XNT5TGNAQYL3NIRCQ7","LV_Overland/Hogwarts/LI_Hogwarts/LevelInstances/EntranceHall/LI_EntranceHall_EXT/RENDER/Porch/SM_HW_EH_DoorFrame_ColumnDecor_B_39","4AC850B9-479D-B285-6ED0-298524C2778E"
"Removed","SM_HW_EH_DoorFrame_ColumnDecor_B_4","StaticMeshActor","DL_RENDER DL_OVERLAND","DL_RENDER","/Game/__ExternalActors__/Levels/Overland/Hogwarts/EntranceHall/LI_EntranceHall_EXT/E/VW/UMLLNEPMSSMVXRDK4O3RL5","LV_Overland/Hogwarts/LI_Hogwarts/LevelInstances/EntranceHall/LI_EntranceHall_EXT/RENDER/Porch/SM_HW_EH_DoorFrame_ColumnDecor_B_4","AE07C607-42FD-B003-E756-CF8898FB7C47"
"Removed","SM_HW_EH_DoorFrame_ColumnDecor_B_40","StaticMeshActor","DL_RENDER DL_OVERLAND","DL_RENDER","/Game/__ExternalActors__/Levels/Overland/Hogwarts/EntranceHall/LI_EntranceHall_EXT/8/WL/LMAZ9BHYZ3C5EMTXBEP1EK","LV_Overland/Hogwarts/LI_Hogwarts/LevelInstances/EntranceHall/LI_EntranceHall_EXT/RENDER/Porch/SM_HW_EH_DoorFrame_ColumnDecor_B_40","AEDD4230-42E9-990B-CAE8-C3AE7F4AB98B"
"Removed","SM_HW_EH_DoorFrame_ColumnDecor_B_41","StaticMeshActor","DL_RENDER DL_OVERLAND","DL_RENDER","/Game/__ExternalActors__/Levels/Overland/Hogwarts/EntranceHall/LI_EntranceHall_EXT/E/69/AM9E5QR9S60KFS9YN2ITET","LV_Overland/Hogwarts/LI_Hogwarts/LevelInstances/EntranceHall/LI_EntranceHall_EXT/RENDER/Porch/SM_HW_EH_DoorFrame_ColumnDecor_B_41","75502F1A-46CC-0190-0D99-AEBF6CCB1662"
"Removed","SM_HW_EH_DoorFrame_ColumnDecor_B_42","StaticMeshActor","DL_RENDER DL_OVERLAND","DL_RENDER","/Game/__ExternalActors__/Levels/Overland/Hogwarts/EntranceHall/LI_EntranceHall_EXT/B/KT/YJL7H5K07RLIJGNNQ1W3G1","LV_Overland/Hogwarts/LI_Hogwarts/LevelInstances/EntranceHall/LI_EntranceHall_EXT/RENDER/Porch/SM_HW_EH_DoorFrame_ColumnDecor_B_42","559C09A6-47D8-28B7-1468-8D938CCA84FA"
"Removed","SM_HW_EH_DoorFrame_ColumnDecor_B_43","StaticMeshActor","DL_RENDER DL_OVERLAND","DL_RENDER","/Game/__ExternalActors__/Levels/Overland/Hogwarts/EntranceHall/LI_EntranceHall_EXT/A/0Q/UMRNMRHDW50H700HCXSCIN","LV_Overland/Hogwarts/LI_Hogwarts/LevelInstances/EntranceHall/LI_EntranceHall_EXT/RENDER/Porch/SM_HW_EH_DoorFrame_ColumnDecor_B_43","50BD8383-4A4D-B238-48C0-CC956ADDA2DE"
"Removed","SM_HW_EH_DoorFrame_ColumnDecor_B_44","StaticMeshActor","DL_RENDER DL_OVERLAND","DL_RENDER","/Game/__ExternalActors__/Levels/Overland/Hogwarts/EntranceHall/LI_EntranceHall_EXT/0/6K/DPB4DGJ1TBDSCORVP42XSP","LV_Overland/Hogwarts/LI_Hogwarts/LevelInstances/EntranceHall/LI_EntranceHall_EXT/RENDER/Porch/SM_HW_EH_DoorFrame_ColumnDecor_B_44","657EA193-4E82-7179-4998-348B18CBEFF8"
"Removed","SM_HW_EH_DoorFrame_ColumnDecor_B_45","StaticMeshActor","DL_RENDER DL_OVERLAND","DL_RENDER","/Game/__ExternalActors__/Levels/Overland/Hogwarts/EntranceHall/LI_EntranceHall_EXT/3/C5/X222HKPCFQJPAERN18AVGU","LV_Overland/Hogwarts/LI_Hogwarts/LevelInstances/EntranceHall/LI_EntranceHall_EXT/RENDER/Porch/SM_HW_EH_DoorFrame_ColumnDecor_B_45","A4D4B279-4334-5775-C34B-3E9B6B56F982"
"Removed","SM_HW_EH_DoorFrame_ColumnDecor_B_46","StaticMeshActor","DL_RENDER DL_OVERLAND","DL_RENDER","/Game/__ExternalActors__/Levels/Overland/Hogwarts/EntranceHall/LI_EntranceHall_EXT/9/K0/NMIHZY33B35RNTXHDCXHGD","LV_Overland/Hogwarts/LI_Hogwarts/LevelInstances/EntranceHall/LI_EntranceHall_EXT/RENDER/Porch/SM_HW_EH_DoorFrame_ColumnDecor_B_46","E560E323-432D-9982-E0E6-85ACD7CD83F6"
"Removed","SM_HW_EH_DoorFrame_ColumnDecor_B_47","StaticMeshActor","DL_RENDER DL_OVERLAND","DL_RENDER","/Game/__ExternalActors__/Levels/Overland/Hogwarts/EntranceHall/LI_EntranceHall_EXT/C/3Z/IC8I1YJXIHNJWHOJ8JWP3V","LV_Overland/Hogwarts/LI_Hogwarts/LevelInstances/EntranceHall/LI_EntranceHall_EXT/RENDER/Porch/SM_HW_EH_DoorFrame_ColumnDecor_B_47","EADE064B-4CEA-BA5C-ADFC-99ABF411124B"
"Removed","SM_HW_EH_DoorFrame_ColumnDecor_B_48","StaticMeshActor","DL_RENDER DL_OVERLAND","DL_RENDER","/Game/__ExternalActors__/Levels/Overland/Hogwarts/EntranceHall/LI_EntranceHall_EXT/9/OB/GI98ICL54BE36ARWQ0T5QA","LV_Overland/Hogwarts/LI_Hogwarts/LevelInstances/EntranceHall/LI_EntranceHall_EXT/RENDER/Porch/SM_HW_EH_DoorFrame_ColumnDecor_B_48","8E424CA3-44B5-DCB3-D55B-4C9A941A6DE2"
"Removed","SM_HW_EH_DoorFrame_ColumnDecor_B_49","StaticMeshActor","DL_RENDER DL_OVERLAND","DL_RENDER","/Game/__ExternalActors__/Levels/Overland/Hogwarts/EntranceHall/LI_EntranceHall_EXT/A/Y9/NHIH1XOEDL8ORO55QDC0JY","LV_Overland/Hogwarts/LI_Hogwarts/LevelInstances/EntranceHall/LI_EntranceHall_EXT/RENDER/Porch/SM_HW_EH_DoorFrame_ColumnDecor_B_49","E9A25181-4D13-E4E0-AB12-7FB23B9E7BD3"
"Removed","SM_HW_EH_DoorFrame_ColumnDecor_B_5","StaticMeshActor","DL_RENDER DL_OVERLAND","DL_RENDER","/Game/__ExternalActors__/Levels/Overland/Hogwarts/EntranceHall/LI_EntranceHall_EXT/8/K3/RLNZQXIM3CXBCDWSDS2JJ4","LV_Overland/Hogwarts/LI_Hogwarts/LevelInstances/EntranceHall/LI_EntranceHall_EXT/RENDER/Porch/SM_HW_EH_DoorFrame_ColumnDecor_B_5","04DD9517-417C-B93F-3F2F-F3A8355CACE0"
"Removed","SM_HW_EH_DoorFrame_ColumnDecor_B_50","StaticMeshActor","DL_RENDER DL_OVERLAND","DL_RENDER","/Game/__ExternalActors__/Levels/Overland/Hogwarts/EntranceHall/LI_EntranceHall_EXT/D/I0/6ODBF814AGOKIIWBZXVA0F","LV_Overland/Hogwarts/LI_Hogwarts/LevelInstances/EntranceHall/LI_EntranceHall_EXT/RENDER/Porch/SM_HW_EH_DoorFrame_ColumnDecor_B_50","0F4D57DB-40E2-4751-3E11-5DA8738F8C19"
"Removed","SM_HW_EH_DoorFrame_ColumnDecor_B_51","StaticMeshActor","DL_RENDER DL_OVERLAND","DL_RENDER","/Game/__ExternalActors__/Levels/Overland/Hogwarts/EntranceHall/LI_EntranceHall_EXT/0/HE/X0HZ8UE117JJ86BL23CVA9","LV_Overland/Hogwarts/LI_Hogwarts/LevelInstances/EntranceHall/LI_EntranceHall_EXT/RENDER/Porch/SM_HW_EH_DoorFrame_ColumnDecor_B_51","89824C87-4629-C4E1-0CBA-7D87B9C47FFB"
"Removed","SM_HW_EH_DoorFrame_ColumnDecor_B_52","StaticMeshActor","DL_RENDER DL_OVERLAND","DL_RENDER","/Game/__ExternalActors__/Levels/Overland/Hogwarts/EntranceHall/LI_EntranceHall_EXT/3/ZX/MDP2EOA832WGLOFMEV8MJD","LV_Overland/Hogwarts/LI_Hogwarts/LevelInstances/EntranceHall/LI_EntranceHall_EXT/RENDER/Porch/SM_HW_EH_DoorFrame_ColumnDecor_B_52","FF1BECCB-4A73-AE2B-B981-A29E7332C0A6"
"Removed","SM_HW_EH_DoorFrame_ColumnDecor_B_53","StaticMeshActor","DL_RENDER DL_OVERLAND","DL_RENDER","/Game/__ExternalActors__/Levels/Overland/Hogwarts/EntranceHall/LI_EntranceHall_EXT/0/ZF/TS9UCYXXUJFV0YQSOMK6Z9","LV_Overland/Hogwarts/LI_Hogwarts/LevelInstances/EntranceHall/LI_EntranceHall_EXT/RENDER/Porch/SM_HW_EH_DoorFrame_ColumnDecor_B_53","F516126D-4F13-D8AB-71C0-B08FC78450F5"
"Removed","SM_HW_EH_DoorFrame_ColumnDecor_B_54","StaticMeshActor","DL_RENDER DL_OVERLAND","DL_RENDER","/Game/__ExternalActors__/Levels/Overland/Hogwarts/EntranceHall/LI_EntranceHall_EXT/1/3P/Q6R5HF33Q5S9T98TN3KSRL","LV_Overland/Hogwarts/LI_Hogwarts/LevelInstances/EntranceHall/LI_EntranceHall_EXT/RENDER/Porch/SM_HW_EH_DoorFrame_ColumnDecor_B_54","EA1E5CE5-4921-3A18-CD35-419B486B7ECD"
"Removed","SM_HW_EH_DoorFrame_ColumnDecor_B_55","StaticMeshActor","DL_RENDER DL_OVERLAND","DL_RENDER","/Game/__ExternalActors__/Levels/Overland/Hogwarts/EntranceHall/LI_EntranceHall_EXT/7/4G/HKG9SAVHD5BDGHPP4SZC6Y","LV_Overland/Hogwarts/LI_Hogwarts/LevelInstances/EntranceHall/LI_EntranceHall_EXT/RENDER/Porch/SM_HW_EH_DoorFrame_ColumnDecor_B_55","8872F047-49FD-9ADF-3153-128CF7906325"
"Removed","SM_HW_EH_DoorFrame_ColumnDecor_B_56","StaticMeshActor","DL_RENDER DL_OVERLAND","DL_RENDER","/Game/__ExternalActors__/Levels/Overland/Hogwarts/EntranceHall/LI_EntranceHall_EXT/0/TC/2JO5Y95J5JKOR8I8FU9YZK","LV_Overland/Hogwarts/LI_Hogwarts/LevelInstances/EntranceHall/LI_EntranceHall_EXT/RENDER/Porch/SM_HW_EH_DoorFrame_ColumnDecor_B_56","E12F3E72-4F13-E9D1-5322-C2A5A3497612"
"Removed","SM_HW_EH_DoorFrame_ColumnDecor_B_57","StaticMeshActor","DL_RENDER DL_OVERLAND","DL_RENDER","/Game/__ExternalActors__/Levels/Overland/Hogwarts/EntranceHall/LI_EntranceHall_EXT/A/N9/XVH7A7GPGPUME77J7MTSEE","LV_Overland/Hogwarts/LI_Hogwarts/LevelInstances/EntranceHall/LI_EntranceHall_EXT/RENDER/Porch/SM_HW_EH_DoorFrame_ColumnDecor_B_57","A5E3F970-4665-FDD0-0CD1-8C8824F0289E"
"Removed","SM_HW_EH_DoorFrame_ColumnDecor_B_58","StaticMeshActor","DL_RENDER DL_OVERLAND","DL_RENDER","/Game/__ExternalActors__/Levels/Overland/Hogwarts/EntranceHall/LI_EntranceHall_EXT/F/08/FCDCWRJKBCSJIL3HXNDPI0","LV_Overland/Hogwarts/LI_Hogwarts/LevelInstances/EntranceHall/LI_EntranceHall_EXT/RENDER/Porch/SM_HW_EH_DoorFrame_ColumnDecor_B_58","234AF204-4423-4127-FDB2-AAB009878D31"
"Removed","SM_HW_EH_DoorFrame_ColumnDecor_B_59","StaticMeshActor","DL_RENDER DL_OVERLAND","DL_RENDER","/Game/__ExternalActors__/Levels/Overland/Hogwarts/EntranceHall/LI_EntranceHall_EXT/1/FN/5Z96D7F5JRSJS34OJ39WYY","LV_Overland/Hogwarts/LI_Hogwarts/LevelInstances/EntranceHall/LI_EntranceHall_EXT/RENDER/Porch/SM_HW_EH_DoorFrame_ColumnDecor_B_59","9453701F-487A-136E-0EB5-B3A3A00115B6"
"Removed","SM_HW_EH_DoorFrame_ColumnDecor_B_6","StaticMeshActor","DL_RENDER DL_OVERLAND","DL_RENDER","/Game/__ExternalActors__/Levels/Overland/Hogwarts/EntranceHall/LI_EntranceHall_EXT/1/Y2/GBMGG34Z1DDR69H4ANTR8T","LV_Overland/Hogwarts/LI_Hogwarts/LevelInstances/EntranceHall/LI_EntranceHall_EXT/RENDER/Porch/SM_HW_EH_DoorFrame_ColumnDecor_B_6","FDA8F8F9-43CE-3084-F465-3381C2E52402"
"Removed","SM_HW_EH_DoorFrame_ColumnDecor_B_60","StaticMeshActor","DL_RENDER DL_OVERLAND","DL_RENDER","/Game/__ExternalActors__/Levels/Overland/Hogwarts/EntranceHall/LI_EntranceHall_EXT/B/1X/0SSUIOU3DF8HN0J3U0IF5M","LV_Overland/Hogwarts/LI_Hogwarts/LevelInstances/EntranceHall/LI_EntranceHall_EXT/RENDER/Porch/SM_HW_EH_DoorFrame_ColumnDecor_B_60","E805E6F8-4F20-4A24-0E38-E38D06A8CE21"
"Removed","SM_HW_EH_DoorFrame_ColumnDecor_B_61","StaticMeshActor","DL_RENDER DL_OVERLAND","DL_RENDER","/Game/__ExternalActors__/Levels/Overland/Hogwarts/EntranceHall/LI_EntranceHall_EXT/7/KP/T8FO7J1MLUIWEWDLLPV5KX","LV_Overland/Hogwarts/LI_Hogwarts/LevelInstances/EntranceHall/LI_EntranceHall_EXT/RENDER/Porch/SM_HW_EH_DoorFrame_ColumnDecor_B_61","51C98244-4265-2EEB-11D2-649CE1C2552B"
"Removed","SM_HW_EH_DoorFrame_ColumnDecor_B_62","StaticMeshActor","DL_RENDER DL_OVERLAND","DL_RENDER","/Game/__ExternalActors__/Levels/Overland/Hogwarts/EntranceHall/LI_EntranceHall_EXT/6/T0/KMSIFVY905W17NCBO4P9T6","LV_Overland/Hogwarts/LI_Hogwarts/LevelInstances/EntranceHall/LI_EntranceHall_EXT/RENDER/Porch/SM_HW_EH_DoorFrame_ColumnDecor_B_62","359997D4-4D52-5A39-D553-0BAD631AAF40"
"Removed","SM_HW_EH_DoorFrame_ColumnDecor_B_63","StaticMeshActor","DL_RENDER DL_OVERLAND","DL_RENDER","/Game/__ExternalActors__/Levels/Overland/Hogwarts/EntranceHall/LI_EntranceHall_EXT/C/R6/A8QVD2JMHG3PYSEDCH5ZAZ","LV_Overland/Hogwarts/LI_Hogwarts/LevelInstances/EntranceHall/LI_EntranceHall_EXT/RENDER/Porch/SM_HW_EH_DoorFrame_ColumnDecor_B_63","088AF576-47C0-900D-6F0F-29BD88293567"
"Removed","SM_HW_EH_DoorFrame_ColumnDecor_B_64","StaticMeshActor","DL_RENDER DL_OVERLAND","DL_RENDER","/Game/__ExternalActors__/Levels/Overland/Hogwarts/EntranceHall/LI_EntranceHall_EXT/7/VM/K2IL07GSO5DF0UK2WFT99Q","LV_Overland/Hogwarts/LI_Hogwarts/LevelInstances/EntranceHall/LI_EntranceHall_EXT/RENDER/Porch/SM_HW_EH_DoorFrame_ColumnDecor_B_64","59772BEB-4EF0-8230-61AD-ADAA376C3990"
"Removed","SM_HW_EH_DoorFrame_ColumnDecor_B_65","StaticMeshActor","DL_RENDER DL_OVERLAND","DL_RENDER","/Game/__ExternalActors__/Levels/Overland/Hogwarts/EntranceHall/LI_EntranceHall_EXT/3/VY/IKQ1AQDG9LL478TZ60OQU0","LV_Overland/Hogwarts/LI_Hogwarts/LevelInstances/EntranceHall/LI_EntranceHall_EXT/RENDER/Porch/SM_HW_EH_DoorFrame_ColumnDecor_B_65","799CE370-47A4-C02E-1D02-F4BBB31BF73A"
"Removed","SM_HW_EH_DoorFrame_ColumnDecor_B_66","StaticMeshActor","DL_RENDER DL_OVERLAND","DL_RENDER","/Game/__ExternalActors__/Levels/Overland/Hogwarts/EntranceHall/LI_EntranceHall_EXT/E/QQ/ZQWBB4UUV54T1NNVQ4EJHJ","LV_Overland/Hogwarts/LI_Hogwarts/LevelInstances/EntranceHall/LI_EntranceHall_EXT/RENDER/Porch/SM_HW_EH_DoorFrame_ColumnDecor_B_66","9C726679-4364-BCEF-F70E-E48A7B28C127"
"Removed","SM_HW_EH_DoorFrame_ColumnDecor_B_67","StaticMeshActor","DL_RENDER DL_OVERLAND","DL_RENDER","/Game/__ExternalActors__/Levels/Overland/Hogwarts/EntranceHall/LI_EntranceHall_EXT/7/RD/Q0H0OM91ZDUKD9JKD9RZNR","LV_Overland/Hogwarts/LI_Hogwarts/LevelInstances/EntranceHall/LI_EntranceHall_EXT/RENDER/Porch/SM_HW_EH_DoorFrame_ColumnDecor_B_67","218F3874-4F03-9960-E457-EB858CED8674"
"Removed","SM_HW_EH_DoorFrame_ColumnDecor_B_68","StaticMeshActor","DL_RENDER DL_OVERLAND","DL_RENDER","/Game/__ExternalActors__/Levels/Overland/Hogwarts/EntranceHall/LI_EntranceHall_EXT/5/CI/1VR5PEHTW69G28YIW2GA0K","LV_Overland/Hogwarts/LI_Hogwarts/LevelInstances/EntranceHall/LI_EntranceHall_EXT/RENDER/Porch/SM_HW_EH_DoorFrame_ColumnDecor_B_68","509936AB-4D80-95CF-6270-37B62D361B6D"
"Removed","SM_HW_EH_DoorFrame_ColumnDecor_B_69","StaticMeshActor","DL_RENDER DL_OVERLAND","DL_RENDER","/Game/__ExternalActors__/Levels/Overland/Hogwarts/EntranceHall/LI_EntranceHall_EXT/8/O5/FIGOAKP5SFHLS2THGC6LXZ","LV_Overland/Hogwarts/LI_Hogwarts/LevelInstances/EntranceHall/LI_EntranceHall_EXT/RENDER/Porch/SM_HW_EH_DoorFrame_ColumnDecor_B_69","C480896B-4027-B9EF-938C-44AF0E4FB6D9"
"Removed","SM_HW_EH_DoorFrame_ColumnDecor_B_7","StaticMeshActor","DL_RENDER DL_OVERLAND","DL_RENDER","/Game/__ExternalActors__/Levels/Overland/Hogwarts/EntranceHall/LI_EntranceHall_EXT/4/BB/WAJB6FL54Y2IXJZWT8O418","LV_Overland/Hogwarts/LI_Hogwarts/LevelInstances/EntranceHall/LI_EntranceHall_EXT/RENDER/Porch/SM_HW_EH_DoorFrame_ColumnDecor_B_7","B23567CE-4133-7DFB-2BBB-7186E79F1CCE"
"Removed","SM_HW_EH_DoorFrame_ColumnDecor_B_70","StaticMeshActor","DL_RENDER DL_OVERLAND","DL_RENDER","/Game/__ExternalActors__/Levels/Overland/Hogwarts/EntranceHall/LI_EntranceHall_EXT/C/KW/Y12SBAUEGJP6V2XNYKLQAL","LV_Overland/Hogwarts/LI_Hogwarts/LevelInstances/EntranceHall/LI_EntranceHall_EXT/RENDER/Porch/SM_HW_EH_DoorFrame_ColumnDecor_B_70","F646582D-4A1D-A4BE-2DBF-618EA9696016"
"Removed","SM_HW_EH_DoorFrame_ColumnDecor_B_71","StaticMeshActor","DL_RENDER DL_OVERLAND","DL_RENDER","/Game/__ExternalActors__/Levels/Overland/Hogwarts/EntranceHall/LI_EntranceHall_EXT/E/BR/GC68V9PNUFG69ED5PGOXFW","LV_Overland/Hogwarts/LI_Hogwarts/LevelInstances/EntranceHall/LI_EntranceHall_EXT/RENDER/Porch/SM_HW_EH_DoorFrame_ColumnDecor_B_71","6E7918ED-4EAE-419F-7C73-16B3300C6022"
"Removed","SM_HW_EH_DoorFrame_ColumnDecor_B_72","StaticMeshActor","DL_RENDER DL_OVERLAND","DL_RENDER","/Game/__ExternalActors__/Levels/Overland/Hogwarts/EntranceHall/LI_EntranceHall_EXT/E/X7/9T16DSYUDDJ3Q4LME6IW82","LV_Overland/Hogwarts/LI_Hogwarts/LevelInstances/EntranceHall/LI_EntranceHall_EXT/RENDER/Porch/SM_HW_EH_DoorFrame_ColumnDecor_B_72","471027ED-4D14-670E-13A1-3F97847E07F3"
"Removed","SM_HW_EH_DoorFrame_ColumnDecor_B_73","StaticMeshActor","DL_RENDER DL_OVERLAND","DL_RENDER","/Game/__ExternalActors__/Levels/Overland/Hogwarts/EntranceHall/LI_EntranceHall_EXT/6/4L/7ECPYYP4XZ6F420CMW321I","LV_Overland/Hogwarts/LI_Hogwarts/LevelInstances/EntranceHall/LI_EntranceHall_EXT/RENDER/Porch/SM_HW_EH_DoorFrame_ColumnDecor_B_73","FF6A0BAE-4136-44D8-CABD-FBA258C96A4F"
"Removed","SM_HW_EH_DoorFrame_ColumnDecor_B_74","StaticMeshActor","DL_RENDER DL_OVERLAND","DL_RENDER","/Game/__ExternalActors__/Levels/Overland/Hogwarts/EntranceHall/LI_EntranceHall_EXT/C/SA/HADS4EF34CEJCFTTPJ5YFH","LV_Overland/Hogwarts/LI_Hogwarts/LevelInstances/EntranceHall/LI_EntranceHall_EXT/RENDER/Porch/SM_HW_EH_DoorFrame_ColumnDecor_B_74","B6A06A03-46F5-EDBE-B664-A2B69F6440EB"
"Removed","SM_HW_EH_DoorFrame_ColumnDecor_B_75","StaticMeshActor","DL_RENDER DL_OVERLAND","DL_RENDER","/Game/__ExternalActors__/Levels/Overland/Hogwarts/EntranceHall/LI_EntranceHall_EXT/3/8Y/697AMJ1YP4FLHBYX4TUA0Z","LV_Overland/Hogwarts/LI_Hogwarts/LevelInstances/EntranceHall/LI_EntranceHall_EXT/RENDER/Porch/SM_HW_EH_DoorFrame_ColumnDecor_B_75","F514B4CB-4EBA-2D64-C59E-F2814C9C6136"
"Removed","SM_HW_EH_DoorFrame_ColumnDecor_B_76","StaticMeshActor","DL_RENDER DL_OVERLAND","DL_RENDER","/Game/__ExternalActors__/Levels/Overland/Hogwarts/EntranceHall/LI_EntranceHall_EXT/A/3F/825UVI0WO8QHJYI1R3T8WP","LV_Overland/Hogwarts/LI_Hogwarts/LevelInstances/EntranceHall/LI_EntranceHall_EXT/RENDER/Porch/SM_HW_EH_DoorFrame_ColumnDecor_B_76","DB167BD3-44E6-0234-D809-C1B223E8B4AF"
"Removed","SM_HW_EH_DoorFrame_ColumnDecor_B_77","StaticMeshActor","DL_RENDER DL_OVERLAND","DL_RENDER","/Game/__ExternalActors__/Levels/Overland/Hogwarts/EntranceHall/LI_EntranceHall_EXT/1/XR/IWHZ11AOSWLSY6D328XLPZ","LV_Overland/Hogwarts/LI_Hogwarts/LevelInstances/EntranceHall/LI_EntranceHall_EXT/RENDER/Porch/SM_HW_EH_DoorFrame_ColumnDecor_B_77","B323A5AC-49CF-A2F0-5000-5F84FFF1BF9C"
"Removed","SM_HW_EH_DoorFrame_ColumnDecor_B_78","StaticMeshActor","DL_RENDER DL_OVERLAND","DL_RENDER","/Game/__ExternalActors__/Levels/Overland/Hogwarts/EntranceHall/LI_EntranceHall_EXT/9/MS/GCBS2BL9GA7PKC2KEOD85V","LV_Overland/Hogwarts/LI_Hogwarts/LevelInstances/EntranceHall/LI_EntranceHall_EXT/RENDER/Porch/SM_HW_EH_DoorFrame_ColumnDecor_B_78","EDA6B87E-4175-62F1-EAAE-A0B9A8E61CFC"
"Removed","SM_HW_EH_DoorFrame_ColumnDecor_B_79","StaticMeshActor","DL_RENDER DL_OVERLAND","DL_RENDER","/Game/__ExternalActors__/Levels/Overland/Hogwarts/EntranceHall/LI_EntranceHall_EXT/6/L8/SP9P6XFAKSR4GBXETHQELK","LV_Overland/Hogwarts/LI_Hogwarts/LevelInstances/EntranceHall/LI_EntranceHall_EXT/RENDER/Porch/SM_HW_EH_DoorFrame_ColumnDecor_B_79","8E1663D9-47E4-7683-3D5B-2DA14361020E"
"Removed","SM_HW_EH_DoorFrame_ColumnDecor_B_8","StaticMeshActor","DL_RENDER DL_OVERLAND","DL_RENDER","/Game/__ExternalActors__/Levels/Overland/Hogwarts/EntranceHall/LI_EntranceHall_EXT/9/TJ/PSJQRHYHDV120JUHFHV63S","LV_Overland/Hogwarts/LI_Hogwarts/LevelInstances/EntranceHall/LI_EntranceHall_EXT/RENDER/Porch/SM_HW_EH_DoorFrame_ColumnDecor_B_8","1246B03A-4C89-EB32-BF20-AC9665BAFEB6"
"Removed","SM_HW_EH_DoorFrame_ColumnDecor_B_80","StaticMeshActor","DL_RENDER DL_OVERLAND","DL_RENDER","/Game/__ExternalActors__/Levels/Overland/Hogwarts/EntranceHall/LI_EntranceHall_EXT/7/WG/FD2NJV2OEEXIQ5SZHTP958","LV_Overland/Hogwarts/LI_Hogwarts/LevelInstances/EntranceHall/LI_EntranceHall_EXT/RENDER/Porch/SM_HW_EH_DoorFrame_ColumnDecor_B_80","2DBA7ED2-4577-F648-F8DB-E494462886C2"
"Removed","SM_HW_EH_DoorFrame_ColumnDecor_B_81","StaticMeshActor","DL_RENDER DL_OVERLAND","DL_RENDER","/Game/__ExternalActors__/Levels/Overland/Hogwarts/EntranceHall/LI_EntranceHall_EXT/7/3T/KD0CGS0NTAGIT5J37U5YUO","LV_Overland/Hogwarts/LI_Hogwarts/LevelInstances/EntranceHall/LI_EntranceHall_EXT/RENDER/Porch/SM_HW_EH_DoorFrame_ColumnDecor_B_81","BF5E3D33-4155-0DFD-5EC4-31860FFF865A"
"Removed","SM_HW_EH_DoorFrame_ColumnDecor_B_82","StaticMeshActor","DL_RENDER DL_OVERLAND","DL_RENDER","/Game/__ExternalActors__/Levels/Overland/Hogwarts/EntranceHall/LI_EntranceHall_EXT/6/W5/EEIHJ60HM1X5NFZF4ZRQJO","LV_Overland/Hogwarts/LI_Hogwarts/LevelInstances/EntranceHall/LI_EntranceHall_EXT/RENDER/Porch/SM_HW_EH_DoorFrame_ColumnDecor_B_82","4A88C32E-4B28-BE7C-F314-248CE619074C"
"Removed","SM_HW_EH_DoorFrame_ColumnDecor_B_83","StaticMeshActor","DL_RENDER DL_OVERLAND","DL_RENDER","/Game/__ExternalActors__/Levels/Overland/Hogwarts/EntranceHall/LI_EntranceHall_EXT/1/16/0I30NSD9QSMA3UVZV759VV","LV_Overland/Hogwarts/LI_Hogwarts/LevelInstances/EntranceHall/LI_EntranceHall_EXT/RENDER/Porch/SM_HW_EH_DoorFrame_ColumnDecor_B_83","3C9B586E-4D8F-C678-1625-C38B131413D5"
"Removed","SM_HW_EH_DoorFrame_ColumnDecor_B_84","StaticMeshActor","DL_RENDER DL_OVERLAND","DL_RENDER","/Game/__ExternalActors__/Levels/Overland/Hogwarts/EntranceHall/LI_EntranceHall_EXT/3/3W/52KX7UM8J1P9UYH34W4CBE","LV_Overland/Hogwarts/LI_Hogwarts/LevelInstances/EntranceHall/LI_EntranceHall_EXT/RENDER/Porch/SM_HW_EH_DoorFrame_ColumnDecor_B_84","AA80F4EF-4A36-6D89-CB89-448B14B6C6C2"
"Removed","SM_HW_EH_DoorFrame_ColumnDecor_B_85","StaticMeshActor","DL_RENDER DL_OVERLAND","DL_RENDER","/Game/__ExternalActors__/Levels/Overland/Hogwarts/EntranceHall/LI_EntranceHall_EXT/5/9O/XVO8H0VLLKONVU0YE11063","LV_Overland/Hogwarts/LI_Hogwarts/LevelInstances/EntranceHall/LI_EntranceHall_EXT/RENDER/Porch/SM_HW_EH_DoorFrame_ColumnDecor_B_85","AA1D56A4-4A4E-9797-FCC4-3A897ECDC060"
"Removed","SM_HW_EH_DoorFrame_ColumnDecor_B_86","StaticMeshActor","DL_RENDER DL_OVERLAND","DL_RENDER","/Game/__ExternalActors__/Levels/Overland/Hogwarts/EntranceHall/LI_EntranceHall_EXT/1/KJ/41TCB400XJAFID91IXEDPG","LV_Overland/Hogwarts/LI_Hogwarts/LevelInstances/EntranceHall/LI_EntranceHall_EXT/RENDER/Porch/SM_HW_EH_DoorFrame_ColumnDecor_B_86","EC0DFBD6-43FC-125E-7866-58A155725596"
"Removed","SM_HW_EH_DoorFrame_ColumnDecor_B_87","StaticMeshActor","DL_RENDER DL_OVERLAND","DL_RENDER","/Game/__ExternalActors__/Levels/Overland/Hogwarts/EntranceHall/LI_EntranceHall_EXT/8/0B/7I2KNGSOJPW54BOBKM0PP7","LV_Overland/Hogwarts/LI_Hogwarts/LevelInstances/EntranceHall/LI_EntranceHall_EXT/RENDER/Porch/SM_HW_EH_DoorFrame_ColumnDecor_B_87","19BC856F-44E7-4C02-EB73-53AD7936C62F"
"Removed","SM_HW_EH_DoorFrame_ColumnDecor_B_88","StaticMeshActor","DL_RENDER DL_OVERLAND","DL_RENDER","/Game/__ExternalActors__/Levels/Overland/Hogwarts/EntranceHall/LI_EntranceHall_EXT/0/T1/MQMP5OCKPU7DUJIMHO6U0A","LV_Overland/Hogwarts/LI_Hogwarts/LevelInstances/EntranceHall/LI_EntranceHall_EXT/RENDER/Porch/SM_HW_EH_DoorFrame_ColumnDecor_B_88","BBDA3747-4A02-E932-852C-43B45256FE3E"
"Removed","SM_HW_EH_DoorFrame_ColumnDecor_B_89","StaticMeshActor","DL_RENDER DL_OVERLAND","DL_RENDER","/Game/__ExternalActors__/Levels/Overland/Hogwarts/EntranceHall/LI_EntranceHall_EXT/8/SX/LRDVQ7UJS5R5QZE783LN69","LV_Overland/Hogwarts/LI_Hogwarts/LevelInstances/EntranceHall/LI_EntranceHall_EXT/RENDER/Porch/SM_HW_EH_DoorFrame_ColumnDecor_B_89","7FA30780-4C48-6D63-4999-5380515F4A90"
"Removed","SM_HW_EH_DoorFrame_ColumnDecor_B_9","StaticMeshActor","DL_RENDER DL_OVERLAND","DL_RENDER","/Game/__ExternalActors__/Levels/Overland/Hogwarts/EntranceHall/LI_EntranceHall_EXT/6/KB/4JHRT2VZL994K13BGWSILC","LV_Overland/Hogwarts/LI_Hogwarts/LevelInstances/EntranceHall/LI_EntranceHall_EXT/RENDER/Porch/SM_HW_EH_DoorFrame_ColumnDecor_B_9","A36AEC31-4396-E6FD-84E6-24AAC146A72B"
"Removed","SM_HW_EH_DoorFrame_ColumnDecor_B_90","StaticMeshActor","DL_RENDER DL_OVERLAND","DL_RENDER","/Game/__ExternalActors__/Levels/Overland/Hogwarts/EntranceHall/LI_EntranceHall_EXT/1/ED/YZ9URXRSRHHR7XB6WNRUQJ","LV_Overland/Hogwarts/LI_Hogwarts/LevelInstances/EntranceHall/LI_EntranceHall_EXT/RENDER/Porch/SM_HW_EH_DoorFrame_ColumnDecor_B_90","6F03121D-423E-234F-E833-5DBFEBF07B46"
"Removed","SM_HW_EH_DoorFrame_ColumnDecor_B_91","StaticMeshActor","DL_RENDER DL_OVERLAND","DL_RENDER","/Game/__ExternalActors__/Levels/Overland/Hogwarts/EntranceHall/LI_EntranceHall_EXT/3/IP/6HA3OSZM5QY5FPUG42UEL7","LV_Overland/Hogwarts/LI_Hogwarts/LevelInstances/EntranceHall/LI_EntranceHall_EXT/RENDER/Porch/SM_HW_EH_DoorFrame_ColumnDecor_B_91","FAFD9BF0-4FEA-D7BA-E70D-DF8CAFCCA855"
"Removed","SM_HW_EH_DoorFrame_ColumnDecor_B_92","StaticMeshActor","DL_RENDER DL_OVERLAND","DL_RENDER","/Game/__ExternalActors__/Levels/Overland/Hogwarts/EntranceHall/LI_EntranceHall_EXT/A/ZC/S609DCFSGNHVY16R6OO7SG","LV_Overland/Hogwarts/LI_Hogwarts/LevelInstances/EntranceHall/LI_EntranceHall_EXT/RENDER/Porch/SM_HW_EH_DoorFrame_ColumnDecor_B_92","2492E36C-44CD-45F5-C42A-558E2A764480"
"Removed","SM_HW_EH_DoorFrame_ColumnDecor_B_93","StaticMeshActor","DL_RENDER DL_OVERLAND","DL_RENDER","/Game/__ExternalActors__/Levels/Overland/Hogwarts/EntranceHall/LI_EntranceHall_EXT/B/CQ/LFDWFPVABH2J9VV7H04NSZ","LV_Overland/Hogwarts/LI_Hogwarts/LevelInstances/EntranceHall/LI_EntranceHall_EXT/RENDER/Porch/SM_HW_EH_DoorFrame_ColumnDecor_B_93","5D688899-4232-2A12-00F6-FE80810AE924"
"Removed","SM_HW_EH_DoorFrame_ColumnDecor_B_94","StaticMeshActor","DL_RENDER DL_OVERLAND","DL_RENDER","/Game/__ExternalActors__/Levels/Overland/Hogwarts/EntranceHall/LI_EntranceHall_EXT/8/70/48AD6UXRNWKH6GBZO6TYSQ","LV_Overland/Hogwarts/LI_Hogwarts/LevelInstances/EntranceHall/LI_EntranceHall_EXT/RENDER/Porch/SM_HW_EH_DoorFrame_ColumnDecor_B_94","90D2AC90-44E3-DCC3-76EF-21B88FA8F35D"
"Removed","SM_HW_EH_DoorFrame_ColumnDecor_B_95","StaticMeshActor","DL_RENDER DL_OVERLAND","DL_RENDER","/Game/__ExternalActors__/Levels/Overland/Hogwarts/EntranceHall/LI_EntranceHall_EXT/A/7U/H0YD350EP29APEFOLEXT55","LV_Overland/Hogwarts/LI_Hogwarts/LevelInstances/EntranceHall/LI_EntranceHall_EXT/RENDER/Porch/SM_HW_EH_DoorFrame_ColumnDecor_B_95","44F636E5-4F6F-FCF4-B4AF-AF8F5CFBCF67"
"Removed","SM_HW_EH_DoorFrame_ColumnDecor_B_96","StaticMeshActor","DL_RENDER DL_OVERLAND","DL_RENDER","/Game/__ExternalActors__/Levels/Overland/Hogwarts/EntranceHall/LI_EntranceHall_EXT/4/P7/4AOM3MNTRNEXR9SB7DTCQ2","LV_Overland/Hogwarts/LI_Hogwarts/LevelInstances/EntranceHall/LI_EntranceHall_EXT/RENDER/Porch/SM_HW_EH_DoorFrame_ColumnDecor_B_96","DE85828C-4F2B-D1BB-386E-5CA24303DBD9"
"Removed","SM_HW_EH_DoorFrame_ColumnDecor_B_97","StaticMeshActor","DL_RENDER DL_OVERLAND","DL_RENDER","/Game/__ExternalActors__/Levels/Overland/Hogwarts/EntranceHall/LI_EntranceHall_EXT/8/20/BAS0GQZYKLFYV7NO5GBOBH","LV_Overland/Hogwarts/LI_Hogwarts/LevelInstances/EntranceHall/LI_EntranceHall_EXT/RENDER/Porch/SM_HW_EH_DoorFrame_ColumnDecor_B_97","A2F218C5-407C-C859-E361-41A7086B5E75"
"Removed","SM_HW_EH_DoorFrame_ColumnDecor_B_98","StaticMeshActor","DL_RENDER DL_OVERLAND","DL_RENDER","/Game/__ExternalActors__/Levels/Overland/Hogwarts/EntranceHall/LI_EntranceHall_EXT/4/KW/3GI32LJKXRDAM3XRYO9N2P","LV_Overland/Hogwarts/LI_Hogwarts/LevelInstances/EntranceHall/LI_EntranceHall_EXT/RENDER/Porch/SM_HW_EH_DoorFrame_ColumnDecor_B_98","E3A1323D-4868-A8C9-0123-27A2E08F6D2B"
"Removed","SM_HW_EH_DoorFrame_ColumnDecor_B_99","StaticMeshActor","DL_RENDER DL_OVERLAND","DL_RENDER","/Game/__ExternalActors__/Levels/Overland/Hogwarts/EntranceHall/LI_EntranceHall_EXT/B/03/9CWPSI93NL80CW9231GGCE","LV_Overland/Hogwarts/LI_Hogwarts/LevelInstances/EntranceHall/LI_EntranceHall_EXT/RENDER/Porch/SM_HW_EH_DoorFrame_ColumnDecor_B_99","0E18F0F4-467C-F79D-EC9C-D9A44D1971B4"
"Removed","SM_HW_EH_DoorFrame_ColumnStack_A_1","StaticMeshActor","DL_RENDER DL_OVERLAND","DL_RENDER","/Game/__ExternalActors__/Levels/Overland/Hogwarts/EntranceHall/LI_EntranceHall_EXT/7/AB/PHL9QHX9ZFM7HPU258VC0W","LV_Overland/Hogwarts/LI_Hogwarts/LevelInstances/EntranceHall/LI_EntranceHall_EXT/RENDER/Porch/SM_HW_EH_DoorFrame_ColumnStack_A_1","7E7AD3D9-4BAE-6A7C-5294-9CB0E00D7FC4"
"Removed","SM_HW_EH_DoorFrame_ColumnStack_A_2","StaticMeshActor","DL_RENDER DL_OVERLAND","DL_RENDER","/Game/__ExternalActors__/Levels/Overland/Hogwarts/EntranceHall/LI_EntranceHall_EXT/1/FU/NLVMTBD7EVBMX643PKVS2I","LV_Overland/Hogwarts/LI_Hogwarts/LevelInstances/EntranceHall/LI_EntranceHall_EXT/RENDER/Porch/SM_HW_EH_DoorFrame_ColumnStack_A_2","F6A5BA9A-4785-E5BC-C0CE-7C8484AA39D7"
"Removed","SM_HW_EH_DoorFrame_ColumnStack_A_4","StaticMeshActor","DL_RENDER DL_OVERLAND","DL_RENDER","/Game/__ExternalActors__/Levels/Overland/Hogwarts/EntranceHall/LI_EntranceHall_EXT/1/SA/U5UGH5UXPNN8ARVCLVHK6V","LV_Overland/Hogwarts/LI_Hogwarts/LevelInstances/EntranceHall/LI_EntranceHall_EXT/RENDER/Porch/SM_HW_EH_DoorFrame_ColumnStack_A_4","949C6E13-4950-3C9C-9E2D-8DA19DBA4B4A"
"Removed","SM_HW_EH_DoorFrame_ColumnStack_A_5","StaticMeshActor","DL_RENDER DL_OVERLAND","DL_RENDER","/Game/__ExternalActors__/Levels/Overland/Hogwarts/EntranceHall/LI_EntranceHall_EXT/3/QX/GQK7UMSSYL83VF8GOYU9U5","LV_Overland/Hogwarts/LI_Hogwarts/LevelInstances/EntranceHall/LI_EntranceHall_EXT/RENDER/Porch/SM_HW_EH_DoorFrame_ColumnStack_A_5","221A3CBE-49C3-83C5-5D33-2C9D8DCFB6F9"
"Removed","SM_HW_EH_DoorFrame_ColumnStack_A10","StaticMeshActor","DL_RENDER DL_OVERLAND","DL_RENDER","/Game/__ExternalActors__/Levels/Overland/Hogwarts/EntranceHall/LI_EntranceHall_EXT/3/U3/A3ZSBQFAAQTA0WIA93URR0","LV_Overland/Hogwarts/LI_Hogwarts/LevelInstances/EntranceHall/LI_EntranceHall_EXT/SM_HW_EH_DoorFrame_ColumnStack_A10","E0539791-42DF-157E-5E5E-C79A2A6BD52F"
"Removed","SM_HW_EH_DoorFrame_ColumnStack_A11","StaticMeshActor","DL_RENDER DL_OVERLAND","DL_RENDER","/Game/__ExternalActors__/Levels/Overland/Hogwarts/EntranceHall/LI_EntranceHall_EXT/7/HP/SGISUANN9AEMG7RF7VNNYL","LV_Overland/Hogwarts/LI_Hogwarts/LevelInstances/EntranceHall/LI_EntranceHall_EXT/SM_HW_EH_DoorFrame_ColumnStack_A11","F95610C7-485E-5090-DF48-B38C14534C1B"
"Removed","SM_HW_EH_DoorFrame_ColumnStack_A12","StaticMeshActor","DL_RENDER DL_OVERLAND","DL_RENDER","/Game/__ExternalActors__/Levels/Overland/Hogwarts/EntranceHall/LI_EntranceHall_EXT/3/WA/XBWZ92FNO0S08N2B4J3E32","LV_Overland/Hogwarts/LI_Hogwarts/LevelInstances/EntranceHall/LI_EntranceHall_EXT/SM_HW_EH_DoorFrame_ColumnStack_A12","E796C6DC-4825-B8D4-DD58-52BD434DB303"
"Removed","SM_HW_EH_DoorFrame_ColumnStack_A13","StaticMeshActor","DL_RENDER DL_OVERLAND","DL_RENDER","/Game/__ExternalActors__/Levels/Overland/Hogwarts/EntranceHall/LI_EntranceHall_EXT/7/49/SGPRDYUP2X4BMH75T07BQC","LV_Overland/Hogwarts/LI_Hogwarts/LevelInstances/EntranceHall/LI_EntranceHall_EXT/SM_HW_EH_DoorFrame_ColumnStack_A13","E2E3E22D-4926-14BD-7EC2-4AB97224FB27"
"Removed","SM_HW_EH_DoorFrame_ColumnStack_A14","StaticMeshActor","DL_RENDER DL_OVERLAND","DL_RENDER","/Game/__ExternalActors__/Levels/Overland/Hogwarts/EntranceHall/LI_EntranceHall_EXT/E/2I/ILREZYHBMZXX9G6DDJ7QS1","LV_Overland/Hogwarts/LI_Hogwarts/LevelInstances/EntranceHall/LI_EntranceHall_EXT/SM_HW_EH_DoorFrame_ColumnStack_A14","AA3631F6-4ABB-DCC1-9B07-0890D6E365A0"
"Removed","SM_HW_EH_DoorFrame_ColumnStack_A15","StaticMeshActor","DL_RENDER DL_OVERLAND","DL_RENDER","/Game/__ExternalActors__/Levels/Overland/Hogwarts/EntranceHall/LI_EntranceHall_EXT/B/8X/DZP6XIHQB51JC5NNCIH5L2","LV_Overland/Hogwarts/LI_Hogwarts/LevelInstances/EntranceHall/LI_EntranceHall_EXT/SM_HW_EH_DoorFrame_ColumnStack_A15","4BD5B0D6-4E43-4F85-FD7F-509079EB5A9F"
"Removed","SM_HW_EH_DoorFrame_ColumnStack_A16","StaticMeshActor","DL_RENDER DL_OVERLAND","DL_RENDER","/Game/__ExternalActors__/Levels/Overland/Hogwarts/EntranceHall/LI_EntranceHall_EXT/3/M6/GMK5FEKDC0H43OR0CDBIQV","LV_Overland/Hogwarts/LI_Hogwarts/LevelInstances/EntranceHall/LI_EntranceHall_EXT/SM_HW_EH_DoorFrame_ColumnStack_A16","93FEC17F-4A03-ED52-A928-E8A0A9163DB2"
"Removed","SM_HW_EH_DoorFrame_ColumnStack_A17","StaticMeshActor","DL_RENDER DL_OVERLAND","DL_RENDER","/Game/__ExternalActors__/Levels/Overland/Hogwarts/EntranceHall/LI_EntranceHall_EXT/5/UL/CU9LHREE2Q67K3Q0WCEPVW","LV_Overland/Hogwarts/LI_Hogwarts/LevelInstances/EntranceHall/LI_EntranceHall_EXT/SM_HW_EH_DoorFrame_ColumnStack_A17","463D8CC1-49ED-4B4F-ED9F-1C8794626B67"
"Removed","SM_HW_EH_DoorFrame_ColumnStack_A18","StaticMeshActor","DL_RENDER DL_OVERLAND","DL_RENDER","/Game/__ExternalActors__/Levels/Overland/Hogwarts/EntranceHall/LI_EntranceHall_EXT/5/FR/5VSLNKX8KE91H640XATXYU","LV_Overland/Hogwarts/LI_Hogwarts/LevelInstances/EntranceHall/LI_EntranceHall_EXT/SM_HW_EH_DoorFrame_ColumnStack_A18","C40EFD8E-4EE0-42F1-4CB5-7ABE3A5384DE"
"Removed","SM_HW_EH_DoorFrame_ColumnStack_A19","StaticMeshActor","DL_RENDER DL_OVERLAND","DL_RENDER","/Game/__ExternalActors__/Levels/Overland/Hogwarts/EntranceHall/LI_EntranceHall_EXT/6/K7/RXFR735GCMHSFZJ4K3BDKE","LV_Overland/Hogwarts/LI_Hogwarts/LevelInstances/EntranceHall/LI_EntranceHall_EXT/SM_HW_EH_DoorFrame_ColumnStack_A19","90F52D81-4FA3-1482-ABB9-B492FA299F84"
"Removed","SM_HW_EH_DoorFrame_ColumnStack_A20","StaticMeshActor","DL_RENDER DL_OVERLAND","DL_RENDER","/Game/__ExternalActors__/Levels/Overland/Hogwarts/EntranceHall/LI_EntranceHall_EXT/7/N5/032R8SJU49TNIPZF5K9FU5","LV_Overland/Hogwarts/LI_Hogwarts/LevelInstances/EntranceHall/LI_EntranceHall_EXT/SM_HW_EH_DoorFrame_ColumnStack_A20","191AF0C9-447C-5367-F4BD-4588BBABF508"
"Removed","SM_HW_EH_DoorFrame_ColumnStack_A21","StaticMeshActor","DL_RENDER DL_OVERLAND","DL_RENDER","/Game/__ExternalActors__/Levels/Overland/Hogwarts/EntranceHall/LI_EntranceHall_EXT/4/7V/NWJ8LTEHAOLGRN6M91AS22","LV_Overland/Hogwarts/LI_Hogwarts/LevelInstances/EntranceHall/LI_EntranceHall_EXT/SM_HW_EH_DoorFrame_ColumnStack_A21","ABCB8E64-41D8-2785-F33B-7A9C4A007CD6"
"Removed","SM_HW_EH_DoorFrame_ColumnStack_A22","StaticMeshActor","DL_RENDER DL_OVERLAND","DL_RENDER","/Game/__ExternalActors__/Levels/Overland/Hogwarts/EntranceHall/LI_EntranceHall_EXT/8/GC/DMPCFFO46OCGGIEAXMB272","LV_Overland/Hogwarts/LI_Hogwarts/LevelInstances/EntranceHall/LI_EntranceHall_EXT/SM_HW_EH_DoorFrame_ColumnStack_A22","647B9A57-4601-3228-AD0A-25A6B42692BA"
"Removed","SM_HW_EH_DoorFrame_ColumnStack_A23","StaticMeshActor","DL_RENDER DL_OVERLAND","DL_RENDER","/Game/__ExternalActors__/Levels/Overland/Hogwarts/EntranceHall/LI_EntranceHall_EXT/2/MW/T01EMC2RL13MU4FMGFC9P1","LV_Overland/Hogwarts/LI_Hogwarts/LevelInstances/EntranceHall/LI_EntranceHall_EXT/SM_HW_EH_DoorFrame_ColumnStack_A23","C6FBC8A6-4A62-3418-5329-44B5FCF1725A"
"Removed","SM_HW_EH_DoorFrame_ColumnStack_A24","StaticMeshActor","DL_RENDER DL_OVERLAND","DL_RENDER","/Game/__ExternalActors__/Levels/Overland/Hogwarts/EntranceHall/LI_EntranceHall_EXT/0/VM/KMB8FOMK9ZZV8EX59CZH84","LV_Overland/Hogwarts/LI_Hogwarts/LevelInstances/EntranceHall/LI_EntranceHall_EXT/SM_HW_EH_DoorFrame_ColumnStack_A24","4C1DAA93-4E10-B738-A8FA-9D8FD70F897D"
"Removed","SM_HW_EH_DoorFrame_ColumnStack_A9","StaticMeshActor","DL_RENDER DL_OVERLAND","DL_RENDER","/Game/__ExternalActors__/Levels/Overland/Hogwarts/EntranceHall/LI_EntranceHall_EXT/C/WI/IA3JINTQVVIP66RGEZYSCM","LV_Overland/Hogwarts/LI_Hogwarts/LevelInstances/EntranceHall/LI_EntranceHall_EXT/SM_HW_EH_DoorFrame_ColumnStack_A9","6678C8D0-4BAB-397C-E02D-569B4B8ADA12"
"Removed","SM_HW_EH_DoorFrame_ColumnStack_B_1","StaticMeshActor","DL_RENDER DL_OVERLAND","DL_RENDER","/Game/__ExternalActors__/Levels/Overland/Hogwarts/EntranceHall/LI_EntranceHall_EXT/F/4L/B138RUBN57KEU6704TUJ25","LV_Overland/Hogwarts/LI_Hogwarts/LevelInstances/EntranceHall/LI_EntranceHall_EXT/RENDER/Porch/SM_HW_EH_DoorFrame_ColumnStack_B_1","E6912531-40D0-18D4-7A0D-1F85C3F5FE75"
"Removed","SM_HW_EH_DoorFrame_ColumnStack_B_10","StaticMeshActor","DL_RENDER DL_OVERLAND","DL_RENDER","/Game/__ExternalActors__/Levels/Overland/Hogwarts/EntranceHall/LI_EntranceHall_EXT/9/Q4/NAMUB04EKCI1WIBHIGK6BB","LV_Overland/Hogwarts/LI_Hogwarts/LevelInstances/EntranceHall/LI_EntranceHall_EXT/RENDER/Porch/SM_HW_EH_DoorFrame_ColumnStack_B_10","5420A65A-4CDD-4821-3AC3-C7B5D5766331"
"Removed","SM_HW_EH_DoorFrame_ColumnStack_B_11","StaticMeshActor","DL_RENDER DL_OVERLAND","DL_RENDER","/Game/__ExternalActors__/Levels/Overland/Hogwarts/EntranceHall/LI_EntranceHall_EXT/D/K3/W7CXAXBVUECQICJH4NSW0H","LV_Overland/Hogwarts/LI_Hogwarts/LevelInstances/EntranceHall/LI_EntranceHall_EXT/RENDER/Porch/SM_HW_EH_DoorFrame_ColumnStack_B_11","083A5783-45A5-E36B-6814-70B685770CCF"
"Removed","SM_HW_EH_DoorFrame_ColumnStack_B_12","StaticMeshActor","DL_RENDER DL_OVERLAND","DL_RENDER","/Game/__ExternalActors__/Levels/Overland/Hogwarts/EntranceHall/LI_EntranceHall_EXT/A/H6/1TRB28MQK6ASY7FQ620CWP","LV_Overland/Hogwarts/LI_Hogwarts/LevelInstances/EntranceHall/LI_EntranceHall_EXT/RENDER/Porch/SM_HW_EH_DoorFrame_ColumnStack_B_12","12CA6AE7-4E06-74E5-369D-ED9D2747D3E1"
"Removed","SM_HW_EH_DoorFrame_ColumnStack_B_15","StaticMeshActor","DL_RENDER DL_OVERLAND","DL_RENDER","/Game/__ExternalActors__/Levels/Overland/Hogwarts/EntranceHall/LI_EntranceHall_EXT/4/PK/A92YTO4PWWTGBSI149OQ8O","LV_Overland/Hogwarts/LI_Hogwarts/LevelInstances/EntranceHall/LI_EntranceHall_EXT/RENDER/Porch/SM_HW_EH_DoorFrame_ColumnStack_B_15","8F644BE1-497B-AC54-6B8A-20A9200391C2"
"Removed","SM_HW_EH_DoorFrame_ColumnStack_B_16","StaticMeshActor","DL_RENDER DL_OVERLAND","DL_RENDER","/Game/__ExternalActors__/Levels/Overland/Hogwarts/EntranceHall/LI_EntranceHall_EXT/E/Q8/1A4X8AAPAO550UDQ60B0C0","LV_Overland/Hogwarts/LI_Hogwarts/LevelInstances/EntranceHall/LI_EntranceHall_EXT/RENDER/Porch/SM_HW_EH_DoorFrame_ColumnStack_B_16","AB82BD20-48B3-26FB-FA71-C28BE8A87E5C"
"Removed","SM_HW_EH_DoorFrame_ColumnStack_B_18","StaticMeshActor","DL_RENDER DL_OVERLAND","DL_RENDER","/Game/__ExternalActors__/Levels/Overland/Hogwarts/EntranceHall/LI_EntranceHall_EXT/A/UZ/K7MTTXYPCZK777582XCGD9","LV_Overland/Hogwarts/LI_Hogwarts/LevelInstances/EntranceHall/LI_EntranceHall_EXT/RENDER/Porch/SM_HW_EH_DoorFrame_ColumnStack_B_18","9F5D1F41-416E-7E0C-4B16-BCB6A20D3A5D"
"Removed","SM_HW_EH_DoorFrame_ColumnStack_B_19","StaticMeshActor","DL_RENDER DL_OVERLAND","DL_RENDER","/Game/__ExternalActors__/Levels/Overland/Hogwarts/EntranceHall/LI_EntranceHall_EXT/5/GP/D2PLUNKBOKWAMRHRNWTFL8","LV_Overland/Hogwarts/LI_Hogwarts/LevelInstances/EntranceHall/LI_EntranceHall_EXT/RENDER/Porch/SM_HW_EH_DoorFrame_ColumnStack_B_19","D0EC909A-4B4F-D0EF-F239-45BB856B1BB8"
"Removed","SM_HW_EH_DoorFrame_ColumnStack_B_22","StaticMeshActor","DL_RENDER DL_OVERLAND","DL_RENDER","/Game/__ExternalActors__/Levels/Overland/Hogwarts/EntranceHall/LI_EntranceHall_EXT/8/VG/KXZ595BJINAOHY10D737DV","LV_Overland/Hogwarts/LI_Hogwarts/LevelInstances/EntranceHall/LI_EntranceHall_EXT/RENDER/Porch/SM_HW_EH_DoorFrame_ColumnStack_B_22","986986F4-4DB2-7D32-5EE2-F1948251591B"
"Removed","SM_HW_EH_DoorFrame_ColumnStack_B_23","StaticMeshActor","DL_RENDER DL_OVERLAND","DL_RENDER","/Game/__ExternalActors__/Levels/Overland/Hogwarts/EntranceHall/LI_EntranceHall_EXT/2/JG/T7532H1CMK5XW4UIGF8QV8","LV_Overland/Hogwarts/LI_Hogwarts/LevelInstances/EntranceHall/LI_EntranceHall_EXT/RENDER/Porch/SM_HW_EH_DoorFrame_ColumnStack_B_23","32549B81-4BC3-A5F3-5CB9-BC93C7D59BAF"
"Removed","SM_HW_EH_DoorFrame_ColumnStack_B_24","StaticMeshActor","DL_RENDER DL_OVERLAND","DL_RENDER","/Game/__ExternalActors__/Levels/Overland/Hogwarts/EntranceHall/LI_EntranceHall_EXT/A/0R/VABLJTGFMC4Q6TM94Y3PYX","LV_Overland/Hogwarts/LI_Hogwarts/LevelInstances/EntranceHall/LI_EntranceHall_EXT/RENDER/Porch/SM_HW_EH_DoorFrame_ColumnStack_B_24","978A83D7-49E6-BCB0-155B-C0BD5471AB90"
"Removed","SM_HW_EH_DoorFrame_ColumnStack_B_25","StaticMeshActor","DL_RENDER DL_OVERLAND","DL_RENDER","/Game/__ExternalActors__/Levels/Overland/Hogwarts/EntranceHall/LI_EntranceHall_EXT/9/UY/UXTRXS0WQPRJFTDXKA3YUK","LV_Overland/Hogwarts/LI_Hogwarts/LevelInstances/EntranceHall/LI_EntranceHall_EXT/RENDER/Porch/SM_HW_EH_DoorFrame_ColumnStack_B_25","637C0321-49DF-D40D-9FDB-7A999660C0F5"
"Removed","SM_HW_EH_DoorFrame_ColumnStack_B_26","StaticMeshActor","DL_RENDER DL_OVERLAND","DL_RENDER","/Game/__ExternalActors__/Levels/Overland/Hogwarts/EntranceHall/LI_EntranceHall_EXT/5/L2/WMD293VFXDBIN2S4VBB9PJ","LV_Overland/Hogwarts/LI_Hogwarts/LevelInstances/EntranceHall/LI_EntranceHall_EXT/RENDER/Porch/SM_HW_EH_DoorFrame_ColumnStack_B_26","A4C3E749-4B58-FB87-77F3-C1B361A07CB2"
"Removed","SM_HW_EH_DoorFrame_ColumnStack_B_27","StaticMeshActor","DL_RENDER DL_OVERLAND","DL_RENDER","/Game/__ExternalActors__/Levels/Overland/Hogwarts/EntranceHall/LI_EntranceHall_EXT/6/TX/76CBBNAXFTIVH1N8E6S2LE","LV_Overland/Hogwarts/LI_Hogwarts/LevelInstances/EntranceHall/LI_EntranceHall_EXT/RENDER/Porch/SM_HW_EH_DoorFrame_ColumnStack_B_27","C845E87B-4F62-141F-70BF-029F5F950F23"
"Removed","SM_HW_EH_DoorFrame_ColumnStack_B_28","StaticMeshActor","DL_RENDER DL_OVERLAND","DL_RENDER","/Game/__ExternalActors__/Levels/Overland/Hogwarts/EntranceHall/LI_EntranceHall_EXT/1/RE/E4R47P08PAKCUJ08RXVMBL","LV_Overland/Hogwarts/LI_Hogwarts/LevelInstances/EntranceHall/LI_EntranceHall_EXT/RENDER/Porch/SM_HW_EH_DoorFrame_ColumnStack_B_28","5189E00E-4891-D290-3A5E-99B594ED252C"
"Removed","SM_HW_EH_DoorFrame_ColumnStack_B_3","StaticMeshActor","DL_RENDER DL_OVERLAND","DL_RENDER","/Game/__ExternalActors__/Levels/Overland/Hogwarts/EntranceHall/LI_EntranceHall_EXT/3/R9/H7CUJJHPCS6D31E9JH9Z5G","LV_Overland/Hogwarts/LI_Hogwarts/LevelInstances/EntranceHall/LI_EntranceHall_EXT/RENDER/Porch/SM_HW_EH_DoorFrame_ColumnStack_B_3","30FC75FD-4461-B5DA-3B8F-03B80D8E6A0E"
"Removed","SM_HW_EH_DoorFrame_ColumnStack_B_4","StaticMeshActor","DL_RENDER DL_OVERLAND","DL_RENDER","/Game/__ExternalActors__/Levels/Overland/Hogwarts/EntranceHall/LI_EntranceHall_EXT/3/V8/C6EPNKJMY8X7Y4R9R1W7TN","LV_Overland/Hogwarts/LI_Hogwarts/LevelInstances/EntranceHall/LI_EntranceHall_EXT/RENDER/Porch/SM_HW_EH_DoorFrame_ColumnStack_B_4","D63692FF-4655-3C9D-F9CB-0E8E1025F7F4"
"Removed","SM_HW_EH_DoorFrame_ColumnStack_B_5","StaticMeshActor","DL_RENDER DL_OVERLAND","DL_RENDER","/Game/__ExternalActors__/Levels/Overland/Hogwarts/EntranceHall/LI_EntranceHall_EXT/4/Q0/ITVB7E7C0WM4N1Z3RSZY7Z","LV_Overland/Hogwarts/LI_Hogwarts/LevelInstances/EntranceHall/LI_EntranceHall_EXT/RENDER/Porch/SM_HW_EH_DoorFrame_ColumnStack_B_5","AC5B44D1-42CB-1ABE-3D9E-499E2E51DB6E"
"Removed","SM_HW_EH_DoorFrame_ColumnStack_B_50","StaticMeshActor","DL_RENDER DL_OVERLAND","DL_RENDER","/Game/__ExternalActors__/Levels/Overland/Hogwarts/EntranceHall/LI_EntranceHall_EXT/A/JR/UFW78SQGC9IEPQ485CEXVW","LV_Overland/Hogwarts/LI_Hogwarts/LevelInstances/EntranceHall/LI_EntranceHall_EXT/RENDER/Porch/SM_HW_EH_DoorFrame_ColumnStack_B_50","198F53FD-44EF-7B01-0288-7DA70E1F5CFE"
"Removed","SM_HW_EH_DoorFrame_ColumnStack_B_52","StaticMeshActor","DL_RENDER DL_OVERLAND","DL_RENDER","/Game/__ExternalActors__/Levels/Overland/Hogwarts/EntranceHall/LI_EntranceHall_EXT/5/RW/SK3QKI21KKQ48IHBSWDWNI","LV_Overland/Hogwarts/LI_Hogwarts/LevelInstances/EntranceHall/LI_EntranceHall_EXT/RENDER/Porch/SM_HW_EH_DoorFrame_ColumnStack_B_52","58A990FF-42A4-C0E1-1E84-458A49EA2E67"
"Removed","SM_HW_EH_DoorFrame_ColumnStack_B_54","StaticMeshActor","DL_RENDER DL_OVERLAND","DL_RENDER","/Game/__ExternalActors__/Levels/Overland/Hogwarts/EntranceHall/LI_EntranceHall_EXT/7/CH/YLFGBVIMG6I9A8OE78O98G","LV_Overland/Hogwarts/LI_Hogwarts/LevelInstances/EntranceHall/LI_EntranceHall_EXT/RENDER/Porch/SM_HW_EH_DoorFrame_ColumnStack_B_54","4369F432-4171-A423-BB3C-D691F2CE9B52"
"Removed","SM_HW_EH_DoorFrame_ColumnStack_B_55","StaticMeshActor","DL_RENDER DL_OVERLAND","DL_RENDER","/Game/__ExternalActors__/Levels/Overland/Hogwarts/EntranceHall/LI_EntranceHall_EXT/8/EH/WVUNOVQEY1C64MFQJXYPOD","LV_Overland/Hogwarts/LI_Hogwarts/LevelInstances/EntranceHall/LI_EntranceHall_EXT/RENDER/Porch/SM_HW_EH_DoorFrame_ColumnStack_B_55","036A7C11-44BA-B3E3-1F17-3BB7B1914999"
"Removed","SM_HW_EH_DoorFrame_ColumnStack_B_57","StaticMeshActor","DL_RENDER DL_OVERLAND","DL_RENDER","/Game/__ExternalActors__/Levels/Overland/Hogwarts/EntranceHall/LI_EntranceHall_EXT/4/UB/HP6BHD29MPPJXI4WKQV9ND","LV_Overland/Hogwarts/LI_Hogwarts/LevelInstances/EntranceHall/LI_EntranceHall_EXT/RENDER/Porch/SM_HW_EH_DoorFrame_ColumnStack_B_57","7F995EAD-44E3-F5A6-3FAC-2ABE5C5CBA47"
"Removed","SM_HW_EH_DoorFrame_ColumnStack_B_58","StaticMeshActor","DL_RENDER DL_OVERLAND","DL_RENDER","/Game/__ExternalActors__/Levels/Overland/Hogwarts/EntranceHall/LI_EntranceHall_EXT/4/V7/50DYPUCBWUYRNHOHFKQQ6J","LV_Overland/Hogwarts/LI_Hogwarts/LevelInstances/EntranceHall/LI_EntranceHall_EXT/RENDER/Porch/SM_HW_EH_DoorFrame_ColumnStack_B_58","A8E26800-48B1-97AF-59F2-819EA1AA2B5C"
"Removed","SM_HW_EH_DoorFrame_ColumnStack_B_6","StaticMeshActor","DL_RENDER DL_OVERLAND","DL_RENDER","/Game/__ExternalActors__/Levels/Overland/Hogwarts/EntranceHall/LI_EntranceHall_EXT/7/8A/MPC4VXQOM53RO1D4ZR6F0X","LV_Overland/Hogwarts/LI_Hogwarts/LevelInstances/EntranceHall/LI_EntranceHall_EXT/RENDER/Porch/SM_HW_EH_DoorFrame_ColumnStack_B_6","55187C37-4309-EAF3-CEB4-6F8F54329B92"
"Removed","SM_HW_EH_DoorFrame_ColumnStack_B_60","StaticMeshActor","DL_RENDER DL_OVERLAND","DL_RENDER","/Game/__ExternalActors__/Levels/Overland/Hogwarts/EntranceHall/LI_EntranceHall_EXT/5/OP/N30NGBGG1DYPV8E1E4RVVL","LV_Overland/Hogwarts/LI_Hogwarts/LevelInstances/EntranceHall/LI_EntranceHall_EXT/RENDER/Porch/SM_HW_EH_DoorFrame_ColumnStack_B_60","938788A7-4DEB-9684-B499-56930ABA68B8"
"Removed","SM_HW_EH_DoorFrame_ColumnStack_B_61","StaticMeshActor","DL_RENDER DL_OVERLAND","DL_RENDER","/Game/__ExternalActors__/Levels/Overland/Hogwarts/EntranceHall/LI_EntranceHall_EXT/9/9X/LQL70LE5I3IONLUWGHIU9D","LV_Overland/Hogwarts/LI_Hogwarts/LevelInstances/EntranceHall/LI_EntranceHall_EXT/RENDER/Porch/SM_HW_EH_DoorFrame_ColumnStack_B_61","9D61FC4B-4B43-14D7-DCDB-76BBC9D3FC81"
"Removed","SM_HW_EH_DoorFrame_ColumnStack_B_63","StaticMeshActor","DL_RENDER DL_OVERLAND","DL_RENDER","/Game/__ExternalActors__/Levels/Overland/Hogwarts/EntranceHall/LI_EntranceHall_EXT/8/YQ/I0J12SL3VYPV323VGX3C3Y","LV_Overland/Hogwarts/LI_Hogwarts/LevelInstances/EntranceHall/LI_EntranceHall_EXT/RENDER/Porch/SM_HW_EH_DoorFrame_ColumnStack_B_63","410FA689-4B0B-8F1D-8B54-B0BFC5EE5B18"
"Removed","SM_HW_EH_DoorFrame_ColumnStack_B_65","StaticMeshActor","DL_RENDER DL_OVERLAND","DL_RENDER","/Game/__ExternalActors__/Levels/Overland/Hogwarts/EntranceHall/LI_EntranceHall_EXT/6/E9/EZB9EAMKM0S2PFDRXHCZHM","LV_Overland/Hogwarts/LI_Hogwarts/LevelInstances/EntranceHall/LI_EntranceHall_EXT/RENDER/Porch/SM_HW_EH_DoorFrame_ColumnStack_B_65","EE2131AD-4BCD-5867-3476-35A9670D7461"
"Removed","SM_HW_EH_DoorFrame_ColumnStack_B_66","StaticMeshActor","DL_RENDER DL_OVERLAND","DL_RENDER","/Game/__ExternalActors__/Levels/Overland/Hogwarts/EntranceHall/LI_EntranceHall_EXT/0/S4/X1MB0HVW688ZFP4Q3OIMH5","LV_Overland/Hogwarts/LI_Hogwarts/LevelInstances/EntranceHall/LI_EntranceHall_EXT/RENDER/Porch/SM_HW_EH_DoorFrame_ColumnStack_B_66","67840C14-4CAA-E298-E9BF-6780C00D6FBE"
"Removed","SM_HW_EH_DoorFrame_ColumnStack_B_8","StaticMeshActor","DL_RENDER DL_OVERLAND","DL_RENDER","/Game/__ExternalActors__/Levels/Overland/Hogwarts/EntranceHall/LI_EntranceHall_EXT/2/0K/P2BXHPPLWI9LNVF4V6ZWPE","LV_Overland/Hogwarts/LI_Hogwarts/LevelInstances/EntranceHall/LI_EntranceHall_EXT/RENDER/Porch/SM_HW_EH_DoorFrame_ColumnStack_B_8","403E9371-445B-9FA8-533C-5DA2823D00CF"
"Removed","SM_HW_EH_DoorFrame_ColumnStack_B_9","StaticMeshActor","DL_RENDER DL_OVERLAND","DL_RENDER","/Game/__ExternalActors__/Levels/Overland/Hogwarts/EntranceHall/LI_EntranceHall_EXT/6/WN/H9AO2VGLXQPGX29VRCE3X5","LV_Overland/Hogwarts/LI_Hogwarts/LevelInstances/EntranceHall/LI_EntranceHall_EXT/RENDER/Porch/SM_HW_EH_DoorFrame_ColumnStack_B_9","46CB15F9-4C45-22F8-DDC1-409C2BF20C43"
"Removed","SM_HW_EH_Entrance_Arch_Lg_A","StaticMeshActor","DL_RENDER DL_OVERLAND","DL_RENDER","/Game/__ExternalActors__/Levels/Overland/Hogwarts/EntranceHall/LI_EntranceHall_EXT/0/XM/HS9H9PPRYGWZ5DMT6EF5VE","LV_Overland/Hogwarts/LI_Hogwarts/LevelInstances/EntranceHall/LI_EntranceHall_EXT/RENDER/SM_HW_EH_Entrance_Arch_Lg_A","E3CEFC8E-4663-8767-F019-80B83E1655E2"
"Removed","SM_HW_EH_Entrance_Porch_A","StaticMeshActor","DL_RENDER DL_OVERLAND","DL_RENDER","/Game/__ExternalActors__/Levels/Overland/Hogwarts/EntranceHall/LI_EntranceHall_EXT/9/56/AO8U51JWOME11XEP85MDJ1","LV_Overland/Hogwarts/LI_Hogwarts/LevelInstances/EntranceHall/LI_EntranceHall_EXT/RENDER/SM_HW_EH_Entrance_Porch_A","E6B012F6-4237-E7D7-A89B-7BA672E2129E"
"Removed","SM_HW_EH_Entrance_Porch_Floor","StaticMeshActor","DL_RENDER DL_OVERLAND","DL_RENDER","/Game/__ExternalActors__/Levels/Overland/Hogwarts/EntranceHall/LI_EntranceHall_EXT/5/YY/ZBBUKYEU5X3GGFN71M6UJW","LV_Overland/Hogwarts/LI_Hogwarts/LevelInstances/EntranceHall/LI_EntranceHall_EXT/RENDER/SM_HW_EH_Entrance_Porch_Floor","C5D39FC5-4485-0A7A-DDAB-A2B367276B37"
"Removed","SM_HW_EH_Floor_Battlement_A","StaticMeshActor","DL_RENDER DL_OVERLAND","DL_RENDER","/Game/__ExternalActors__/Levels/Overland/Hogwarts/EntranceHall/LI_EntranceHall_EXT/2/S7/RWE2NAXWBIIXWWBBG86SPL","LV_Overland/Hogwarts/LI_Hogwarts/LevelInstances/EntranceHall/LI_EntranceHall_EXT/RENDER/SM_HW_EH_Floor_Battlement_A","387789D1-4FD1-1A60-3C16-678E5946FD7B"
"Removed","SM_HW_EH_Floor_Battlement_B","StaticMeshActor","DL_RENDER DL_OVERLAND","DL_RENDER","/Game/__ExternalActors__/Levels/Overland/Hogwarts/EntranceHall/LI_EntranceHall_EXT/4/LV/PU0C0QBWYJ10OJJI69DVBV","LV_Overland/Hogwarts/LI_Hogwarts/LevelInstances/EntranceHall/LI_EntranceHall_EXT/SM_HW_EH_Floor_Battlement_B","26E6FD84-4D32-5320-7123-38A1D46D4497"
"Removed","SM_HW_EH_JambKit_Arch_Lg_A_2","StaticMeshActor","DL_RENDER DL_OVERLAND","DL_RENDER","/Game/__ExternalActors__/Levels/Overland/Hogwarts/EntranceHall/LI_EntranceHall_EXT/2/6I/UARW97ZUCIRWMWDU6531WS","LV_Overland/Hogwarts/LI_Hogwarts/LevelInstances/EntranceHall/LI_EntranceHall_EXT/RENDER/Porch/SM_HW_EH_JambKit_Arch_Lg_A_2","F080988B-45C6-413B-569D-81B7D1426732"
"Removed","SM_HW_EH_JambKit_Arch_Sm_Side_A_40","StaticMeshActor","DL_RENDER DL_OVERLAND","DL_RENDER","/Game/__ExternalActors__/Levels/Overland/Hogwarts/EntranceHall/LI_EntranceHall_EXT/E/KK/3SE7KNEQ9AZ20HNCTLHB3C","LV_Overland/Hogwarts/LI_Hogwarts/LevelInstances/EntranceHall/LI_EntranceHall_EXT/RENDER/Porch/SM_HW_EH_JambKit_Arch_Sm_Side_A_40","53D0C2C7-4E15-4A58-6934-5CB6D0847D69"
"Removed","SM_HW_EH_JambKit_Arch_Sm_Side_A_43","StaticMeshActor","DL_RENDER DL_OVERLAND","DL_RENDER","/Game/__ExternalActors__/Levels/Overland/Hogwarts/EntranceHall/LI_EntranceHall_EXT/8/7V/NPB2GMPPMJWMSME6Y6JUJR","LV_Overland/Hogwarts/LI_Hogwarts/LevelInstances/EntranceHall/LI_EntranceHall_EXT/RENDER/Porch/SM_HW_EH_JambKit_Arch_Sm_Side_A_43","0DC53896-44AF-1F34-297D-3F9F9B1A4542"
"Removed","SM_HW_EH_JambKit_Arch_Sm_Side_A_5","StaticMeshActor","DL_RENDER DL_OVERLAND","DL_RENDER","/Game/__ExternalActors__/Levels/Overland/Hogwarts/EntranceHall/LI_EntranceHall_EXT/6/SC/8JTC1D7ADO90YKRWKPJG0Y","LV_Overland/Hogwarts/LI_Hogwarts/LevelInstances/EntranceHall/LI_EntranceHall_EXT/RENDER/Porch/SM_HW_EH_JambKit_Arch_Sm_Side_A_5","CEDDE3C8-4978-587F-905A-9FBC01EA52B2"
"Removed","SM_HW_EH_JambKit_Arch_Sm_Side_B","StaticMeshActor","DL_RENDER DL_OVERLAND","DL_RENDER","/Game/__ExternalActors__/Levels/Overland/Hogwarts/EntranceHall/LI_EntranceHall_EXT/A/1R/2CZWK5SVUHVFMNBGCEOWJD","LV_Overland/Hogwarts/LI_Hogwarts/LevelInstances/EntranceHall/LI_EntranceHall_EXT/SM_HW_EH_JambKit_Arch_Sm_Side_B","5CF4FEDD-484E-C018-24AD-9FA7E645992B"
"Removed","SM_HW_EH_JambKit_Column_B_2M_B","StaticMeshActor","DL_RENDER DL_OVERLAND","DL_RENDER","/Game/__ExternalActors__/Levels/Overland/Hogwarts/EntranceHall/LI_EntranceHall_EXT/C/2G/SQ1MGJA10WR4LI7DZ2LNAQ","LV_Overland/Hogwarts/LI_Hogwarts/LevelInstances/EntranceHall/LI_EntranceHall_EXT/SM_HW_EH_JambKit_Column_B_2M_B","04F90031-4C30-2953-140D-46897998E122"
"Removed","SM_HW_EH_JambKit_Column_B_2M_B2","StaticMeshActor","DL_RENDER DL_OVERLAND","DL_RENDER","/Game/__ExternalActors__/Levels/Overland/Hogwarts/EntranceHall/LI_EntranceHall_EXT/5/L2/Z2EB9BJJAVKJONEISGQ1TC","LV_Overland/Hogwarts/LI_Hogwarts/LevelInstances/EntranceHall/LI_EntranceHall_EXT/SM_HW_EH_JambKit_Column_B_2M_B2","C2A07B7E-4A52-40B9-C0F5-2EA016274386"
"Removed","SM_HW_EH_JambKit_Column_B_2M_B3","StaticMeshActor","DL_RENDER DL_OVERLAND","DL_RENDER","/Game/__ExternalActors__/Levels/Overland/Hogwarts/EntranceHall/LI_EntranceHall_EXT/A/1W/Y7YEZGN7UCLFNY7FLBKJKO","LV_Overland/Hogwarts/LI_Hogwarts/LevelInstances/EntranceHall/LI_EntranceHall_EXT/SM_HW_EH_JambKit_Column_B_2M_B3","2CACB33E-4C75-BE6A-4148-FE81DC62AFB0"
"Removed","SM_HW_EH_JambKit_Column_B_2M_B4","StaticMeshActor","DL_RENDER DL_OVERLAND","DL_RENDER","/Game/__ExternalActors__/Levels/Overland/Hogwarts/EntranceHall/LI_EntranceHall_EXT/6/2F/ROV0VEK5Y39YYDRG4INYTJ","LV_Overland/Hogwarts/LI_Hogwarts/LevelInstances/EntranceHall/LI_EntranceHall_EXT/SM_HW_EH_JambKit_Column_B_2M_B4","A7C1F952-4D50-421A-4895-0EA4DA28291E"
"Removed","SM_HW_EH_JambKit_Column_B_2M_B5","StaticMeshActor","DL_RENDER DL_OVERLAND","DL_RENDER","/Game/__ExternalActors__/Levels/Overland/Hogwarts/EntranceHall/LI_EntranceHall_EXT/2/JG/3LS2FXF14AC9NOXCSUAIMY","LV_Overland/Hogwarts/LI_Hogwarts/LevelInstances/EntranceHall/LI_EntranceHall_EXT/SM_HW_EH_JambKit_Column_B_2M_B5","6EC459BF-4FFE-5C83-14FF-45AC55D868A4"
"Removed","SM_HW_EH_JambKit_Column_B_2M_B6","StaticMeshActor","DL_RENDER DL_OVERLAND","DL_RENDER","/Game/__ExternalActors__/Levels/Overland/Hogwarts/EntranceHall/LI_EntranceHall_EXT/5/YE/X3GBJNVDZAKOHZLHRE8PBN","LV_Overland/Hogwarts/LI_Hogwarts/LevelInstances/EntranceHall/LI_EntranceHall_EXT/SM_HW_EH_JambKit_Column_B_2M_B6","0D0A1350-4A94-D4EB-95CA-A5BE44BCBEF0"
"Removed","SM_HW_EH_JambKit_Column_B_2M_C","StaticMeshActor","DL_RENDER DL_OVERLAND","DL_RENDER","/Game/__ExternalActors__/Levels/Overland/Hogwarts/EntranceHall/LI_EntranceHall_EXT/2/CD/YOT6MD3NUQRU6WRFKX9JAS","LV_Overland/Hogwarts/LI_Hogwarts/LevelInstances/EntranceHall/LI_EntranceHall_EXT/SM_HW_EH_JambKit_Column_B_2M_C","1573C94E-4247-52BE-0EFA-6B91EBFC8D1A"
"Removed","SM_HW_EH_JambKit_Column_B_2M_C2","StaticMeshActor","DL_RENDER DL_OVERLAND","DL_RENDER","/Game/__ExternalActors__/Levels/Overland/Hogwarts/EntranceHall/LI_EntranceHall_EXT/0/W0/0UGHFWJB06PSU3RJN7PJ9M","LV_Overland/Hogwarts/LI_Hogwarts/LevelInstances/EntranceHall/LI_EntranceHall_EXT/SM_HW_EH_JambKit_Column_B_2M_C2","CB56A941-4987-C594-D442-06ADFEFD8BA0"
"Removed","SM_HW_EH_JambKit_Column_B_2M_D","StaticMeshActor","DL_RENDER DL_OVERLAND","DL_RENDER","/Game/__ExternalActors__/Levels/Overland/Hogwarts/EntranceHall/LI_EntranceHall_EXT/7/ZF/0Q1NS7YM8QF4GEWZJSUZ7K","LV_Overland/Hogwarts/LI_Hogwarts/LevelInstances/EntranceHall/LI_EntranceHall_EXT/SM_HW_EH_JambKit_Column_B_2M_D","4F219F48-41A8-FFC2-E84A-C1BAC033E0B8"
"Removed","SM_HW_EH_JambKit_Column_B_2M_D2","StaticMeshActor","DL_RENDER DL_OVERLAND","DL_RENDER","/Game/__ExternalActors__/Levels/Overland/Hogwarts/EntranceHall/LI_EntranceHall_EXT/1/9D/SRUWAAZXBG6VKTRE5OWJBI","LV_Overland/Hogwarts/LI_Hogwarts/LevelInstances/EntranceHall/LI_EntranceHall_EXT/SM_HW_EH_JambKit_Column_B_2M_D2","B1946C01-4B17-61FE-3584-0B889CA8E351"
"Removed","SM_HW_EH_JambKit_Column_B_2M_D3","StaticMeshActor","DL_RENDER DL_OVERLAND","DL_RENDER","/Game/__ExternalActors__/Levels/Overland/Hogwarts/EntranceHall/LI_EntranceHall_EXT/D/DT/8CHJO7TM4H7J03KO6LD5LK","LV_Overland/Hogwarts/LI_Hogwarts/LevelInstances/EntranceHall/LI_EntranceHall_EXT/SM_HW_EH_JambKit_Column_B_2M_D3","39C32E83-42D9-A89D-625E-0A8DDA83AAB2"
"Removed","SM_HW_EH_JambKit_Column_B_2M_D4","StaticMeshActor","DL_RENDER DL_OVERLAND","DL_RENDER","/Game/__ExternalActors__/Levels/Overland/Hogwarts/EntranceHall/LI_EntranceHall_EXT/D/46/9B8QJWBOZHBBJCWG6KG5LG","LV_Overland/Hogwarts/LI_Hogwarts/LevelInstances/EntranceHall/LI_EntranceHall_EXT/SM_HW_EH_JambKit_Column_B_2M_D4","88DA045C-4802-F050-A62D-C481C40BA3CD"
"Removed","SM_HW_EH_JambKit_Column_B_2M_D5","StaticMeshActor","DL_RENDER DL_OVERLAND","DL_RENDER","/Game/__ExternalActors__/Levels/Overland/Hogwarts/EntranceHall/LI_EntranceHall_EXT/3/P2/IP1QE43G75ULPO8RBVI6FB","LV_Overland/Hogwarts/LI_Hogwarts/LevelInstances/EntranceHall/LI_EntranceHall_EXT/SM_HW_EH_JambKit_Column_B_2M_D5","45A7213E-4477-E93F-DE85-4D84685C714B"
"Removed","SM_HW_EH_JambKit_Column_B_2M_D6","StaticMeshActor","DL_RENDER DL_OVERLAND","DL_RENDER","/Game/__ExternalActors__/Levels/Overland/Hogwarts/EntranceHall/LI_EntranceHall_EXT/6/79/FDLJ56HBHB3G7AJ34KCI3X","LV_Overland/Hogwarts/LI_Hogwarts/LevelInstances/EntranceHall/LI_EntranceHall_EXT/SM_HW_EH_JambKit_Column_B_2M_D6","91BD030B-492A-98DE-BD62-A48480CBE691"
"Removed","SM_HW_EH_JambKit_Column_B_4M_A","StaticMeshActor","DL_RENDER DL_OVERLAND","DL_RENDER","/Game/__ExternalActors__/Levels/Overland/Hogwarts/EntranceHall/LI_EntranceHall_EXT/2/DL/6PM57BDZZMBNE82HPLG741","LV_Overland/Hogwarts/LI_Hogwarts/LevelInstances/EntranceHall/LI_EntranceHall_EXT/SM_HW_EH_JambKit_Column_B_4M_A","79894677-4F8B-A428-5F03-C99ADB289CB9"
"Removed","SM_HW_EH_JambKit_Column_B_4M_A2","StaticMeshActor","DL_RENDER DL_OVERLAND","DL_RENDER","/Game/__ExternalActors__/Levels/Overland/Hogwarts/EntranceHall/LI_EntranceHall_EXT/B/BD/M294DT6K9MI125R6JNUX7N","LV_Overland/Hogwarts/LI_Hogwarts/LevelInstances/EntranceHall/LI_EntranceHall_EXT/SM_HW_EH_JambKit_Column_B_4M_A2","2012F237-4DFF-DC1B-A6E0-22914B868CB7"
"Removed","SM_HW_EH_JambKit_Column_B_4M_A4","StaticMeshActor","DL_RENDER DL_OVERLAND","DL_RENDER","/Game/__ExternalActors__/Levels/Overland/Hogwarts/EntranceHall/LI_EntranceHall_EXT/6/K9/LYZ1M16RE29O4AJFEVM5ZQ","LV_Overland/Hogwarts/LI_Hogwarts/LevelInstances/EntranceHall/LI_EntranceHall_EXT/SM_HW_EH_JambKit_Column_B_4M_A4","D9DCD3E5-427E-507A-AFD2-B88C8D2AA6E3"
"Removed","SM_HW_EH_JambKit_Column_Base_A_1","StaticMeshActor","DL_RENDER DL_OVERLAND","DL_RENDER","/Game/__ExternalActors__/Levels/Overland/Hogwarts/EntranceHall/LI_EntranceHall_EXT/2/70/U21MP1383TMKQUCB5CBP2T","LV_Overland/Hogwarts/LI_Hogwarts/LevelInstances/EntranceHall/LI_EntranceHall_EXT/RENDER/Porch/SM_HW_EH_JambKit_Column_Base_A_1","A19BE2F9-4302-A164-4B9B-268D454CE896"
"Removed","SM_HW_EH_JambKit_Column_Base_A_3","StaticMeshActor","DL_RENDER DL_OVERLAND","DL_RENDER","/Game/__ExternalActors__/Levels/Overland/Hogwarts/EntranceHall/LI_EntranceHall_EXT/E/ML/WUCF1UG19DT2I52H70IITF","LV_Overland/Hogwarts/LI_Hogwarts/LevelInstances/EntranceHall/LI_EntranceHall_EXT/RENDER/Porch/SM_HW_EH_JambKit_Column_Base_A_3","C74F4262-48D2-A967-2026-09AE044C3E13"
"Removed","SM_HW_EH_JambKit_Column_Base_A11","StaticMeshActor","DL_RENDER DL_OVERLAND","DL_RENDER","/Game/__ExternalActors__/Levels/Overland/Hogwarts/EntranceHall/LI_EntranceHall_EXT/9/MD/FA9NEOYUC7OTMU680KGLV0","LV_Overland/Hogwarts/LI_Hogwarts/LevelInstances/EntranceHall/LI_EntranceHall_EXT/RENDER/SM_HW_EH_JambKit_Column_Base_A11","DAD65E27-453F-FFCB-C15C-2182603BA296"
"Removed","SM_HW_EH_JambKit_Column_Base_A12","StaticMeshActor","DL_RENDER DL_OVERLAND","DL_RENDER","/Game/__ExternalActors__/Levels/Overland/Hogwarts/EntranceHall/LI_EntranceHall_EXT/B/2S/VAWJNSG2QNZO1IHF17JSR7","LV_Overland/Hogwarts/LI_Hogwarts/LevelInstances/EntranceHall/LI_EntranceHall_EXT/RENDER/SM_HW_EH_JambKit_Column_Base_A12","2E82A95B-4640-7F04-2398-12B809D43B98"
"Removed","SM_HW_EH_JambKit_Column_Base_A13","StaticMeshActor","DL_RENDER DL_OVERLAND","DL_RENDER","/Game/__ExternalActors__/Levels/Overland/Hogwarts/EntranceHall/LI_EntranceHall_EXT/C/IA/FREG3IXAIS3VUTV6NGLBS1","LV_Overland/Hogwarts/LI_Hogwarts/LevelInstances/EntranceHall/LI_EntranceHall_EXT/RENDER/SM_HW_EH_JambKit_Column_Base_A13","231D1C54-4C77-9955-45B4-EC97B33C2604"
"Removed","SM_HW_EH_JambKit_Column_Base_A14","StaticMeshActor","DL_RENDER DL_OVERLAND","DL_RENDER","/Game/__ExternalActors__/Levels/Overland/Hogwarts/EntranceHall/LI_EntranceHall_EXT/B/NV/6YH9EVNU4LFN5TMCQ4NVJ6","LV_Overland/Hogwarts/LI_Hogwarts/LevelInstances/EntranceHall/LI_EntranceHall_EXT/RENDER/SM_HW_EH_JambKit_Column_Base_A14","2B729284-4755-67A6-FDC5-318B62B32287"
"Removed","SM_HW_EH_JambKit_Column_Base_A15","StaticMeshActor","DL_RENDER DL_OVERLAND","DL_RENDER","/Game/__ExternalActors__/Levels/Overland/Hogwarts/EntranceHall/LI_EntranceHall_EXT/6/Y1/FP3ZYHGWMOVY15N6CU44AF","LV_Overland/Hogwarts/LI_Hogwarts/LevelInstances/EntranceHall/LI_EntranceHall_EXT/RENDER/SM_HW_EH_JambKit_Column_Base_A15","A28A820A-4F66-736E-BA27-F5A4216953AC"
"Removed","SM_HW_EH_JambKit_Column_Base_A16","StaticMeshActor","DL_RENDER DL_OVERLAND","DL_RENDER","/Game/__ExternalActors__/Levels/Overland/Hogwarts/EntranceHall/LI_EntranceHall_EXT/9/T7/O0BTN53Z0D52ZDDEX6BVQH","LV_Overland/Hogwarts/LI_Hogwarts/LevelInstances/EntranceHall/LI_EntranceHall_EXT/RENDER/SM_HW_EH_JambKit_Column_Base_A16","AD3B5706-463A-81D3-A502-81885D033CDB"
"Removed","SM_HW_EH_JambKit_Column_Base_A17","StaticMeshActor","DL_RENDER DL_OVERLAND","DL_RENDER","/Game/__ExternalActors__/Levels/Overland/Hogwarts/EntranceHall/LI_EntranceHall_EXT/1/8B/CUKYTLMYLUO817YKFZ72BV","LV_Overland/Hogwarts/LI_Hogwarts/LevelInstances/EntranceHall/LI_EntranceHall_EXT/RENDER/SM_HW_EH_JambKit_Column_Base_A17","BE022CCD-47FA-8D84-0CDF-A39F33D8EA99"
"Removed","SM_HW_EH_JambKit_Column_Base_A18","StaticMeshActor","DL_RENDER DL_OVERLAND","DL_RENDER","/Game/__ExternalActors__/Levels/Overland/Hogwarts/EntranceHall/LI_EntranceHall_EXT/B/WX/U2GEABIQZTIJEPXPEL0Z14","LV_Overland/Hogwarts/LI_Hogwarts/LevelInstances/EntranceHall/LI_EntranceHall_EXT/RENDER/SM_HW_EH_JambKit_Column_Base_A18","FC807963-4591-FF75-8E1B-1EA751E45582"
"Removed","SM_HW_EH_JambKit_Column_Base_A19","StaticMeshActor","DL_RENDER DL_OVERLAND","DL_RENDER","/Game/__ExternalActors__/Levels/Overland/Hogwarts/EntranceHall/LI_EntranceHall_EXT/2/S5/FT3IVMFN7FQZGBYI8CSWGV","LV_Overland/Hogwarts/LI_Hogwarts/LevelInstances/EntranceHall/LI_EntranceHall_EXT/RENDER/SM_HW_EH_JambKit_Column_Base_A19","3D18BE01-4AA6-7CC3-7039-1FABBF1D9563"
"Removed","SM_HW_EH_JambKit_Column_Base_A20","StaticMeshActor","DL_RENDER DL_OVERLAND","DL_RENDER","/Game/__ExternalActors__/Levels/Overland/Hogwarts/EntranceHall/LI_EntranceHall_EXT/D/YU/ZBQ33QQIM67H6T3VVETDRJ","LV_Overland/Hogwarts/LI_Hogwarts/LevelInstances/EntranceHall/LI_EntranceHall_EXT/RENDER/SM_HW_EH_JambKit_Column_Base_A20","679D597E-463B-41FE-0011-EBB1A5A97A3C"
"Removed","SM_HW_EH_JambKit_Column_Base_A21","StaticMeshActor","DL_RENDER DL_OVERLAND","DL_RENDER","/Game/__ExternalActors__/Levels/Overland/Hogwarts/EntranceHall/LI_EntranceHall_EXT/B/2K/4PQN25QOGR978PC6EL8F5F","LV_Overland/Hogwarts/LI_Hogwarts/LevelInstances/EntranceHall/LI_EntranceHall_EXT/RENDER/SM_HW_EH_JambKit_Column_Base_A21","79A7635B-4608-C37F-1F2E-E1A0D99040FB"
"Removed","SM_HW_EH_JambKit_Column_Base_A22","StaticMeshActor","DL_RENDER DL_OVERLAND","DL_RENDER","/Game/__ExternalActors__/Levels/Overland/Hogwarts/EntranceHall/LI_EntranceHall_EXT/B/IA/9IXHVA26NSIJ73FGY323NX","LV_Overland/Hogwarts/LI_Hogwarts/LevelInstances/EntranceHall/LI_EntranceHall_EXT/RENDER/SM_HW_EH_JambKit_Column_Base_A22","EABD4380-4EB4-037B-9439-3B80352E1864"
"Removed","SM_HW_EH_JambKit_Column_Base_A23","StaticMeshActor","DL_RENDER DL_OVERLAND","DL_RENDER","/Game/__ExternalActors__/Levels/Overland/Hogwarts/EntranceHall/LI_EntranceHall_EXT/E/AJ/KIN7B8K7666D0Y1DYQK336","LV_Overland/Hogwarts/LI_Hogwarts/LevelInstances/EntranceHall/LI_EntranceHall_EXT/RENDER/SM_HW_EH_JambKit_Column_Base_A23","554E6994-48F0-6087-AE17-F0A8DAD7AAE1"
"Removed","SM_HW_EH_JambKit_Column_Base_A7","StaticMeshActor","DL_RENDER DL_OVERLAND","DL_RENDER","/Game/__ExternalActors__/Levels/Overland/Hogwarts/EntranceHall/LI_EntranceHall_EXT/5/OF/0T6FMB64UA7AXKF0P525ZV","LV_Overland/Hogwarts/LI_Hogwarts/LevelInstances/EntranceHall/LI_EntranceHall_EXT/RENDER/SM_HW_EH_JambKit_Column_Base_A7","FBBF8DD5-4224-964A-F6F2-ABB5CD95F29B"
"Removed","SM_HW_EH_JambKit_Column_Base_A8","StaticMeshActor","DL_RENDER DL_OVERLAND","DL_RENDER","/Game/__ExternalActors__/Levels/Overland/Hogwarts/EntranceHall/LI_EntranceHall_EXT/A/5H/H2TJ48QEIX8URILXJ7GAEY","LV_Overland/Hogwarts/LI_Hogwarts/LevelInstances/EntranceHall/LI_EntranceHall_EXT/RENDER/SM_HW_EH_JambKit_Column_Base_A8","C9137E8B-4034-5158-3896-66AB55A88F88"
"Removed","SM_HW_EH_JambKit_Column_Base_C","StaticMeshActor","DL_RENDER DL_OVERLAND","DL_RENDER","/Game/__ExternalActors__/Levels/Overland/Hogwarts/EntranceHall/LI_EntranceHall_EXT/2/ZT/YS9E32YTGAUR5EUIKX8Q5G","LV_Overland/Hogwarts/LI_Hogwarts/LevelInstances/EntranceHall/LI_EntranceHall_EXT/SM_HW_EH_JambKit_Column_Base_C","CFB35043-4FF7-D4DE-8E79-77BF7897CBC2"
"Removed","SM_HW_EH_JambKit_Column_Base_C3","StaticMeshActor","DL_RENDER DL_OVERLAND","DL_RENDER","/Game/__ExternalActors__/Levels/Overland/Hogwarts/EntranceHall/LI_EntranceHall_EXT/4/WM/KZ8Q9SO1ENQCVBBX75UTXJ","LV_Overland/Hogwarts/LI_Hogwarts/LevelInstances/EntranceHall/LI_EntranceHall_EXT/SM_HW_EH_JambKit_Column_Base_C3","9A837D01-4F07-C417-01BE-AB8936DDBF2F"
"Removed","SM_HW_EH_JambKit_Column_Base_C4","StaticMeshActor","DL_RENDER DL_OVERLAND","DL_RENDER","/Game/__ExternalActors__/Levels/Overland/Hogwarts/EntranceHall/LI_EntranceHall_EXT/9/IT/ZD2KX7EQHBN87F1XUDFAJF","LV_Overland/Hogwarts/LI_Hogwarts/LevelInstances/EntranceHall/LI_EntranceHall_EXT/SM_HW_EH_JambKit_Column_Base_C4","71C69CFD-438B-058F-2A0F-A1AAAEB5C0BB"
"Removed","SM_HW_EH_JambKit_Column_Base_C5","StaticMeshActor","DL_RENDER DL_OVERLAND","DL_RENDER","/Game/__ExternalActors__/Levels/Overland/Hogwarts/EntranceHall/LI_EntranceHall_EXT/B/TN/C6TZB3UXEHB4ZIKXRFPVYX","LV_Overland/Hogwarts/LI_Hogwarts/LevelInstances/EntranceHall/LI_EntranceHall_EXT/SM_HW_EH_JambKit_Column_Base_C5","0139DC7E-42C3-52A9-36D8-8288B019A6CC"
"Removed","SM_HW_EH_JambKit_DecorPanel_A_34","StaticMeshActor","DL_RENDER DL_OVERLAND","DL_RENDER","/Game/__ExternalActors__/Levels/Overland/Hogwarts/EntranceHall/LI_EntranceHall_EXT/7/05/U7S8EW9AC6MMKOGVH8JEDR","LV_Overland/Hogwarts/LI_Hogwarts/LevelInstances/EntranceHall/LI_EntranceHall_EXT/RENDER/Porch/SM_HW_EH_JambKit_DecorPanel_A_34","A3BA6DAE-4E95-EBE7-3B6F-0880DF288D04"
"Removed","SM_HW_EH_JambKit_DecorPanel_A_37","StaticMeshActor","DL_RENDER DL_OVERLAND","DL_RENDER","/Game/__ExternalActors__/Levels/Overland/Hogwarts/EntranceHall/LI_EntranceHall_EXT/C/7K/RT8CLP37AVYMJYD3E2Q7I2","LV_Overland/Hogwarts/LI_Hogwarts/LevelInstances/EntranceHall/LI_EntranceHall_EXT/RENDER/Porch/SM_HW_EH_JambKit_DecorPanel_A_37","CE3E3A6A-4ECD-4942-1932-059B32AF8167"
"Removed","SM_HW_EH_JambKit_DecorPanel_A_39","StaticMeshActor","DL_RENDER DL_OVERLAND","DL_RENDER","/Game/__ExternalActors__/Levels/Overland/Hogwarts/EntranceHall/LI_EntranceHall_EXT/4/TL/A1KPKXB5CF9KULD4MNLULE","LV_Overland/Hogwarts/LI_Hogwarts/LevelInstances/EntranceHall/LI_EntranceHall_EXT/RENDER/Porch/SM_HW_EH_JambKit_DecorPanel_A_39","426778F5-4EF7-2383-9959-B994CE016913"
"Removed","SM_HW_EH_JambKit_DecorPanel_A_41","StaticMeshActor","DL_RENDER DL_OVERLAND","DL_RENDER","/Game/__ExternalActors__/Levels/Overland/Hogwarts/EntranceHall/LI_EntranceHall_EXT/9/KL/UKHMIA58QZQISATKLR86M2","LV_Overland/Hogwarts/LI_Hogwarts/LevelInstances/EntranceHall/LI_EntranceHall_EXT/RENDER/Porch/SM_HW_EH_JambKit_DecorPanel_A_41","5CCD218C-4A33-7D2F-CABB-6BBF66D8C7D6"
"Removed","SM_HW_EH_JambKit_DecorPanel_A_43","StaticMeshActor","DL_RENDER DL_OVERLAND","DL_RENDER","/Game/__ExternalActors__/Levels/Overland/Hogwarts/EntranceHall/LI_EntranceHall_EXT/D/DG/IC0JZIIW2F9VPHAMVEPHJQ","LV_Overland/Hogwarts/LI_Hogwarts/LevelInstances/EntranceHall/LI_EntranceHall_EXT/RENDER/Porch/SM_HW_EH_JambKit_DecorPanel_A_43","3A8BF304-41B5-F91A-6A06-D794AF599142"
"Removed","SM_HW_EH_JambKit_StatuePedestal_A_1","StaticMeshActor","DL_RENDER DL_OVERLAND","DL_RENDER","/Game/__ExternalActors__/Levels/Overland/Hogwarts/EntranceHall/LI_EntranceHall_EXT/C/66/VPJ1XH9J6OI5UMOCHQH1UW","LV_Overland/Hogwarts/LI_Hogwarts/LevelInstances/EntranceHall/LI_EntranceHall_EXT/RENDER/Porch/SM_HW_EH_JambKit_StatuePedestal_A_1","640E4622-4EA6-A4D3-9D29-4380EF0B4A71"
"Removed","SM_HW_EH_JambKit_StatuePedestal_A_2","StaticMeshActor","DL_RENDER DL_OVERLAND","DL_RENDER","/Game/__ExternalActors__/Levels/Overland/Hogwarts/EntranceHall/LI_EntranceHall_EXT/7/C6/K15YLLX5UQEY7QKVE7424I","LV_Overland/Hogwarts/LI_Hogwarts/LevelInstances/EntranceHall/LI_EntranceHall_EXT/RENDER/Porch/SM_HW_EH_JambKit_StatuePedestal_A_2","36325590-4A3B-018B-D740-C19BF37F9110"
"Removed","SM_HW_EH_Roof_A","StaticMeshActor","DL_RENDER DL_OVERLAND","DL_RENDER","/Game/__ExternalActors__/Levels/Overland/Hogwarts/EntranceHall/LI_EntranceHall_EXT/A/DH/NBVL4TDYHEVT8O0LPFFKH5","LV_Overland/Hogwarts/LI_Hogwarts/LevelInstances/EntranceHall/LI_EntranceHall_EXT/RENDER/SM_HW_EH_Roof_A","240811AA-49C5-BB83-D6B1-A0B478BD0DB8"
"Removed","SM_HW_EH_Roof_A3","StaticMeshActor","DL_RENDER DL_OVERLAND","DL_RENDER","/Game/__ExternalActors__/Levels/Overland/Hogwarts/EntranceHall/LI_EntranceHall_EXT/0/AH/RCP5WR0YQG3A43FKNU8GBU","LV_Overland/Hogwarts/LI_Hogwarts/LevelInstances/EntranceHall/LI_EntranceHall_EXT/RENDER/SM_HW_EH_Roof_A3","816A5643-4E90-935A-7B30-F3942545EFFF"
"Removed","SM_HW_EH_Roof_A4","StaticMeshActor","DL_RENDER DL_OVERLAND","DL_RENDER","/Game/__ExternalActors__/Levels/Overland/Hogwarts/EntranceHall/LI_EntranceHall_EXT/4/F8/SBFU56SIYIRFU7TXGZPIOQ","LV_Overland/Hogwarts/LI_Hogwarts/LevelInstances/EntranceHall/LI_EntranceHall_EXT/RENDER/SM_HW_EH_Roof_A4","9DED9CCF-43F2-21E7-41ED-61AD910F8282"
"Removed","SM_HW_EH_Tower_Roof_StoneTrim_B","StaticMeshActor","DL_RENDER DL_OVERLAND","DL_RENDER","/Game/__ExternalActors__/Levels/Overland/Hogwarts/EntranceHall/LI_EntranceHall_EXT/7/V2/HNKXH5QECY19YAQ7B9HOSZ","LV_Overland/Hogwarts/LI_Hogwarts/LevelInstances/EntranceHall/LI_EntranceHall_EXT/SM_HW_EH_Tower_Roof_StoneTrim_B","5C643845-4EAA-B191-0191-D491082EFBD8"
"Removed","SM_HW_EH_Tower_WindowDormer_A_1","StaticMeshActor","DL_RENDER DL_OVERLAND","DL_RENDER","/Game/__ExternalActors__/Levels/Overland/Hogwarts/EntranceHall/LI_EntranceHall_EXT/7/3Q/YGOAOA8TT6TY9SO9HK8TII","LV_Overland/Hogwarts/LI_Hogwarts/LevelInstances/EntranceHall/LI_EntranceHall_EXT/RENDER/Tower/SM_HW_EH_Tower_WindowDormer_A_1","E601EFB5-4CAF-4ADF-593A-D2948B2A03E8"
"Removed","SM_HW_EH_Tower_WindowDormer_A_2","StaticMeshActor","DL_RENDER DL_OVERLAND","DL_RENDER","/Game/__ExternalActors__/Levels/Overland/Hogwarts/EntranceHall/LI_EntranceHall_EXT/C/4T/N1ZXGUZYGSF00R0X04WW55","LV_Overland/Hogwarts/LI_Hogwarts/LevelInstances/EntranceHall/LI_EntranceHall_EXT/RENDER/Tower/SM_HW_EH_Tower_WindowDormer_A_2","0E0D62B8-4BC3-12F7-18A4-7A9363EC2AB9"
"Removed","SM_HW_EH_Tower_WindowDormer_A_3","StaticMeshActor","DL_RENDER DL_OVERLAND","DL_RENDER","/Game/__ExternalActors__/Levels/Overland/Hogwarts/EntranceHall/LI_EntranceHall_EXT/5/00/9VRSA2VWE0KTC4Y52IVCHN","LV_Overland/Hogwarts/LI_Hogwarts/LevelInstances/EntranceHall/LI_EntranceHall_EXT/RENDER/Tower/SM_HW_EH_Tower_WindowDormer_A_3","C2F483C6-446B-5732-00D1-F7BE0540C2B8"
"Removed","SM_HW_EH_Tower_WindowDormer_A_4","StaticMeshActor","DL_RENDER DL_OVERLAND","DL_RENDER","/Game/__ExternalActors__/Levels/Overland/Hogwarts/EntranceHall/LI_EntranceHall_EXT/D/FZ/WCMQGKF31HWTXXO4PDX2ER","LV_Overland/Hogwarts/LI_Hogwarts/LevelInstances/EntranceHall/LI_EntranceHall_EXT/RENDER/Tower/SM_HW_EH_Tower_WindowDormer_A_4","5AC8BDD2-49AB-757D-761F-F6A91BCD1DF8"
"Removed","SM_HW_EH_Tower_WindowDormer_A_5","StaticMeshActor","DL_RENDER DL_OVERLAND","DL_RENDER","/Game/__ExternalActors__/Levels/Overland/Hogwarts/EntranceHall/LI_EntranceHall_EXT/8/TY/6G6Q1NGXZPTZZL20TT1QGU","LV_Overland/Hogwarts/LI_Hogwarts/LevelInstances/EntranceHall/LI_EntranceHall_EXT/RENDER/Tower/SM_HW_EH_Tower_WindowDormer_A_5","20EC8660-4E0A-AA90-E979-CF88650F4718"
"Removed","SM_HW_EH_Tower_WindowDormer_A_6","StaticMeshActor","DL_RENDER DL_OVERLAND","DL_RENDER","/Game/__ExternalActors__/Levels/Overland/Hogwarts/EntranceHall/LI_EntranceHall_EXT/6/EF/6FR0T9KHIG7HVQJOE2VMN5","LV_Overland/Hogwarts/LI_Hogwarts/LevelInstances/EntranceHall/LI_EntranceHall_EXT/RENDER/Tower/SM_HW_EH_Tower_WindowDormer_A_6","01DA3021-490D-528F-E0A0-E8B3B3161546"
"Removed","SM_HW_EH_Trim_3m","StaticMeshActor","DL_RENDER DL_OVERLAND","DL_RENDER","/Game/__ExternalActors__/Levels/Overland/Hogwarts/EntranceHall/LI_EntranceHall_EXT/8/50/KW33Y19XL9PNLJPLSUBRWC","LV_Overland/Hogwarts/LI_Hogwarts/LevelInstances/EntranceHall/LI_EntranceHall_EXT/SM_HW_EH_Trim_3m","C7A952F3-4CCC-702F-6DE3-1DA90CD51497"
"Removed","SM_HW_EH_Trim_3m2","StaticMeshActor","DL_RENDER DL_OVERLAND","DL_RENDER","/Game/__ExternalActors__/Levels/Overland/Hogwarts/EntranceHall/LI_EntranceHall_EXT/2/4O/FIKNM82S4PKCEO0WOH58GM","LV_Overland/Hogwarts/LI_Hogwarts/LevelInstances/EntranceHall/LI_EntranceHall_EXT/SM_HW_EH_Trim_3m2","71964A83-49DC-335F-FB11-BFBB1DDF0BE9"
"Removed","SM_HW_EH_Trim_3m3","StaticMeshActor","DL_RENDER DL_OVERLAND","DL_RENDER","/Game/__ExternalActors__/Levels/Overland/Hogwarts/EntranceHall/LI_EntranceHall_EXT/B/OB/STRO94A6DIEE12YT04WFWP","LV_Overland/Hogwarts/LI_Hogwarts/LevelInstances/EntranceHall/LI_EntranceHall_EXT/SM_HW_EH_Trim_3m3","91B7B020-42F0-0D43-F064-888517B9D8BF"
"Removed","SM_HW_EH_Trim_3m4","StaticMeshActor","DL_RENDER DL_OVERLAND","DL_RENDER","/Game/__ExternalActors__/Levels/Overland/Hogwarts/EntranceHall/LI_EntranceHall_EXT/B/NU/DCHJ7GW71MDO9SC5XZ5O4F","LV_Overland/Hogwarts/LI_Hogwarts/LevelInstances/EntranceHall/LI_EntranceHall_EXT/SM_HW_EH_Trim_3m4","366805D4-4D89-EA2A-61B2-D8B6DD472B46"
"Removed","SM_HW_EH_Trim_3m6","StaticMeshActor","DL_RENDER DL_OVERLAND","DL_RENDER","/Game/__ExternalActors__/Levels/Overland/Hogwarts/EntranceHall/LI_EntranceHall_EXT/2/YG/O384NEUGDSHUVNJEN4OWSL","LV_Overland/Hogwarts/LI_Hogwarts/LevelInstances/EntranceHall/LI_EntranceHall_EXT/SM_HW_EH_Trim_3m6","FF521F86-4C3B-5048-6BEF-7E91A669674C"
"Removed","SM_HW_EH_Trim_3m7","StaticMeshActor","DL_RENDER DL_OVERLAND","DL_RENDER","/Game/__ExternalActors__/Levels/Overland/Hogwarts/EntranceHall/LI_EntranceHall_EXT/8/U8/RBLA3DORHTV1FKKW5BTTW2","LV_Overland/Hogwarts/LI_Hogwarts/LevelInstances/EntranceHall/LI_EntranceHall_EXT/SM_HW_EH_Trim_3m7","6991373E-4349-08DE-54DF-108DD9AC643E"
"Removed","SM_HW_EH_Trim_3m8","StaticMeshActor","DL_RENDER DL_OVERLAND","DL_RENDER","/Game/__ExternalActors__/Levels/Overland/Hogwarts/EntranceHall/LI_EntranceHall_EXT/B/SK/HHQUL85OZU4WKFTQBSO76I","LV_Overland/Hogwarts/LI_Hogwarts/LevelInstances/EntranceHall/LI_EntranceHall_EXT/SM_HW_EH_Trim_3m8","E1936F70-4DDF-282E-97E4-F3833F344F0B"
"Removed","SM_HW_EH_Trim_3m9","StaticMeshActor","DL_RENDER DL_OVERLAND","DL_RENDER","/Game/__ExternalActors__/Levels/Overland/Hogwarts/EntranceHall/LI_EntranceHall_EXT/5/MK/LJMM9B0Y3H2VG82S6IJ7T2","LV_Overland/Hogwarts/LI_Hogwarts/LevelInstances/EntranceHall/LI_EntranceHall_EXT/SM_HW_EH_Trim_3m9","954AC70C-48A8-A5F8-E272-EFBCE718DA1B"
"Removed","SM_HW_EH_Trim_A","StaticMeshActor","DL_RENDER DL_OVERLAND","DL_RENDER","/Game/__ExternalActors__/Levels/Overland/Hogwarts/EntranceHall/LI_EntranceHall_EXT/3/KQ/UTJV4HQA6VCWWAM9RAAME0","LV_Overland/Hogwarts/LI_Hogwarts/LevelInstances/EntranceHall/LI_EntranceHall_EXT/SM_HW_EH_Trim_A","BF8641F8-42C3-FCB0-EED0-6FAC9E3F6D9A"
"Removed","SM_HW_EH_Trim_A2","StaticMeshActor","DL_RENDER DL_OVERLAND","DL_RENDER","/Game/__ExternalActors__/Levels/Overland/Hogwarts/EntranceHall/LI_EntranceHall_EXT/5/KY/RE11D3HF01HDDOORPVSOU5","LV_Overland/Hogwarts/LI_Hogwarts/LevelInstances/EntranceHall/LI_EntranceHall_EXT/SM_HW_EH_Trim_A2","CE2BBF38-4362-B122-C1E5-ED91E1873114"
"Removed","SM_HW_EH_Trim_A3","StaticMeshActor","DL_RENDER DL_OVERLAND","DL_RENDER","/Game/__ExternalActors__/Levels/Overland/Hogwarts/EntranceHall/LI_EntranceHall_EXT/1/UJ/52SIHN438WCMR3RG3HLXYE","LV_Overland/Hogwarts/LI_Hogwarts/LevelInstances/EntranceHall/LI_EntranceHall_EXT/SM_HW_EH_Trim_A3","328EF073-4DA3-8CDC-F11B-159D20146CA1"
"Removed","SM_HW_EH_Trim_A4","StaticMeshActor","DL_RENDER DL_OVERLAND","DL_RENDER","/Game/__ExternalActors__/Levels/Overland/Hogwarts/EntranceHall/LI_EntranceHall_EXT/2/NC/8I55ZT199JV72TEI984B47","LV_Overland/Hogwarts/LI_Hogwarts/LevelInstances/EntranceHall/LI_EntranceHall_EXT/SM_HW_EH_Trim_A4","A6E247C3-4298-97DE-2206-CEBB2A2C4D39"
"Removed","SM_HW_EH_Trim_A5","StaticMeshActor","DL_RENDER DL_OVERLAND","DL_RENDER","/Game/__ExternalActors__/Levels/Overland/Hogwarts/EntranceHall/LI_EntranceHall_EXT/1/XE/2ADANTPDDM496AGVTLU76T","LV_Overland/Hogwarts/LI_Hogwarts/LevelInstances/EntranceHall/LI_EntranceHall_EXT/SM_HW_EH_Trim_A5","2F7B7A9F-436F-84A8-2E80-B38DCBAC1AE9"
"Removed","SM_HW_EH_Trim_A6","StaticMeshActor","DL_RENDER DL_OVERLAND","DL_RENDER","/Game/__ExternalActors__/Levels/Overland/Hogwarts/EntranceHall/LI_EntranceHall_EXT/0/R3/U8MY7V382HNNEXG6F40CSL","LV_Overland/Hogwarts/LI_Hogwarts/LevelInstances/EntranceHall/LI_EntranceHall_EXT/SM_HW_EH_Trim_A6","3ECB1C3E-4444-8109-9AE7-EFB08963015F"
"Removed","SM_HW_EH_Trim_A7","StaticMeshActor","DL_RENDER DL_OVERLAND","DL_RENDER","/Game/__ExternalActors__/Levels/Overland/Hogwarts/EntranceHall/LI_EntranceHall_EXT/1/YT/DDW7VWUBIECDE8DASGT5RN","LV_Overland/Hogwarts/LI_Hogwarts/LevelInstances/EntranceHall/LI_EntranceHall_EXT/SM_HW_EH_Trim_A7","11DB9BB9-468B-6095-D108-AC868320997C"
"Removed","SM_HW_EH_Trim_A8","StaticMeshActor","DL_RENDER DL_OVERLAND","DL_RENDER","/Game/__ExternalActors__/Levels/Overland/Hogwarts/EntranceHall/LI_EntranceHall_EXT/A/GS/WM555WE95NOS2ASZAGL3XC","LV_Overland/Hogwarts/LI_Hogwarts/LevelInstances/EntranceHall/LI_EntranceHall_EXT/SM_HW_EH_Trim_A8","B6DB1EBA-44F8-90FB-C464-7683E4131785"
"Removed","SM_HW_EH_Trim_A9","StaticMeshActor","DL_RENDER DL_OVERLAND","DL_RENDER","/Game/__ExternalActors__/Levels/Overland/Hogwarts/EntranceHall/LI_EntranceHall_EXT/0/SX/MRKBGDCU4HVOX21G0RBX1O","LV_Overland/Hogwarts/LI_Hogwarts/LevelInstances/EntranceHall/LI_EntranceHall_EXT/SM_HW_EH_Trim_A9","747C59C2-47C2-DE47-D847-E796BDEBDCA5"
"Removed","SM_HW_EH_Trim_Small_A","StaticMeshActor","DL_RENDER DL_OVERLAND","DL_RENDER","/Game/__ExternalActors__/Levels/Overland/Hogwarts/EntranceHall/LI_EntranceHall_EXT/B/8L/6PNG6J95ASPYL37EU4XDX5","LV_Overland/Hogwarts/LI_Hogwarts/LevelInstances/EntranceHall/LI_EntranceHall_EXT/SM_HW_EH_Trim_Small_A","7432ECAB-47F9-9A21-6FA3-058E96AC96B2"
"Removed","SM_HW_EH_Trim_Small_A2","StaticMeshActor","DL_RENDER DL_OVERLAND","DL_RENDER","/Game/__ExternalActors__/Levels/Overland/Hogwarts/EntranceHall/LI_EntranceHall_EXT/A/T7/F11T8MMTH4TXNHEDP1ZB0T","LV_Overland/Hogwarts/LI_Hogwarts/LevelInstances/EntranceHall/LI_EntranceHall_EXT/SM_HW_EH_Trim_Small_A2","2380017D-47F5-3C19-61E3-529529A16689"
"Removed","SM_HW_EH_Trim_Small_A3","StaticMeshActor","DL_RENDER DL_OVERLAND","DL_RENDER","/Game/__ExternalActors__/Levels/Overland/Hogwarts/EntranceHall/LI_EntranceHall_EXT/B/QF/VEG0SEG0WSVG0G6YJNY9OT","LV_Overland/Hogwarts/LI_Hogwarts/LevelInstances/EntranceHall/LI_EntranceHall_EXT/SM_HW_EH_Trim_Small_A3","63B45B47-4068-3B9B-C1F9-508EA1568879"
"Removed","SM_HW_EH_Trim_Small_A4","StaticMeshActor","DL_RENDER DL_OVERLAND","DL_RENDER","/Game/__ExternalActors__/Levels/Overland/Hogwarts/EntranceHall/LI_EntranceHall_EXT/3/J8/Z7227C2G9KWBVK7CH15XWG","LV_Overland/Hogwarts/LI_Hogwarts/LevelInstances/EntranceHall/LI_EntranceHall_EXT/SM_HW_EH_Trim_Small_A4","68B0E563-4B54-BE0C-0567-5F8CB79F7CCE"
"Removed","SM_HW_EH_Trim_Small_A5","StaticMeshActor","DL_RENDER DL_OVERLAND","DL_RENDER","/Game/__ExternalActors__/Levels/Overland/Hogwarts/EntranceHall/LI_EntranceHall_EXT/D/HK/MS5DP0PNJM5QSFFYIH5IAF","LV_Overland/Hogwarts/LI_Hogwarts/LevelInstances/EntranceHall/LI_EntranceHall_EXT/SM_HW_EH_Trim_Small_A5","30DA3867-4879-2A68-6DE1-E4B9C5360151"
"Removed","SM_HW_EH_Trim_Small_A6","StaticMeshActor","DL_RENDER DL_OVERLAND","DL_RENDER","/Game/__ExternalActors__/Levels/Overland/Hogwarts/EntranceHall/LI_EntranceHall_EXT/3/4X/JJ4QJNC69B0XX7V6D5IG60","LV_Overland/Hogwarts/LI_Hogwarts/LevelInstances/EntranceHall/LI_EntranceHall_EXT/SM_HW_EH_Trim_Small_A6","AD0BBE1E-4701-8C2A-B170-59AC22A1F08F"
"Removed","SM_HW_EH_Trim_Small_B","StaticMeshActor","DL_RENDER DL_OVERLAND","DL_RENDER","/Game/__ExternalActors__/Levels/Overland/Hogwarts/EntranceHall/LI_EntranceHall_EXT/C/QM/7IQHJKVGEYC2W7H5LZ9KTZ","LV_Overland/Hogwarts/LI_Hogwarts/LevelInstances/EntranceHall/LI_EntranceHall_EXT/SM_HW_EH_Trim_Small_B","48642605-4E8A-8D02-C98B-B1B4846A2482"
"Removed","SM_HW_EH_Trim_Small_B10","StaticMeshActor","DL_RENDER DL_OVERLAND","DL_RENDER","/Game/__ExternalActors__/Levels/Overland/Hogwarts/EntranceHall/LI_EntranceHall_EXT/1/OA/SMM6YC7DIDDI3GXOINMO94","LV_Overland/Hogwarts/LI_Hogwarts/LevelInstances/EntranceHall/LI_EntranceHall_EXT/SM_HW_EH_Trim_Small_B10","B7734A6F-4678-6B34-6AC8-31AFA5198E04"
"Removed","SM_HW_EH_Trim_Small_B11","StaticMeshActor","DL_RENDER DL_OVERLAND","DL_RENDER","/Game/__ExternalActors__/Levels/Overland/Hogwarts/EntranceHall/LI_EntranceHall_EXT/0/RO/INAIL1GFWO3J9CJM39HGAP","LV_Overland/Hogwarts/LI_Hogwarts/LevelInstances/EntranceHall/LI_EntranceHall_EXT/SM_HW_EH_Trim_Small_B11","6F255D89-448E-8FEB-C20D-CEB51DBF2FC7"
"Removed","SM_HW_EH_Trim_Small_B12","StaticMeshActor","DL_RENDER DL_OVERLAND","DL_RENDER","/Game/__ExternalActors__/Levels/Overland/Hogwarts/EntranceHall/LI_EntranceHall_EXT/8/QA/2OFR8NOMAEM48H1A5YMQZM","LV_Overland/Hogwarts/LI_Hogwarts/LevelInstances/EntranceHall/LI_EntranceHall_EXT/SM_HW_EH_Trim_Small_B12","B32D4DA7-4CFB-E241-B606-5E83B52473AE"
"Removed","SM_HW_EH_Trim_Small_B13","StaticMeshActor","DL_RENDER DL_OVERLAND","DL_RENDER","/Game/__ExternalActors__/Levels/Overland/Hogwarts/EntranceHall/LI_EntranceHall_EXT/F/5J/DAZH4PF01BAELH07CYSSUB","LV_Overland/Hogwarts/LI_Hogwarts/LevelInstances/EntranceHall/LI_EntranceHall_EXT/SM_HW_EH_Trim_Small_B13","E76BF5F1-4A58-0DE3-8862-5E995041EA98"
"Removed","SM_HW_EH_Trim_Small_B14","StaticMeshActor","DL_RENDER DL_OVERLAND","DL_RENDER","/Game/__ExternalActors__/Levels/Overland/Hogwarts/EntranceHall/LI_EntranceHall_EXT/1/IR/TM5V4J9IYCRRJTICEX8OM2","LV_Overland/Hogwarts/LI_Hogwarts/LevelInstances/EntranceHall/LI_EntranceHall_EXT/SM_HW_EH_Trim_Small_B14","958118F6-4A21-B3C8-5DA1-298182BFDA57"
"Removed","SM_HW_EH_Trim_Small_B15","StaticMeshActor","DL_RENDER DL_OVERLAND","DL_RENDER","/Game/__ExternalActors__/Levels/Overland/Hogwarts/EntranceHall/LI_EntranceHall_EXT/8/IP/IR25L5C62Q1PVEYLKIW3DB","LV_Overland/Hogwarts/LI_Hogwarts/LevelInstances/EntranceHall/LI_EntranceHall_EXT/SM_HW_EH_Trim_Small_B15","F20913CB-4BFE-07C6-9777-F7AF6796164C"
"Removed","SM_HW_EH_Trim_Small_B16","StaticMeshActor","DL_RENDER DL_OVERLAND","DL_RENDER","/Game/__ExternalActors__/Levels/Overland/Hogwarts/EntranceHall/LI_EntranceHall_EXT/0/47/IPRWCMK158Y97JTL13TIUG","LV_Overland/Hogwarts/LI_Hogwarts/LevelInstances/EntranceHall/LI_EntranceHall_EXT/SM_HW_EH_Trim_Small_B16","304AAE28-4E2C-1F33-CDAE-FBBD105CC743"
"Removed","SM_HW_EH_Trim_Small_B17","StaticMeshActor","DL_RENDER DL_OVERLAND","DL_RENDER","/Game/__ExternalActors__/Levels/Overland/Hogwarts/EntranceHall/LI_EntranceHall_EXT/3/ON/5MD60TTW836P2WDJYILDII","LV_Overland/Hogwarts/LI_Hogwarts/LevelInstances/EntranceHall/LI_EntranceHall_EXT/SM_HW_EH_Trim_Small_B17","A501C6B6-42C1-0030-3464-B8B0595EDADE"
"Removed","SM_HW_EH_Trim_Small_B18","StaticMeshActor","DL_RENDER DL_OVERLAND","DL_RENDER","/Game/__ExternalActors__/Levels/Overland/Hogwarts/EntranceHall/LI_EntranceHall_EXT/3/QN/O1432DVXZTFE9VE1V5A18A","LV_Overland/Hogwarts/LI_Hogwarts/LevelInstances/EntranceHall/LI_EntranceHall_EXT/SM_HW_EH_Trim_Small_B18","59B947F5-4719-AC12-A849-7499BC470044"
"Removed","SM_HW_EH_Trim_Small_B19","StaticMeshActor","DL_RENDER DL_OVERLAND","DL_RENDER","/Game/__ExternalActors__/Levels/Overland/Hogwarts/EntranceHall/LI_EntranceHall_EXT/8/Q4/LTPYKY6HNVM2EHUPXG2LAQ","LV_Overland/Hogwarts/LI_Hogwarts/LevelInstances/EntranceHall/LI_EntranceHall_EXT/SM_HW_EH_Trim_Small_B19","41EF5CEB-4B59-2756-75D0-1B85D2BD0E22"
"Removed","SM_HW_EH_Trim_Small_B2","StaticMeshActor","DL_RENDER DL_OVERLAND","DL_RENDER","/Game/__ExternalActors__/Levels/Overland/Hogwarts/EntranceHall/LI_EntranceHall_EXT/5/SN/HNVJGMZUFL0K2KB4P256JX","LV_Overland/Hogwarts/LI_Hogwarts/LevelInstances/EntranceHall/LI_EntranceHall_EXT/SM_HW_EH_Trim_Small_B2","6FF253AB-40BF-52B5-906B-67B25D401098"
"Removed","SM_HW_EH_Trim_Small_B20","StaticMeshActor","DL_RENDER DL_OVERLAND","DL_RENDER","/Game/__ExternalActors__/Levels/Overland/Hogwarts/EntranceHall/LI_EntranceHall_EXT/2/3G/NN1HJYBJI961MSXL961HNM","LV_Overland/Hogwarts/LI_Hogwarts/LevelInstances/EntranceHall/LI_EntranceHall_EXT/SM_HW_EH_Trim_Small_B20","2954FB98-40F2-CA3D-39E6-BFBBCDDE2A3B"
"Removed","SM_HW_EH_Trim_Small_B21","StaticMeshActor","DL_RENDER DL_OVERLAND","DL_RENDER","/Game/__ExternalActors__/Levels/Overland/Hogwarts/EntranceHall/LI_EntranceHall_EXT/6/V8/UJ0C24U0KFK5G8HY0TDKLT","LV_Overland/Hogwarts/LI_Hogwarts/LevelInstances/EntranceHall/LI_EntranceHall_EXT/SM_HW_EH_Trim_Small_B21","274058CE-4753-F7A8-DD88-68B84F10FCF0"
"Removed","SM_HW_EH_Trim_Small_B22","StaticMeshActor","DL_RENDER DL_OVERLAND","DL_RENDER","/Game/__ExternalActors__/Levels/Overland/Hogwarts/EntranceHall/LI_EntranceHall_EXT/0/NH/037KDIES381CPCBZFAK1YE","LV_Overland/Hogwarts/LI_Hogwarts/LevelInstances/EntranceHall/LI_EntranceHall_EXT/SM_HW_EH_Trim_Small_B22","506C18FD-4BF5-A3BC-4860-CEA56F7CA44E"
"Removed","SM_HW_EH_Trim_Small_B23","StaticMeshActor","DL_RENDER DL_OVERLAND","DL_RENDER","/Game/__ExternalActors__/Levels/Overland/Hogwarts/EntranceHall/LI_EntranceHall_EXT/B/GS/MMDYPZ5XOR1OG7YJSRK1A2","LV_Overland/Hogwarts/LI_Hogwarts/LevelInstances/EntranceHall/LI_EntranceHall_EXT/SM_HW_EH_Trim_Small_B23","969067B8-454F-933D-1873-18AC0B3F5241"
"Removed","SM_HW_EH_Trim_Small_B24","StaticMeshActor","DL_RENDER DL_OVERLAND","DL_RENDER","/Game/__ExternalActors__/Levels/Overland/Hogwarts/EntranceHall/LI_EntranceHall_EXT/C/F3/NY34XPADAUDAG7HFA0IVKB","LV_Overland/Hogwarts/LI_Hogwarts/LevelInstances/EntranceHall/LI_EntranceHall_EXT/SM_HW_EH_Trim_Small_B24","4E99D3AE-4BE6-B887-A229-828D2EA03C80"
"Removed","SM_HW_EH_Trim_Small_B25","StaticMeshActor","DL_RENDER DL_OVERLAND","DL_RENDER","/Game/__ExternalActors__/Levels/Overland/Hogwarts/EntranceHall/LI_EntranceHall_EXT/E/QI/TI706JI9W828D68K3TLJXL","LV_Overland/Hogwarts/LI_Hogwarts/LevelInstances/EntranceHall/LI_EntranceHall_EXT/SM_HW_EH_Trim_Small_B25","96A1EE22-4400-B1B7-0503-A7A81352D09D"
"Removed","SM_HW_EH_Trim_Small_B26","StaticMeshActor","DL_RENDER DL_OVERLAND","DL_RENDER","/Game/__ExternalActors__/Levels/Overland/Hogwarts/EntranceHall/LI_EntranceHall_EXT/7/Q3/WRB0TCF6VIEE9WFH25GXV6","LV_Overland/Hogwarts/LI_Hogwarts/LevelInstances/EntranceHall/LI_EntranceHall_EXT/SM_HW_EH_Trim_Small_B26","CA60B4E2-4DA1-0C84-7263-8AB53E12B3A6"
"Removed","SM_HW_EH_Trim_Small_B27","StaticMeshActor","DL_RENDER DL_OVERLAND","DL_RENDER","/Game/__ExternalActors__/Levels/Overland/Hogwarts/EntranceHall/LI_EntranceHall_EXT/B/I8/PPG8IZJ96PX4RFFSOZB13C","LV_Overland/Hogwarts/LI_Hogwarts/LevelInstances/EntranceHall/LI_EntranceHall_EXT/SM_HW_EH_Trim_Small_B27","FD3402EB-42DB-F93A-DB25-8D907ECB8975"
"Removed","SM_HW_EH_Trim_Small_B28","StaticMeshActor","DL_RENDER DL_OVERLAND","DL_RENDER","/Game/__ExternalActors__/Levels/Overland/Hogwarts/EntranceHall/LI_EntranceHall_EXT/F/56/H97DD35UAJJXVW3DS915IH","LV_Overland/Hogwarts/LI_Hogwarts/LevelInstances/EntranceHall/LI_EntranceHall_EXT/SM_HW_EH_Trim_Small_B28","A4DD0F8F-4761-FEA0-6EAC-7F9FDFC70FC7"
"Removed","SM_HW_EH_Trim_Small_B29","StaticMeshActor","DL_RENDER DL_OVERLAND","DL_RENDER","/Game/__ExternalActors__/Levels/Overland/Hogwarts/EntranceHall/LI_EntranceHall_EXT/6/T4/2HL0PHMHENB1XR51IFRRLU","LV_Overland/Hogwarts/LI_Hogwarts/LevelInstances/EntranceHall/LI_EntranceHall_EXT/SM_HW_EH_Trim_Small_B29","3C53524A-4798-87A0-D96B-12AE1AF08B2C"
"Removed","SM_HW_EH_Trim_Small_B3","StaticMeshActor","DL_RENDER DL_OVERLAND","DL_RENDER","/Game/__ExternalActors__/Levels/Overland/Hogwarts/EntranceHall/LI_EntranceHall_EXT/0/5F/YN1G20PL7MU20PG29X68TV","LV_Overland/Hogwarts/LI_Hogwarts/LevelInstances/EntranceHall/LI_EntranceHall_EXT/SM_HW_EH_Trim_Small_B3","073645DC-45F8-3606-3DCD-D796CC332324"
"Removed","SM_HW_EH_Trim_Small_B30","StaticMeshActor","DL_RENDER DL_OVERLAND","DL_RENDER","/Game/__ExternalActors__/Levels/Overland/Hogwarts/EntranceHall/LI_EntranceHall_EXT/9/WY/VKJEX3BDAFF04EGTONGH2B","LV_Overland/Hogwarts/LI_Hogwarts/LevelInstances/EntranceHall/LI_EntranceHall_EXT/SM_HW_EH_Trim_Small_B30","8340D8B4-43C4-B244-6D4E-0EBD7764B779"
"Removed","SM_HW_EH_Trim_Small_B31","StaticMeshActor","DL_RENDER DL_OVERLAND","DL_RENDER","/Game/__ExternalActors__/Levels/Overland/Hogwarts/EntranceHall/LI_EntranceHall_EXT/A/1W/BD2AXGCAC77HNRW854GOUE","LV_Overland/Hogwarts/LI_Hogwarts/LevelInstances/EntranceHall/LI_EntranceHall_EXT/SM_HW_EH_Trim_Small_B31","649858E5-4C78-107B-97E3-BDB749ACCE00"
"Removed","SM_HW_EH_Trim_Small_B32","StaticMeshActor","DL_RENDER DL_OVERLAND","DL_RENDER","/Game/__ExternalActors__/Levels/Overland/Hogwarts/EntranceHall/LI_EntranceHall_EXT/7/7A/2M87WIYG4VKL4Y0W3HC3FH","LV_Overland/Hogwarts/LI_Hogwarts/LevelInstances/EntranceHall/LI_EntranceHall_EXT/SM_HW_EH_Trim_Small_B32","C482F555-4044-457E-2650-E79E3B83533F"
"Removed","SM_HW_EH_Trim_Small_B33","StaticMeshActor","DL_RENDER DL_OVERLAND","DL_RENDER","/Game/__ExternalActors__/Levels/Overland/Hogwarts/EntranceHall/LI_EntranceHall_EXT/6/HC/Y4ZL3JUCFXB8M3PKKZL4UB","LV_Overland/Hogwarts/LI_Hogwarts/LevelInstances/EntranceHall/LI_EntranceHall_EXT/SM_HW_EH_Trim_Small_B33","D6BE9E1D-4AAC-542E-31A5-B3A9AB5F27F4"
"Removed","SM_HW_EH_Trim_Small_B34","StaticMeshActor","DL_RENDER DL_OVERLAND","DL_RENDER","/Game/__ExternalActors__/Levels/Overland/Hogwarts/EntranceHall/LI_EntranceHall_EXT/5/O7/HLS6QPS237ONMSR6FS1NU0","LV_Overland/Hogwarts/LI_Hogwarts/LevelInstances/EntranceHall/LI_EntranceHall_EXT/SM_HW_EH_Trim_Small_B34","EDC73CD8-47BC-DC04-794D-E0A07978B237"
"Removed","SM_HW_EH_Trim_Small_B35","StaticMeshActor","DL_RENDER DL_OVERLAND","DL_RENDER","/Game/__ExternalActors__/Levels/Overland/Hogwarts/EntranceHall/LI_EntranceHall_EXT/E/FC/UJB6Y46Z8OGVL48QSJVZ49","LV_Overland/Hogwarts/LI_Hogwarts/LevelInstances/EntranceHall/LI_EntranceHall_EXT/SM_HW_EH_Trim_Small_B35","21FA40C1-4F37-1616-EB25-DF9166B2D214"
"Removed","SM_HW_EH_Trim_Small_B36","StaticMeshActor","DL_RENDER DL_OVERLAND","DL_RENDER","/Game/__ExternalActors__/Levels/Overland/Hogwarts/EntranceHall/LI_EntranceHall_EXT/8/X1/3XUY4UTTVKVLTZNWFI1JF3","LV_Overland/Hogwarts/LI_Hogwarts/LevelInstances/EntranceHall/LI_EntranceHall_EXT/SM_HW_EH_Trim_Small_B36","99EC5E2D-4BD4-2F8F-DB39-3B898A60CC4C"
"Removed","SM_HW_EH_Trim_Small_B37","StaticMeshActor","DL_RENDER DL_OVERLAND","DL_RENDER","/Game/__ExternalActors__/Levels/Overland/Hogwarts/EntranceHall/LI_EntranceHall_EXT/2/WJ/LXA4ER3VYBFWAA16H96AJJ","LV_Overland/Hogwarts/LI_Hogwarts/LevelInstances/EntranceHall/LI_EntranceHall_EXT/SM_HW_EH_Trim_Small_B37","528D0C26-474C-1877-1900-C9BE9718DF11"
"Removed","SM_HW_EH_Trim_Small_B38","StaticMeshActor","DL_RENDER DL_OVERLAND","DL_RENDER","/Game/__ExternalActors__/Levels/Overland/Hogwarts/EntranceHall/LI_EntranceHall_EXT/3/1K/3AHGSW73G3ZM4I0PRL35DA","LV_Overland/Hogwarts/LI_Hogwarts/LevelInstances/EntranceHall/LI_EntranceHall_EXT/SM_HW_EH_Trim_Small_B38","6718B1FA-4975-1777-6874-32A4905706CF"
"Removed","SM_HW_EH_Trim_Small_B39","StaticMeshActor","DL_RENDER DL_OVERLAND","DL_RENDER","/Game/__ExternalActors__/Levels/Overland/Hogwarts/EntranceHall/LI_EntranceHall_EXT/7/W0/8G3OE6H74HVIQGJOKHINH4","LV_Overland/Hogwarts/LI_Hogwarts/LevelInstances/EntranceHall/LI_EntranceHall_EXT/SM_HW_EH_Trim_Small_B39","852517D9-4B84-5E00-A696-25B8B7B50722"
"Removed","SM_HW_EH_Trim_Small_B4","StaticMeshActor","DL_RENDER DL_OVERLAND","DL_RENDER","/Game/__ExternalActors__/Levels/Overland/Hogwarts/EntranceHall/LI_EntranceHall_EXT/B/O5/PR46UP736E44O2PJ4OWZWN","LV_Overland/Hogwarts/LI_Hogwarts/LevelInstances/EntranceHall/LI_EntranceHall_EXT/SM_HW_EH_Trim_Small_B4","461336F9-4A5C-7732-75A8-79B7648B66C2"
"Removed","SM_HW_EH_Trim_Small_B40","StaticMeshActor","DL_RENDER DL_OVERLAND","DL_RENDER","/Game/__ExternalActors__/Levels/Overland/Hogwarts/EntranceHall/LI_EntranceHall_EXT/1/E4/Q60HAWXJPC06W4NZTLTOI1","LV_Overland/Hogwarts/LI_Hogwarts/LevelInstances/EntranceHall/LI_EntranceHall_EXT/SM_HW_EH_Trim_Small_B40","025940C1-4804-42DF-A63C-FCBC89CDF131"
"Removed","SM_HW_EH_Trim_Small_B41","StaticMeshActor","DL_RENDER DL_OVERLAND","DL_RENDER","/Game/__ExternalActors__/Levels/Overland/Hogwarts/EntranceHall/LI_EntranceHall_EXT/8/05/I4N6C49H01A8KK72RUCZI9","LV_Overland/Hogwarts/LI_Hogwarts/LevelInstances/EntranceHall/LI_EntranceHall_EXT/SM_HW_EH_Trim_Small_B41","BC774E41-468F-FB33-FA78-BC87FD5FB080"
"Removed","SM_HW_EH_Trim_Small_B42","StaticMeshActor","DL_RENDER DL_OVERLAND","DL_RENDER","/Game/__ExternalActors__/Levels/Overland/Hogwarts/EntranceHall/LI_EntranceHall_EXT/5/17/A74L036NTRXAFQQUEY2B8P","LV_Overland/Hogwarts/LI_Hogwarts/LevelInstances/EntranceHall/LI_EntranceHall_EXT/SM_HW_EH_Trim_Small_B42","D90156DF-410B-4B3B-B1A3-1EB75D3B3158"
"Removed","SM_HW_EH_Trim_Small_B43","StaticMeshActor","DL_RENDER DL_OVERLAND","DL_RENDER","/Game/__ExternalActors__/Levels/Overland/Hogwarts/EntranceHall/LI_EntranceHall_EXT/F/0D/QBIM9DQUPST8OV810NUC54","LV_Overland/Hogwarts/LI_Hogwarts/LevelInstances/EntranceHall/LI_EntranceHall_EXT/SM_HW_EH_Trim_Small_B43","D518B936-4121-6CC9-62F0-FEA5F01E94F2"
"Removed","SM_HW_EH_Trim_Small_B44","StaticMeshActor","DL_RENDER DL_OVERLAND","DL_RENDER","/Game/__ExternalActors__/Levels/Overland/Hogwarts/EntranceHall/LI_EntranceHall_EXT/B/HE/PPPLC3GD2J9IKOWM1TL5IB","LV_Overland/Hogwarts/LI_Hogwarts/LevelInstances/EntranceHall/LI_EntranceHall_EXT/SM_HW_EH_Trim_Small_B44","BFAEC804-4C1A-71E3-C818-C0BFB73DF326"
"Removed","SM_HW_EH_Trim_Small_B45","StaticMeshActor","DL_RENDER DL_OVERLAND","DL_RENDER","/Game/__ExternalActors__/Levels/Overland/Hogwarts/EntranceHall/LI_EntranceHall_EXT/3/61/F4DGC93QFC94BVBR837MZ5","LV_Overland/Hogwarts/LI_Hogwarts/LevelInstances/EntranceHall/LI_EntranceHall_EXT/SM_HW_EH_Trim_Small_B45","88F8558E-49E6-2BB6-516D-9181178547F2"
"Removed","SM_HW_EH_Trim_Small_B46","StaticMeshActor","DL_RENDER DL_OVERLAND","DL_RENDER","/Game/__ExternalActors__/Levels/Overland/Hogwarts/EntranceHall/LI_EntranceHall_EXT/9/9M/UKO4GE5OC5TPBOB5JDB774","LV_Overland/Hogwarts/LI_Hogwarts/LevelInstances/EntranceHall/LI_EntranceHall_EXT/SM_HW_EH_Trim_Small_B46","423E8BE0-4ADB-1C60-B61F-19ADCDB1EA6E"
"Removed","SM_HW_EH_Trim_Small_B47","StaticMeshActor","DL_RENDER DL_OVERLAND","DL_RENDER","/Game/__ExternalActors__/Levels/Overland/Hogwarts/EntranceHall/LI_EntranceHall_EXT/D/BR/NK5T692RS7BCBBSFXZDUC8","LV_Overland/Hogwarts/LI_Hogwarts/LevelInstances/EntranceHall/LI_EntranceHall_EXT/SM_HW_EH_Trim_Small_B47","A3AF38BA-443F-ED3E-A2F4-73A1D1F8F767"
"Removed","SM_HW_EH_Trim_Small_B48","StaticMeshActor","DL_RENDER DL_OVERLAND","DL_RENDER","/Game/__ExternalActors__/Levels/Overland/Hogwarts/EntranceHall/LI_EntranceHall_EXT/2/ME/7TJ0FO5R0M050F2XFC8TFM","LV_Overland/Hogwarts/LI_Hogwarts/LevelInstances/EntranceHall/LI_EntranceHall_EXT/SM_HW_EH_Trim_Small_B48","EF3A2009-4F01-FBA6-6218-9D83C2D0043A"
"Removed","SM_HW_EH_Trim_Small_B49","StaticMeshActor","DL_RENDER DL_OVERLAND","DL_RENDER","/Game/__ExternalActors__/Levels/Overland/Hogwarts/EntranceHall/LI_EntranceHall_EXT/8/RM/XRON15LMFK50N00ZAYNDC6","LV_Overland/Hogwarts/LI_Hogwarts/LevelInstances/EntranceHall/LI_EntranceHall_EXT/SM_HW_EH_Trim_Small_B49","348C6C5C-4CCC-CC44-FF19-66AE5600DF34"
"Removed","SM_HW_EH_Trim_Small_B5","StaticMeshActor","DL_RENDER DL_OVERLAND","DL_RENDER","/Game/__ExternalActors__/Levels/Overland/Hogwarts/EntranceHall/LI_EntranceHall_EXT/5/Y4/XIX0UZR3YRRVNJZUE52CO7","LV_Overland/Hogwarts/LI_Hogwarts/LevelInstances/EntranceHall/LI_EntranceHall_EXT/SM_HW_EH_Trim_Small_B5","AA5715AF-40F0-F40C-B07F-C686ECF96E76"
"Removed","SM_HW_EH_Trim_Small_B50","StaticMeshActor","DL_RENDER DL_OVERLAND","DL_RENDER","/Game/__ExternalActors__/Levels/Overland/Hogwarts/EntranceHall/LI_EntranceHall_EXT/4/PE/W40KCQ18Y60D4A0688Z23O","LV_Overland/Hogwarts/LI_Hogwarts/LevelInstances/EntranceHall/LI_EntranceHall_EXT/SM_HW_EH_Trim_Small_B50","611ECEBC-4BBC-B5B9-0866-D281952DE144"
"Removed","SM_HW_EH_Trim_Small_B51","StaticMeshActor","DL_RENDER DL_OVERLAND","DL_RENDER","/Game/__ExternalActors__/Levels/Overland/Hogwarts/EntranceHall/LI_EntranceHall_EXT/4/I6/NMIVCR851LXWF1Q0P2JQKR","LV_Overland/Hogwarts/LI_Hogwarts/LevelInstances/EntranceHall/LI_EntranceHall_EXT/SM_HW_EH_Trim_Small_B51","E07BA3E2-45C8-619E-82E5-118F83EC9E2A"
"Removed","SM_HW_EH_Trim_Small_B52","StaticMeshActor","DL_RENDER DL_OVERLAND","DL_RENDER","/Game/__ExternalActors__/Levels/Overland/Hogwarts/EntranceHall/LI_EntranceHall_EXT/6/W2/ZLY04I4FHF8SKGUBCXPNU8","LV_Overland/Hogwarts/LI_Hogwarts/LevelInstances/EntranceHall/LI_EntranceHall_EXT/SM_HW_EH_Trim_Small_B52","73C29D1D-458A-7FEB-104F-F6A3B4719B0C"
"Removed","SM_HW_EH_Trim_Small_B53","StaticMeshActor","DL_RENDER DL_OVERLAND","DL_RENDER","/Game/__ExternalActors__/Levels/Overland/Hogwarts/EntranceHall/LI_EntranceHall_EXT/0/B3/721VVBVZDHGGZ4TYBMV5KE","LV_Overland/Hogwarts/LI_Hogwarts/LevelInstances/EntranceHall/LI_EntranceHall_EXT/SM_HW_EH_Trim_Small_B53","C558A07E-487D-EE04-A972-1F8D2913CAB4"
"Removed","SM_HW_EH_Trim_Small_B54","StaticMeshActor","DL_RENDER DL_OVERLAND","DL_RENDER","/Game/__ExternalActors__/Levels/Overland/Hogwarts/EntranceHall/LI_EntranceHall_EXT/A/2Q/1SXODAEW879AADXRJU2NKU","LV_Overland/Hogwarts/LI_Hogwarts/LevelInstances/EntranceHall/LI_EntranceHall_EXT/SM_HW_EH_Trim_Small_B54","5C8E1B63-4A96-C69D-9F04-4ABB0BA4DB70"
"Removed","SM_HW_EH_Trim_Small_B55","StaticMeshActor","DL_RENDER DL_OVERLAND","DL_RENDER","/Game/__ExternalActors__/Levels/Overland/Hogwarts/EntranceHall/LI_EntranceHall_EXT/B/YP/XEHK4VURVOH0IBMUXA5HC3","LV_Overland/Hogwarts/LI_Hogwarts/LevelInstances/EntranceHall/LI_EntranceHall_EXT/SM_HW_EH_Trim_Small_B55","A5D2279C-4CE9-0B32-7DB5-16A788A02E93"
"Removed","SM_HW_EH_Trim_Small_B56","StaticMeshActor","DL_RENDER DL_OVERLAND","DL_RENDER","/Game/__ExternalActors__/Levels/Overland/Hogwarts/EntranceHall/LI_EntranceHall_EXT/C/5D/S4SRNSU22BSHH4SSEIGZJL","LV_Overland/Hogwarts/LI_Hogwarts/LevelInstances/EntranceHall/LI_EntranceHall_EXT/SM_HW_EH_Trim_Small_B56","8E9E7CF2-4324-97AE-740E-0E8188A43A2A"
"Removed","SM_HW_EH_Trim_Small_B57","StaticMeshActor","DL_RENDER DL_OVERLAND","DL_RENDER","/Game/__ExternalActors__/Levels/Overland/Hogwarts/EntranceHall/LI_EntranceHall_EXT/9/J8/FIRISOX3IRT2UNUAECON4L","LV_Overland/Hogwarts/LI_Hogwarts/LevelInstances/EntranceHall/LI_EntranceHall_EXT/SM_HW_EH_Trim_Small_B57","4B067CF4-42E2-EF27-7D21-BCB796EE0EB4"
"Removed","SM_HW_EH_Trim_Small_B58","StaticMeshActor","DL_RENDER DL_OVERLAND","DL_RENDER","/Game/__ExternalActors__/Levels/Overland/Hogwarts/EntranceHall/LI_EntranceHall_EXT/9/F4/PRH6VMPJYNIUTIH7PRDCJN","LV_Overland/Hogwarts/LI_Hogwarts/LevelInstances/EntranceHall/LI_EntranceHall_EXT/SM_HW_EH_Trim_Small_B58","5AD8C742-47BD-D685-2E41-8EA3BF12654E"
"Removed","SM_HW_EH_Trim_Small_B59","StaticMeshActor","DL_RENDER DL_OVERLAND","DL_RENDER","/Game/__ExternalActors__/Levels/Overland/Hogwarts/EntranceHall/LI_EntranceHall_EXT/C/UI/S62DSZ7JZ0Z24BPKY9YL8B","LV_Overland/Hogwarts/LI_Hogwarts/LevelInstances/EntranceHall/LI_EntranceHall_EXT/SM_HW_EH_Trim_Small_B59","F1532638-4E4C-EE50-CA08-0FA4DF7B9B36"
"Removed","SM_HW_EH_Trim_Small_B6","StaticMeshActor","DL_RENDER DL_OVERLAND","DL_RENDER","/Game/__ExternalActors__/Levels/Overland/Hogwarts/EntranceHall/LI_EntranceHall_EXT/C/SL/DJ31SHTK1SIRB7IO3L7M2J","LV_Overland/Hogwarts/LI_Hogwarts/LevelInstances/EntranceHall/LI_EntranceHall_EXT/SM_HW_EH_Trim_Small_B6","ACF05F9B-4CCF-EF14-8368-6CB6554CDC0B"
"Removed","SM_HW_EH_Trim_Small_B60","StaticMeshActor","DL_RENDER DL_OVERLAND","DL_RENDER","/Game/__ExternalActors__/Levels/Overland/Hogwarts/EntranceHall/LI_EntranceHall_EXT/1/F0/UC1DU3GV3HDBGYMUJWYIY1","LV_Overland/Hogwarts/LI_Hogwarts/LevelInstances/EntranceHall/LI_EntranceHall_EXT/SM_HW_EH_Trim_Small_B60","823283B9-43E7-2C40-482F-83B8C66F8363"
"Removed","SM_HW_EH_Trim_Small_B61","StaticMeshActor","DL_RENDER DL_OVERLAND","DL_RENDER","/Game/__ExternalActors__/Levels/Overland/Hogwarts/EntranceHall/LI_EntranceHall_EXT/8/EA/ZCTQMRR10P7NUOQQKY0U0O","LV_Overland/Hogwarts/LI_Hogwarts/LevelInstances/EntranceHall/LI_EntranceHall_EXT/SM_HW_EH_Trim_Small_B61","89B4CF4A-463C-C4F2-72AE-85ADD42C611B"
"Removed","SM_HW_EH_Trim_Small_B62","StaticMeshActor","DL_RENDER DL_OVERLAND","DL_RENDER","/Game/__ExternalActors__/Levels/Overland/Hogwarts/EntranceHall/LI_EntranceHall_EXT/C/GE/13C81YSC4FTUEJK98RIJB2","LV_Overland/Hogwarts/LI_Hogwarts/LevelInstances/EntranceHall/LI_EntranceHall_EXT/SM_HW_EH_Trim_Small_B62","5AA91E08-44F5-3073-21E2-A8914C891D96"
"Removed","SM_HW_EH_Trim_Small_B63","StaticMeshActor","DL_RENDER DL_OVERLAND","DL_RENDER","/Game/__ExternalActors__/Levels/Overland/Hogwarts/EntranceHall/LI_EntranceHall_EXT/B/1U/7W75NEHOD1BJFVQ4R81HKO","LV_Overland/Hogwarts/LI_Hogwarts/LevelInstances/EntranceHall/LI_EntranceHall_EXT/SM_HW_EH_Trim_Small_B63","5FCD7906-43D6-B88B-010C-54BA28750DB5"
"Removed","SM_HW_EH_Trim_Small_B64","StaticMeshActor","DL_RENDER DL_OVERLAND","DL_RENDER","/Game/__ExternalActors__/Levels/Overland/Hogwarts/EntranceHall/LI_EntranceHall_EXT/8/1N/MVWX0HF638QIVYSAL6YV6L","LV_Overland/Hogwarts/LI_Hogwarts/LevelInstances/EntranceHall/LI_EntranceHall_EXT/SM_HW_EH_Trim_Small_B64","1CCE1FA8-4199-1826-030C-C9BE729F485A"
"Removed","SM_HW_EH_Trim_Small_B7","StaticMeshActor","DL_RENDER DL_OVERLAND","DL_RENDER","/Game/__ExternalActors__/Levels/Overland/Hogwarts/EntranceHall/LI_EntranceHall_EXT/4/1N/8DGS5VYES0CWXU9V5XZDC5","LV_Overland/Hogwarts/LI_Hogwarts/LevelInstances/EntranceHall/LI_EntranceHall_EXT/SM_HW_EH_Trim_Small_B7","72C67B8F-414E-0687-8BD2-43BB084DCC13"
"Removed","SM_HW_EH_Trim_Small_B8","StaticMeshActor","DL_RENDER DL_OVERLAND","DL_RENDER","/Game/__ExternalActors__/Levels/Overland/Hogwarts/EntranceHall/LI_EntranceHall_EXT/B/GS/SUR16YI10SOQ772TKL8OPY","LV_Overland/Hogwarts/LI_Hogwarts/LevelInstances/EntranceHall/LI_EntranceHall_EXT/SM_HW_EH_Trim_Small_B8","AC1ADD95-414E-100B-9542-3EAC22FE3C9C"
"Removed","SM_HW_EH_Trim_Small_B9","StaticMeshActor","DL_RENDER DL_OVERLAND","DL_RENDER","/Game/__ExternalActors__/Levels/Overland/Hogwarts/EntranceHall/LI_EntranceHall_EXT/E/F5/8DO7KGMNIYFO48O1ZIDIXR","LV_Overland/Hogwarts/LI_Hogwarts/LevelInstances/EntranceHall/LI_EntranceHall_EXT/SM_HW_EH_Trim_Small_B9","F6BA26BF-4802-DA1F-D08A-C187E80362FD"
"Removed","SM_HW_EH_Trim_Top_A","StaticMeshActor","DL_RENDER DL_OVERLAND","DL_RENDER","/Game/__ExternalActors__/Levels/Overland/Hogwarts/EntranceHall/LI_EntranceHall_EXT/4/XT/BEORRD0C0KYJMY77I269H6","LV_Overland/Hogwarts/LI_Hogwarts/LevelInstances/EntranceHall/LI_EntranceHall_EXT/SM_HW_EH_Trim_Top_A","81E6C8CE-4195-1A34-0B97-C48E829DF2BD"
"Removed","SM_HW_EH_Trim_Top_A10","StaticMeshActor","DL_RENDER DL_OVERLAND","DL_RENDER","/Game/__ExternalActors__/Levels/Overland/Hogwarts/EntranceHall/LI_EntranceHall_EXT/4/ER/QSGQ2AKZW9E3IQDJ6FNVUB","LV_Overland/Hogwarts/LI_Hogwarts/LevelInstances/EntranceHall/LI_EntranceHall_EXT/SM_HW_EH_Trim_Top_A10","0F64B08D-43A7-B628-E3A1-91866123E817"
"Removed","SM_HW_EH_Trim_Top_A11","StaticMeshActor","DL_RENDER DL_OVERLAND","DL_RENDER","/Game/__ExternalActors__/Levels/Overland/Hogwarts/EntranceHall/LI_EntranceHall_EXT/0/KC/X464XVCCRNJAU6Z9L76NWB","LV_Overland/Hogwarts/LI_Hogwarts/LevelInstances/EntranceHall/LI_EntranceHall_EXT/SM_HW_EH_Trim_Top_A11","6C031517-4CB6-9C98-CC07-D9AEAB388AAA"
"Removed","SM_HW_EH_Trim_Top_A12","StaticMeshActor","DL_RENDER DL_OVERLAND","DL_RENDER","/Game/__ExternalActors__/Levels/Overland/Hogwarts/EntranceHall/LI_EntranceHall_EXT/C/OW/RTSV206KTC2RE5MVUN955I","LV_Overland/Hogwarts/LI_Hogwarts/LevelInstances/EntranceHall/LI_EntranceHall_EXT/SM_HW_EH_Trim_Top_A12","845A3741-497E-75DC-4E15-83B41F17A561"
"Removed","SM_HW_EH_Trim_Top_A13","StaticMeshActor","DL_RENDER DL_OVERLAND","DL_RENDER","/Game/__ExternalActors__/Levels/Overland/Hogwarts/EntranceHall/LI_EntranceHall_EXT/E/JZ/RONH1HYSF1NANI9I01U3CA","LV_Overland/Hogwarts/LI_Hogwarts/LevelInstances/EntranceHall/LI_EntranceHall_EXT/SM_HW_EH_Trim_Top_A13","C2A7ED7A-4706-84E8-3FDB-6B9FE69549CF"
"Removed","SM_HW_EH_Trim_Top_A14","StaticMeshActor","DL_RENDER DL_OVERLAND","DL_RENDER","/Game/__ExternalActors__/Levels/Overland/Hogwarts/EntranceHall/LI_EntranceHall_EXT/A/OY/0VCBJT1A2280XELDWYZ2CJ","LV_Overland/Hogwarts/LI_Hogwarts/LevelInstances/EntranceHall/LI_EntranceHall_EXT/SM_HW_EH_Trim_Top_A14","7693F487-4755-539C-3F34-FDB202983604"
"Removed","SM_HW_EH_Trim_Top_A15","StaticMeshActor","DL_RENDER DL_OVERLAND","DL_RENDER","/Game/__ExternalActors__/Levels/Overland/Hogwarts/EntranceHall/LI_EntranceHall_EXT/9/LM/WNISWB7RJ91FC41B5Z16NE","LV_Overland/Hogwarts/LI_Hogwarts/LevelInstances/EntranceHall/LI_EntranceHall_EXT/SM_HW_EH_Trim_Top_A15","0E9C5F8F-4777-5BF4-C26B-3D965FFA5BBC"
"Removed","SM_HW_EH_Trim_Top_A16","StaticMeshActor","DL_RENDER DL_OVERLAND","DL_RENDER","/Game/__ExternalActors__/Levels/Overland/Hogwarts/EntranceHall/LI_EntranceHall_EXT/E/JK/VBX0SOXXE05418Q53ARZ10","LV_Overland/Hogwarts/LI_Hogwarts/LevelInstances/EntranceHall/LI_EntranceHall_EXT/SM_HW_EH_Trim_Top_A16","1EA4FEC1-4BB3-3CBF-90CC-8595B9011657"
"Removed","SM_HW_EH_Trim_Top_A17","StaticMeshActor","DL_RENDER DL_OVERLAND","DL_RENDER","/Game/__ExternalActors__/Levels/Overland/Hogwarts/EntranceHall/LI_EntranceHall_EXT/2/GV/PGFNZ92EX1K7J7FDU7W1UV","LV_Overland/Hogwarts/LI_Hogwarts/LevelInstances/EntranceHall/LI_EntranceHall_EXT/SM_HW_EH_Trim_Top_A17","FE353645-43B8-4021-3F85-E2BA447D0C04"
"Removed","SM_HW_EH_Trim_Top_A2","StaticMeshActor","DL_RENDER DL_OVERLAND","DL_RENDER","/Game/__ExternalActors__/Levels/Overland/Hogwarts/EntranceHall/LI_EntranceHall_EXT/0/V8/RZWGVA3QY21AR8CG3RQ5Q5","LV_Overland/Hogwarts/LI_Hogwarts/LevelInstances/EntranceHall/LI_EntranceHall_EXT/SM_HW_EH_Trim_Top_A2","D6338076-40E9-3EA1-56E0-2FB53CB6AEBF"
"Removed","SM_HW_EH_Trim_Top_A3","StaticMeshActor","DL_RENDER DL_OVERLAND","DL_RENDER","/Game/__ExternalActors__/Levels/Overland/Hogwarts/EntranceHall/LI_EntranceHall_EXT/B/00/W0FPZO3QOWXVCH0X7GNK6A","LV_Overland/Hogwarts/LI_Hogwarts/LevelInstances/EntranceHall/LI_EntranceHall_EXT/SM_HW_EH_Trim_Top_A3","95A5389D-4C45-643A-D120-2DB834E91D4F"
"Removed","SM_HW_EH_Trim_Top_A4","StaticMeshActor","DL_RENDER DL_OVERLAND","DL_RENDER","/Game/__ExternalActors__/Levels/Overland/Hogwarts/EntranceHall/LI_EntranceHall_EXT/3/7P/E6DFMK9PCO8KA2UY8NZJQ1","LV_Overland/Hogwarts/LI_Hogwarts/LevelInstances/EntranceHall/LI_EntranceHall_EXT/SM_HW_EH_Trim_Top_A4","7A3309DB-47BA-E8D2-9A87-52A4E1753C06"
"Removed","SM_HW_EH_Trim_Top_A5","StaticMeshActor","DL_RENDER DL_OVERLAND","DL_RENDER","/Game/__ExternalActors__/Levels/Overland/Hogwarts/EntranceHall/LI_EntranceHall_EXT/E/KD/H3QQ4R6ZZFRQH47TT5A5OI","LV_Overland/Hogwarts/LI_Hogwarts/LevelInstances/EntranceHall/LI_EntranceHall_EXT/SM_HW_EH_Trim_Top_A5","4E8B5AA8-4AE0-362B-03F6-1FBD89E7C63F"
"Removed","SM_HW_EH_Trim_Top_A6","StaticMeshActor","DL_RENDER DL_OVERLAND","DL_RENDER","/Game/__ExternalActors__/Levels/Overland/Hogwarts/EntranceHall/LI_EntranceHall_EXT/2/Q7/AH9WBI4DVAUI2IV2HC8RAW","LV_Overland/Hogwarts/LI_Hogwarts/LevelInstances/EntranceHall/LI_EntranceHall_EXT/SM_HW_EH_Trim_Top_A6","5C1C4215-4F88-7A09-D217-F38427EBC47A"
"Removed","SM_HW_EH_Trim_Top_A9","StaticMeshActor","DL_RENDER DL_OVERLAND","DL_RENDER","/Game/__ExternalActors__/Levels/Overland/Hogwarts/EntranceHall/LI_EntranceHall_EXT/C/P0/DP1L1VXFK9ZY9N4WVN63YW","LV_Overland/Hogwarts/LI_Hogwarts/LevelInstances/EntranceHall/LI_EntranceHall_EXT/SM_HW_EH_Trim_Top_A9","2CAD1CAC-4E6A-06EA-FD50-C48B0D8BC79A"
"Removed","SM_HW_EH_TrimBase_A","StaticMeshActor","DL_RENDER DL_OVERLAND","DL_RENDER","/Game/__ExternalActors__/Levels/Overland/Hogwarts/EntranceHall/LI_EntranceHall_EXT/9/V5/U4YKT928LUP0HYK4V30N37","LV_Overland/Hogwarts/LI_Hogwarts/LevelInstances/EntranceHall/LI_EntranceHall_EXT/RENDER/SM_HW_EH_TrimBase_A","3B4F63F2-4A58-351E-DA26-A68021D654B5"
"Removed","SM_HW_EH_TrimBase_A2","StaticMeshActor","DL_RENDER DL_OVERLAND","DL_RENDER","/Game/__ExternalActors__/Levels/Overland/Hogwarts/EntranceHall/LI_EntranceHall_EXT/2/RX/5TF0YM0KQ54CAE6UFLSVWV","LV_Overland/Hogwarts/LI_Hogwarts/LevelInstances/EntranceHall/LI_EntranceHall_EXT/RENDER/SM_HW_EH_TrimBase_A2","7BB92C35-4737-26A1-9AA7-38A9402378D4"
"Removed","SM_HW_EH_TrimBase_A3","StaticMeshActor","DL_RENDER DL_OVERLAND","DL_RENDER","/Game/__ExternalActors__/Levels/Overland/Hogwarts/EntranceHall/LI_EntranceHall_EXT/5/08/P3HL1ZX3AUQUJ6I7GB5ZED","LV_Overland/Hogwarts/LI_Hogwarts/LevelInstances/EntranceHall/LI_EntranceHall_EXT/RENDER/SM_HW_EH_TrimBase_A3","A2BB1C4F-47B1-34FE-BF46-FAAD642D0DA3"
"Removed","SM_HW_EH_TrimBase_A4","StaticMeshActor","DL_RENDER DL_OVERLAND","DL_RENDER","/Game/__ExternalActors__/Levels/Overland/Hogwarts/EntranceHall/LI_EntranceHall_EXT/2/LL/S59T2H71KX3G72P44ODAD1","LV_Overland/Hogwarts/LI_Hogwarts/LevelInstances/EntranceHall/LI_EntranceHall_EXT/RENDER/SM_HW_EH_TrimBase_A4","B5D31BFA-4E8C-F6C8-4B3E-B09EE68BE1C4"
"Removed","SM_HW_EH_TrimBase_A5","StaticMeshActor","DL_RENDER DL_OVERLAND","DL_RENDER","/Game/__ExternalActors__/Levels/Overland/Hogwarts/EntranceHall/LI_EntranceHall_EXT/C/P6/SZXGCBO0I4XHE3OXCG4JIY","LV_Overland/Hogwarts/LI_Hogwarts/LevelInstances/EntranceHall/LI_EntranceHall_EXT/RENDER/SM_HW_EH_TrimBase_A5","BFCA8876-42C9-B099-925E-7A878A0DE78C"
"Removed","SM_HW_EH_TrimBase_Dormer_A","StaticMeshActor","DL_RENDER DL_OVERLAND","DL_RENDER","/Game/__ExternalActors__/Levels/Overland/Hogwarts/EntranceHall/LI_EntranceHall_EXT/A/QW/YLG5MVIJSK95F7FLNH20IS","LV_Overland/Hogwarts/LI_Hogwarts/LevelInstances/EntranceHall/LI_EntranceHall_EXT/SM_HW_EH_TrimBase_Dormer_A","1EA9D5D2-419E-6ABD-3166-0497613DE257"
"Removed","SM_HW_EH_TrimBase_Dormer_A2","StaticMeshActor","DL_RENDER DL_OVERLAND","DL_RENDER","/Game/__ExternalActors__/Levels/Overland/Hogwarts/EntranceHall/LI_EntranceHall_EXT/6/RD/OJA3U4AL8YT4ZRKXRW9ET3","LV_Overland/Hogwarts/LI_Hogwarts/LevelInstances/EntranceHall/LI_EntranceHall_EXT/SM_HW_EH_TrimBase_Dormer_A2","E6FFC981-4DC3-25B2-7C14-55BE523DBA28"
"Removed","SM_HW_EH_TrimBase_Dormer_A3","StaticMeshActor","DL_RENDER DL_OVERLAND","DL_RENDER","/Game/__ExternalActors__/Levels/Overland/Hogwarts/EntranceHall/LI_EntranceHall_EXT/E/BH/7ACRMT8C37116YSY71L130","LV_Overland/Hogwarts/LI_Hogwarts/LevelInstances/EntranceHall/LI_EntranceHall_EXT/SM_HW_EH_TrimBase_Dormer_A3","3382D648-4485-418D-FAA1-509020A5A2EB"
"Removed","SM_HW_EH_TrimSection_A","StaticMeshActor","DL_RENDER DL_OVERLAND","DL_RENDER","/Game/__ExternalActors__/Levels/Overland/Hogwarts/EntranceHall/LI_EntranceHall_EXT/1/67/KVK2W9OE7G5OLFKW68PJTT","LV_Overland/Hogwarts/LI_Hogwarts/LevelInstances/EntranceHall/LI_EntranceHall_EXT/SM_HW_EH_TrimSection_A","3EB3FAC6-4FF7-2E67-6D0F-15856885D8D4"
"Removed","SM_HW_EH_TrimSection_A10","StaticMeshActor","DL_RENDER DL_OVERLAND","DL_RENDER","/Game/__ExternalActors__/Levels/Overland/Hogwarts/EntranceHall/LI_EntranceHall_EXT/A/4Z/ZDNXDIV51FDIL1L8YLJZJM","LV_Overland/Hogwarts/LI_Hogwarts/LevelInstances/EntranceHall/LI_EntranceHall_EXT/SM_HW_EH_TrimSection_A10","FB813FD6-4F31-F947-98B5-92AE0FEAED69"
"Removed","SM_HW_EH_TrimSection_A11","StaticMeshActor","DL_RENDER DL_OVERLAND","DL_RENDER","/Game/__ExternalActors__/Levels/Overland/Hogwarts/EntranceHall/LI_EntranceHall_EXT/C/OT/W3F4XYDESX9D815X74MSUV","LV_Overland/Hogwarts/LI_Hogwarts/LevelInstances/EntranceHall/LI_EntranceHall_EXT/SM_HW_EH_TrimSection_A11","7FB0BDF0-4301-B6E9-0135-879C514BFDF5"
"Removed","SM_HW_EH_TrimSection_A12","StaticMeshActor","DL_RENDER DL_OVERLAND","DL_RENDER","/Game/__ExternalActors__/Levels/Overland/Hogwarts/EntranceHall/LI_EntranceHall_EXT/2/5M/KG5YWGSAF3LYWTB7GR34G1","LV_Overland/Hogwarts/LI_Hogwarts/LevelInstances/EntranceHall/LI_EntranceHall_EXT/SM_HW_EH_TrimSection_A12","B4B4F63D-4816-9875-DF52-E29D33938286"
"Removed","SM_HW_EH_TrimSection_A13","StaticMeshActor","DL_RENDER DL_OVERLAND","DL_RENDER","/Game/__ExternalActors__/Levels/Overland/Hogwarts/EntranceHall/LI_EntranceHall_EXT/6/F1/RL92JHK7FEVQYCB68QDG5Z","LV_Overland/Hogwarts/LI_Hogwarts/LevelInstances/EntranceHall/LI_EntranceHall_EXT/SM_HW_EH_TrimSection_A13","D7D20CEA-4613-73D5-B423-8291F6636A85"
"Removed","SM_HW_EH_TrimSection_A14","StaticMeshActor","DL_RENDER DL_OVERLAND","DL_RENDER","/Game/__ExternalActors__/Levels/Overland/Hogwarts/EntranceHall/LI_EntranceHall_EXT/6/RH/KEFDCIVR2SMJUEBB54PKFT","LV_Overland/Hogwarts/LI_Hogwarts/LevelInstances/EntranceHall/LI_EntranceHall_EXT/SM_HW_EH_TrimSection_A14","F48A07D4-44BD-B75F-5EC7-C6940450399E"
"Removed","SM_HW_EH_TrimSection_A15","StaticMeshActor","DL_RENDER DL_OVERLAND","DL_RENDER","/Game/__ExternalActors__/Levels/Overland/Hogwarts/EntranceHall/LI_EntranceHall_EXT/E/YI/LI7Q6U4CZE2D98BUM9QUFL","LV_Overland/Hogwarts/LI_Hogwarts/LevelInstances/EntranceHall/LI_EntranceHall_EXT/SM_HW_EH_TrimSection_A15","526F833A-4D5D-A046-9D10-C2B7891B972A"
"Removed","SM_HW_EH_TrimSection_A16","StaticMeshActor","DL_RENDER DL_OVERLAND","DL_RENDER","/Game/__ExternalActors__/Levels/Overland/Hogwarts/EntranceHall/LI_EntranceHall_EXT/6/X7/QTNVNT3GBQ18V4ETMTPIAO","LV_Overland/Hogwarts/LI_Hogwarts/LevelInstances/EntranceHall/LI_EntranceHall_EXT/SM_HW_EH_TrimSection_A16","C893067F-4D33-3F5D-EA0C-DC8096E10EAF"
"Removed","SM_HW_EH_TrimSection_A17","StaticMeshActor","DL_RENDER DL_OVERLAND","DL_RENDER","/Game/__ExternalActors__/Levels/Overland/Hogwarts/EntranceHall/LI_EntranceHall_EXT/2/96/1G59DMC7AM8WF1WNVCHJMW","LV_Overland/Hogwarts/LI_Hogwarts/LevelInstances/EntranceHall/LI_EntranceHall_EXT/SM_HW_EH_TrimSection_A17","895F95BF-4E6B-57AC-A4AD-5AAF1D508958"
"Removed","SM_HW_EH_TrimSection_A18","StaticMeshActor","DL_RENDER DL_OVERLAND","DL_RENDER","/Game/__ExternalActors__/Levels/Overland/Hogwarts/EntranceHall/LI_EntranceHall_EXT/9/JQ/0PK21BL7VYAVIUQ8YS8B82","LV_Overland/Hogwarts/LI_Hogwarts/LevelInstances/EntranceHall/LI_EntranceHall_EXT/SM_HW_EH_TrimSection_A18","22F05E25-4208-2153-711A-D18B30F476CA"
"Removed","SM_HW_EH_TrimSection_A19","StaticMeshActor","DL_RENDER DL_OVERLAND","DL_RENDER","/Game/__ExternalActors__/Levels/Overland/Hogwarts/EntranceHall/LI_EntranceHall_EXT/A/KJ/FKAARX586996X10RC8W6OX","LV_Overland/Hogwarts/LI_Hogwarts/LevelInstances/EntranceHall/LI_EntranceHall_EXT/SM_HW_EH_TrimSection_A19","FC09A642-40E4-8CBF-637B-46AA61F1A5A0"
"Removed","SM_HW_EH_TrimSection_A2","StaticMeshActor","DL_RENDER DL_OVERLAND","DL_RENDER","/Game/__ExternalActors__/Levels/Overland/Hogwarts/EntranceHall/LI_EntranceHall_EXT/8/JR/G0MWOP5STKEN6X1NLBA11I","LV_Overland/Hogwarts/LI_Hogwarts/LevelInstances/EntranceHall/LI_EntranceHall_EXT/SM_HW_EH_TrimSection_A2","CBF3F1CE-4D64-7C85-C5B4-EC9CE493B32A"
"Removed","SM_HW_EH_TrimSection_A20","StaticMeshActor","DL_RENDER DL_OVERLAND","DL_RENDER","/Game/__ExternalActors__/Levels/Overland/Hogwarts/EntranceHall/LI_EntranceHall_EXT/8/07/X20K2MAGXBN256I0NROVJY","LV_Overland/Hogwarts/LI_Hogwarts/LevelInstances/EntranceHall/LI_EntranceHall_EXT/SM_HW_EH_TrimSection_A20","0711B78A-4AA8-90EF-C599-6EA31C595B93"
"Removed","SM_HW_EH_TrimSection_A21","StaticMeshActor","DL_RENDER DL_OVERLAND","DL_RENDER","/Game/__ExternalActors__/Levels/Overland/Hogwarts/EntranceHall/LI_EntranceHall_EXT/3/PE/PG21LBE8RTF20PGG1O6PKE","LV_Overland/Hogwarts/LI_Hogwarts/LevelInstances/EntranceHall/LI_EntranceHall_EXT/SM_HW_EH_TrimSection_A21","129FAD0D-4785-18A5-B4F7-DBBFED0A6E62"
"Removed","SM_HW_EH_TrimSection_A22","StaticMeshActor","DL_RENDER DL_OVERLAND","DL_RENDER","/Game/__ExternalActors__/Levels/Overland/Hogwarts/EntranceHall/LI_EntranceHall_EXT/D/NM/A7FRDJC8S55ETKYVR14YZL","LV_Overland/Hogwarts/LI_Hogwarts/LevelInstances/EntranceHall/LI_EntranceHall_EXT/SM_HW_EH_TrimSection_A22","A8012B16-44BB-4E5D-3344-0BAE9D7AD59C"
"Removed","SM_HW_EH_TrimSection_A23","StaticMeshActor","DL_RENDER DL_OVERLAND","DL_RENDER","/Game/__ExternalActors__/Levels/Overland/Hogwarts/EntranceHall/LI_EntranceHall_EXT/8/TI/GKZU2AN6TNOAA9EOWXAGES","LV_Overland/Hogwarts/LI_Hogwarts/LevelInstances/EntranceHall/LI_EntranceHall_EXT/SM_HW_EH_TrimSection_A23","C8F9B5F4-4827-0AED-3E8A-75AA8543B553"
"Removed","SM_HW_EH_TrimSection_A24","StaticMeshActor","DL_RENDER DL_OVERLAND","DL_RENDER","/Game/__ExternalActors__/Levels/Overland/Hogwarts/EntranceHall/LI_EntranceHall_EXT/B/UG/UXC3AYWJC7U9R8CQ0C2DW1","LV_Overland/Hogwarts/LI_Hogwarts/LevelInstances/EntranceHall/LI_EntranceHall_EXT/SM_HW_EH_TrimSection_A24","A226B60E-4370-F83E-E0AE-65927A180B76"
"Removed","SM_HW_EH_TrimSection_A25","StaticMeshActor","DL_RENDER DL_OVERLAND","DL_RENDER","/Game/__ExternalActors__/Levels/Overland/Hogwarts/EntranceHall/LI_EntranceHall_EXT/1/JZ/VGLNUPRQFLEO5FKBGUDZKV","LV_Overland/Hogwarts/LI_Hogwarts/LevelInstances/EntranceHall/LI_EntranceHall_EXT/SM_HW_EH_TrimSection_A25","ECBCFA53-4EFB-4C67-288C-7DBA786E2CFD"
"Removed","SM_HW_EH_TrimSection_A26","StaticMeshActor","DL_RENDER DL_OVERLAND","DL_RENDER","/Game/__ExternalActors__/Levels/Overland/Hogwarts/EntranceHall/LI_EntranceHall_EXT/5/07/TRUU0EMLOMGIQJPAAYR8UU","LV_Overland/Hogwarts/LI_Hogwarts/LevelInstances/EntranceHall/LI_EntranceHall_EXT/SM_HW_EH_TrimSection_A26","81172A43-441C-9376-C621-8D9B5EAD860D"
"Removed","SM_HW_EH_TrimSection_A27","StaticMeshActor","DL_RENDER DL_OVERLAND","DL_RENDER","/Game/__ExternalActors__/Levels/Overland/Hogwarts/EntranceHall/LI_EntranceHall_EXT/E/IF/JECV0XDFR6Y13P21C97P0L","LV_Overland/Hogwarts/LI_Hogwarts/LevelInstances/EntranceHall/LI_EntranceHall_EXT/SM_HW_EH_TrimSection_A27","DB19A5C4-4457-0669-005E-E293CBD9D065"
"Removed","SM_HW_EH_TrimSection_A28","StaticMeshActor","DL_RENDER DL_OVERLAND","DL_RENDER","/Game/__ExternalActors__/Levels/Overland/Hogwarts/EntranceHall/LI_EntranceHall_EXT/7/A9/6KGY77WSIHOYLJ8WSHBU59","LV_Overland/Hogwarts/LI_Hogwarts/LevelInstances/EntranceHall/LI_EntranceHall_EXT/SM_HW_EH_TrimSection_A28","95B9ECD8-40CC-1C9D-525A-09A36569A4E1"
"Removed","SM_HW_EH_TrimSection_A29","StaticMeshActor","DL_RENDER DL_OVERLAND","DL_RENDER","/Game/__ExternalActors__/Levels/Overland/Hogwarts/EntranceHall/LI_EntranceHall_EXT/2/25/47L4D0QUYNARFZUVYTC44M","LV_Overland/Hogwarts/LI_Hogwarts/LevelInstances/EntranceHall/LI_EntranceHall_EXT/SM_HW_EH_TrimSection_A29","F56B2F2A-4EDE-E1EE-78A9-A0BC73EA17A6"
"Removed","SM_HW_EH_TrimSection_A3","StaticMeshActor","DL_RENDER DL_OVERLAND","DL_RENDER","/Game/__ExternalActors__/Levels/Overland/Hogwarts/EntranceHall/LI_EntranceHall_EXT/3/6W/9CO0HYINKYYUQR9O9BS9JI","LV_Overland/Hogwarts/LI_Hogwarts/LevelInstances/EntranceHall/LI_EntranceHall_EXT/SM_HW_EH_TrimSection_A3","832357A9-4B89-32AB-E5FC-3E92FEDC5BA6"
"Removed","SM_HW_EH_TrimSection_A30","StaticMeshActor","DL_RENDER DL_OVERLAND","DL_RENDER","/Game/__ExternalActors__/Levels/Overland/Hogwarts/EntranceHall/LI_EntranceHall_EXT/E/EU/66OO1LPKMMMOYMKI0XNNNC","LV_Overland/Hogwarts/LI_Hogwarts/LevelInstances/EntranceHall/LI_EntranceHall_EXT/SM_HW_EH_TrimSection_A30","EBF90710-4F81-627F-F1C3-02A77F6F698A"
"Removed","SM_HW_EH_TrimSection_A31","StaticMeshActor","DL_RENDER DL_OVERLAND","DL_RENDER","/Game/__ExternalActors__/Levels/Overland/Hogwarts/EntranceHall/LI_EntranceHall_EXT/6/R6/AYAS5F9CFCO8X597N4PY2N","LV_Overland/Hogwarts/LI_Hogwarts/LevelInstances/EntranceHall/LI_EntranceHall_EXT/SM_HW_EH_TrimSection_A31","12850AB2-4EF9-CDFA-9064-328E46B8E882"
"Removed","SM_HW_EH_TrimSection_A32","StaticMeshActor","DL_RENDER DL_OVERLAND","DL_RENDER","/Game/__ExternalActors__/Levels/Overland/Hogwarts/EntranceHall/LI_EntranceHall_EXT/B/SE/Q10FI5QTRC6K0NDEB4OTZB","LV_Overland/Hogwarts/LI_Hogwarts/LevelInstances/EntranceHall/LI_EntranceHall_EXT/SM_HW_EH_TrimSection_A32","8B41F767-48C3-BC72-BB42-52A6F1A12AB5"
"Removed","SM_HW_EH_TrimSection_A33","StaticMeshActor","DL_RENDER DL_OVERLAND","DL_RENDER","/Game/__ExternalActors__/Levels/Overland/Hogwarts/EntranceHall/LI_EntranceHall_EXT/D/RY/3YNIMAHOTZWHJ411NT2OFS","LV_Overland/Hogwarts/LI_Hogwarts/LevelInstances/EntranceHall/LI_EntranceHall_EXT/SM_HW_EH_TrimSection_A33","B4DC96EA-4775-D1DC-5CAA-7F9D9181348D"
"Removed","SM_HW_EH_TrimSection_A34","StaticMeshActor","DL_RENDER DL_OVERLAND","DL_RENDER","/Game/__ExternalActors__/Levels/Overland/Hogwarts/EntranceHall/LI_EntranceHall_EXT/D/MK/JFOMBQF2CZF6AGMMB5LRA8","LV_Overland/Hogwarts/LI_Hogwarts/LevelInstances/EntranceHall/LI_EntranceHall_EXT/SM_HW_EH_TrimSection_A34","98497494-4B7A-E0B7-C9D1-26AED58C8AFA"
"Removed","SM_HW_EH_TrimSection_A35","StaticMeshActor","DL_RENDER DL_OVERLAND","DL_RENDER","/Game/__ExternalActors__/Levels/Overland/Hogwarts/EntranceHall/LI_EntranceHall_EXT/6/DI/HGK82XXW33UVI2HRIK1KP9","LV_Overland/Hogwarts/LI_Hogwarts/LevelInstances/EntranceHall/LI_EntranceHall_EXT/SM_HW_EH_TrimSection_A35","CDF31B46-49EE-4CCF-9A5B-38830657F86B"
"Removed","SM_HW_EH_TrimSection_A36","StaticMeshActor","DL_RENDER DL_OVERLAND","DL_RENDER","/Game/__ExternalActors__/Levels/Overland/Hogwarts/EntranceHall/LI_EntranceHall_EXT/8/3O/WEOWHSSS5CHUODCP46S1O8","LV_Overland/Hogwarts/LI_Hogwarts/LevelInstances/EntranceHall/LI_EntranceHall_EXT/SM_HW_EH_TrimSection_A36","B0A74C16-43AE-D5DA-EC8A-68A74086CA4B"
"Removed","SM_HW_EH_TrimSection_A37","StaticMeshActor","DL_RENDER DL_OVERLAND","DL_RENDER","/Game/__ExternalActors__/Levels/Overland/Hogwarts/EntranceHall/LI_EntranceHall_EXT/4/TT/NG07YP0TPUEFRYLTZG4VUW","LV_Overland/Hogwarts/LI_Hogwarts/LevelInstances/EntranceHall/LI_EntranceHall_EXT/SM_HW_EH_TrimSection_A37","7C473652-4F41-7207-D550-39A8F82472A0"
"Removed","SM_HW_EH_TrimSection_A38","StaticMeshActor","DL_RENDER DL_OVERLAND","DL_RENDER","/Game/__ExternalActors__/Levels/Overland/Hogwarts/EntranceHall/LI_EntranceHall_EXT/3/P0/KRR8QEBQ3JNS3O90TTHP5S","LV_Overland/Hogwarts/LI_Hogwarts/LevelInstances/EntranceHall/LI_EntranceHall_EXT/SM_HW_EH_TrimSection_A38","442FADF6-428F-9F74-F977-D794D0D868A3"
"Removed","SM_HW_EH_TrimSection_A39","StaticMeshActor","DL_RENDER DL_OVERLAND","DL_RENDER","/Game/__ExternalActors__/Levels/Overland/Hogwarts/EntranceHall/LI_EntranceHall_EXT/7/IP/XUS25IIUJBCLQW7A5SAL59","LV_Overland/Hogwarts/LI_Hogwarts/LevelInstances/EntranceHall/LI_EntranceHall_EXT/SM_HW_EH_TrimSection_A39","FD5C955C-42BB-4D33-0A4C-378C60D0FE31"
"Removed","SM_HW_EH_TrimSection_A4","StaticMeshActor","DL_RENDER DL_OVERLAND","DL_RENDER","/Game/__ExternalActors__/Levels/Overland/Hogwarts/EntranceHall/LI_EntranceHall_EXT/6/N2/UUZXVIW842B3QU6K9T4H78","LV_Overland/Hogwarts/LI_Hogwarts/LevelInstances/EntranceHall/LI_EntranceHall_EXT/SM_HW_EH_TrimSection_A4","973983A0-4BCC-28A1-64BA-1FA013C3DDA7"
"Removed","SM_HW_EH_TrimSection_A5","StaticMeshActor","DL_RENDER DL_OVERLAND","DL_RENDER","/Game/__ExternalActors__/Levels/Overland/Hogwarts/EntranceHall/LI_EntranceHall_EXT/1/GQ/B6EYWQMM3VVFP1CJAY67N0","LV_Overland/Hogwarts/LI_Hogwarts/LevelInstances/EntranceHall/LI_EntranceHall_EXT/SM_HW_EH_TrimSection_A5","4F7FA895-47AD-FFAB-87DB-FCBEBB9B8FEF"
"Removed","SM_HW_EH_TrimSection_A6","StaticMeshActor","DL_RENDER DL_OVERLAND","DL_RENDER","/Game/__ExternalActors__/Levels/Overland/Hogwarts/EntranceHall/LI_EntranceHall_EXT/5/1Q/A9F4Z3GA99425I42AERSXC","LV_Overland/Hogwarts/LI_Hogwarts/LevelInstances/EntranceHall/LI_EntranceHall_EXT/SM_HW_EH_TrimSection_A6","895C746B-4895-20CC-15A7-91A54A9C00D2"
"Removed","SM_HW_EH_TrimSection_A7","StaticMeshActor","DL_RENDER DL_OVERLAND","DL_RENDER","/Game/__ExternalActors__/Levels/Overland/Hogwarts/EntranceHall/LI_EntranceHall_EXT/0/HI/6AWKW491E3O1L8K92O00WK","LV_Overland/Hogwarts/LI_Hogwarts/LevelInstances/EntranceHall/LI_EntranceHall_EXT/SM_HW_EH_TrimSection_A7","E401A526-4F0F-CC91-5A95-C5BE686C69C2"
"Removed","SM_HW_EH_TrimSection_A8","StaticMeshActor","DL_RENDER DL_OVERLAND","DL_RENDER","/Game/__ExternalActors__/Levels/Overland/Hogwarts/EntranceHall/LI_EntranceHall_EXT/A/QP/OE7FALDPETX4Y2ECDUCVAM","LV_Overland/Hogwarts/LI_Hogwarts/LevelInstances/EntranceHall/LI_EntranceHall_EXT/SM_HW_EH_TrimSection_A8","5B2BB34A-445C-D261-CC50-A0AC8FC6F7AC"
"Removed","SM_HW_EH_TrimSection_A9","StaticMeshActor","DL_RENDER DL_OVERLAND","DL_RENDER","/Game/__ExternalActors__/Levels/Overland/Hogwarts/EntranceHall/LI_EntranceHall_EXT/5/3T/EN1OXKVF9SKJOFGO8P2XBV","LV_Overland/Hogwarts/LI_Hogwarts/LevelInstances/EntranceHall/LI_EntranceHall_EXT/SM_HW_EH_TrimSection_A9","34BC93AD-45F2-FF96-ED17-8F86999FCCCD"
"Removed","SM_HW_EH_Wall_Attic_Door_B","StaticMeshActor","DL_OVERLAND DL_RENDER","DL_RENDER","/Game/__ExternalActors__/Levels/Overland/Hogwarts/EntranceHall/LI_EntranceHall_EXT/2/1D/RBNZ7441JNYWXPT378NE0W","LV_Overland/Hogwarts/LI_Hogwarts/LevelInstances/EntranceHall/LI_EntranceHall_EXT/SM_HW_EH_Wall_Attic_Door_B","6F735AAC-4184-9BF9-18AD-799F086970EA"
"Removed","SM_HW_EH_Wall_Entrance","StaticMeshActor","DL_RENDER DL_OVERLAND","DL_RENDER","/Game/__ExternalActors__/Levels/Overland/Hogwarts/EntranceHall/LI_EntranceHall_EXT/1/PG/YSKYXUP5PE6ZJ1P3XJRU82","LV_Overland/Hogwarts/LI_Hogwarts/LevelInstances/EntranceHall/LI_EntranceHall_EXT/RENDER/SM_HW_EH_Wall_Entrance","3699DF5F-49EB-7F96-5290-35AF5D8BAB5F"
"Removed","SM_HW_EH_Wall_Windows_A","StaticMeshActor","DL_RENDER DL_OVERLAND","DL_RENDER","/Game/__ExternalActors__/Levels/Overland/Hogwarts/EntranceHall/LI_EntranceHall_EXT/2/JG/6MQ6GD85U9L0ZC6QMTO9RY","LV_Overland/Hogwarts/LI_Hogwarts/LevelInstances/EntranceHall/LI_EntranceHall_EXT/SM_HW_EH_Wall_Windows_A","CF98A54D-4349-1DA1-C889-379F7D9C2077"
"Removed","SM_HW_EH_Wall_Windows_B","StaticMeshActor","DL_RENDER DL_OVERLAND","DL_RENDER","/Game/__ExternalActors__/Levels/Overland/Hogwarts/EntranceHall/LI_EntranceHall_EXT/2/JP/9CD9FNSSGPVI8J3KTRY576","LV_Overland/Hogwarts/LI_Hogwarts/LevelInstances/EntranceHall/LI_EntranceHall_EXT/SM_HW_EH_Wall_Windows_B","819C3E54-4477-211C-71CD-BF839D1A3C1E"
"Removed","SM_HW_EH_Wall_Windows_Small_A","StaticMeshActor","DL_RENDER DL_OVERLAND","DL_RENDER","/Game/__ExternalActors__/Levels/Overland/Hogwarts/EntranceHall/LI_EntranceHall_EXT/9/TN/X1MD3876OWYXT44QE119FM","LV_Overland/Hogwarts/LI_Hogwarts/LevelInstances/EntranceHall/LI_EntranceHall_EXT/SM_HW_EH_Wall_Windows_Small_A","4908095C-443D-526A-41D1-81BAEF9C0EC4"
"Removed","SM_HW_EH_Wall_Windows_Small_B","StaticMeshActor","DL_RENDER DL_OVERLAND","DL_RENDER","/Game/__ExternalActors__/Levels/Overland/Hogwarts/EntranceHall/LI_EntranceHall_EXT/8/7E/79QVWQK37ATKEEXX4E4JHR","LV_Overland/Hogwarts/LI_Hogwarts/LevelInstances/EntranceHall/LI_EntranceHall_EXT/SM_HW_EH_Wall_Windows_Small_B","F259A577-4770-E3DA-D77E-9085739A7036"
"Removed","SM_HW_EH_Wall_Windows2","StaticMeshActor","DL_RENDER DL_OVERLAND","DL_RENDER","/Game/__ExternalActors__/Levels/Overland/Hogwarts/EntranceHall/LI_EntranceHall_EXT/5/2U/2KCG5H2LHWZLI2JTMJLN1I","LV_Overland/Hogwarts/LI_Hogwarts/LevelInstances/EntranceHall/LI_EntranceHall_EXT/RENDER/SM_HW_EH_Wall_Windows2","F7E720F9-4C82-6A36-D2F1-E7ABFFB59EAF"
"Removed","SM_HW_EH_WindowGlass_Circle2","StaticMeshActor","DL_RENDER DL_OVERLAND","DL_RENDER","/Game/__ExternalActors__/Levels/Overland/Hogwarts/EntranceHall/LI_EntranceHall_EXT/9/9D/QBBFXSZG63KTG8XSUGIWRV","LV_Overland/Hogwarts/LI_Hogwarts/LevelInstances/EntranceHall/LI_EntranceHall_EXT/SM_HW_EH_WindowGlass_Circle2","0D2F9314-4446-3E29-EA99-ACAC9E04582C"
"Removed","SM_HW_Finial_A10","StaticMeshActor","DL_RENDER DL_OVERLAND","DL_RENDER","/Game/__ExternalActors__/Levels/Overland/Hogwarts/EntranceHall/LI_EntranceHall_EXT/9/BQ/JBJ179PF0RVS728FFNYCE2","LV_Overland/Hogwarts/LI_Hogwarts/LevelInstances/EntranceHall/LI_EntranceHall_EXT/SM_HW_Finial_A10","3AA7F5E1-48C2-C133-C1ED-DCAA8B34B81D"
"Removed","SM_HW_Finial_A11","StaticMeshActor","DL_RENDER DL_OVERLAND","DL_RENDER","/Game/__ExternalActors__/Levels/Overland/Hogwarts/EntranceHall/LI_EntranceHall_EXT/3/XB/XRARUIGYWO3BILD5BAZOY2","LV_Overland/Hogwarts/LI_Hogwarts/LevelInstances/EntranceHall/LI_EntranceHall_EXT/SM_HW_Finial_A11","957A3AA7-4710-1217-9FBB-2899544902D9"
"Removed","SM_HW_Finial_A12","StaticMeshActor","DL_RENDER DL_OVERLAND","DL_RENDER","/Game/__ExternalActors__/Levels/Overland/Hogwarts/EntranceHall/LI_EntranceHall_EXT/2/KM/MYWB63V9ZKY6FYQKZ221HN","LV_Overland/Hogwarts/LI_Hogwarts/LevelInstances/EntranceHall/LI_EntranceHall_EXT/SM_HW_Finial_A12","1BCE94EC-4757-E2BD-E98C-D3919240C250"
"Removed","SM_HW_Finial_A6","StaticMeshActor","DL_RENDER DL_OVERLAND","DL_RENDER","/Game/__ExternalActors__/Levels/Overland/Hogwarts/EntranceHall/LI_EntranceHall_EXT/A/NC/2HNLQ51XBCBRVZ9YSCH8G4","LV_Overland/Hogwarts/LI_Hogwarts/LevelInstances/EntranceHall/LI_EntranceHall_EXT/SM_HW_Finial_A6","8D10356A-41FB-6122-45CD-9DAB7DBD43CF"
"Removed","SM_HW_Finial_A7","StaticMeshActor","DL_RENDER DL_OVERLAND","DL_RENDER","/Game/__ExternalActors__/Levels/Overland/Hogwarts/EntranceHall/LI_EntranceHall_EXT/A/KE/GXVUH1ZMR5A7WRPMKFS5D5","LV_Overland/Hogwarts/LI_Hogwarts/LevelInstances/EntranceHall/LI_EntranceHall_EXT/SM_HW_Finial_A7","F814B959-4727-DF83-E259-15B8C8C88585"
"Removed","SM_HW_Finial_A8","StaticMeshActor","DL_RENDER DL_OVERLAND","DL_RENDER","/Game/__ExternalActors__/Levels/Overland/Hogwarts/EntranceHall/LI_EntranceHall_EXT/E/5B/YZ9R4U139FP4K0KOCFHE15","LV_Overland/Hogwarts/LI_Hogwarts/LevelInstances/EntranceHall/LI_EntranceHall_EXT/SM_HW_Finial_A8","FCF112F9-4E90-8E0C-AC0B-EC8FEA3E55B4"
"Removed","SM_HW_Finial_A9","StaticMeshActor","DL_RENDER DL_OVERLAND","DL_RENDER","/Game/__ExternalActors__/Levels/Overland/Hogwarts/EntranceHall/LI_EntranceHall_EXT/4/NV/HC4PMM50ULSPE20VLR0H2M","LV_Overland/Hogwarts/LI_Hogwarts/LevelInstances/EntranceHall/LI_EntranceHall_EXT/SM_HW_Finial_A9","99201FDD-4E4B-1B9F-AE05-01A5FF4D7C13"
"Removed","SM_HW_Finial_B_5","StaticMeshActor","DL_RENDER DL_OVERLAND","DL_RENDER","/Game/__ExternalActors__/Levels/Overland/Hogwarts/EntranceHall/LI_EntranceHall_EXT/8/Y0/M3AP2TAFDQS31WQJ0944LC","LV_Overland/Hogwarts/LI_Hogwarts/LevelInstances/EntranceHall/LI_EntranceHall_EXT/RENDER/Tower/SM_HW_Finial_B_5","F0A40A91-4127-3004-DB97-C78BC17D2453"
"Removed","SM_HW_GH_Trim_Base_A15","StaticMeshActor","DL_RENDER DL_OVERLAND","DL_RENDER","/Game/__ExternalActors__/Levels/Overland/Hogwarts/EntranceHall/LI_EntranceHall_EXT/B/Y3/QNC9C8I1SRF5GT0Q7MQMPO","LV_Overland/Hogwarts/LI_Hogwarts/LevelInstances/EntranceHall/LI_EntranceHall_EXT/RENDER/SM_HW_GH_Trim_Base_A15","195F090D-4EAA-5B84-ED4F-208683372C70"
"Removed","SM_HW_GH_Trim_Base_A16","StaticMeshActor","DL_RENDER DL_OVERLAND","DL_RENDER","/Game/__ExternalActors__/Levels/Overland/Hogwarts/EntranceHall/LI_EntranceHall_EXT/1/5S/7RQS5XCKUCLJ4PW1CG3LBV","LV_Overland/Hogwarts/LI_Hogwarts/LevelInstances/EntranceHall/LI_EntranceHall_EXT/RENDER/SM_HW_GH_Trim_Base_A16","086EAD39-4A4C-ECF6-09E0-C8A4F16B55D5"
"Removed","SM_HW_GH_Trim_Base_A17","StaticMeshActor","DL_RENDER DL_OVERLAND","DL_RENDER","/Game/__ExternalActors__/Levels/Overland/Hogwarts/EntranceHall/LI_EntranceHall_EXT/A/KM/8BDOTKMFON2PYFKPP39YNT","LV_Overland/Hogwarts/LI_Hogwarts/LevelInstances/EntranceHall/LI_EntranceHall_EXT/RENDER/SM_HW_GH_Trim_Base_A17","7B80B20C-4E36-D04B-8249-C0BB6A1B3D48"
"Removed","SM_HW_GH_Trim_Base_A18","StaticMeshActor","DL_RENDER DL_OVERLAND","DL_RENDER","/Game/__ExternalActors__/Levels/Overland/Hogwarts/EntranceHall/LI_EntranceHall_EXT/0/20/RDNV510IX1R06CGBS9H9SO","LV_Overland/Hogwarts/LI_Hogwarts/LevelInstances/EntranceHall/LI_EntranceHall_EXT/RENDER/SM_HW_GH_Trim_Base_A18","8F024BA6-4845-188A-3CF6-FBBF983CDCAA"
"Removed","SM_HW_GH_Trim_Base_A19","StaticMeshActor","DL_RENDER DL_OVERLAND","DL_RENDER","/Game/__ExternalActors__/Levels/Overland/Hogwarts/EntranceHall/LI_EntranceHall_EXT/0/P1/YLPGNYR8P729YLMIQSUHCA","LV_Overland/Hogwarts/LI_Hogwarts/LevelInstances/EntranceHall/LI_EntranceHall_EXT/RENDER/SM_HW_GH_Trim_Base_A19","94A52857-4B48-CDEA-E75F-C3A616CA2FCA"
"Removed","SM_HW_GH_Trim_Base_A20","StaticMeshActor","DL_RENDER DL_OVERLAND","DL_RENDER","/Game/__ExternalActors__/Levels/Overland/Hogwarts/EntranceHall/LI_EntranceHall_EXT/2/VC/QXF4POWUD63AETBQ2UG3YU","LV_Overland/Hogwarts/LI_Hogwarts/LevelInstances/EntranceHall/LI_EntranceHall_EXT/RENDER/SM_HW_GH_Trim_Base_A20","CB3963D9-40CD-4A95-8566-82BAE8897B00"
"Removed","SM_HW_GH_Trim_Base_A21","StaticMeshActor","DL_RENDER DL_OVERLAND","DL_RENDER","/Game/__ExternalActors__/Levels/Overland/Hogwarts/EntranceHall/LI_EntranceHall_EXT/3/9H/K99RQJS0M0RLS1SP9Q0CVK","LV_Overland/Hogwarts/LI_Hogwarts/LevelInstances/EntranceHall/LI_EntranceHall_EXT/RENDER/SM_HW_GH_Trim_Base_A21","A7DF558F-48F7-B9CF-C54A-98A258A406DC"
"Removed","SM_HW_GH_Trim_Base_A22","StaticMeshActor","DL_RENDER DL_OVERLAND","DL_RENDER","/Game/__ExternalActors__/Levels/Overland/Hogwarts/EntranceHall/LI_EntranceHall_EXT/4/1R/8Q1W72WXT9I7W2UF0EGIYW","LV_Overland/Hogwarts/LI_Hogwarts/LevelInstances/EntranceHall/LI_EntranceHall_EXT/RENDER/SM_HW_GH_Trim_Base_A22","774C3916-477B-8328-0E27-9993682018AF"
"Removed","SM_HW_GH_Trim_Base_A25","StaticMeshActor","DL_RENDER DL_OVERLAND","DL_RENDER","/Game/__ExternalActors__/Levels/Overland/Hogwarts/EntranceHall/LI_EntranceHall_EXT/B/G2/ZUWCNV1FI84LYWEDVA3F4Q","LV_Overland/Hogwarts/LI_Hogwarts/LevelInstances/EntranceHall/LI_EntranceHall_EXT/RENDER/SM_HW_GH_Trim_Base_A25","31E57100-40E9-E921-7DE7-53BF28C64D3D"
"Removed","SM_HW_GH_Trim_Base_A26","StaticMeshActor","DL_RENDER DL_OVERLAND","DL_RENDER","/Game/__ExternalActors__/Levels/Overland/Hogwarts/EntranceHall/LI_EntranceHall_EXT/7/JN/HZFPZF2OIBCMRMY8D4YVA3","LV_Overland/Hogwarts/LI_Hogwarts/LevelInstances/EntranceHall/LI_EntranceHall_EXT/RENDER/SM_HW_GH_Trim_Base_A26","22978A14-415B-5F70-DCBF-26B2B830B212"
"Removed","SM_HW_GH_Trim_Base_A27","StaticMeshActor","DL_RENDER DL_OVERLAND","DL_RENDER","/Game/__ExternalActors__/Levels/Overland/Hogwarts/EntranceHall/LI_EntranceHall_EXT/3/JI/MIQSF9Y2FHZBTNSCJ6KDUW","LV_Overland/Hogwarts/LI_Hogwarts/LevelInstances/EntranceHall/LI_EntranceHall_EXT/RENDER/SM_HW_GH_Trim_Base_A27","CD5528BA-453B-16F3-678F-75BDC9D94EC3"
"Removed","SM_HW_GH_Trim_Base_A28","StaticMeshActor","DL_RENDER DL_OVERLAND","DL_RENDER","/Game/__ExternalActors__/Levels/Overland/Hogwarts/EntranceHall/LI_EntranceHall_EXT/D/0W/QOPU98S7AN2UYV77UOMEPF","LV_Overland/Hogwarts/LI_Hogwarts/LevelInstances/EntranceHall/LI_EntranceHall_EXT/RENDER/SM_HW_GH_Trim_Base_A28","E9055228-4411-1A63-3A77-DEBE742E683C"
"Removed","SM_HW_GH_Trim_Base_A29","StaticMeshActor","DL_RENDER DL_OVERLAND","DL_RENDER","/Game/__ExternalActors__/Levels/Overland/Hogwarts/EntranceHall/LI_EntranceHall_EXT/E/WJ/GLVS4B38OKDT51EOM7MV5B","LV_Overland/Hogwarts/LI_Hogwarts/LevelInstances/EntranceHall/LI_EntranceHall_EXT/RENDER/SM_HW_GH_Trim_Base_A29","D7088E7A-4919-C19C-51A9-5CA8831D8E73"
"Removed","SM_HW_GH_Trim_Base_A30","StaticMeshActor","DL_RENDER DL_OVERLAND","DL_RENDER","/Game/__ExternalActors__/Levels/Overland/Hogwarts/EntranceHall/LI_EntranceHall_EXT/D/IU/CH91I6J153WEQGTUTH9O1D","LV_Overland/Hogwarts/LI_Hogwarts/LevelInstances/EntranceHall/LI_EntranceHall_EXT/RENDER/SM_HW_GH_Trim_Base_A30","686BD020-4EAA-A566-799F-39B539D0B5FD"
"Removed","SM_HW_GH_Trim_Base_A31","StaticMeshActor","DL_RENDER DL_OVERLAND","DL_RENDER","/Game/__ExternalActors__/Levels/Overland/Hogwarts/EntranceHall/LI_EntranceHall_EXT/4/FC/D6GJZ3SHUD23IVPFN9DVEL","LV_Overland/Hogwarts/LI_Hogwarts/LevelInstances/EntranceHall/LI_EntranceHall_EXT/RENDER/SM_HW_GH_Trim_Base_A31","7BFF1810-47B0-9B90-50C5-2FA912370B60"
"Removed","SM_HW_GH_Trim_Base_A32","StaticMeshActor","DL_RENDER DL_OVERLAND","DL_RENDER","/Game/__ExternalActors__/Levels/Overland/Hogwarts/EntranceHall/LI_EntranceHall_EXT/9/XX/9OSWC7OE8XYZDKNNO60FCI","LV_Overland/Hogwarts/LI_Hogwarts/LevelInstances/EntranceHall/LI_EntranceHall_EXT/RENDER/SM_HW_GH_Trim_Base_A32","A1E9431E-4AE7-A591-607D-5E847BCD9AD7"
"Removed","SM_HW_GH_Trim_Base_A33","StaticMeshActor","DL_RENDER DL_OVERLAND","DL_RENDER","/Game/__ExternalActors__/Levels/Overland/Hogwarts/EntranceHall/LI_EntranceHall_EXT/3/OD/8EYV3NR1S31MDWKNQS8QDE","LV_Overland/Hogwarts/LI_Hogwarts/LevelInstances/EntranceHall/LI_EntranceHall_EXT/RENDER/SM_HW_GH_Trim_Base_A33","BBF728B0-49BC-77F5-31BB-E7B292B574A5"
"Removed","SM_HW_GH_Trim_Base_A34","StaticMeshActor","DL_RENDER DL_OVERLAND","DL_RENDER","/Game/__ExternalActors__/Levels/Overland/Hogwarts/EntranceHall/LI_EntranceHall_EXT/4/1I/OWGIWLHJE6RXVBUQGBZDEU","LV_Overland/Hogwarts/LI_Hogwarts/LevelInstances/EntranceHall/LI_EntranceHall_EXT/RENDER/SM_HW_GH_Trim_Base_A34","7765D208-4C3B-817E-B42A-E1A7D36A4D4B"
"Removed","SM_HW_GH_Trim_Base_A35","StaticMeshActor","DL_RENDER DL_OVERLAND","DL_RENDER","/Game/__ExternalActors__/Levels/Overland/Hogwarts/EntranceHall/LI_EntranceHall_EXT/6/OU/CTIK1X1ELT1IUOJSRGRHZ5","LV_Overland/Hogwarts/LI_Hogwarts/LevelInstances/EntranceHall/LI_EntranceHall_EXT/RENDER/SM_HW_GH_Trim_Base_A35","66057065-4A0D-E4F3-F582-9480EC696DAD"
"Removed","SM_HW_GH_Trim_Base_A36","StaticMeshActor","DL_RENDER DL_OVERLAND","DL_RENDER","/Game/__ExternalActors__/Levels/Overland/Hogwarts/EntranceHall/LI_EntranceHall_EXT/0/PL/7SSNTGJSF1D2531MHDLHQ6","LV_Overland/Hogwarts/LI_Hogwarts/LevelInstances/EntranceHall/LI_EntranceHall_EXT/RENDER/SM_HW_GH_Trim_Base_A36","D9CD2682-4780-E105-DCEB-2E8092B32FAD"
"Removed","SM_HW_GH_Trim_Base_A37","StaticMeshActor","DL_RENDER DL_OVERLAND","DL_RENDER","/Game/__ExternalActors__/Levels/Overland/Hogwarts/EntranceHall/LI_EntranceHall_EXT/B/VI/B1C141OOUP932R8GGOUN78","LV_Overland/Hogwarts/LI_Hogwarts/LevelInstances/EntranceHall/LI_EntranceHall_EXT/RENDER/SM_HW_GH_Trim_Base_A37","D4872246-462D-D951-3EB4-FF99B315A334"
"Removed","SM_HW_GH_Trim_Base_A38","StaticMeshActor","DL_RENDER DL_OVERLAND","DL_RENDER","/Game/__ExternalActors__/Levels/Overland/Hogwarts/EntranceHall/LI_EntranceHall_EXT/B/ZS/0RARVV0P9563GZBWJVS8BX","LV_Overland/Hogwarts/LI_Hogwarts/LevelInstances/EntranceHall/LI_EntranceHall_EXT/RENDER/SM_HW_GH_Trim_Base_A38","932AC1CF-43B2-27B5-B647-D9AD4CB2146A"
"Removed","SM_HW_GH_Trim_Base_A67","StaticMeshActor","DL_RENDER DL_OVERLAND","DL_RENDER","/Game/__ExternalActors__/Levels/Overland/Hogwarts/EntranceHall/LI_EntranceHall_EXT/5/Q5/K0R3U3WDYFMKP0X0YXSPZ4","LV_Overland/Hogwarts/LI_Hogwarts/LevelInstances/EntranceHall/LI_EntranceHall_EXT/RENDER/SM_HW_GH_Trim_Base_A67","D803DDAD-4373-72D2-5060-4991A9207A4A"
"Removed","SM_HW_GH_Trim_Base_A68","StaticMeshActor","DL_RENDER DL_OVERLAND","DL_RENDER","/Game/__ExternalActors__/Levels/Overland/Hogwarts/EntranceHall/LI_EntranceHall_EXT/8/WF/S9EUQQLM8B0S8CZEC589ZP","LV_Overland/Hogwarts/LI_Hogwarts/LevelInstances/EntranceHall/LI_EntranceHall_EXT/RENDER/SM_HW_GH_Trim_Base_A68","D7651642-4F91-64DE-A426-58BB9AA432AB"
"Removed","SM_HW_GH_Trim_Base_A70","StaticMeshActor","DL_RENDER DL_OVERLAND","DL_RENDER","/Game/__ExternalActors__/Levels/Overland/Hogwarts/EntranceHall/LI_EntranceHall_EXT/3/2Q/H1YFWDMK1ZM6PPD6T2VUNV","LV_Overland/Hogwarts/LI_Hogwarts/LevelInstances/EntranceHall/LI_EntranceHall_EXT/RENDER/SM_HW_GH_Trim_Base_A70","6C224BFB-4F3B-9060-2CAA-5491248AEB7A"
"Removed","SM_HW_GH_Trim_Base_A72","StaticMeshActor","DL_RENDER DL_OVERLAND","DL_RENDER","/Game/__ExternalActors__/Levels/Overland/Hogwarts/EntranceHall/LI_EntranceHall_EXT/6/TV/2NEU2AYTBBADM5RT8APXN2","LV_Overland/Hogwarts/LI_Hogwarts/LevelInstances/EntranceHall/LI_EntranceHall_EXT/RENDER/SM_HW_GH_Trim_Base_A72","0286639E-437A-01BE-C005-FBBA5786128E"
"Removed","SM_HW_GH_Trim_Base_A74","StaticMeshActor","DL_RENDER DL_OVERLAND","DL_RENDER","/Game/__ExternalActors__/Levels/Overland/Hogwarts/EntranceHall/LI_EntranceHall_EXT/A/FS/YJHK7N4440LEJ33BJX80PW","LV_Overland/Hogwarts/LI_Hogwarts/LevelInstances/EntranceHall/LI_EntranceHall_EXT/RENDER/SM_HW_GH_Trim_Base_A74","132C33BF-4939-A1A1-8584-5493B7293791"
"Removed","SM_HW_GH_Trim_Base_A77","StaticMeshActor","DL_RENDER DL_OVERLAND","DL_RENDER","/Game/__ExternalActors__/Levels/Overland/Hogwarts/EntranceHall/LI_EntranceHall_EXT/C/ZW/ASVOS0EDUB36WJ7MHB5VT6","LV_Overland/Hogwarts/LI_Hogwarts/LevelInstances/EntranceHall/LI_EntranceHall_EXT/RENDER/SM_HW_GH_Trim_Base_A77","0ACABFCB-4FA3-239C-8188-97A50F3BCA5D"
"Removed","SM_HW_GH_Trim_Base_A79","StaticMeshActor","DL_RENDER DL_OVERLAND","DL_RENDER","/Game/__ExternalActors__/Levels/Overland/Hogwarts/EntranceHall/LI_EntranceHall_EXT/1/9E/XPPPQBGZ96XY7ZOR2UYF7X","LV_Overland/Hogwarts/LI_Hogwarts/LevelInstances/EntranceHall/LI_EntranceHall_EXT/RENDER/SM_HW_GH_Trim_Base_A79","35EFDEFF-4BA9-366F-FCC5-2F9628454317"
"Removed","SM_HW_GH_Trim_Base_A80","StaticMeshActor","DL_RENDER DL_OVERLAND","DL_RENDER","/Game/__ExternalActors__/Levels/Overland/Hogwarts/EntranceHall/LI_EntranceHall_EXT/8/SM/OQDDYK42SI6GLQOT8YB1FW","LV_Overland/Hogwarts/LI_Hogwarts/LevelInstances/EntranceHall/LI_EntranceHall_EXT/RENDER/SM_HW_GH_Trim_Base_A80","6B4446E5-4E36-08C5-6749-7899A54A916B"
"Removed","SM_HW_GH_Trim_Base_A82","StaticMeshActor","DL_RENDER DL_OVERLAND","DL_RENDER","/Game/__ExternalActors__/Levels/Overland/Hogwarts/EntranceHall/LI_EntranceHall_EXT/F/5L/CBO9Y468TNVP41ARBY88CB","LV_Overland/Hogwarts/LI_Hogwarts/LevelInstances/EntranceHall/LI_EntranceHall_EXT/RENDER/SM_HW_GH_Trim_Base_A82","5718D40E-4B43-BC9C-9D3A-30ADA4FCEB10"
"Removed","SM_HW_GH_Trim_Base_A83","StaticMeshActor","DL_RENDER DL_OVERLAND","DL_RENDER","/Game/__ExternalActors__/Levels/Overland/Hogwarts/EntranceHall/LI_EntranceHall_EXT/7/P4/SNDAEYAO5DRALSEL5C1E9M","LV_Overland/Hogwarts/LI_Hogwarts/LevelInstances/EntranceHall/LI_EntranceHall_EXT/RENDER/SM_HW_GH_Trim_Base_A83","AAB24CD2-4A1B-5910-82F0-5DAD1BAAB399"
"Removed","SM_HW_GH_Trim_Base_A84","StaticMeshActor","DL_RENDER DL_OVERLAND","DL_RENDER","/Game/__ExternalActors__/Levels/Overland/Hogwarts/EntranceHall/LI_EntranceHall_EXT/3/IF/DLI25H34C232LS27UWUKE1","LV_Overland/Hogwarts/LI_Hogwarts/LevelInstances/EntranceHall/LI_EntranceHall_EXT/RENDER/SM_HW_GH_Trim_Base_A84","D01A5F80-4F02-B0F5-3FCE-0C8C50A985C6"
"Removed","SM_HW_GH_Trim_Base_A86","StaticMeshActor","DL_RENDER DL_OVERLAND","DL_RENDER","/Game/__ExternalActors__/Levels/Overland/Hogwarts/EntranceHall/LI_EntranceHall_EXT/3/PK/CC0OZA9IBJF2TSQ46BM0DN","LV_Overland/Hogwarts/LI_Hogwarts/LevelInstances/EntranceHall/LI_EntranceHall_EXT/RENDER/SM_HW_GH_Trim_Base_A86","6E5B1989-4F2C-E4CD-3A4E-2B9A4A000E8F"
"Removed","SM_HW_GH_Trim_Base_A87","StaticMeshActor","DL_RENDER DL_OVERLAND","DL_RENDER","/Game/__ExternalActors__/Levels/Overland/Hogwarts/EntranceHall/LI_EntranceHall_EXT/C/UL/RIRSDLW8TD19HET0D35N1F","LV_Overland/Hogwarts/LI_Hogwarts/LevelInstances/EntranceHall/LI_EntranceHall_EXT/RENDER/SM_HW_GH_Trim_Base_A87","BF8626DB-4D77-82F7-181A-DBA6D76E64BE"
"Removed","SM_HW_GH_Trim_Base_A89","StaticMeshActor","DL_RENDER DL_OVERLAND","DL_RENDER","/Game/__ExternalActors__/Levels/Overland/Hogwarts/EntranceHall/LI_EntranceHall_EXT/1/WE/DD3UE6QWTPCY6S7XILWWJ7","LV_Overland/Hogwarts/LI_Hogwarts/LevelInstances/EntranceHall/LI_EntranceHall_EXT/RENDER/SM_HW_GH_Trim_Base_A89","841C5CAA-489C-21AA-2D71-72ADEEED3986"
"Removed","SM_HW_GH_Window_Dormer_SM_A","StaticMeshActor","DL_RENDER DL_OVERLAND","DL_RENDER","/Game/__ExternalActors__/Levels/Overland/Hogwarts/EntranceHall/LI_EntranceHall_EXT/0/NB/M0DN51827G1UI004OBV0QV","LV_Overland/Hogwarts/LI_Hogwarts/LevelInstances/EntranceHall/LI_EntranceHall_EXT/SM_HW_GH_Window_Dormer_SM_A","5535A66A-4F7F-B243-C4A9-4C981A4D274C"
"Removed","SM_HW_GH_Window_Dormer_SM_A2","StaticMeshActor","DL_RENDER DL_OVERLAND","DL_RENDER","/Game/__ExternalActors__/Levels/Overland/Hogwarts/EntranceHall/LI_EntranceHall_EXT/6/A5/7UYGUMCGZZV56ESS31T515","LV_Overland/Hogwarts/LI_Hogwarts/LevelInstances/EntranceHall/LI_EntranceHall_EXT/SM_HW_GH_Window_Dormer_SM_A2","7ED43605-490D-8A38-868A-51AC1C5545EE"
"Removed","SM_HW_GH_Window_Dormer_SM_A3","StaticMeshActor","DL_RENDER DL_OVERLAND","DL_RENDER","/Game/__ExternalActors__/Levels/Overland/Hogwarts/EntranceHall/LI_EntranceHall_EXT/2/I2/JZPCPPRODF5LD2OSU40FET","LV_Overland/Hogwarts/LI_Hogwarts/LevelInstances/EntranceHall/LI_EntranceHall_EXT/SM_HW_GH_Window_Dormer_SM_A3","D67E18B3-4EBB-8940-D37C-3E97B67462E5"
"Removed","SM_HW_GH_Window_Dormer_SM_A4","StaticMeshActor","DL_RENDER DL_OVERLAND","DL_RENDER","/Game/__ExternalActors__/Levels/Overland/Hogwarts/EntranceHall/LI_EntranceHall_EXT/E/W5/YG73MWF73UUY61LPIUQL1T","LV_Overland/Hogwarts/LI_Hogwarts/LevelInstances/EntranceHall/LI_EntranceHall_EXT/SM_HW_GH_Window_Dormer_SM_A4","4A3915B0-4B44-91F6-BC87-6A954AC433AB"
"Removed","SM_HW_GH_Window_Dormer_SM_A5","StaticMeshActor","DL_RENDER DL_OVERLAND","DL_RENDER","/Game/__ExternalActors__/Levels/Overland/Hogwarts/EntranceHall/LI_EntranceHall_EXT/9/WC/SDQXCVO7RGS8KUISZ6C8YF","LV_Overland/Hogwarts/LI_Hogwarts/LevelInstances/EntranceHall/LI_EntranceHall_EXT/SM_HW_GH_Window_Dormer_SM_A5","B3F96814-41B7-A302-95B2-6197DD9109E4"
"Removed","SM_HW_GH_Window_Dormer_SM_A6","StaticMeshActor","DL_RENDER DL_OVERLAND","DL_RENDER","/Game/__ExternalActors__/Levels/Overland/Hogwarts/EntranceHall/LI_EntranceHall_EXT/4/S0/JBBRBYJI8WHH9VT6GX3ORB","LV_Overland/Hogwarts/LI_Hogwarts/LevelInstances/EntranceHall/LI_EntranceHall_EXT/SM_HW_GH_Window_Dormer_SM_A6","5DD401F5-4FA0-0914-7C25-4A9FFC21CC50"
"Removed","SM_HW_GH_Window_Tracery_Lower_A","StaticMeshActor","DL_RENDER DL_OVERLAND","DL_RENDER","/Game/__ExternalActors__/Levels/Overland/Hogwarts/EntranceHall/LI_EntranceHall_EXT/0/9D/S95C5G3FUHFEFJJM1KXQR9","LV_Overland/Hogwarts/LI_Hogwarts/LevelInstances/EntranceHall/LI_EntranceHall_EXT/SM_HW_GH_Window_Tracery_Lower_A","D61E28E7-489A-6AD5-DCCE-28B43E8FE719"
"Removed","SM_HW_GH_Window_Tracery_Lower_A_1","StaticMeshActor","DL_RENDER DL_OVERLAND","DL_RENDER","/Game/__ExternalActors__/Levels/Overland/Hogwarts/EntranceHall/LI_EntranceHall_EXT/7/E7/43YOK33JG9PA2Y6MOVISFZ","LV_Overland/Hogwarts/LI_Hogwarts/LevelInstances/EntranceHall/LI_EntranceHall_EXT/RENDER/Tower/SM_HW_GH_Window_Tracery_Lower_A_1","CB5A39D2-4070-9507-5BE6-7DBC3D5C092C"
"Removed","SM_HW_GH_Window_Tracery_Lower_A_2","StaticMeshActor","DL_RENDER DL_OVERLAND","DL_RENDER","/Game/__ExternalActors__/Levels/Overland/Hogwarts/EntranceHall/LI_EntranceHall_EXT/5/X7/3EGR2LZ34FQY8MTHXI5S5Y","LV_Overland/Hogwarts/LI_Hogwarts/LevelInstances/EntranceHall/LI_EntranceHall_EXT/RENDER/Tower/SM_HW_GH_Window_Tracery_Lower_A_2","044F7E03-4021-6337-2A24-6A9D8A976972"
"Removed","SM_HW_GH_Window_Tracery_Lower_A_3","StaticMeshActor","DL_RENDER DL_OVERLAND","DL_RENDER","/Game/__ExternalActors__/Levels/Overland/Hogwarts/EntranceHall/LI_EntranceHall_EXT/2/WY/NUPV0SF9OIQZNQLW1G13FV","LV_Overland/Hogwarts/LI_Hogwarts/LevelInstances/EntranceHall/LI_EntranceHall_EXT/RENDER/Tower/SM_HW_GH_Window_Tracery_Lower_A_3","908A69AC-45AF-66D8-82E9-E3BD6D45F72D"
"Removed","SM_HW_GH_Window_Tracery_Lower_A_5","StaticMeshActor","DL_RENDER DL_OVERLAND","DL_RENDER","/Game/__ExternalActors__/Levels/Overland/Hogwarts/EntranceHall/LI_EntranceHall_EXT/A/L7/NMBMEDG4W6D8M5JOAMBPOP","LV_Overland/Hogwarts/LI_Hogwarts/LevelInstances/EntranceHall/LI_EntranceHall_EXT/RENDER/Tower/SM_HW_GH_Window_Tracery_Lower_A_5","708BF6BB-4A7F-7FD5-52B1-8AB510284564"
"Removed","SM_HW_GH_Window_Tracery_Lower_A_6","StaticMeshActor","DL_RENDER DL_OVERLAND","DL_RENDER","/Game/__ExternalActors__/Levels/Overland/Hogwarts/EntranceHall/LI_EntranceHall_EXT/0/FF/GUYJ7L6I3KESQ9CX4S26LX","LV_Overland/Hogwarts/LI_Hogwarts/LevelInstances/EntranceHall/LI_EntranceHall_EXT/RENDER/Tower/SM_HW_GH_Window_Tracery_Lower_A_6","8F0D747F-413A-F259-7A12-108164119A75"
"Removed","SM_HW_GH_Window_Tracery_Lower_A_7","StaticMeshActor","DL_RENDER DL_OVERLAND","DL_RENDER","/Game/__ExternalActors__/Levels/Overland/Hogwarts/EntranceHall/LI_EntranceHall_EXT/1/GS/UT1BOFWOYIQ7TV421IW40I","LV_Overland/Hogwarts/LI_Hogwarts/LevelInstances/EntranceHall/LI_EntranceHall_EXT/RENDER/Tower/SM_HW_GH_Window_Tracery_Lower_A_7","F99C556E-4C62-AD86-8F2C-AC84863151FA"
"Removed","SM_HW_GH_WindowFrame_Lower_A_1","StaticMeshActor","DL_RENDER DL_OVERLAND","DL_RENDER","/Game/__ExternalActors__/Levels/Overland/Hogwarts/EntranceHall/LI_EntranceHall_EXT/6/QC/716N8NSV9OE2H9PQXMIHLZ","LV_Overland/Hogwarts/LI_Hogwarts/LevelInstances/EntranceHall/LI_EntranceHall_EXT/RENDER/Tower/SM_HW_GH_WindowFrame_Lower_A_1","F02C9CAE-4D1D-D6F4-52AF-AD872789A826"
"Removed","SM_HW_GH_WindowFrame_Lower_A_10","StaticMeshActor","DL_RENDER DL_OVERLAND","DL_RENDER","/Game/__ExternalActors__/Levels/Overland/Hogwarts/EntranceHall/LI_EntranceHall_EXT/5/DE/IPTS9KJ3F6240621FVWA0X","LV_Overland/Hogwarts/LI_Hogwarts/LevelInstances/EntranceHall/LI_EntranceHall_EXT/RENDER/Tower/SM_HW_GH_WindowFrame_Lower_A_10","59636B70-46C7-AF8D-08B6-7B96C6D90BD8"
"Removed","SM_HW_GH_WindowFrame_Lower_A_11","StaticMeshActor","DL_RENDER DL_OVERLAND","DL_RENDER","/Game/__ExternalActors__/Levels/Overland/Hogwarts/EntranceHall/LI_EntranceHall_EXT/1/BV/0BGC31DF2BKMMBNOPU35KG","LV_Overland/Hogwarts/LI_Hogwarts/LevelInstances/EntranceHall/LI_EntranceHall_EXT/RENDER/Tower/SM_HW_GH_WindowFrame_Lower_A_11","553E4CCA-4510-541C-F42A-EDA5AD1C73C0"
"Removed","SM_HW_GH_WindowFrame_Lower_A_12","StaticMeshActor","DL_RENDER DL_OVERLAND","DL_RENDER","/Game/__ExternalActors__/Levels/Overland/Hogwarts/EntranceHall/LI_EntranceHall_EXT/E/0H/KM79CPAV8FFB9G7JJ2C7F1","LV_Overland/Hogwarts/LI_Hogwarts/LevelInstances/EntranceHall/LI_EntranceHall_EXT/RENDER/Tower/SM_HW_GH_WindowFrame_Lower_A_12","2B23C091-49ED-CB58-E904-46B81DCED3A5"
"Removed","SM_HW_GH_WindowFrame_Lower_A_13","StaticMeshActor","DL_RENDER DL_OVERLAND","DL_RENDER","/Game/__ExternalActors__/Levels/Overland/Hogwarts/EntranceHall/LI_EntranceHall_EXT/D/NT/DEC8BWZJ879PTKON2YKVSY","LV_Overland/Hogwarts/LI_Hogwarts/LevelInstances/EntranceHall/LI_EntranceHall_EXT/RENDER/Tower/SM_HW_GH_WindowFrame_Lower_A_13","32A42458-43C6-FCDB-B130-D691001BFA5F"
"Removed","SM_HW_GH_WindowFrame_Lower_A_18","StaticMeshActor","DL_RENDER DL_OVERLAND","DL_RENDER","/Game/__ExternalActors__/Levels/Overland/Hogwarts/EntranceHall/LI_EntranceHall_EXT/5/N6/CSS3FI1JOCIYBS57VPNMOH","LV_Overland/Hogwarts/LI_Hogwarts/LevelInstances/EntranceHall/LI_EntranceHall_EXT/RENDER/Tower/SM_HW_GH_WindowFrame_Lower_A_18","F6E66FD6-484F-EA60-B890-CD987DFA8BC0"
"Removed","SM_HW_GH_WindowFrame_Lower_A_19","StaticMeshActor","DL_RENDER DL_OVERLAND","DL_RENDER","/Game/__ExternalActors__/Levels/Overland/Hogwarts/EntranceHall/LI_EntranceHall_EXT/1/27/JY0AY5MUSBMG6RFPEB5II2","LV_Overland/Hogwarts/LI_Hogwarts/LevelInstances/EntranceHall/LI_EntranceHall_EXT/RENDER/Tower/SM_HW_GH_WindowFrame_Lower_A_19","E211594F-4E94-54C0-BA96-09B21CEB320F"
"Removed","SM_HW_GH_WindowFrame_Lower_A_20","StaticMeshActor","DL_RENDER DL_OVERLAND","DL_RENDER","/Game/__ExternalActors__/Levels/Overland/Hogwarts/EntranceHall/LI_EntranceHall_EXT/D/BE/TYXBVBJ2YB6F35MZHD6BU4","LV_Overland/Hogwarts/LI_Hogwarts/LevelInstances/EntranceHall/LI_EntranceHall_EXT/RENDER/Tower/SM_HW_GH_WindowFrame_Lower_A_20","8938C1E2-47A9-1DD0-F0DD-86AF102E59B9"
"Removed","SM_HW_GH_WindowFrame_Lower_A_21","StaticMeshActor","DL_RENDER DL_OVERLAND","DL_RENDER","/Game/__ExternalActors__/Levels/Overland/Hogwarts/EntranceHall/LI_EntranceHall_EXT/D/7I/C8U1ZZ3W983XGI8OFVC3HG","LV_Overland/Hogwarts/LI_Hogwarts/LevelInstances/EntranceHall/LI_EntranceHall_EXT/RENDER/Tower/SM_HW_GH_WindowFrame_Lower_A_21","E71F0930-4F4C-9FAA-9633-C6879080ADA2"
"Removed","SM_HW_GH_WindowFrame_Lower_A_22","StaticMeshActor","DL_RENDER DL_OVERLAND","DL_RENDER","/Game/__ExternalActors__/Levels/Overland/Hogwarts/EntranceHall/LI_EntranceHall_EXT/1/4O/I8VK2E0EW22U0EF4TZ2QN6","LV_Overland/Hogwarts/LI_Hogwarts/LevelInstances/EntranceHall/LI_EntranceHall_EXT/RENDER/Tower/SM_HW_GH_WindowFrame_Lower_A_22","603A7C57-495E-7730-BE3A-E8812515A88D"
"Removed","SM_HW_GH_WindowFrame_Lower_A_3","StaticMeshActor","DL_RENDER DL_OVERLAND","DL_RENDER","/Game/__ExternalActors__/Levels/Overland/Hogwarts/EntranceHall/LI_EntranceHall_EXT/0/DP/2W5F12RHQJS8MSDP52MOP9","LV_Overland/Hogwarts/LI_Hogwarts/LevelInstances/EntranceHall/LI_EntranceHall_EXT/RENDER/Tower/SM_HW_GH_WindowFrame_Lower_A_3","36E9EB1D-42BA-D26D-C485-67939C1F8F73"
"Removed","SM_HW_GH_WindowFrame_Lower_A_4","StaticMeshActor","DL_RENDER DL_OVERLAND","DL_RENDER","/Game/__ExternalActors__/Levels/Overland/Hogwarts/EntranceHall/LI_EntranceHall_EXT/8/M4/ZH8FC6RI548SFM0R78JTHY","LV_Overland/Hogwarts/LI_Hogwarts/LevelInstances/EntranceHall/LI_EntranceHall_EXT/RENDER/Tower/SM_HW_GH_WindowFrame_Lower_A_4","73978A4A-4633-9D41-C89F-A1981A691554"
"Removed","SM_HW_GH_WindowFrame_Lower_A_5","StaticMeshActor","DL_RENDER DL_OVERLAND","DL_RENDER","/Game/__ExternalActors__/Levels/Overland/Hogwarts/EntranceHall/LI_EntranceHall_EXT/B/1U/7H079C8CH9R7SXJ0UUHPAW","LV_Overland/Hogwarts/LI_Hogwarts/LevelInstances/EntranceHall/LI_EntranceHall_EXT/RENDER/Tower/SM_HW_GH_WindowFrame_Lower_A_5","2E31E35E-446D-8779-6CE5-E19C8B6DB613"
"Removed","SM_HW_GH_WindowFrame_Lower_A_6","StaticMeshActor","DL_RENDER DL_OVERLAND","DL_RENDER","/Game/__ExternalActors__/Levels/Overland/Hogwarts/EntranceHall/LI_EntranceHall_EXT/3/C3/3BYDN0WK0YRNJJEJ3PJUAO","LV_Overland/Hogwarts/LI_Hogwarts/LevelInstances/EntranceHall/LI_EntranceHall_EXT/RENDER/Tower/SM_HW_GH_WindowFrame_Lower_A_6","518D1CB9-477C-21F8-3487-02B41318CBEB"
"Removed","SM_HW_GH_WindowFrame_Lower_A_7","StaticMeshActor","DL_RENDER DL_OVERLAND","DL_RENDER","/Game/__ExternalActors__/Levels/Overland/Hogwarts/EntranceHall/LI_EntranceHall_EXT/B/7M/CFIUS1G9B6JN8EEZ2KL8TU","LV_Overland/Hogwarts/LI_Hogwarts/LevelInstances/EntranceHall/LI_EntranceHall_EXT/RENDER/Tower/SM_HW_GH_WindowFrame_Lower_A_7","23F896B4-4FBF-776A-9705-F6ADA9ED7904"
"Removed","SM_HW_GH_WindowFrame_Lower_A_8","StaticMeshActor","DL_RENDER DL_OVERLAND","DL_RENDER","/Game/__ExternalActors__/Levels/Overland/Hogwarts/EntranceHall/LI_EntranceHall_EXT/E/21/9QI9QHHHN8SI0SRBIL5GJ9","LV_Overland/Hogwarts/LI_Hogwarts/LevelInstances/EntranceHall/LI_EntranceHall_EXT/RENDER/Tower/SM_HW_GH_WindowFrame_Lower_A_8","068FEAB9-44AF-6960-4021-EB8BB95C05CA"
"Removed","SM_HW_GH_WindowFrame_Lower_A_9","StaticMeshActor","DL_RENDER DL_OVERLAND","DL_RENDER","/Game/__ExternalActors__/Levels/Overland/Hogwarts/EntranceHall/LI_EntranceHall_EXT/2/0S/ERP33JJEVOQ9AYZ1QGG5N8","LV_Overland/Hogwarts/LI_Hogwarts/LevelInstances/EntranceHall/LI_EntranceHall_EXT/RENDER/Tower/SM_HW_GH_WindowFrame_Lower_A_9","E6E46F73-4602-A389-82AA-7B8F5CB09CB1"
"Removed","SM_HW_RH_Roof_Wall_A","StaticMeshActor","DL_RENDER DL_OVERLAND","DL_RENDER","/Game/__ExternalActors__/Levels/Overland/Hogwarts/EntranceHall/LI_EntranceHall_EXT/D/9T/8ZDQQGJB2Z97LT1VRJXBLE","LV_Overland/Hogwarts/LI_Hogwarts/LevelInstances/EntranceHall/LI_EntranceHall_EXT/SM_HW_RH_Roof_Wall_A","3B1F819D-42DB-305C-53DF-D3898C19268D"
"Removed","SM_HW_RH_Wall_Windows_Small_A","StaticMeshActor","DL_RENDER DL_OVERLAND","DL_RENDER","/Game/__ExternalActors__/Levels/Overland/Hogwarts/EntranceHall/LI_EntranceHall_EXT/A/BJ/SH6GD6P6ODQ28989S21393","LV_Overland/Hogwarts/LI_Hogwarts/LevelInstances/EntranceHall/LI_EntranceHall_EXT/SM_HW_RH_Wall_Windows_Small_A","E7F41F7D-45BE-A655-FA9F-DC892F0A1093"
"Removed","SM_HW_Stair_3x3_BrkdMdmg","StaticMeshActor","DL_RENDER DL_OVERLAND","DL_RENDER","/Game/__ExternalActors__/Levels/Overland/Hogwarts/EntranceHall/LI_EntranceHall_EXT/E/T7/95WJ70I2FIR337MFRVJ3X2","LV_Overland/Hogwarts/LI_Hogwarts/LevelInstances/EntranceHall/LI_EntranceHall_EXT/RENDER/SM_HW_Stair_3x3_BrkdMdmg","5D21BD56-4B85-56A8-1DFE-2C89911545B9"
"Removed","SM_HW_Stair_3x3_BrkdMdmg2","StaticMeshActor","DL_RENDER DL_OVERLAND","DL_RENDER","/Game/__ExternalActors__/Levels/Overland/Hogwarts/EntranceHall/LI_EntranceHall_EXT/6/CZ/T64QUOMCL0NL3RC84V3BZS","LV_Overland/Hogwarts/LI_Hogwarts/LevelInstances/EntranceHall/LI_EntranceHall_EXT/RENDER/SM_HW_Stair_3x3_BrkdMdmg2","F32793B4-4123-FB4A-8327-7E9615A82B15"
"Removed","SM_HW_Stair_3x3_BrkdMdmg3","StaticMeshActor","DL_RENDER DL_OVERLAND","DL_RENDER","/Game/__ExternalActors__/Levels/Overland/Hogwarts/EntranceHall/LI_EntranceHall_EXT/8/HA/TPR5RH5HF90RP8LW3QA7XA","LV_Overland/Hogwarts/LI_Hogwarts/LevelInstances/EntranceHall/LI_EntranceHall_EXT/RENDER/SM_HW_Stair_3x3_BrkdMdmg3","BE4EC906-4CC7-4AD8-CD55-9F8019BF25BA"
"Removed","SM_HW_Stair_3x3_Mdmg51","StaticMeshActor","DL_RENDER DL_OVERLAND","DL_RENDER","/Game/__ExternalActors__/Levels/Overland/Hogwarts/EntranceHall/LI_EntranceHall_EXT/5/CR/ZQSBNMW3PAE1RWKCZSNWDE","LV_Overland/Hogwarts/LI_Hogwarts/LevelInstances/EntranceHall/LI_EntranceHall_EXT/SM_HW_Stair_3x3_Mdmg51","ADDF14B0-4960-A607-7181-E9AD73F5BF8F"
"Removed","SM_HW_Stair_End_Curved_BrkMdmg","StaticMeshActor","DL_RENDER DL_OVERLAND","DL_RENDER","/Game/__ExternalActors__/Levels/Overland/Hogwarts/EntranceHall/LI_EntranceHall_EXT/7/UL/WQNJWXWAS24CS58LEDV9XQ","LV_Overland/Hogwarts/LI_Hogwarts/LevelInstances/EntranceHall/LI_EntranceHall_EXT/RENDER/SM_HW_Stair_End_Curved_BrkMdmg","84814E0E-4E9E-163F-0AD4-5A9A9A27884D"
"Removed","SM_HW_Stair_End_Curved_BrkMdmg2","StaticMeshActor","DL_RENDER DL_OVERLAND","DL_RENDER","/Game/__ExternalActors__/Levels/Overland/Hogwarts/EntranceHall/LI_EntranceHall_EXT/8/VQ/XRC1J0LTYSLM78B42OLYXB","LV_Overland/Hogwarts/LI_Hogwarts/LevelInstances/EntranceHall/LI_EntranceHall_EXT/RENDER/SM_HW_Stair_End_Curved_BrkMdmg2","E4D72EC1-4CBF-703E-CC7D-588918E1C75F"
"Removed","SM_HW_VC_LargeColumn_B","StaticMeshActor","DL_RENDER DL_OVERLAND","DL_RENDER","/Game/__ExternalActors__/Levels/Overland/Hogwarts/EntranceHall/LI_EntranceHall_EXT/3/D0/J7ILG3053IVV66W08G3BFG","LV_Overland/Hogwarts/LI_Hogwarts/LevelInstances/EntranceHall/LI_EntranceHall_EXT/RENDER/SM_HW_VC_LargeColumn_B","EF08A169-4F0C-6009-6300-67A05B8281F7"
"Removed","SM_HW_VC_LargeColumn_B2","StaticMeshActor","DL_RENDER DL_OVERLAND","DL_RENDER","/Game/__ExternalActors__/Levels/Overland/Hogwarts/EntranceHall/LI_EntranceHall_EXT/9/ZK/XJ1TLREXD8CCY6595TDJ6B","LV_Overland/Hogwarts/LI_Hogwarts/LevelInstances/EntranceHall/LI_EntranceHall_EXT/RENDER/SM_HW_VC_LargeColumn_B2","5C8C1107-4E9C-E7B3-B28E-F4BA49E8D725"
"Removed","SM_Leaf_Debris_A84","StaticMeshActor","DL_RENDER DL_OVERLAND","DL_RENDER","/Game/__ExternalActors__/Levels/Overland/Hogwarts/EntranceHall/LI_EntranceHall_EXT/5/92/BUFGWR2S83ZGMI1E9IHTYF","LV_Overland/Hogwarts/LI_Hogwarts/LevelInstances/EntranceHall/LI_EntranceHall_EXT/SM_Leaf_Debris_A84","CEF34B62-464F-7006-1B57-62A5E68DF516"
"Removed","SM_Leaf_Debris_Alcove55","StaticMeshActor","DL_RENDER DL_OVERLAND","DL_RENDER","/Game/__ExternalActors__/Levels/Overland/Hogwarts/EntranceHall/LI_EntranceHall_EXT/A/OP/DB1THTVX213BIR1ZC4OWWX","LV_Overland/Hogwarts/LI_Hogwarts/LevelInstances/EntranceHall/LI_EntranceHall_EXT/SM_Leaf_Debris_Alcove55","C0B56C5F-430D-8663-865E-C09726982840"
"Removed","SM_Leaf_Debris_Alcove56","StaticMeshActor","DL_RENDER DL_OVERLAND","DL_RENDER","/Game/__ExternalActors__/Levels/Overland/Hogwarts/EntranceHall/LI_EntranceHall_EXT/3/T8/0P7AEB33E0CVJ1V2FJNYTU","LV_Overland/Hogwarts/LI_Hogwarts/LevelInstances/EntranceHall/LI_EntranceHall_EXT/SM_Leaf_Debris_Alcove56","56FAC50F-4FCD-0641-CB53-77AFA56A4B78"
"Removed","SM_Leaf_Debris_Alcove57","StaticMeshActor","DL_RENDER DL_OVERLAND","DL_RENDER","/Game/__ExternalActors__/Levels/Overland/Hogwarts/EntranceHall/LI_EntranceHall_EXT/D/QI/ORZO901PCAPNUDOSEOP4CQ","LV_Overland/Hogwarts/LI_Hogwarts/LevelInstances/EntranceHall/LI_EntranceHall_EXT/SM_Leaf_Debris_Alcove57","5618F466-49A7-EF4E-FDDB-8082B6454B84"
"Removed","SM_Leaf_Debris_Alcove58","StaticMeshActor","DL_RENDER DL_OVERLAND","DL_RENDER","/Game/__ExternalActors__/Levels/Overland/Hogwarts/EntranceHall/LI_EntranceHall_EXT/4/AW/OSQPWKZN0LYUY5ZZ02LPNY","LV_Overland/Hogwarts/LI_Hogwarts/LevelInstances/EntranceHall/LI_EntranceHall_EXT/SM_Leaf_Debris_Alcove58","54339BB4-44B5-6071-DB27-8AB2C346DD21"
"Removed","SM_Leaf_Debris_Alcove59","StaticMeshActor","DL_RENDER DL_OVERLAND","DL_RENDER","/Game/__ExternalActors__/Levels/Overland/Hogwarts/EntranceHall/LI_EntranceHall_EXT/6/RQ/4V3TEVN67RHRVXAEM6VT6Z","LV_Overland/Hogwarts/LI_Hogwarts/LevelInstances/EntranceHall/LI_EntranceHall_EXT/SM_Leaf_Debris_Alcove59","C028BCC9-45DD-7A5A-D848-BF9691F9DFFC"
"Removed","SM_Leaf_Debris_Alcove60","StaticMeshActor","DL_RENDER DL_OVERLAND","DL_RENDER","/Game/__ExternalActors__/Levels/Overland/Hogwarts/EntranceHall/LI_EntranceHall_EXT/B/3D/A0UI5077S2YMKTI1D6TCKM","LV_Overland/Hogwarts/LI_Hogwarts/LevelInstances/EntranceHall/LI_EntranceHall_EXT/SM_Leaf_Debris_Alcove60","D2D89DBB-4227-AACB-4DA1-2ABE58D20FE2"
"Removed","SM_Leaf_Debris_Alcove63","StaticMeshActor","DL_RENDER DL_OVERLAND","DL_RENDER","/Game/__ExternalActors__/Levels/Overland/Hogwarts/EntranceHall/LI_EntranceHall_EXT/4/M2/YYXSOIX9MN2Z709683JGHX","LV_Overland/Hogwarts/LI_Hogwarts/LevelInstances/EntranceHall/LI_EntranceHall_EXT/SM_Leaf_Debris_Alcove63","F1214197-4511-5B23-B771-6A9D0CF06EF5"
"Removed","SM_Leaf_Debris_Corner34","StaticMeshActor","DL_RENDER DL_OVERLAND","DL_RENDER","/Game/__ExternalActors__/Levels/Overland/Hogwarts/EntranceHall/LI_EntranceHall_EXT/2/20/3UE1HEMCWPGWBRVMQUNP9A","LV_Overland/Hogwarts/LI_Hogwarts/LevelInstances/EntranceHall/LI_EntranceHall_EXT/SM_Leaf_Debris_Corner34","B7EF8F66-458E-4606-8F52-F9BD98F5B533"
"Removed","SM_Leaf_Debris_Corner35","StaticMeshActor","DL_RENDER DL_OVERLAND","DL_RENDER","/Game/__ExternalActors__/Levels/Overland/Hogwarts/EntranceHall/LI_EntranceHall_EXT/E/55/UQV3QN5PQ0AEMR5HZK8LW6","LV_Overland/Hogwarts/LI_Hogwarts/LevelInstances/EntranceHall/LI_EntranceHall_EXT/SM_Leaf_Debris_Corner35","30373E20-48C8-44CA-9652-4FBA27C65914"
"Removed","SM_Leaf_Debris_Corner39","StaticMeshActor","DL_RENDER DL_OVERLAND","DL_RENDER","/Game/__ExternalActors__/Levels/Overland/Hogwarts/EntranceHall/LI_EntranceHall_EXT/5/1O/ST64YL32UWIM20MWHEPWYZ","LV_Overland/Hogwarts/LI_Hogwarts/LevelInstances/EntranceHall/LI_EntranceHall_EXT/SM_Leaf_Debris_Corner39","18A26BFA-46D4-EA4D-806B-84AAE6FED273"
"Removed","SM_Leaf_Debris_Corner40","StaticMeshActor","DL_RENDER DL_OVERLAND","DL_RENDER","/Game/__ExternalActors__/Levels/Overland/Hogwarts/EntranceHall/LI_EntranceHall_EXT/E/5X/GZ9BYDHBCD59HRXZHNOJNF","LV_Overland/Hogwarts/LI_Hogwarts/LevelInstances/EntranceHall/LI_EntranceHall_EXT/SM_Leaf_Debris_Corner40","4679F26E-4EDA-EC56-9526-CAB4ECC36D01"
"Removed","SM_Leaf_Debris_Edge_A100","StaticMeshActor","DL_RENDER DL_OVERLAND","DL_RENDER","/Game/__ExternalActors__/Levels/Overland/Hogwarts/EntranceHall/LI_EntranceHall_EXT/0/1W/3ZPI0JO17I6CMGUPAEBPRI","LV_Overland/Hogwarts/LI_Hogwarts/LevelInstances/EntranceHall/LI_EntranceHall_EXT/SM_Leaf_Debris_Edge_A100","1A68F197-47E1-6152-AAF3-13A8AC4EA4E1"
"Removed","SM_Leaf_Debris_Edge_A101","StaticMeshActor","DL_RENDER DL_OVERLAND","DL_RENDER","/Game/__ExternalActors__/Levels/Overland/Hogwarts/EntranceHall/LI_EntranceHall_EXT/5/AP/2QW2ZXD7OYVL1F930XFQ64","LV_Overland/Hogwarts/LI_Hogwarts/LevelInstances/EntranceHall/LI_EntranceHall_EXT/SM_Leaf_Debris_Edge_A101","A558A2C6-4358-45C2-502E-FA888853DA59"
"Removed","SM_Leaf_Debris_Edge_A102","StaticMeshActor","DL_RENDER DL_OVERLAND","DL_RENDER","/Game/__ExternalActors__/Levels/Overland/Hogwarts/EntranceHall/LI_EntranceHall_EXT/2/LE/U6BW9O9TGQJKJQBR2YRRV3","LV_Overland/Hogwarts/LI_Hogwarts/LevelInstances/EntranceHall/LI_EntranceHall_EXT/SM_Leaf_Debris_Edge_A102","341E4C73-4E73-885B-19CC-8EA69E73923B"
"Removed","SM_Leaf_Debris_Edge_A103","StaticMeshActor","DL_RENDER DL_OVERLAND","DL_RENDER","/Game/__ExternalActors__/Levels/Overland/Hogwarts/EntranceHall/LI_EntranceHall_EXT/9/PU/8UACT7D2MR6YVMHK8U8UV6","LV_Overland/Hogwarts/LI_Hogwarts/LevelInstances/EntranceHall/LI_EntranceHall_EXT/SM_Leaf_Debris_Edge_A103","92F4051C-4690-BB55-C8D4-FCAB8678584E"
"Removed","SM_Leaf_Debris_Edge_A104","StaticMeshActor","DL_RENDER DL_OVERLAND","DL_RENDER","/Game/__ExternalActors__/Levels/Overland/Hogwarts/EntranceHall/LI_EntranceHall_EXT/2/XF/VVK3KN3CHP1XH3D7BA5H2R","LV_Overland/Hogwarts/LI_Hogwarts/LevelInstances/EntranceHall/LI_EntranceHall_EXT/SM_Leaf_Debris_Edge_A104","3004D86A-4715-CD1E-5B74-2080D73E175F"
"Removed","SM_Leaf_Debris_Edge_A105","StaticMeshActor","DL_RENDER DL_OVERLAND","DL_RENDER","/Game/__ExternalActors__/Levels/Overland/Hogwarts/EntranceHall/LI_EntranceHall_EXT/9/GI/9YESSDBT45X5US7JQ1WZO6","LV_Overland/Hogwarts/LI_Hogwarts/LevelInstances/EntranceHall/LI_EntranceHall_EXT/SM_Leaf_Debris_Edge_A105","8F9B5B04-4BE3-308B-EDAA-15BD8A6E1EA9"
"Removed","SM_Leaf_Debris_Edge_A107","StaticMeshActor","DL_RENDER DL_OVERLAND","DL_RENDER","/Game/__ExternalActors__/Levels/Overland/Hogwarts/EntranceHall/LI_EntranceHall_EXT/F/4T/PVCRLD5D7AHODL4JMHGYLN","LV_Overland/Hogwarts/LI_Hogwarts/LevelInstances/EntranceHall/LI_EntranceHall_EXT/SM_Leaf_Debris_Edge_A107","26B0718F-4824-007E-A384-A0AD4FF7B0DE"
"Removed","SM_Leaf_Debris_Edge_A108","StaticMeshActor","DL_RENDER DL_OVERLAND","DL_RENDER","/Game/__ExternalActors__/Levels/Overland/Hogwarts/EntranceHall/LI_EntranceHall_EXT/9/9C/666PUXZ0G4NZ0ZN3Z8PY87","LV_Overland/Hogwarts/LI_Hogwarts/LevelInstances/EntranceHall/LI_EntranceHall_EXT/SM_Leaf_Debris_Edge_A108","16B4CD38-407A-6226-D9A3-89B69FA9B193"
"Removed","SM_Leaf_Debris_Edge_A109","StaticMeshActor","DL_RENDER DL_OVERLAND","DL_RENDER","/Game/__ExternalActors__/Levels/Overland/Hogwarts/EntranceHall/LI_EntranceHall_EXT/3/AT/E2MI0PIIVI6VZIRDPDDHJV","LV_Overland/Hogwarts/LI_Hogwarts/LevelInstances/EntranceHall/LI_EntranceHall_EXT/SM_Leaf_Debris_Edge_A109","C7995F52-4337-A566-4632-77966F254DC9"
"Removed","SM_Leaf_Debris_Edge_A99","StaticMeshActor","DL_RENDER DL_OVERLAND","DL_RENDER","/Game/__ExternalActors__/Levels/Overland/Hogwarts/EntranceHall/LI_EntranceHall_EXT/9/WH/0KCJO3OCW2JQ5OFCB05FGU","LV_Overland/Hogwarts/LI_Hogwarts/LevelInstances/EntranceHall/LI_EntranceHall_EXT/SM_Leaf_Debris_Edge_A99","E535D847-4833-3086-610D-2695CC530472"
"Removed","SM_Leaf_Debris_Edge_B40","StaticMeshActor","DL_RENDER DL_OVERLAND","DL_RENDER","/Game/__ExternalActors__/Levels/Overland/Hogwarts/EntranceHall/LI_EntranceHall_EXT/1/WK/GUMI74X63WPTYI9WJBU7ZO","LV_Overland/Hogwarts/LI_Hogwarts/LevelInstances/EntranceHall/LI_EntranceHall_EXT/SM_Leaf_Debris_Edge_B40","DEB33079-418D-7431-0BCE-908C6194072F"
"Removed","SM_Leaf_Debris_Edge_B45","StaticMeshActor","DL_RENDER DL_OVERLAND","DL_RENDER","/Game/__ExternalActors__/Levels/Overland/Hogwarts/EntranceHall/LI_EntranceHall_EXT/7/LY/780ZD9BB3QDEPCRM66NVZF","LV_Overland/Hogwarts/LI_Hogwarts/LevelInstances/EntranceHall/LI_EntranceHall_EXT/SM_Leaf_Debris_Edge_B45","97248E17-4CB2-22E1-474C-0CA7C3BCBB29"
"Removed","SM_Leaf_Debris_Edge_B46","StaticMeshActor","DL_RENDER DL_OVERLAND","DL_RENDER","/Game/__ExternalActors__/Levels/Overland/Hogwarts/EntranceHall/LI_EntranceHall_EXT/9/3K/XVI40FVT05FMDEVZS3P3Y7","LV_Overland/Hogwarts/LI_Hogwarts/LevelInstances/EntranceHall/LI_EntranceHall_EXT/SM_Leaf_Debris_Edge_B46","F0D6792F-4C81-3340-E887-07A0EEA1B114"
"Removed","SM_Leaf_Debris_Edge_B47","StaticMeshActor","DL_RENDER DL_OVERLAND","DL_RENDER","/Game/__ExternalActors__/Levels/Overland/Hogwarts/EntranceHall/LI_EntranceHall_EXT/D/6Q/S71Y34YJDCZHOF2AWC3JK7","LV_Overland/Hogwarts/LI_Hogwarts/LevelInstances/EntranceHall/LI_EntranceHall_EXT/SM_Leaf_Debris_Edge_B47","CB64CC76-43FA-F973-C775-1C8FAE7D4519"
"Removed","SM_Leaf_Debris_Edge_B48","StaticMeshActor","DL_RENDER DL_OVERLAND","DL_RENDER","/Game/__ExternalActors__/Levels/Overland/Hogwarts/EntranceHall/LI_EntranceHall_EXT/E/98/MVJ9YP5TL0DT9LWSNSWACR","LV_Overland/Hogwarts/LI_Hogwarts/LevelInstances/EntranceHall/LI_EntranceHall_EXT/SM_Leaf_Debris_Edge_B48","B81FF125-4CF2-BB43-240E-43AEC9E89E4E"
"Removed","SM_Leaf_Debris_Edge_B49","StaticMeshActor","DL_RENDER DL_OVERLAND","DL_RENDER","/Game/__ExternalActors__/Levels/Overland/Hogwarts/EntranceHall/LI_EntranceHall_EXT/5/7C/5E0L0PS3PEVM5GTEX569VG","LV_Overland/Hogwarts/LI_Hogwarts/LevelInstances/EntranceHall/LI_EntranceHall_EXT/SM_Leaf_Debris_Edge_B49","68380622-4E34-0A2B-9DEE-84B0804C0798"
"Removed","SM_Leaf_Debris_Narrow_Cluster_A42","StaticMeshActor","DL_RENDER DL_OVERLAND","DL_RENDER","/Game/__ExternalActors__/Levels/Overland/Hogwarts/EntranceHall/LI_EntranceHall_EXT/0/2P/YYFD2W88XN3GZ0ZYBF2KPJ","LV_Overland/Hogwarts/LI_Hogwarts/LevelInstances/EntranceHall/LI_EntranceHall_EXT/SM_Leaf_Debris_Narrow_Cluster_A42","3BF34B2C-4548-511D-FC75-779C6B948F8C"
"Removed","SM_Leaf_Debris_Narrow_Cluster_B4","StaticMeshActor","DL_RENDER DL_OVERLAND","DL_RENDER","/Game/__ExternalActors__/Levels/Overland/Hogwarts/EntranceHall/LI_EntranceHall_EXT/7/35/MZ1RZ7O3JML41VUUAP0WFM","LV_Overland/Hogwarts/LI_Hogwarts/LevelInstances/EntranceHall/LI_EntranceHall_EXT/SM_Leaf_Debris_Narrow_Cluster_B4","D47F36CA-4CC2-56E2-30F7-1AA3301A13A0"
"Removed","SM_Leaf_Debris_Narrow_Edge_B6","StaticMeshActor","DL_RENDER DL_OVERLAND","DL_RENDER","/Game/__ExternalActors__/Levels/Overland/Hogwarts/EntranceHall/LI_EntranceHall_EXT/9/9C/NALTT4QFS509QW7TOYJMPI","LV_Overland/Hogwarts/LI_Hogwarts/LevelInstances/EntranceHall/LI_EntranceHall_EXT/SM_Leaf_Debris_Narrow_Edge_B6","0831E14F-4ABE-E7B0-8A2E-91BFB1A7FC8A"
"Removed","SM_Leaf_Debris_Narrow_Edge_B7","StaticMeshActor","DL_RENDER DL_OVERLAND","DL_RENDER","/Game/__ExternalActors__/Levels/Overland/Hogwarts/EntranceHall/LI_EntranceHall_EXT/5/E1/SSN1MTBIVKYN00ZMVWWZSP","LV_Overland/Hogwarts/LI_Hogwarts/LevelInstances/EntranceHall/LI_EntranceHall_EXT/SM_Leaf_Debris_Narrow_Edge_B7","1B4ED057-4F01-65CA-EDFE-A1833A4A230F"
"Removed","SM_Leaf_Debris_Narrow_Edge_B8","StaticMeshActor","DL_RENDER DL_OVERLAND","DL_RENDER","/Game/__ExternalActors__/Levels/Overland/Hogwarts/EntranceHall/LI_EntranceHall_EXT/E/VY/2V75ECPXOE3MX54PMKYZ51","LV_Overland/Hogwarts/LI_Hogwarts/LevelInstances/EntranceHall/LI_EntranceHall_EXT/SM_Leaf_Debris_Narrow_Edge_B8","F975D93D-4552-B288-DCF4-2B9A30F03096"
"Removed","SM_SlateRoofRidge_Single_A","StaticMeshActor","DL_RENDER DL_OVERLAND","DL_RENDER","/Game/__ExternalActors__/Levels/Overland/Hogwarts/EntranceHall/LI_EntranceHall_EXT/7/0P/JQ2YM4VHUIYOF27FDXOJ4L","LV_Overland/Hogwarts/LI_Hogwarts/LevelInstances/EntranceHall/LI_EntranceHall_EXT/RENDER/SM_SlateRoofRidge_Single_A","4AB6498A-4A60-6B00-48A7-B3A5B9B639D9"
"Removed","SM_SlateRoofRidge_Single_A10","StaticMeshActor","DL_RENDER DL_OVERLAND","DL_RENDER","/Game/__ExternalActors__/Levels/Overland/Hogwarts/EntranceHall/LI_EntranceHall_EXT/2/AA/O5IK6761KNSXLDL6CJPBHX","LV_Overland/Hogwarts/LI_Hogwarts/LevelInstances/EntranceHall/LI_EntranceHall_EXT/RENDER/SM_SlateRoofRidge_Single_A10","44EEB9F1-4A1F-132C-9CFF-26A6DE44493D"
"Removed","SM_SlateRoofRidge_Single_A100","StaticMeshActor","DL_RENDER DL_OVERLAND","DL_RENDER","/Game/__ExternalActors__/Levels/Overland/Hogwarts/EntranceHall/LI_EntranceHall_EXT/8/0W/2E3YSTSZFP283USZZZJVOI","LV_Overland/Hogwarts/LI_Hogwarts/LevelInstances/EntranceHall/LI_EntranceHall_EXT/RENDER/SM_SlateRoofRidge_Single_A100","A9164580-4893-2D64-0F6A-C98CA1263953"
"Removed","SM_SlateRoofRidge_Single_A101","StaticMeshActor","DL_RENDER DL_OVERLAND","DL_RENDER","/Game/__ExternalActors__/Levels/Overland/Hogwarts/EntranceHall/LI_EntranceHall_EXT/4/V1/89OX35JWDNVTJT0GUKAWB6","LV_Overland/Hogwarts/LI_Hogwarts/LevelInstances/EntranceHall/LI_EntranceHall_EXT/RENDER/SM_SlateRoofRidge_Single_A101","C560C763-4C9E-26D4-993F-76B46F50070D"
"Removed","SM_SlateRoofRidge_Single_A102","StaticMeshActor","DL_RENDER DL_OVERLAND","DL_RENDER","/Game/__ExternalActors__/Levels/Overland/Hogwarts/EntranceHall/LI_EntranceHall_EXT/6/18/0HQQXMLKAD4UN47YIH0NSD","LV_Overland/Hogwarts/LI_Hogwarts/LevelInstances/EntranceHall/LI_EntranceHall_EXT/RENDER/SM_SlateRoofRidge_Single_A102","4A392704-47CF-0B3A-18CE-9784D34468BB"
"Removed","SM_SlateRoofRidge_Single_A103","StaticMeshActor","DL_RENDER DL_OVERLAND","DL_RENDER","/Game/__ExternalActors__/Levels/Overland/Hogwarts/EntranceHall/LI_EntranceHall_EXT/D/8O/LOY4AL1259BCKCZBUXQ4C1","LV_Overland/Hogwarts/LI_Hogwarts/LevelInstances/EntranceHall/LI_EntranceHall_EXT/RENDER/SM_SlateRoofRidge_Single_A103","085EB3B0-4D03-1180-DEDF-ED8CD9BEF405"
"Removed","SM_SlateRoofRidge_Single_A104","StaticMeshActor","DL_RENDER DL_OVERLAND","DL_RENDER","/Game/__ExternalActors__/Levels/Overland/Hogwarts/EntranceHall/LI_EntranceHall_EXT/6/BF/QE3EYJVKTF05E2UIF5FGDZ","LV_Overland/Hogwarts/LI_Hogwarts/LevelInstances/EntranceHall/LI_EntranceHall_EXT/RENDER/SM_SlateRoofRidge_Single_A104","92B8C326-4CFF-B4D1-F0CB-09B44A9C62B8"
"Removed","SM_SlateRoofRidge_Single_A105","StaticMeshActor","DL_RENDER DL_OVERLAND","DL_RENDER","/Game/__ExternalActors__/Levels/Overland/Hogwarts/EntranceHall/LI_EntranceHall_EXT/4/LN/11A2X2YTSQFJMYVM27QXVB","LV_Overland/Hogwarts/LI_Hogwarts/LevelInstances/EntranceHall/LI_EntranceHall_EXT/RENDER/SM_SlateRoofRidge_Single_A105","D9B40724-4739-0B4B-C087-57BD49258CB8"
"Removed","SM_SlateRoofRidge_Single_A106","StaticMeshActor","DL_RENDER DL_OVERLAND","DL_RENDER","/Game/__ExternalActors__/Levels/Overland/Hogwarts/EntranceHall/LI_EntranceHall_EXT/6/55/5T5YUFWMDX8VTR6YHJE0VM","LV_Overland/Hogwarts/LI_Hogwarts/LevelInstances/EntranceHall/LI_EntranceHall_EXT/RENDER/SM_SlateRoofRidge_Single_A106","879118B0-4EAA-2A68-4B67-65AD1AC8718F"
"Removed","SM_SlateRoofRidge_Single_A107","StaticMeshActor","DL_RENDER DL_OVERLAND","DL_RENDER","/Game/__ExternalActors__/Levels/Overland/Hogwarts/EntranceHall/LI_EntranceHall_EXT/8/WW/AB1Q9SX665YZARZX3PMSF3","LV_Overland/Hogwarts/LI_Hogwarts/LevelInstances/EntranceHall/LI_EntranceHall_EXT/RENDER/SM_SlateRoofRidge_Single_A107","EA155655-4C15-0B77-0753-CEBADCECC0BC"
"Removed","SM_SlateRoofRidge_Single_A108","StaticMeshActor","DL_RENDER DL_OVERLAND","DL_RENDER","/Game/__ExternalActors__/Levels/Overland/Hogwarts/EntranceHall/LI_EntranceHall_EXT/5/H9/LRG6WDDQRD3GDZRBLR8V5W","LV_Overland/Hogwarts/LI_Hogwarts/LevelInstances/EntranceHall/LI_EntranceHall_EXT/RENDER/SM_SlateRoofRidge_Single_A108","A13C4BC6-43DB-C38A-AD94-6A813B7E503B"
"Removed","SM_SlateRoofRidge_Single_A109","StaticMeshActor","DL_RENDER DL_OVERLAND","DL_RENDER","/Game/__ExternalActors__/Levels/Overland/Hogwarts/EntranceHall/LI_EntranceHall_EXT/B/0H/FB9XPRGKKTTLVW6JARDG9R","LV_Overland/Hogwarts/LI_Hogwarts/LevelInstances/EntranceHall/LI_EntranceHall_EXT/RENDER/SM_SlateRoofRidge_Single_A109","B8405B89-4FA4-5F3B-E039-72A4331CE49F"
"Removed","SM_SlateRoofRidge_Single_A11","StaticMeshActor","DL_RENDER DL_OVERLAND","DL_RENDER","/Game/__ExternalActors__/Levels/Overland/Hogwarts/EntranceHall/LI_EntranceHall_EXT/A/YO/EOAO0A4GT4XTWNV29F36Z5","LV_Overland/Hogwarts/LI_Hogwarts/LevelInstances/EntranceHall/LI_EntranceHall_EXT/RENDER/SM_SlateRoofRidge_Single_A11","6CCB7A48-4D0E-765A-6C38-A2B2F8DEB237"
"Removed","SM_SlateRoofRidge_Single_A110","StaticMeshActor","DL_RENDER DL_OVERLAND","DL_RENDER","/Game/__ExternalActors__/Levels/Overland/Hogwarts/EntranceHall/LI_EntranceHall_EXT/7/34/43D81TP6GZCCHOPMCJ3QLG","LV_Overland/Hogwarts/LI_Hogwarts/LevelInstances/EntranceHall/LI_EntranceHall_EXT/RENDER/SM_SlateRoofRidge_Single_A110","C44829B1-4A4D-CB20-BC92-8C836A23ABF1"
"Removed","SM_SlateRoofRidge_Single_A111","StaticMeshActor","DL_RENDER DL_OVERLAND","DL_RENDER","/Game/__ExternalActors__/Levels/Overland/Hogwarts/EntranceHall/LI_EntranceHall_EXT/9/64/2ZO2OFJTLSDEKO7UP2IK7V","LV_Overland/Hogwarts/LI_Hogwarts/LevelInstances/EntranceHall/LI_EntranceHall_EXT/RENDER/SM_SlateRoofRidge_Single_A111","B3EFFD74-4DC9-1788-7982-BBB1FBFDD1CA"
"Removed","SM_SlateRoofRidge_Single_A112","StaticMeshActor","DL_RENDER DL_OVERLAND","DL_RENDER","/Game/__ExternalActors__/Levels/Overland/Hogwarts/EntranceHall/LI_EntranceHall_EXT/8/2Y/IEXT7F9LXCMRP5ETN0FNOB","LV_Overland/Hogwarts/LI_Hogwarts/LevelInstances/EntranceHall/LI_EntranceHall_EXT/RENDER/SM_SlateRoofRidge_Single_A112","348EF628-46C9-5519-113A-4DB999794A17"
"Removed","SM_SlateRoofRidge_Single_A113","StaticMeshActor","DL_RENDER DL_OVERLAND","DL_RENDER","/Game/__ExternalActors__/Levels/Overland/Hogwarts/EntranceHall/LI_EntranceHall_EXT/8/TI/WW9TQ0WIQ4QB6VZ450M3K0","LV_Overland/Hogwarts/LI_Hogwarts/LevelInstances/EntranceHall/LI_EntranceHall_EXT/RENDER/SM_SlateRoofRidge_Single_A113","29FF637E-4350-4F33-F529-BCAB8ED45B7F"
"Removed","SM_SlateRoofRidge_Single_A114","StaticMeshActor","DL_RENDER DL_OVERLAND","DL_RENDER","/Game/__ExternalActors__/Levels/Overland/Hogwarts/EntranceHall/LI_EntranceHall_EXT/E/8A/IDQF46FF6HAACFHLG6ZLLN","LV_Overland/Hogwarts/LI_Hogwarts/LevelInstances/EntranceHall/LI_EntranceHall_EXT/RENDER/SM_SlateRoofRidge_Single_A114","4D7A4EAD-4EB1-5F6C-4447-7298774C022D"
"Removed","SM_SlateRoofRidge_Single_A115","StaticMeshActor","DL_RENDER DL_OVERLAND","DL_RENDER","/Game/__ExternalActors__/Levels/Overland/Hogwarts/EntranceHall/LI_EntranceHall_EXT/1/4Q/R7DZSWSMXQVXRYAE8A60AG","LV_Overland/Hogwarts/LI_Hogwarts/LevelInstances/EntranceHall/LI_EntranceHall_EXT/RENDER/SM_SlateRoofRidge_Single_A115","A0CEFBC6-449F-AE1F-374D-1C9812FF6D41"
"Removed","SM_SlateRoofRidge_Single_A116","StaticMeshActor","DL_RENDER DL_OVERLAND","DL_RENDER","/Game/__ExternalActors__/Levels/Overland/Hogwarts/EntranceHall/LI_EntranceHall_EXT/9/A5/1GJ5FC5X0NI6IH6AKTKAPY","LV_Overland/Hogwarts/LI_Hogwarts/LevelInstances/EntranceHall/LI_EntranceHall_EXT/RENDER/SM_SlateRoofRidge_Single_A116","C159EA50-4B76-872F-83F6-2FA533B2F3FD"
"Removed","SM_SlateRoofRidge_Single_A117","StaticMeshActor","DL_RENDER DL_OVERLAND","DL_RENDER","/Game/__ExternalActors__/Levels/Overland/Hogwarts/EntranceHall/LI_EntranceHall_EXT/D/N0/YKWED74DQ4EPIIJ684E1QV","LV_Overland/Hogwarts/LI_Hogwarts/LevelInstances/EntranceHall/LI_EntranceHall_EXT/RENDER/SM_SlateRoofRidge_Single_A117","7923EE35-44E3-97EA-E047-18BA24E23247"
"Removed","SM_SlateRoofRidge_Single_A118","StaticMeshActor","DL_RENDER DL_OVERLAND","DL_RENDER","/Game/__ExternalActors__/Levels/Overland/Hogwarts/EntranceHall/LI_EntranceHall_EXT/D/NY/599T9SCAPSI4NI8VS07CT2","LV_Overland/Hogwarts/LI_Hogwarts/LevelInstances/EntranceHall/LI_EntranceHall_EXT/RENDER/SM_SlateRoofRidge_Single_A118","8896C903-49DA-AF2A-0D30-17A5E5872DC7"
"Removed","SM_SlateRoofRidge_Single_A119","StaticMeshActor","DL_RENDER DL_OVERLAND","DL_RENDER","/Game/__ExternalActors__/Levels/Overland/Hogwarts/EntranceHall/LI_EntranceHall_EXT/5/FC/X3YM30XF1IG4PLMI5D13WO","LV_Overland/Hogwarts/LI_Hogwarts/LevelInstances/EntranceHall/LI_EntranceHall_EXT/RENDER/SM_SlateRoofRidge_Single_A119","5B785215-4758-FB39-19E8-A3B4A7F0C272"
"Removed","SM_SlateRoofRidge_Single_A12","StaticMeshActor","DL_RENDER DL_OVERLAND","DL_RENDER","/Game/__ExternalActors__/Levels/Overland/Hogwarts/EntranceHall/LI_EntranceHall_EXT/0/54/F6Q7C143MSZVSJHJQJUG7W","LV_Overland/Hogwarts/LI_Hogwarts/LevelInstances/EntranceHall/LI_EntranceHall_EXT/RENDER/SM_SlateRoofRidge_Single_A12","C5278DC1-4EC4-45E3-C70E-3398C0AD92B2"
"Removed","SM_SlateRoofRidge_Single_A120","StaticMeshActor","DL_RENDER DL_OVERLAND","DL_RENDER","/Game/__ExternalActors__/Levels/Overland/Hogwarts/EntranceHall/LI_EntranceHall_EXT/6/EW/PGJZC4DAZYNHAY1HQ5LCL4","LV_Overland/Hogwarts/LI_Hogwarts/LevelInstances/EntranceHall/LI_EntranceHall_EXT/RENDER/SM_SlateRoofRidge_Single_A120","3D5E3D73-464A-9B45-E818-EC8165366661"
"Removed","SM_SlateRoofRidge_Single_A13","StaticMeshActor","DL_RENDER DL_OVERLAND","DL_RENDER","/Game/__ExternalActors__/Levels/Overland/Hogwarts/EntranceHall/LI_EntranceHall_EXT/1/V1/HUNO79YETYF0500V65T4B5","LV_Overland/Hogwarts/LI_Hogwarts/LevelInstances/EntranceHall/LI_EntranceHall_EXT/RENDER/SM_SlateRoofRidge_Single_A13","630AD541-47A7-E432-FA93-DF98F47C5A84"
"Removed","SM_SlateRoofRidge_Single_A14","StaticMeshActor","DL_RENDER DL_OVERLAND","DL_RENDER","/Game/__ExternalActors__/Levels/Overland/Hogwarts/EntranceHall/LI_EntranceHall_EXT/2/XC/ELSCXYUSGHC8D9C1OUPXQO","LV_Overland/Hogwarts/LI_Hogwarts/LevelInstances/EntranceHall/LI_EntranceHall_EXT/RENDER/SM_SlateRoofRidge_Single_A14","178C313D-4D0B-0ADB-1C26-388987D35EF3"
"Removed","SM_SlateRoofRidge_Single_A15","StaticMeshActor","DL_RENDER DL_OVERLAND","DL_RENDER","/Game/__ExternalActors__/Levels/Overland/Hogwarts/EntranceHall/LI_EntranceHall_EXT/E/Q0/WA3VJZ93TRDG60XUCN9GMV","LV_Overland/Hogwarts/LI_Hogwarts/LevelInstances/EntranceHall/LI_EntranceHall_EXT/RENDER/SM_SlateRoofRidge_Single_A15","3DA02D8B-4CE1-E595-7942-E4872F408500"
"Removed","SM_SlateRoofRidge_Single_A16","StaticMeshActor","DL_RENDER DL_OVERLAND","DL_RENDER","/Game/__ExternalActors__/Levels/Overland/Hogwarts/EntranceHall/LI_EntranceHall_EXT/E/9H/2TDTXOEXESXU405EON9TKI","LV_Overland/Hogwarts/LI_Hogwarts/LevelInstances/EntranceHall/LI_EntranceHall_EXT/RENDER/SM_SlateRoofRidge_Single_A16","78E07BE8-46C8-8749-E3F3-138185B59A10"
"Removed","SM_SlateRoofRidge_Single_A17","StaticMeshActor","DL_RENDER DL_OVERLAND","DL_RENDER","/Game/__ExternalActors__/Levels/Overland/Hogwarts/EntranceHall/LI_EntranceHall_EXT/7/JU/ENL9F09OPCMRK758O1QJB9","LV_Overland/Hogwarts/LI_Hogwarts/LevelInstances/EntranceHall/LI_EntranceHall_EXT/RENDER/SM_SlateRoofRidge_Single_A17","3E035577-4105-8D9E-3D60-BB8220316885"
"Removed","SM_SlateRoofRidge_Single_A18","StaticMeshActor","DL_RENDER DL_OVERLAND","DL_RENDER","/Game/__ExternalActors__/Levels/Overland/Hogwarts/EntranceHall/LI_EntranceHall_EXT/8/7U/YILIAZU1SXW8ARW4GLSGQE","LV_Overland/Hogwarts/LI_Hogwarts/LevelInstances/EntranceHall/LI_EntranceHall_EXT/RENDER/SM_SlateRoofRidge_Single_A18","B93F3A1A-41FF-DF02-5B45-0C8E834092AD"
"Removed","SM_SlateRoofRidge_Single_A19","StaticMeshActor","DL_RENDER DL_OVERLAND","DL_RENDER","/Game/__ExternalActors__/Levels/Overland/Hogwarts/EntranceHall/LI_EntranceHall_EXT/0/XU/V9Q095PGWO0D2SNMVJSB11","LV_Overland/Hogwarts/LI_Hogwarts/LevelInstances/EntranceHall/LI_EntranceHall_EXT/RENDER/SM_SlateRoofRidge_Single_A19","FDF263E1-4BC3-8AFC-59DE-FF954D954D3C"
"Removed","SM_SlateRoofRidge_Single_A2","StaticMeshActor","DL_RENDER DL_OVERLAND","DL_RENDER","/Game/__ExternalActors__/Levels/Overland/Hogwarts/EntranceHall/LI_EntranceHall_EXT/6/OD/FXZXU13RPF3IWT4A81J77B","LV_Overland/Hogwarts/LI_Hogwarts/LevelInstances/EntranceHall/LI_EntranceHall_EXT/RENDER/SM_SlateRoofRidge_Single_A2","1F1FBBA1-4C93-0530-E4E8-D485C495089F"
"Removed","SM_SlateRoofRidge_Single_A20","StaticMeshActor","DL_RENDER DL_OVERLAND","DL_RENDER","/Game/__ExternalActors__/Levels/Overland/Hogwarts/EntranceHall/LI_EntranceHall_EXT/D/AX/U0OUYS9FF9ZMSQ7990KMQ3","LV_Overland/Hogwarts/LI_Hogwarts/LevelInstances/EntranceHall/LI_EntranceHall_EXT/RENDER/SM_SlateRoofRidge_Single_A20","FC73BC13-40BC-3E8C-FCB2-A98B55612D51"
"Removed","SM_SlateRoofRidge_Single_A21","StaticMeshActor","DL_RENDER DL_OVERLAND","DL_RENDER","/Game/__ExternalActors__/Levels/Overland/Hogwarts/EntranceHall/LI_EntranceHall_EXT/3/NS/5ZL8UN8ZBZS7UV1RTQCZRG","LV_Overland/Hogwarts/LI_Hogwarts/LevelInstances/EntranceHall/LI_EntranceHall_EXT/RENDER/SM_SlateRoofRidge_Single_A21","DEAF080F-46A7-BE5E-3A85-2986C68117B7"
"Removed","SM_SlateRoofRidge_Single_A22","StaticMeshActor","DL_RENDER DL_OVERLAND","DL_RENDER","/Game/__ExternalActors__/Levels/Overland/Hogwarts/EntranceHall/LI_EntranceHall_EXT/5/5G/RZYBFOW5RPA2RII39Q4C79","LV_Overland/Hogwarts/LI_Hogwarts/LevelInstances/EntranceHall/LI_EntranceHall_EXT/RENDER/SM_SlateRoofRidge_Single_A22","F41A5834-4C3C-04E1-A28F-CD8A36155A6E"
"Removed","SM_SlateRoofRidge_Single_A23","StaticMeshActor","DL_RENDER DL_OVERLAND","DL_RENDER","/Game/__ExternalActors__/Levels/Overland/Hogwarts/EntranceHall/LI_EntranceHall_EXT/C/H2/UWNKP0D3NOKXZ4E5EKSVHH","LV_Overland/Hogwarts/LI_Hogwarts/LevelInstances/EntranceHall/LI_EntranceHall_EXT/RENDER/SM_SlateRoofRidge_Single_A23","AEF8D4C9-4B6C-6639-A1C1-9CAC7ECFA6C7"
"Removed","SM_SlateRoofRidge_Single_A24","StaticMeshActor","DL_RENDER DL_OVERLAND","DL_RENDER","/Game/__ExternalActors__/Levels/Overland/Hogwarts/EntranceHall/LI_EntranceHall_EXT/5/BD/CBSK83US3HWNMQS80L14R0","LV_Overland/Hogwarts/LI_Hogwarts/LevelInstances/EntranceHall/LI_EntranceHall_EXT/RENDER/SM_SlateRoofRidge_Single_A24","8BC4851C-4D9E-7163-9D65-2B9D91ABD02C"
"Removed","SM_SlateRoofRidge_Single_A25","StaticMeshActor","DL_RENDER DL_OVERLAND","DL_RENDER","/Game/__ExternalActors__/Levels/Overland/Hogwarts/EntranceHall/LI_EntranceHall_EXT/5/4S/WDVAOC83AZLXSDXNXWX7TG","LV_Overland/Hogwarts/LI_Hogwarts/LevelInstances/EntranceHall/LI_EntranceHall_EXT/RENDER/SM_SlateRoofRidge_Single_A25","104504E5-4A4C-60D9-01E7-DDB7CBE5C542"
"Removed","SM_SlateRoofRidge_Single_A26","StaticMeshActor","DL_RENDER DL_OVERLAND","DL_RENDER","/Game/__ExternalActors__/Levels/Overland/Hogwarts/EntranceHall/LI_EntranceHall_EXT/0/WY/6XJK6OPE3H9C719J8V7RZD","LV_Overland/Hogwarts/LI_Hogwarts/LevelInstances/EntranceHall/LI_EntranceHall_EXT/RENDER/SM_SlateRoofRidge_Single_A26","4F308E2B-4304-CB14-80C3-AFAD093B2FCE"
"Removed","SM_SlateRoofRidge_Single_A27","StaticMeshActor","DL_RENDER DL_OVERLAND","DL_RENDER","/Game/__ExternalActors__/Levels/Overland/Hogwarts/EntranceHall/LI_EntranceHall_EXT/A/73/EJ4AO0A18WJBVTOMC0HL12","LV_Overland/Hogwarts/LI_Hogwarts/LevelInstances/EntranceHall/LI_EntranceHall_EXT/RENDER/SM_SlateRoofRidge_Single_A27","733C462E-41AD-E6CB-19A8-ED810BA7B705"
"Removed","SM_SlateRoofRidge_Single_A28","StaticMeshActor","DL_RENDER DL_OVERLAND","DL_RENDER","/Game/__ExternalActors__/Levels/Overland/Hogwarts/EntranceHall/LI_EntranceHall_EXT/0/8L/OLWXLK9KEYUHKXGQAIYOEX","LV_Overland/Hogwarts/LI_Hogwarts/LevelInstances/EntranceHall/LI_EntranceHall_EXT/RENDER/SM_SlateRoofRidge_Single_A28","A0477A67-4053-A923-2328-6FAE64BCD816"
"Removed","SM_SlateRoofRidge_Single_A29","StaticMeshActor","DL_RENDER DL_OVERLAND","DL_RENDER","/Game/__ExternalActors__/Levels/Overland/Hogwarts/EntranceHall/LI_EntranceHall_EXT/4/3F/8UBLXJSXR1FTYQ8DBGFWYU","LV_Overland/Hogwarts/LI_Hogwarts/LevelInstances/EntranceHall/LI_EntranceHall_EXT/RENDER/SM_SlateRoofRidge_Single_A29","DCED7DA9-4545-7115-9ED3-0A9CCD5604C7"
"Removed","SM_SlateRoofRidge_Single_A3","StaticMeshActor","DL_RENDER DL_OVERLAND","DL_RENDER","/Game/__ExternalActors__/Levels/Overland/Hogwarts/EntranceHall/LI_EntranceHall_EXT/8/LO/QY4VA3A8DNUGA04BK9FESY","LV_Overland/Hogwarts/LI_Hogwarts/LevelInstances/EntranceHall/LI_EntranceHall_EXT/RENDER/SM_SlateRoofRidge_Single_A3","B655D93A-4066-3977-DE5C-F383E1D104CF"
"Removed","SM_SlateRoofRidge_Single_A30","StaticMeshActor","DL_RENDER DL_OVERLAND","DL_RENDER","/Game/__ExternalActors__/Levels/Overland/Hogwarts/EntranceHall/LI_EntranceHall_EXT/5/UU/YEQ152P7LOSPZ5PGWLPTK5","LV_Overland/Hogwarts/LI_Hogwarts/LevelInstances/EntranceHall/LI_EntranceHall_EXT/RENDER/SM_SlateRoofRidge_Single_A30","503E9ED8-4E85-95EA-86BF-4D9B60AC0C31"
"Removed","SM_SlateRoofRidge_Single_A31","StaticMeshActor","DL_RENDER DL_OVERLAND","DL_RENDER","/Game/__ExternalActors__/Levels/Overland/Hogwarts/EntranceHall/LI_EntranceHall_EXT/A/IK/SJ11JOHNGOTUKDOXU8YM95","LV_Overland/Hogwarts/LI_Hogwarts/LevelInstances/EntranceHall/LI_EntranceHall_EXT/RENDER/SM_SlateRoofRidge_Single_A31","3264A3A1-41F8-EAC0-EA04-B1B1BD23D453"
"Removed","SM_SlateRoofRidge_Single_A32","StaticMeshActor","DL_RENDER DL_OVERLAND","DL_RENDER","/Game/__ExternalActors__/Levels/Overland/Hogwarts/EntranceHall/LI_EntranceHall_EXT/5/DK/NPDV5VKBR23LZTIGKBTWV8","LV_Overland/Hogwarts/LI_Hogwarts/LevelInstances/EntranceHall/LI_EntranceHall_EXT/RENDER/SM_SlateRoofRidge_Single_A32","2EAE5F9B-4A03-99C3-8FDF-4386D58CFBC4"
"Removed","SM_SlateRoofRidge_Single_A33","StaticMeshActor","DL_RENDER DL_OVERLAND","DL_RENDER","/Game/__ExternalActors__/Levels/Overland/Hogwarts/EntranceHall/LI_EntranceHall_EXT/7/08/2PMXJ8NYUAL3RHX3I61TXG","LV_Overland/Hogwarts/LI_Hogwarts/LevelInstances/EntranceHall/LI_EntranceHall_EXT/RENDER/SM_SlateRoofRidge_Single_A33","ED5789C3-4F98-47AA-D85F-8487CF9AC263"
"Removed","SM_SlateRoofRidge_Single_A34","StaticMeshActor","DL_RENDER DL_OVERLAND","DL_RENDER","/Game/__ExternalActors__/Levels/Overland/Hogwarts/EntranceHall/LI_EntranceHall_EXT/2/C7/04ZYMHPSWIQ0V2MBODRBZP","LV_Overland/Hogwarts/LI_Hogwarts/LevelInstances/EntranceHall/LI_EntranceHall_EXT/RENDER/SM_SlateRoofRidge_Single_A34","79ECF474-4CA6-5D5D-7F83-99AC15570C39"
"Removed","SM_SlateRoofRidge_Single_A35","StaticMeshActor","DL_RENDER DL_OVERLAND","DL_RENDER","/Game/__ExternalActors__/Levels/Overland/Hogwarts/EntranceHall/LI_EntranceHall_EXT/A/9K/2C3QIJ016D9BLX2QREDT6D","LV_Overland/Hogwarts/LI_Hogwarts/LevelInstances/EntranceHall/LI_EntranceHall_EXT/RENDER/SM_SlateRoofRidge_Single_A35","0DFD723C-438A-6568-4649-FBBBDA4A7B51"
"Removed","SM_SlateRoofRidge_Single_A36","StaticMeshActor","DL_RENDER DL_OVERLAND","DL_RENDER","/Game/__ExternalActors__/Levels/Overland/Hogwarts/EntranceHall/LI_EntranceHall_EXT/D/IR/NYNI6MANXRN4LKBAT7W0JB","LV_Overland/Hogwarts/LI_Hogwarts/LevelInstances/EntranceHall/LI_EntranceHall_EXT/RENDER/SM_SlateRoofRidge_Single_A36","62A4FDE2-424B-B9D8-98D2-F483B1D05158"
"Removed","SM_SlateRoofRidge_Single_A37","StaticMeshActor","DL_RENDER DL_OVERLAND","DL_RENDER","/Game/__ExternalActors__/Levels/Overland/Hogwarts/EntranceHall/LI_EntranceHall_EXT/4/X7/NAL35OF4GQ8DRLRAOYTKK8","LV_Overland/Hogwarts/LI_Hogwarts/LevelInstances/EntranceHall/LI_EntranceHall_EXT/RENDER/SM_SlateRoofRidge_Single_A37","2B79A572-4F1D-F732-15C4-478D17E276F1"
"Removed","SM_SlateRoofRidge_Single_A38","StaticMeshActor","DL_RENDER DL_OVERLAND","DL_RENDER","/Game/__ExternalActors__/Levels/Overland/Hogwarts/EntranceHall/LI_EntranceHall_EXT/9/6I/2P6X9CUFB7TYXELYL6VCPH","LV_Overland/Hogwarts/LI_Hogwarts/LevelInstances/EntranceHall/LI_EntranceHall_EXT/RENDER/SM_SlateRoofRidge_Single_A38","5E9A4099-4522-08BC-E6A3-CCAE564EDCAD"
"Removed","SM_SlateRoofRidge_Single_A39","StaticMeshActor","DL_RENDER DL_OVERLAND","DL_RENDER","/Game/__ExternalActors__/Levels/Overland/Hogwarts/EntranceHall/LI_EntranceHall_EXT/9/4B/DX3I5DAS6BN0D3CV8JPL2S","LV_Overland/Hogwarts/LI_Hogwarts/LevelInstances/EntranceHall/LI_EntranceHall_EXT/RENDER/SM_SlateRoofRidge_Single_A39","784ECAAB-470A-FC19-5F14-7189E2CD1042"
"Removed","SM_SlateRoofRidge_Single_A4","StaticMeshActor","DL_RENDER DL_OVERLAND","DL_RENDER","/Game/__ExternalActors__/Levels/Overland/Hogwarts/EntranceHall/LI_EntranceHall_EXT/A/2M/PI237G8HOLQA9SK4P12C8M","LV_Overland/Hogwarts/LI_Hogwarts/LevelInstances/EntranceHall/LI_EntranceHall_EXT/RENDER/SM_SlateRoofRidge_Single_A4","81531F7C-49B8-DF59-A8E4-8F8AADE408FC"
"Removed","SM_SlateRoofRidge_Single_A40","StaticMeshActor","DL_RENDER DL_OVERLAND","DL_RENDER","/Game/__ExternalActors__/Levels/Overland/Hogwarts/EntranceHall/LI_EntranceHall_EXT/0/53/8P7CP2SS0J36CRSTXVQOOA","LV_Overland/Hogwarts/LI_Hogwarts/LevelInstances/EntranceHall/LI_EntranceHall_EXT/RENDER/SM_SlateRoofRidge_Single_A40","5A327DAD-4430-1269-D5EF-F4ABDE0EC975"
"Removed","SM_SlateRoofRidge_Single_A41","StaticMeshActor","DL_RENDER DL_OVERLAND","DL_RENDER","/Game/__ExternalActors__/Levels/Overland/Hogwarts/EntranceHall/LI_EntranceHall_EXT/2/ZB/U9C3BNZ8895XL7QW8X2TCU","LV_Overland/Hogwarts/LI_Hogwarts/LevelInstances/EntranceHall/LI_EntranceHall_EXT/RENDER/SM_SlateRoofRidge_Single_A41","67E7382D-432F-3ED2-3F78-15B94FD02231"
"Removed","SM_SlateRoofRidge_Single_A42","StaticMeshActor","DL_RENDER DL_OVERLAND","DL_RENDER","/Game/__ExternalActors__/Levels/Overland/Hogwarts/EntranceHall/LI_EntranceHall_EXT/0/XD/Z0WM0D88MALWDRZ3KLEH31","LV_Overland/Hogwarts/LI_Hogwarts/LevelInstances/EntranceHall/LI_EntranceHall_EXT/RENDER/SM_SlateRoofRidge_Single_A42","7BF5FBAD-4871-33A2-65C7-309C95F291A2"
"Removed","SM_SlateRoofRidge_Single_A43","StaticMeshActor","DL_RENDER DL_OVERLAND","DL_RENDER","/Game/__ExternalActors__/Levels/Overland/Hogwarts/EntranceHall/LI_EntranceHall_EXT/D/TV/BM7G3NOUF4ZRT5BRSOU8A2","LV_Overland/Hogwarts/LI_Hogwarts/LevelInstances/EntranceHall/LI_EntranceHall_EXT/RENDER/SM_SlateRoofRidge_Single_A43","3D2A4C2E-4677-69DE-7ABD-23BD32FA7669"
"Removed","SM_SlateRoofRidge_Single_A44","StaticMeshActor","DL_RENDER DL_OVERLAND","DL_RENDER","/Game/__ExternalActors__/Levels/Overland/Hogwarts/EntranceHall/LI_EntranceHall_EXT/1/PK/626MATRUHRI2I4XXW6Y2UD","LV_Overland/Hogwarts/LI_Hogwarts/LevelInstances/EntranceHall/LI_EntranceHall_EXT/RENDER/SM_SlateRoofRidge_Single_A44","CABF67B2-468B-D2DF-4101-4C9305FD8EDB"
"Removed","SM_SlateRoofRidge_Single_A45","StaticMeshActor","DL_RENDER DL_OVERLAND","DL_RENDER","/Game/__ExternalActors__/Levels/Overland/Hogwarts/EntranceHall/LI_EntranceHall_EXT/1/73/C6QCT5BUKWU2CB3S1V8GMZ","LV_Overland/Hogwarts/LI_Hogwarts/LevelInstances/EntranceHall/LI_EntranceHall_EXT/RENDER/SM_SlateRoofRidge_Single_A45","F088DC46-4CEB-6EE3-8531-A399AC343D02"
"Removed","SM_SlateRoofRidge_Single_A46","StaticMeshActor","DL_RENDER DL_OVERLAND","DL_RENDER","/Game/__ExternalActors__/Levels/Overland/Hogwarts/EntranceHall/LI_EntranceHall_EXT/5/DY/M56UYKWDFZT0KETEWE2CSN","LV_Overland/Hogwarts/LI_Hogwarts/LevelInstances/EntranceHall/LI_EntranceHall_EXT/RENDER/SM_SlateRoofRidge_Single_A46","4F622569-40E8-4669-3919-AA9067C3E26B"
"Removed","SM_SlateRoofRidge_Single_A47","StaticMeshActor","DL_RENDER DL_OVERLAND","DL_RENDER","/Game/__ExternalActors__/Levels/Overland/Hogwarts/EntranceHall/LI_EntranceHall_EXT/B/UB/WY1DV3DKRX3BGH0L1MJG1L","LV_Overland/Hogwarts/LI_Hogwarts/LevelInstances/EntranceHall/LI_EntranceHall_EXT/RENDER/SM_SlateRoofRidge_Single_A47","B21D2439-4860-BAD7-FDE7-37A037650E7D"
"Removed","SM_SlateRoofRidge_Single_A48","StaticMeshActor","DL_RENDER DL_OVERLAND","DL_RENDER","/Game/__ExternalActors__/Levels/Overland/Hogwarts/EntranceHall/LI_EntranceHall_EXT/6/4H/YCCIJJ0L6CWGZROF1ZV5J2","LV_Overland/Hogwarts/LI_Hogwarts/LevelInstances/EntranceHall/LI_EntranceHall_EXT/RENDER/SM_SlateRoofRidge_Single_A48","7DD5591F-4015-55C6-D3B5-92B93A2A0C8C"
"Removed","SM_SlateRoofRidge_Single_A49","StaticMeshActor","DL_RENDER DL_OVERLAND","DL_RENDER","/Game/__ExternalActors__/Levels/Overland/Hogwarts/EntranceHall/LI_EntranceHall_EXT/A/77/1RW2S8VCNWJ6HRMF6C0MQ8","LV_Overland/Hogwarts/LI_Hogwarts/LevelInstances/EntranceHall/LI_EntranceHall_EXT/RENDER/SM_SlateRoofRidge_Single_A49","6564F165-4E2F-1A0B-6CEF-15A32F17960F"
"Removed","SM_SlateRoofRidge_Single_A5","StaticMeshActor","DL_RENDER DL_OVERLAND","DL_RENDER","/Game/__ExternalActors__/Levels/Overland/Hogwarts/EntranceHall/LI_EntranceHall_EXT/4/EY/O5YUOJN2X0K3FKWFKGO7IZ","LV_Overland/Hogwarts/LI_Hogwarts/LevelInstances/EntranceHall/LI_EntranceHall_EXT/RENDER/SM_SlateRoofRidge_Single_A5","FCF09305-47AF-68CD-C4A5-26A249B9B90A"
"Removed","SM_SlateRoofRidge_Single_A50","StaticMeshActor","DL_RENDER DL_OVERLAND","DL_RENDER","/Game/__ExternalActors__/Levels/Overland/Hogwarts/EntranceHall/LI_EntranceHall_EXT/9/G7/Q8P70LXOPHTKD8BKR7W0PK","LV_Overland/Hogwarts/LI_Hogwarts/LevelInstances/EntranceHall/LI_EntranceHall_EXT/RENDER/SM_SlateRoofRidge_Single_A50","0BCAD4CA-46AE-099D-379A-5F926BFD8CA4"
"Removed","SM_SlateRoofRidge_Single_A51","StaticMeshActor","DL_RENDER DL_OVERLAND","DL_RENDER","/Game/__ExternalActors__/Levels/Overland/Hogwarts/EntranceHall/LI_EntranceHall_EXT/C/I2/0N0JVT3Y5750PVY7JTV0G5","LV_Overland/Hogwarts/LI_Hogwarts/LevelInstances/EntranceHall/LI_EntranceHall_EXT/RENDER/SM_SlateRoofRidge_Single_A51","E1716095-41BC-9EEF-E088-34BEA1806740"
"Removed","SM_SlateRoofRidge_Single_A52","StaticMeshActor","DL_RENDER DL_OVERLAND","DL_RENDER","/Game/__ExternalActors__/Levels/Overland/Hogwarts/EntranceHall/LI_EntranceHall_EXT/3/50/AA6S4ISTZGMR1DPOUO4846","LV_Overland/Hogwarts/LI_Hogwarts/LevelInstances/EntranceHall/LI_EntranceHall_EXT/RENDER/SM_SlateRoofRidge_Single_A52","63135890-4BAE-1904-4368-41812452A66F"
"Removed","SM_SlateRoofRidge_Single_A53","StaticMeshActor","DL_RENDER DL_OVERLAND","DL_RENDER","/Game/__ExternalActors__/Levels/Overland/Hogwarts/EntranceHall/LI_EntranceHall_EXT/4/EH/4JK1BB5M66OGMWVV18DNET","LV_Overland/Hogwarts/LI_Hogwarts/LevelInstances/EntranceHall/LI_EntranceHall_EXT/RENDER/SM_SlateRoofRidge_Single_A53","ED2A11F5-4001-D457-9D59-31ACCA481F7D"
"Removed","SM_SlateRoofRidge_Single_A54","StaticMeshActor","DL_RENDER DL_OVERLAND","DL_RENDER","/Game/__ExternalActors__/Levels/Overland/Hogwarts/EntranceHall/LI_EntranceHall_EXT/9/SX/EIAPNYX5DQ59AZRUAES8Z2","LV_Overland/Hogwarts/LI_Hogwarts/LevelInstances/EntranceHall/LI_EntranceHall_EXT/RENDER/SM_SlateRoofRidge_Single_A54","0F3C268C-48B9-177F-F008-0388C705C6DF"
"Removed","SM_SlateRoofRidge_Single_A55","StaticMeshActor","DL_RENDER DL_OVERLAND","DL_RENDER","/Game/__ExternalActors__/Levels/Overland/Hogwarts/EntranceHall/LI_EntranceHall_EXT/3/EV/7WL40ANTOX7NOBJUXWOTYA","LV_Overland/Hogwarts/LI_Hogwarts/LevelInstances/EntranceHall/LI_EntranceHall_EXT/RENDER/SM_SlateRoofRidge_Single_A55","F45DBB99-4E8D-6A4C-3BC8-3292C0A48685"
"Removed","SM_SlateRoofRidge_Single_A56","StaticMeshActor","DL_RENDER DL_OVERLAND","DL_RENDER","/Game/__ExternalActors__/Levels/Overland/Hogwarts/EntranceHall/LI_EntranceHall_EXT/7/7C/HOR0XUP9OGP9XCDSOBSZZA","LV_Overland/Hogwarts/LI_Hogwarts/LevelInstances/EntranceHall/LI_EntranceHall_EXT/RENDER/SM_SlateRoofRidge_Single_A56","5CABD59C-4B1A-4419-050F-A38061C4DC97"
"Removed","SM_SlateRoofRidge_Single_A57","StaticMeshActor","DL_RENDER DL_OVERLAND","DL_RENDER","/Game/__ExternalActors__/Levels/Overland/Hogwarts/EntranceHall/LI_EntranceHall_EXT/7/KR/1SOGY2KOB2CSBJ7KJTFXWY","LV_Overland/Hogwarts/LI_Hogwarts/LevelInstances/EntranceHall/LI_EntranceHall_EXT/RENDER/SM_SlateRoofRidge_Single_A57","7734D8EE-4D7E-1B38-0B77-B2B9AFEE464D"
"Removed","SM_SlateRoofRidge_Single_A58","StaticMeshActor","DL_RENDER DL_OVERLAND","DL_RENDER","/Game/__ExternalActors__/Levels/Overland/Hogwarts/EntranceHall/LI_EntranceHall_EXT/0/RG/S184VRMKHYT98BMFFVM0MK","LV_Overland/Hogwarts/LI_Hogwarts/LevelInstances/EntranceHall/LI_EntranceHall_EXT/RENDER/SM_SlateRoofRidge_Single_A58","F1459400-4C3B-1F86-0A99-1585ED116ED6"
"Removed","SM_SlateRoofRidge_Single_A59","StaticMeshActor","DL_RENDER DL_OVERLAND","DL_RENDER","/Game/__ExternalActors__/Levels/Overland/Hogwarts/EntranceHall/LI_EntranceHall_EXT/E/HJ/7W62BGW8SUA72VO4JPV14H","LV_Overland/Hogwarts/LI_Hogwarts/LevelInstances/EntranceHall/LI_EntranceHall_EXT/RENDER/SM_SlateRoofRidge_Single_A59","C175AD09-4540-9F12-69AC-0CB19EEC6EBC"
"Removed","SM_SlateRoofRidge_Single_A6","StaticMeshActor","DL_RENDER DL_OVERLAND","DL_RENDER","/Game/__ExternalActors__/Levels/Overland/Hogwarts/EntranceHall/LI_EntranceHall_EXT/8/70/WVG5X37ZZWK3R9LK319EXQ","LV_Overland/Hogwarts/LI_Hogwarts/LevelInstances/EntranceHall/LI_EntranceHall_EXT/RENDER/SM_SlateRoofRidge_Single_A6","24AF1EB5-4679-25E8-5D24-CA84EC2BE241"
"Removed","SM_SlateRoofRidge_Single_A60","StaticMeshActor","DL_RENDER DL_OVERLAND","DL_RENDER","/Game/__ExternalActors__/Levels/Overland/Hogwarts/EntranceHall/LI_EntranceHall_EXT/1/5Y/IG1GGRPAB3RLE2G2KWD1WR","LV_Overland/Hogwarts/LI_Hogwarts/LevelInstances/EntranceHall/LI_EntranceHall_EXT/RENDER/SM_SlateRoofRidge_Single_A60","FEE6E3E9-4D3B-8696-6B20-8D912FA05B6B"
"Removed","SM_SlateRoofRidge_Single_A61","StaticMeshActor","DL_RENDER DL_OVERLAND","DL_RENDER","/Game/__ExternalActors__/Levels/Overland/Hogwarts/EntranceHall/LI_EntranceHall_EXT/8/XH/T85BXYKDO5MG0U3DRNS1OH","LV_Overland/Hogwarts/LI_Hogwarts/LevelInstances/EntranceHall/LI_EntranceHall_EXT/RENDER/SM_SlateRoofRidge_Single_A61","72D92D00-4256-8AE0-487E-769A23692286"
"Removed","SM_SlateRoofRidge_Single_A62","StaticMeshActor","DL_RENDER DL_OVERLAND","DL_RENDER","/Game/__ExternalActors__/Levels/Overland/Hogwarts/EntranceHall/LI_EntranceHall_EXT/9/1M/PHT2TTH259PEH754TU9KOC","LV_Overland/Hogwarts/LI_Hogwarts/LevelInstances/EntranceHall/LI_EntranceHall_EXT/RENDER/SM_SlateRoofRidge_Single_A62","B3AD4D67-4DFE-0071-6E16-09B19370CDB2"
"Removed","SM_SlateRoofRidge_Single_A63","StaticMeshActor","DL_RENDER DL_OVERLAND","DL_RENDER","/Game/__ExternalActors__/Levels/Overland/Hogwarts/EntranceHall/LI_EntranceHall_EXT/1/0N/8MBSHTZ6AYIUTKZCC4OJHV","LV_Overland/Hogwarts/LI_Hogwarts/LevelInstances/EntranceHall/LI_EntranceHall_EXT/RENDER/SM_SlateRoofRidge_Single_A63","65C91CA0-45C6-78AA-4E74-568A6EB57AE3"
"Removed","SM_SlateRoofRidge_Single_A64","StaticMeshActor","DL_RENDER DL_OVERLAND","DL_RENDER","/Game/__ExternalActors__/Levels/Overland/Hogwarts/EntranceHall/LI_EntranceHall_EXT/4/C9/16J94C8WKZWKN3245KMW8Q","LV_Overland/Hogwarts/LI_Hogwarts/LevelInstances/EntranceHall/LI_EntranceHall_EXT/RENDER/SM_SlateRoofRidge_Single_A64","DB8665E9-4D32-E5F5-63C8-C4A8B8C06059"
"Removed","SM_SlateRoofRidge_Single_A65","StaticMeshActor","DL_RENDER DL_OVERLAND","DL_RENDER","/Game/__ExternalActors__/Levels/Overland/Hogwarts/EntranceHall/LI_EntranceHall_EXT/0/6Z/SXU6CESXA60IA015RN70GV","LV_Overland/Hogwarts/LI_Hogwarts/LevelInstances/EntranceHall/LI_EntranceHall_EXT/RENDER/SM_SlateRoofRidge_Single_A65","748012BE-4469-8ECC-D480-43A4BB47D0F6"
"Removed","SM_SlateRoofRidge_Single_A66","StaticMeshActor","DL_RENDER DL_OVERLAND","DL_RENDER","/Game/__ExternalActors__/Levels/Overland/Hogwarts/EntranceHall/LI_EntranceHall_EXT/5/NO/7CQYWBILZGZTXLIQ85KYH0","LV_Overland/Hogwarts/LI_Hogwarts/LevelInstances/EntranceHall/LI_EntranceHall_EXT/RENDER/SM_SlateRoofRidge_Single_A66","673FBCE2-45BE-B155-7552-9A95E8CDD4BB"
"Removed","SM_SlateRoofRidge_Single_A67","StaticMeshActor","DL_RENDER DL_OVERLAND","DL_RENDER","/Game/__ExternalActors__/Levels/Overland/Hogwarts/EntranceHall/LI_EntranceHall_EXT/8/19/371TKO6QZER8XSLBIFGMZS","LV_Overland/Hogwarts/LI_Hogwarts/LevelInstances/EntranceHall/LI_EntranceHall_EXT/RENDER/SM_SlateRoofRidge_Single_A67","D63969FB-43DD-5DB2-EB8F-6A918EA2EF6F"
"Removed","SM_SlateRoofRidge_Single_A68","StaticMeshActor","DL_RENDER DL_OVERLAND","DL_RENDER","/Game/__ExternalActors__/Levels/Overland/Hogwarts/EntranceHall/LI_EntranceHall_EXT/1/CV/WWDSDHTCSI4R90X8YGZFC9","LV_Overland/Hogwarts/LI_Hogwarts/LevelInstances/EntranceHall/LI_EntranceHall_EXT/RENDER/SM_SlateRoofRidge_Single_A68","D50CB059-4612-A416-F245-299B35683554"
"Removed","SM_SlateRoofRidge_Single_A69","StaticMeshActor","DL_RENDER DL_OVERLAND","DL_RENDER","/Game/__ExternalActors__/Levels/Overland/Hogwarts/EntranceHall/LI_EntranceHall_EXT/5/69/VD03IAI285M8FESX210R4J","LV_Overland/Hogwarts/LI_Hogwarts/LevelInstances/EntranceHall/LI_EntranceHall_EXT/RENDER/SM_SlateRoofRidge_Single_A69","6776DDFB-4970-D065-3B81-4AB949273459"
"Removed","SM_SlateRoofRidge_Single_A7","StaticMeshActor","DL_RENDER DL_OVERLAND","DL_RENDER","/Game/__ExternalActors__/Levels/Overland/Hogwarts/EntranceHall/LI_EntranceHall_EXT/A/R8/MMLM1FHCLCVBDYZW1DT822","LV_Overland/Hogwarts/LI_Hogwarts/LevelInstances/EntranceHall/LI_EntranceHall_EXT/RENDER/SM_SlateRoofRidge_Single_A7","70D392FF-4165-1CE4-94D9-7CA29DA24E92"
"Removed","SM_SlateRoofRidge_Single_A70","StaticMeshActor","DL_RENDER DL_OVERLAND","DL_RENDER","/Game/__ExternalActors__/Levels/Overland/Hogwarts/EntranceHall/LI_EntranceHall_EXT/B/1O/GW2JIRMMQPHOJ8GSZKYVLM","LV_Overland/Hogwarts/LI_Hogwarts/LevelInstances/EntranceHall/LI_EntranceHall_EXT/RENDER/SM_SlateRoofRidge_Single_A70","557A3CCF-4772-667A-8BCA-06957DBC0989"
"Removed","SM_SlateRoofRidge_Single_A71","StaticMeshActor","DL_RENDER DL_OVERLAND","DL_RENDER","/Game/__ExternalActors__/Levels/Overland/Hogwarts/EntranceHall/LI_EntranceHall_EXT/0/97/L9CWARBZ683CVNAMKNFHX3","LV_Overland/Hogwarts/LI_Hogwarts/LevelInstances/EntranceHall/LI_EntranceHall_EXT/RENDER/SM_SlateRoofRidge_Single_A71","0396ECA7-4119-70B5-8B92-EDAF400EA08A"
"Removed","SM_SlateRoofRidge_Single_A72","StaticMeshActor","DL_RENDER DL_OVERLAND","DL_RENDER","/Game/__ExternalActors__/Levels/Overland/Hogwarts/EntranceHall/LI_EntranceHall_EXT/D/WB/VHTMX225X0VU0IL72IZW9Y","LV_Overland/Hogwarts/LI_Hogwarts/LevelInstances/EntranceHall/LI_EntranceHall_EXT/RENDER/SM_SlateRoofRidge_Single_A72","D8EECBE2-4E9E-6060-DD51-D6990DB5B5F6"
"Removed","SM_SlateRoofRidge_Single_A73","StaticMeshActor","DL_RENDER DL_OVERLAND","DL_RENDER","/Game/__ExternalActors__/Levels/Overland/Hogwarts/EntranceHall/LI_EntranceHall_EXT/5/5N/G7YK5DYQX8L3H9F5TXZM52","LV_Overland/Hogwarts/LI_Hogwarts/LevelInstances/EntranceHall/LI_EntranceHall_EXT/RENDER/SM_SlateRoofRidge_Single_A73","E2FC5B0E-4397-4134-DB36-7599A5BC9844"
"Removed","SM_SlateRoofRidge_Single_A74","StaticMeshActor","DL_RENDER DL_OVERLAND","DL_RENDER","/Game/__ExternalActors__/Levels/Overland/Hogwarts/EntranceHall/LI_EntranceHall_EXT/3/Z1/52SAQPF16U2OKMIA2DAK6H","LV_Overland/Hogwarts/LI_Hogwarts/LevelInstances/EntranceHall/LI_EntranceHall_EXT/RENDER/SM_SlateRoofRidge_Single_A74","6030B981-4740-2DD9-6E23-E4B7303571B1"
"Removed","SM_SlateRoofRidge_Single_A75","StaticMeshActor","DL_RENDER DL_OVERLAND","DL_RENDER","/Game/__ExternalActors__/Levels/Overland/Hogwarts/EntranceHall/LI_EntranceHall_EXT/9/4T/P3EIHMHSMXX7CBVT64Y3AP","LV_Overland/Hogwarts/LI_Hogwarts/LevelInstances/EntranceHall/LI_EntranceHall_EXT/RENDER/SM_SlateRoofRidge_Single_A75","7AB3011B-437A-0C10-3280-63BBD580FB41"
"Removed","SM_SlateRoofRidge_Single_A76","StaticMeshActor","DL_RENDER DL_OVERLAND","DL_RENDER","/Game/__ExternalActors__/Levels/Overland/Hogwarts/EntranceHall/LI_EntranceHall_EXT/1/VA/ZAERBKBJGQ6QHY41ZIVH3Y","LV_Overland/Hogwarts/LI_Hogwarts/LevelInstances/EntranceHall/LI_EntranceHall_EXT/RENDER/SM_SlateRoofRidge_Single_A76","6B3146E9-410C-CB0A-6CE1-FC9825FE9D02"
"Removed","SM_SlateRoofRidge_Single_A77","StaticMeshActor","DL_RENDER DL_OVERLAND","DL_RENDER","/Game/__ExternalActors__/Levels/Overland/Hogwarts/EntranceHall/LI_EntranceHall_EXT/5/7V/KEUAQ55XDFPSHKAJFPJ277","LV_Overland/Hogwarts/LI_Hogwarts/LevelInstances/EntranceHall/LI_EntranceHall_EXT/RENDER/SM_SlateRoofRidge_Single_A77","2CCF7FCB-4152-FB02-7566-36BE006EA6B8"
"Removed","SM_SlateRoofRidge_Single_A78","StaticMeshActor","DL_RENDER DL_OVERLAND","DL_RENDER","/Game/__ExternalActors__/Levels/Overland/Hogwarts/EntranceHall/LI_EntranceHall_EXT/B/EB/I527557YX7AEKRJJTWHOTB","LV_Overland/Hogwarts/LI_Hogwarts/LevelInstances/EntranceHall/LI_EntranceHall_EXT/RENDER/SM_SlateRoofRidge_Single_A78","7FCC008D-4C42-2501-0EEC-3FB39067AA80"
"Removed","SM_SlateRoofRidge_Single_A79","StaticMeshActor","DL_RENDER DL_OVERLAND","DL_RENDER","/Game/__ExternalActors__/Levels/Overland/Hogwarts/EntranceHall/LI_EntranceHall_EXT/B/9B/JSOIWKVE2CKBCUA1EAEP6Y","LV_Overland/Hogwarts/LI_Hogwarts/LevelInstances/EntranceHall/LI_EntranceHall_EXT/RENDER/SM_SlateRoofRidge_Single_A79","AA90D7F9-4B41-717F-E21A-BF85E996A209"
"Removed","SM_SlateRoofRidge_Single_A8","StaticMeshActor","DL_RENDER DL_OVERLAND","DL_RENDER","/Game/__ExternalActors__/Levels/Overland/Hogwarts/EntranceHall/LI_EntranceHall_EXT/1/EG/V31CAOU13Q5K16V5L0DMWG","LV_Overland/Hogwarts/LI_Hogwarts/LevelInstances/EntranceHall/LI_EntranceHall_EXT/RENDER/SM_SlateRoofRidge_Single_A8","F41ADD74-45D7-4F42-4038-6BA1596D67D7"
"Removed","SM_SlateRoofRidge_Single_A80","StaticMeshActor","DL_RENDER DL_OVERLAND","DL_RENDER","/Game/__ExternalActors__/Levels/Overland/Hogwarts/EntranceHall/LI_EntranceHall_EXT/1/MZ/CJGHEM8WU9BKIOM7N6M8KC","LV_Overland/Hogwarts/LI_Hogwarts/LevelInstances/EntranceHall/LI_EntranceHall_EXT/RENDER/SM_SlateRoofRidge_Single_A80","4884B600-4ADE-65F6-C8CB-1A99310DB5AC"
"Removed","SM_SlateRoofRidge_Single_A81","StaticMeshActor","DL_RENDER DL_OVERLAND","DL_RENDER","/Game/__ExternalActors__/Levels/Overland/Hogwarts/EntranceHall/LI_EntranceHall_EXT/E/YX/JRFES4XB552G9TQLM1KAS2","LV_Overland/Hogwarts/LI_Hogwarts/LevelInstances/EntranceHall/LI_EntranceHall_EXT/RENDER/SM_SlateRoofRidge_Single_A81","A39285A1-40CF-0ADA-7367-30AA4073E05C"
"Removed","SM_SlateRoofRidge_Single_A82","StaticMeshActor","DL_RENDER DL_OVERLAND","DL_RENDER","/Game/__ExternalActors__/Levels/Overland/Hogwarts/EntranceHall/LI_EntranceHall_EXT/8/JM/KW1N0TK43FK7W023QZA62X","LV_Overland/Hogwarts/LI_Hogwarts/LevelInstances/EntranceHall/LI_EntranceHall_EXT/RENDER/SM_SlateRoofRidge_Single_A82","514B210B-4F2A-411F-BB51-8092B8C43FBC"
"Removed","SM_SlateRoofRidge_Single_A83","StaticMeshActor","DL_RENDER DL_OVERLAND","DL_RENDER","/Game/__ExternalActors__/Levels/Overland/Hogwarts/EntranceHall/LI_EntranceHall_EXT/0/I3/TILHLHWC0ZV1E1R91Q4EQ0","LV_Overland/Hogwarts/LI_Hogwarts/LevelInstances/EntranceHall/LI_EntranceHall_EXT/RENDER/SM_SlateRoofRidge_Single_A83","F72DD97E-4E54-D15A-E6BC-DEBF13F00170"
"Removed","SM_SlateRoofRidge_Single_A84","StaticMeshActor","DL_RENDER DL_OVERLAND","DL_RENDER","/Game/__ExternalActors__/Levels/Overland/Hogwarts/EntranceHall/LI_EntranceHall_EXT/7/40/D5EX3JK6VXC5Y0P0DAOBMK","LV_Overland/Hogwarts/LI_Hogwarts/LevelInstances/EntranceHall/LI_EntranceHall_EXT/RENDER/SM_SlateRoofRidge_Single_A84","4981A01B-478E-8AE8-5E02-D794D42860B7"
"Removed","SM_SlateRoofRidge_Single_A85","StaticMeshActor","DL_RENDER DL_OVERLAND","DL_RENDER","/Game/__ExternalActors__/Levels/Overland/Hogwarts/EntranceHall/LI_EntranceHall_EXT/3/HQ/W11WPDMCO6P9L0ZVIG1R2N","LV_Overland/Hogwarts/LI_Hogwarts/LevelInstances/EntranceHall/LI_EntranceHall_EXT/RENDER/SM_SlateRoofRidge_Single_A85","0C44B4DC-4516-901F-0325-8486F10D1114"
"Removed","SM_SlateRoofRidge_Single_A86","StaticMeshActor","DL_RENDER DL_OVERLAND","DL_RENDER","/Game/__ExternalActors__/Levels/Overland/Hogwarts/EntranceHall/LI_EntranceHall_EXT/8/73/BXJJQVXFX5HQ279I7VPXS6","LV_Overland/Hogwarts/LI_Hogwarts/LevelInstances/EntranceHall/LI_EntranceHall_EXT/RENDER/SM_SlateRoofRidge_Single_A86","10DE0504-4D6E-9065-90C3-839C68A40E99"
"Removed","SM_SlateRoofRidge_Single_A87","StaticMeshActor","DL_RENDER DL_OVERLAND","DL_RENDER","/Game/__ExternalActors__/Levels/Overland/Hogwarts/EntranceHall/LI_EntranceHall_EXT/A/EI/UPM6LPCHSKRJVTFWBDK82V","LV_Overland/Hogwarts/LI_Hogwarts/LevelInstances/EntranceHall/LI_EntranceHall_EXT/RENDER/SM_SlateRoofRidge_Single_A87","E5D8CCBF-470F-CF53-541A-52AF6F6B3730"
"Removed","SM_SlateRoofRidge_Single_A88","StaticMeshActor","DL_RENDER DL_OVERLAND","DL_RENDER","/Game/__ExternalActors__/Levels/Overland/Hogwarts/EntranceHall/LI_EntranceHall_EXT/4/A8/C4E4HBHAT79LW40WXT1HDU","LV_Overland/Hogwarts/LI_Hogwarts/LevelInstances/EntranceHall/LI_EntranceHall_EXT/RENDER/SM_SlateRoofRidge_Single_A88","8CB4E524-46D5-BA90-218D-969E75209898"
"Removed","SM_SlateRoofRidge_Single_A89","StaticMeshActor","DL_RENDER DL_OVERLAND","DL_RENDER","/Game/__ExternalActors__/Levels/Overland/Hogwarts/EntranceHall/LI_EntranceHall_EXT/6/6A/PAEULUK3384V9Y9J4G05AT","LV_Overland/Hogwarts/LI_Hogwarts/LevelInstances/EntranceHall/LI_EntranceHall_EXT/RENDER/SM_SlateRoofRidge_Single_A89","34BE9CAA-430B-0E96-8E70-AB8BF60C9251"
"Removed","SM_SlateRoofRidge_Single_A9","StaticMeshActor","DL_RENDER DL_OVERLAND","DL_RENDER","/Game/__ExternalActors__/Levels/Overland/Hogwarts/EntranceHall/LI_EntranceHall_EXT/1/DO/VD8KYKJBY3YCPW4N2IJHSP","LV_Overland/Hogwarts/LI_Hogwarts/LevelInstances/EntranceHall/LI_EntranceHall_EXT/RENDER/SM_SlateRoofRidge_Single_A9","570F57AC-4BCE-2C60-6231-18B63BAE50B1"
"Removed","SM_SlateRoofRidge_Single_A90","StaticMeshActor","DL_RENDER DL_OVERLAND","DL_RENDER","/Game/__ExternalActors__/Levels/Overland/Hogwarts/EntranceHall/LI_EntranceHall_EXT/7/QB/O2U6UVTPQVLL2ZBW48R9IG","LV_Overland/Hogwarts/LI_Hogwarts/LevelInstances/EntranceHall/LI_EntranceHall_EXT/RENDER/SM_SlateRoofRidge_Single_A90","F146C623-4DBF-D99E-BFB7-AF8DEB94AF06"
"Removed","SM_SlateRoofRidge_Single_A91","StaticMeshActor","DL_RENDER DL_OVERLAND","DL_RENDER","/Game/__ExternalActors__/Levels/Overland/Hogwarts/EntranceHall/LI_EntranceHall_EXT/9/AD/1S73PQL0ENXMZ1URIRB5EX","LV_Overland/Hogwarts/LI_Hogwarts/LevelInstances/EntranceHall/LI_EntranceHall_EXT/RENDER/SM_SlateRoofRidge_Single_A91","90F8BF43-4E41-2AD5-4A74-B1BB371F8E41"
"Removed","SM_SlateRoofRidge_Single_A92","StaticMeshActor","DL_RENDER DL_OVERLAND","DL_RENDER","/Game/__ExternalActors__/Levels/Overland/Hogwarts/EntranceHall/LI_EntranceHall_EXT/4/PT/L19S4F1K7EFY8Z19ZH7773","LV_Overland/Hogwarts/LI_Hogwarts/LevelInstances/EntranceHall/LI_EntranceHall_EXT/RENDER/SM_SlateRoofRidge_Single_A92","757F5783-49B6-C59F-5330-D29F8C00F0BE"
"Removed","SM_SlateRoofRidge_Single_A93","StaticMeshActor","DL_RENDER DL_OVERLAND","DL_RENDER","/Game/__ExternalActors__/Levels/Overland/Hogwarts/EntranceHall/LI_EntranceHall_EXT/B/XO/BPI6N347SZF0ZWIUPP0DO7","LV_Overland/Hogwarts/LI_Hogwarts/LevelInstances/EntranceHall/LI_EntranceHall_EXT/RENDER/SM_SlateRoofRidge_Single_A93","3C2F28B1-4737-8EBA-D934-1684A28A22FA"
"Removed","SM_SlateRoofRidge_Single_A94","StaticMeshActor","DL_RENDER DL_OVERLAND","DL_RENDER","/Game/__ExternalActors__/Levels/Overland/Hogwarts/EntranceHall/LI_EntranceHall_EXT/C/7T/Y6DU2C2QC3Q5PFEYYHCUQC","LV_Overland/Hogwarts/LI_Hogwarts/LevelInstances/EntranceHall/LI_EntranceHall_EXT/RENDER/SM_SlateRoofRidge_Single_A94","B07054FE-43D3-E7A3-14C7-74A3B37E3523"
"Removed","SM_SlateRoofRidge_Single_A95","StaticMeshActor","DL_RENDER DL_OVERLAND","DL_RENDER","/Game/__ExternalActors__/Levels/Overland/Hogwarts/EntranceHall/LI_EntranceHall_EXT/0/MZ/7XVXZ77GYUYTW5RQPBZOH1","LV_Overland/Hogwarts/LI_Hogwarts/LevelInstances/EntranceHall/LI_EntranceHall_EXT/RENDER/SM_SlateRoofRidge_Single_A95","C89BB7EC-411F-711B-0A19-7AA43E348AAE"
"Removed","SM_SlateRoofRidge_Single_A96","StaticMeshActor","DL_RENDER DL_OVERLAND","DL_RENDER","/Game/__ExternalActors__/Levels/Overland/Hogwarts/EntranceHall/LI_EntranceHall_EXT/3/I6/EHE6PSAT791ELH0YQRHY26","LV_Overland/Hogwarts/LI_Hogwarts/LevelInstances/EntranceHall/LI_EntranceHall_EXT/RENDER/SM_SlateRoofRidge_Single_A96","29675B4A-4DF8-4B26-7FB3-24AEB6B5CC15"
"Removed","SM_SlateRoofRidge_Single_A97","StaticMeshActor","DL_RENDER DL_OVERLAND","DL_RENDER","/Game/__ExternalActors__/Levels/Overland/Hogwarts/EntranceHall/LI_EntranceHall_EXT/9/L4/ZHQRBPT02WRKZDPCCXMAQ6","LV_Overland/Hogwarts/LI_Hogwarts/LevelInstances/EntranceHall/LI_EntranceHall_EXT/RENDER/SM_SlateRoofRidge_Single_A97","90CBDC24-40F1-5CCA-6946-5E9266DF01B5"
"Removed","SM_SlateRoofRidge_Single_A98","StaticMeshActor","DL_RENDER DL_OVERLAND","DL_RENDER","/Game/__ExternalActors__/Levels/Overland/Hogwarts/EntranceHall/LI_EntranceHall_EXT/D/R4/IFHS7JB60JPOFGX81689KR","LV_Overland/Hogwarts/LI_Hogwarts/LevelInstances/EntranceHall/LI_EntranceHall_EXT/RENDER/SM_SlateRoofRidge_Single_A98","4672FF59-4B84-3464-90C0-F084F48166F8"
"Removed","SM_SlateRoofRidge_Single_A99","StaticMeshActor","DL_RENDER DL_OVERLAND","DL_RENDER","/Game/__ExternalActors__/Levels/Overland/Hogwarts/EntranceHall/LI_EntranceHall_EXT/4/L6/TTPVBIV20QBD4IID2I6DGL","LV_Overland/Hogwarts/LI_Hogwarts/LevelInstances/EntranceHall/LI_EntranceHall_EXT/RENDER/SM_SlateRoofRidge_Single_A99","8D6955FF-4797-5F6C-C4CE-0FB5F6D6EF60"
"Removed","SM_Stair_Stone_Mdmg_A6","StaticMeshActor","DL_RENDER DL_OVERLAND","DL_RENDER","/Game/__ExternalActors__/Levels/Overland/Hogwarts/EntranceHall/LI_EntranceHall_EXT/3/6P/NYRAKWI1Q969YAQ2D7RNNU","LV_Overland/Hogwarts/LI_Hogwarts/LevelInstances/EntranceHall/LI_EntranceHall_EXT/RENDER/SM_Stair_Stone_Mdmg_A6","31199604-41E4-0135-3D08-6D8B29BDF690"
"Removed","SM_Stair_Stone_Mdmg_A7","StaticMeshActor","DL_RENDER DL_OVERLAND","DL_RENDER","/Game/__ExternalActors__/Levels/Overland/Hogwarts/EntranceHall/LI_EntranceHall_EXT/B/H2/9JGQR0SA7R4CNIILZZB5E4","LV_Overland/Hogwarts/LI_Hogwarts/LevelInstances/EntranceHall/LI_EntranceHall_EXT/RENDER/SM_Stair_Stone_Mdmg_A7","2DC388B9-42AF-C0B1-F891-A7BB547051FA"
"Removed","SM_Twig_Debris_C24","StaticMeshActor","DL_RENDER DL_OVERLAND","DL_RENDER","/Game/__ExternalActors__/Levels/Overland/Hogwarts/EntranceHall/LI_EntranceHall_EXT/7/MU/Y7876P7SV3N3VYR505IPTV","LV_Overland/Hogwarts/LI_Hogwarts/LevelInstances/EntranceHall/LI_EntranceHall_EXT/SM_Twig_Debris_C24","AA25BCCA-4038-2B00-B847-AFAD14EABF22"
"Removed","SM_Twig_Debris_D20","StaticMeshActor","DL_RENDER DL_OVERLAND","DL_RENDER","/Game/__ExternalActors__/Levels/Overland/Hogwarts/EntranceHall/LI_EntranceHall_EXT/B/PJ/I8YZIPN1WTPUZA3B9IBJZF","LV_Overland/Hogwarts/LI_Hogwarts/LevelInstances/EntranceHall/LI_EntranceHall_EXT/SM_Twig_Debris_D20","236AECF7-4128-327D-6FB2-85AFB7BA9A5E"
"Skipped","SM_HW_EH_DoorFrame_Arch_A_1","StaticMeshActor","DL_RENDER DL_OVERLAND","DL_RENDER DL_OVERLAND","/Game/__ExternalActors__/Levels/Overland/Hogwarts/EntranceHall/LI_EntranceHall_EXT/D/DZ/3FM2THXCHD2DBCVKCV4LSR","LV_Overland/Hogwarts/LI_Hogwarts/LevelInstances/EntranceHall/LI_EntranceHall_EXT/RENDER/Porch/SM_HW_EH_DoorFrame_Arch_A_1","3F831D0D-4DD3-C778-6C19-2B8D5B98BA6B"
"Skipped","SM_HW_EH_DoorFrame_BaseColumn_A_1","StaticMeshActor","DL_RENDER DL_OVERLAND","DL_RENDER DL_OVERLAND","/Game/__ExternalActors__/Levels/Overland/Hogwarts/EntranceHall/LI_EntranceHall_EXT/E/5P/9SUPKCZXAN7JNO7XSXL06L","LV_Overland/Hogwarts/LI_Hogwarts/LevelInstances/EntranceHall/LI_EntranceHall_EXT/RENDER/Porch/SM_HW_EH_DoorFrame_BaseColumn_A_1","10C184F6-4F9E-5402-C4EB-4FACF94B6AB4"
"Skipped","SM_HW_EH_DoorFrame_BaseColumn_A_10","StaticMeshActor","DL_RENDER DL_OVERLAND","DL_RENDER DL_OVERLAND","/Game/__ExternalActors__/Levels/Overland/Hogwarts/EntranceHall/LI_EntranceHall_EXT/C/IH/Z6WQWO394DO9EJFBNJ7BU5","LV_Overland/Hogwarts/LI_Hogwarts/LevelInstances/EntranceHall/LI_EntranceHall_EXT/RENDER/Porch/SM_HW_EH_DoorFrame_BaseColumn_A_10","43661DD8-43BC-AA1E-D9EE-8EA4189E426E"
"Skipped","SM_WallMount_B","StaticMeshActor","DL_RENDER DL_OVERLAND DL_LIGHTING","DL_RENDER DL_OVERLAND DL_LIGHTING","/Game/__ExternalActors__/Levels/Overland/Hogwarts/EntranceHall/LI_EntranceHall_EXT/7/SF/CLZY1TTMAHFY8NI1OXQ02S","LV_Overland/Hogwarts/LI_Hogwarts/LevelInstances/EntranceHall/LI_EntranceHall_EXT/Lighting/SM_WallMount_B","1993E39D-4BDB-9414-8707-7B89BAFA280E"
"Skipped","SM_WallMount_B2","StaticMeshActor","DL_RENDER DL_OVERLAND DL_LIGHTING","DL_RENDER DL_OVERLAND DL_LIGHTING","/Game/__ExternalActors__/Levels/Overland/Hogwarts/EntranceHall/LI_EntranceHall_EXT/8/UZ/J1WEER0WX3AOV0U6Z0HCYX","LV_Overland/Hogwarts/LI_Hogwarts/LevelInstances/EntranceHall/LI_EntranceHall_EXT/Lighting/SM_WallMount_B2","0A7E3083-4062-5CB8-9412-409A7C527C0C"
