"Status","Actor","ActorType","Placements","DataLayersBefore","DataLayersAfter","ExternalActorPackage","OutlinerPath","GUID"
"removed","LA_Grassland_Mound_Heather_01a43","LevelInstance","1","DL_OVERLAND DL_HOGSMEADE","DL_HOGSMEADE","/Game/__ExternalActors__/Environment/River/LI_Hogsmeade_River/8/OX/C2GKU8RHLNPDHQ1R26DAJT","LV_Overland/Region/Hogwarts Valley/Hogsmeade_RiverBlockout/LI_Hogsmeade_River/LA_Grassland_Mound_Heather_01a43","8ED2B209-4EE4-E327-6D49-92B0FD56F1A1"
"removed","LA_Grassland_Mound_Heather_01a46","LevelInstance","1","DL_OVERLAND DL_HOGSMEADE","DL_HOGSMEADE","/Game/__ExternalActors__/Environment/River/LI_Hogsmeade_River/9/M6/USFJ9Y0JHD3ZX77XLYUKHZ","LV_Overland/Region/Hogwarts Valley/Hogsmeade_RiverBlockout/LI_Hogsmeade_River/LA_Grassland_Mound_Heather_01a46","6AA3AB3D-4AF6-646D-2541-CE9B6796AF5E"
"removed","LA_RiverBank_LargeStones_A04_noplants","LevelInstance","1","DL_OVERLAND DL_HOGSMEADE","DL_HOGSMEADE","/Game/__ExternalActors__/Environment/River/LI_Hogsmeade_River/A/YR/66OWN7HZLJ28XQPJ2DBQUA","LV_Overland/Region/Hogwarts Valley/Hogsmeade_RiverBlockout/LI_Hogsmeade_River/LA_RiverBank_LargeStones_A04_noplants","62AD491D-4486-FF25-01D8-95975DF0411E"
"removed","LA_RiverBank_LargeStones_A04_noplants2","LevelInstance","1","DL_OVERLAND DL_HOGSMEADE","DL_HOGSMEADE","/Game/__ExternalActors__/Environment/River/LI_Hogsmeade_River/3/MM/FKA8Z8STP5TUG0RRNZSBKT","LV_Overland/Region/Hogwarts Valley/Hogsmeade_RiverBlockout/LI_Hogsmeade_River/LA_RiverBank_LargeStones_A04_noplants2","0A129665-4EC3-7694-6ECA-1EA06FBE10EC"
"removed","LA_RiverBank_LargeStones_A04_noplants3","LevelInstance","1","DL_OVERLAND DL_HOGSMEADE","DL_HOGSMEADE","/Game/__ExternalActors__/Environment/River/LI_Hogsmeade_River/9/MD/HRNNVFMABXBZHJBLLYRT33","LV_Overland/Region/Hogwarts Valley/Hogsmeade_RiverBlockout/LI_Hogsmeade_River/LA_RiverBank_LargeStones_A04_noplants3","0A23610C-4198-F78F-2C2B-7E84F325CB5B"
"removed","LA_RiverBank_LargeStones_A04_noplants4","LevelInstance","1","DL_OVERLAND DL_HOGSMEADE","DL_HOGSMEADE","/Game/__ExternalActors__/Environment/River/LI_Hogsmeade_River/0/JS/1X702Q9HF31ZU4NO2J195A","LV_Overland/Region/Hogwarts Valley/Hogsmeade_RiverBlockout/LI_Hogsmeade_River/LA_RiverBank_LargeStones_A04_noplants4","0CC1A33E-41AF-9A99-8209-EB9855F00D51"
"removed","LA_RiverBank_LargeStones_A04_noplants5","LevelInstance","1","DL_OVERLAND DL_HOGSMEADE","DL_HOGSMEADE","/Game/__ExternalActors__/Environment/River/LI_Hogsmeade_River/6/5I/LF3E7AROP2SZBO3KX6QDM3","LV_Overland/Region/Hogwarts Valley/Hogsmeade_RiverBlockout/LI_Hogsmeade_River/LA_RiverBank_LargeStones_A04_noplants5","74F7F1D3-4241-514D-BFC8-D98F076893F9"
"removed","LA_RiverBank_LargeStones_A04_noplants6","LevelInstance","1","DL_OVERLAND DL_HOGSMEADE","DL_HOGSMEADE","/Game/__ExternalActors__/Environment/River/LI_Hogsmeade_River/1/EF/61THKKGOT21MKVLFELTQJL","LV_Overland/Region/Hogwarts Valley/Hogsmeade_RiverBlockout/LI_Hogsmeade_River/LA_RiverBank_LargeStones_A04_noplants6","D6E98A86-402F-61A4-849E-F2AA5D44D28D"
"removed","LA_RiverBank_LargeStones_A04_noplants7","LevelInstance","1","DL_OVERLAND DL_HOGSMEADE","DL_HOGSMEADE","/Game/__ExternalActors__/Environment/River/LI_Hogsmeade_River/C/6M/9J5NEMRKL8XPXD08IHI6BJ","LV_Overland/Region/Hogwarts Valley/Hogsmeade_RiverBlockout/LI_Hogsmeade_River/LA_RiverBank_LargeStones_A04_noplants7","57F6D865-4FAB-7402-66F6-CF8CEE1493FC"
"removed","LA_RiverBank_LargeStones_A7","LevelInstance","1","DL_OVERLAND DL_HOGSMEADE","DL_HOGSMEADE","/Game/__ExternalActors__/Environment/River/LI_Hogsmeade_River/6/D1/3ZLA3L5L444C926HG9MZIN","LV_Overland/Region/Hogwarts Valley/Hogsmeade_RiverBlockout/LI_Hogsmeade_River/LA_RiverBank_LargeStones_A7","DC2DFC57-4D05-D5CB-6D33-FF9D4013365D"
"removed","LA_RiverBank_LargeStones_A8","LevelInstance","1","DL_OVERLAND DL_HOGSMEADE","DL_HOGSMEADE","/Game/__ExternalActors__/Environment/River/LI_Hogsmeade_River/4/RS/FPYXE9RCKNI5A7CAXV5IOJ","LV_Overland/Region/Hogwarts Valley/Hogsmeade_RiverBlockout/LI_Hogsmeade_River/LA_RiverBank_LargeStones_A8","63923EDE-4D38-51B1-7FAB-FA8B9FC148E1"
"removed","LA_RiverBank_LargeStones_A9","LevelInstance","1","DL_OVERLAND DL_HOGSMEADE","DL_HOGSMEADE","/Game/__ExternalActors__/Environment/River/LI_Hogsmeade_River/B/7R/VD099SCX68DVWKVJUJUPXL","LV_Overland/Region/Hogwarts Valley/Hogsmeade_RiverBlockout/LI_Hogsmeade_River/LA_RiverBank_LargeStones_A9","86D58076-48E7-BCEF-8BBF-D487FD9A03C7"
"removed","LI_RiverBank_LargeStones_A04","LevelInstance","1","DL_OVERLAND DL_HOGSMEADE","DL_HOGSMEADE","/Game/__ExternalActors__/Environment/River/LI_Hogsmeade_River/1/78/1Q020B85HNVBJX1A96ZTMT","LV_Overland/Region/Hogwarts Valley/Hogsmeade_RiverBlockout/LI_Hogsmeade_River/LI_RiverBank_LargeStones_A04","38FE8FB1-4D1F-1472-CD49-4DA0A15486D1"
"removed","LI_RiverBank_LargeStones_A04_noplants","LevelInstance","1","DL_OVERLAND DL_HOGSMEADE","DL_HOGSMEADE","/Game/__ExternalActors__/Environment/River/LI_Hogsmeade_River/C/79/W5ICSAWB728JIM23ERXQN1","LV_Overland/Region/Hogwarts Valley/Hogsmeade_RiverBlockout/LI_Hogsmeade_River/LI_RiverBank_LargeStones_A04_noplants","91FDEB89-4850-8150-3149-D6BCF07FD4A9"
"removed","LI_RiverBank_LargeStones_A04_noplants10","LevelInstance","1","DL_OVERLAND DL_HOGSMEADE","DL_HOGSMEADE","/Game/__ExternalActors__/Environment/River/LI_Hogsmeade_River/E/8Y/EP8ZA0V2FAUTJUHK9W2X2J","LV_Overland/Region/Hogwarts Valley/Hogsmeade_RiverBlockout/LI_Hogsmeade_River/LI_RiverBank_LargeStones_A04_noplants10","6D0BF6BD-4CDC-2DDE-4536-F893F42899A4"
"removed","LI_RiverBank_LargeStones_A04_noplants11","LevelInstance","1","DL_OVERLAND DL_HOGSMEADE","DL_HOGSMEADE","/Game/__ExternalActors__/Environment/River/LI_Hogsmeade_River/D/HZ/C12FKYKDK8BVL6Q9D8LLH4","LV_Overland/Region/Hogwarts Valley/Hogsmeade_RiverBlockout/LI_Hogsmeade_River/LI_RiverBank_LargeStones_A04_noplants11","23B749A0-4266-A347-1778-44BE425C3714"
"removed","LI_RiverBank_LargeStones_A04_noplants13","LevelInstance","1","DL_OVERLAND DL_HOGSMEADE","DL_HOGSMEADE","/Game/__ExternalActors__/Environment/River/LI_Hogsmeade_River/D/TF/QXFM8TXNF41ILCRSWFB5KE","LV_Overland/Region/Hogwarts Valley/Hogsmeade_RiverBlockout/LI_Hogsmeade_River/LI_RiverBank_LargeStones_A04_noplants13","A8A2B1C7-4536-E827-5A33-629FCB49C924"
"removed","LI_RiverBank_LargeStones_A04_noplants14","LevelInstance","1","DL_OVERLAND DL_HOGSMEADE","DL_HOGSMEADE","/Game/__ExternalActors__/Environment/River/LI_Hogsmeade_River/2/15/Q8NP1VWIHSHX6R0KN2NMO2","LV_Overland/Region/Hogwarts Valley/Hogsmeade_RiverBlockout/LI_Hogsmeade_River/LI_RiverBank_LargeStones_A04_noplants14","04C6A1AE-413C-C2ED-AFFD-BF9798330773"
"removed","LI_RiverBank_LargeStones_A04_noplants15","LevelInstance","1","DL_OVERLAND DL_HOGSMEADE","DL_HOGSMEADE","/Game/__ExternalActors__/Environment/River/LI_Hogsmeade_River/C/TU/MD8X8LYVXT0EY3AQOBKR28","LV_Overland/Region/Hogwarts Valley/Hogsmeade_RiverBlockout/LI_Hogsmeade_River/LI_RiverBank_LargeStones_A04_noplants15","AD359089-4BE4-2918-43F6-E9B40752924F"
"removed","LI_RiverBank_LargeStones_A04_noplants2","LevelInstance","1","DL_OVERLAND DL_HOGSMEADE","DL_HOGSMEADE","/Game/__ExternalActors__/Environment/River/LI_Hogsmeade_River/3/QT/Z7ZBASAM3RQ2WZA2Z8IDHH","LV_Overland/Region/Hogwarts Valley/Hogsmeade_RiverBlockout/LI_Hogsmeade_River/LI_RiverBank_LargeStones_A04_noplants2","4E0DADFD-4AEC-7B2A-52E3-0CB97840284C"
"removed","LI_RiverBank_LargeStones_A04_noplants3","LevelInstance","1","DL_OVERLAND DL_HOGSMEADE","DL_HOGSMEADE","/Game/__ExternalActors__/Environment/River/LI_Hogsmeade_River/0/SB/B4YVU4JVJ1O4PV8XLM6KXZ","LV_Overland/Region/Hogwarts Valley/Hogsmeade_RiverBlockout/LI_Hogsmeade_River/LI_RiverBank_LargeStones_A04_noplants3","2B5D59B1-4DAB-0025-FEAF-74BD86DFAF1B"
"removed","LI_RiverBank_LargeStones_A04_noplants4","LevelInstance","1","DL_OVERLAND DL_HOGSMEADE","DL_HOGSMEADE","/Game/__ExternalActors__/Environment/River/LI_Hogsmeade_River/1/WV/0H8Q79WHL3E5GMQMCTO401","LV_Overland/Region/Hogwarts Valley/Hogsmeade_RiverBlockout/LI_Hogsmeade_River/LI_RiverBank_LargeStones_A04_noplants4","4CF2ACB2-4CF9-C046-6C8E-0D9BC23C3835"
"removed","LI_RiverBank_LargeStones_A04_noplants5","LevelInstance","1","DL_OVERLAND DL_HOGSMEADE","DL_HOGSMEADE","/Game/__ExternalActors__/Environment/River/LI_Hogsmeade_River/D/F0/LEE2N37H1TGY2KXVCYXTJC","LV_Overland/Region/Hogwarts Valley/Hogsmeade_RiverBlockout/LI_Hogsmeade_River/LI_RiverBank_LargeStones_A04_noplants5","5AC1D9F2-4BC0-A91A-86BE-2AAFEC02E4AB"
"removed","LI_RiverBank_LargeStones_A04_noplants6","LevelInstance","1","DL_OVERLAND DL_HOGSMEADE","DL_HOGSMEADE","/Game/__ExternalActors__/Environment/River/LI_Hogsmeade_River/7/HP/2XPZWLF6ARPBFDRI3VYXD2","LV_Overland/Region/Hogwarts Valley/Hogsmeade_RiverBlockout/LI_Hogsmeade_River/LI_RiverBank_LargeStones_A04_noplants6","D1D1CE0F-453C-FA19-D195-D8858F6270F7"
"removed","LI_RiverBank_LargeStones_A04_noplants7","LevelInstance","1","DL_OVERLAND DL_HOGSMEADE","DL_HOGSMEADE","/Game/__ExternalActors__/Environment/River/LI_Hogsmeade_River/2/26/MXUHJORKXOCOTXJ2F005PL","LV_Overland/Region/Hogwarts Valley/Hogsmeade_RiverBlockout/LI_Hogsmeade_River/LI_RiverBank_LargeStones_A04_noplants7","327000E2-40EC-944C-D140-1D85310E51C3"
"removed","LI_RiverBank_LargeStones_A04_noplants8","LevelInstance","1","DL_OVERLAND DL_HOGSMEADE","DL_HOGSMEADE","/Game/__ExternalActors__/Environment/River/LI_Hogsmeade_River/8/MU/51NWLBC4NBJ1CFZOCIPCB0","LV_Overland/Region/Hogwarts Valley/Hogsmeade_RiverBlockout/LI_Hogsmeade_River/LI_RiverBank_LargeStones_A04_noplants8","57AC9331-43E9-0436-1203-CB8E4D3E6FFD"
"removed","LI_RiverBank_LargeStones_A04_noplants9","LevelInstance","1","DL_OVERLAND DL_HOGSMEADE","DL_HOGSMEADE","/Game/__ExternalActors__/Environment/River/LI_Hogsmeade_River/E/0A/MP7XL7D1IRXIV7O0I6MUVT","LV_Overland/Region/Hogwarts Valley/Hogsmeade_RiverBlockout/LI_Hogsmeade_River/LI_RiverBank_LargeStones_A04_noplants9","099AFE56-4C2F-C7D9-5127-4089B199333B"
"removed","LI_RiverBank_LargeStones_A05","LevelInstance","1","DL_OVERLAND DL_HOGSMEADE","DL_HOGSMEADE","/Game/__ExternalActors__/Environment/River/LI_Hogsmeade_River/1/48/RS5GF4DNFRSUY4SNHWY1AQ","LV_Overland/Region/Hogwarts Valley/Hogsmeade_RiverBlockout/LI_Hogsmeade_River/LI_RiverBank_LargeStones_A05","4778C5CA-4B49-2134-8358-37AC94429E46"
"removed","LI_RiverBank_LargeStones_A06","LevelInstance","1","DL_OVERLAND DL_HOGSMEADE","DL_HOGSMEADE","/Game/__ExternalActors__/Environment/River/LI_Hogsmeade_River/E/NH/PFTVWT5WV6950KALJ6MBXO","LV_Overland/Region/Hogwarts Valley/Hogsmeade_RiverBlockout/LI_Hogsmeade_River/LI_RiverBank_LargeStones_A06","4BDEDE0E-415A-E287-4A36-8DB624279804"
"removed","LI_RiverBank_LargeStones_A07","LevelInstance","1","DL_OVERLAND DL_HOGSMEADE","DL_HOGSMEADE","/Game/__ExternalActors__/Environment/River/LI_Hogsmeade_River/6/8L/29R3YQLIZB1X2BK7JG2FCY","LV_Overland/Region/Hogwarts Valley/Hogsmeade_RiverBlockout/LI_Hogsmeade_River/LI_RiverBank_LargeStones_A07","11F736D8-44DE-0287-A3E6-839AC509BB11"
"removed","LI_RiverBank_LargeStones_A11","LevelInstance","1","DL_OVERLAND DL_HOGSMEADE","DL_HOGSMEADE","/Game/__ExternalActors__/Environment/River/LI_Hogsmeade_River/3/3A/LPKXWDRQ5GVRRCMGX45TH0","LV_Overland/Region/Hogwarts Valley/Hogsmeade_RiverBlockout/LI_Hogsmeade_River/LI_RiverBank_LargeStones_A11","4B512561-44BC-9FBC-1AF8-D4AE3765E1D3"
"removed","LI_RiverBank_LargeStones_A12","LevelInstance","1","DL_OVERLAND DL_HOGSMEADE","DL_HOGSMEADE","/Game/__ExternalActors__/Environment/River/LI_Hogsmeade_River/E/LR/OPZTBL4Z0ELPDN7I26J2PK","LV_Overland/Region/Hogwarts Valley/Hogsmeade_RiverBlockout/LI_Hogsmeade_River/LI_RiverBank_LargeStones_A12","892D84E4-4DD1-D992-B06B-64B4284408CA"
"removed","LI_RiverBank_LargeStones_A13","LevelInstance","1","DL_OVERLAND DL_HOGSMEADE","DL_HOGSMEADE","/Game/__ExternalActors__/Environment/River/LI_Hogsmeade_River/3/3I/RKNIJRPLE2ZZXTHTBUBH18","LV_Overland/Region/Hogwarts Valley/Hogsmeade_RiverBlockout/LI_Hogsmeade_River/LI_RiverBank_LargeStones_A13","EA4A765F-4FD3-1319-B79E-F282BF41D6A8"
"removed","LI_RiverBank_LargeStones_A14","LevelInstance","1","DL_OVERLAND DL_HOGSMEADE","DL_HOGSMEADE","/Game/__ExternalActors__/Environment/River/LI_Hogsmeade_River/7/06/TU0GOZJ9P2HT6LLPFWUBTY","LV_Overland/Region/Hogwarts Valley/Hogsmeade_RiverBlockout/LI_Hogsmeade_River/LI_RiverBank_LargeStones_A14","BADAEC87-437E-801E-D3FA-45A010828E76"
"removed","LI_RiverBank_LargeStones_A15","LevelInstance","1","DL_OVERLAND DL_HOGSMEADE","DL_HOGSMEADE","/Game/__ExternalActors__/Environment/River/LI_Hogsmeade_River/2/E7/YD1PL3SBFOUH7KRA357W7M","LV_Overland/Region/Hogwarts Valley/Hogsmeade_RiverBlockout/LI_Hogsmeade_River/LI_RiverBank_LargeStones_A15","2AD4E39A-49ED-60FD-6A3B-DB999168809B"
"removed","LI_RiverBank_LargeStones_A16","LevelInstance","1","DL_OVERLAND DL_HOGSMEADE","DL_HOGSMEADE","/Game/__ExternalActors__/Environment/River/LI_Hogsmeade_River/D/UP/B3KKLIP7PT29GBUFVZPLXR","LV_Overland/Region/Hogwarts Valley/Hogsmeade_RiverBlockout/LI_Hogsmeade_River/LI_RiverBank_LargeStones_A16","21A24039-4C1F-9B9C-A5B0-36BA04B628F2"
"removed","LI_RiverBank_LargeStones_A26","LevelInstance","1","DL_OVERLAND DL_HOGSMEADE","DL_HOGSMEADE","/Game/__ExternalActors__/Environment/River/LI_Hogsmeade_River/9/LS/V10BJ55Y3QT32CBZ3NPCV4","LV_Overland/Region/Hogwarts Valley/Hogsmeade_RiverBlockout/LI_Hogsmeade_River/LI_RiverBank_LargeStones_A26","6FB9945E-43CF-A199-E46B-B1A4B2720AF3"
"removed","LI_RiverBank_LargeStones_A27","LevelInstance","1","DL_OVERLAND DL_HOGSMEADE","DL_HOGSMEADE","/Game/__ExternalActors__/Environment/River/LI_Hogsmeade_River/C/5K/HT9NFC27JZEJSS66P1QF06","LV_Overland/Region/Hogwarts Valley/Hogsmeade_RiverBlockout/LI_Hogsmeade_River/LI_RiverBank_LargeStones_A27","EE5D781E-474A-D782-0754-1E8B33E6ECE6"
"removed","LI_RiverBank_LargeStones_A28","LevelInstance","1","DL_OVERLAND DL_HOGSMEADE","DL_HOGSMEADE","/Game/__ExternalActors__/Environment/River/LI_Hogsmeade_River/1/1F/Q3JHLE8C3SAIT0DDIU41RF","LV_Overland/Region/Hogwarts Valley/Hogsmeade_RiverBlockout/LI_Hogsmeade_River/LI_RiverBank_LargeStones_A28","84370990-457F-E117-374F-2ABAACB0BF89"
"removed","LI_RiverBank_LargeStones_A5","LevelInstance","1","DL_OVERLAND DL_HOGSMEADE","DL_HOGSMEADE","/Game/__ExternalActors__/Environment/River/LI_Hogsmeade_River/7/WU/8G816PTESQPNI0VQH2WLW4","LV_Overland/Region/Hogwarts Valley/Hogsmeade_RiverBlockout/LI_Hogsmeade_River/LI_RiverBank_LargeStones_A5","94A07780-43DC-C879-6E0A-7CB0EBB2428C"
"removed","LI_RiverBank_LargeStones_A7","LevelInstance","1","DL_OVERLAND DL_HOGSMEADE","DL_HOGSMEADE","/Game/__ExternalActors__/Environment/River/LI_Hogsmeade_River/9/HC/HU73SC2TO5SDD9A9KKV5Y9","LV_Overland/Region/Hogwarts Valley/Hogsmeade_RiverBlockout/LI_Hogsmeade_River/LI_RiverBank_LargeStones_A7","0AD23C6B-4956-16E0-5988-EDBE4759E280"
"removed","LI_RiverBank_LargeStones_A8","LevelInstance","1","DL_OVERLAND DL_HOGSMEADE","DL_HOGSMEADE","/Game/__ExternalActors__/Environment/River/LI_Hogsmeade_River/C/94/ATTBIZJRXNY92R6QL46LBB","LV_Overland/Region/Hogwarts Valley/Hogsmeade_RiverBlockout/LI_Hogsmeade_River/LI_RiverBank_LargeStones_A8","217BC915-487A-F3DB-AC2E-1B89D0D3E862"
"removed","LI_RiverBank_LargeStones_A9","LevelInstance","1","DL_OVERLAND DL_HOGSMEADE","DL_HOGSMEADE","/Game/__ExternalActors__/Environment/River/LI_Hogsmeade_River/5/3B/OUHZHDZSX8SDPYO9GOS60T","LV_Overland/Region/Hogwarts Valley/Hogsmeade_RiverBlockout/LI_Hogsmeade_River/LI_RiverBank_LargeStones_A9","54538D7A-409A-0728-9301-E8973A59CE1F"
"removed","LI_WaterFall_A01","LevelInstance","1","DL_OVERLAND DL_HOGSMEADE","DL_HOGSMEADE","/Game/__ExternalActors__/Environment/River/LI_Hogsmeade_River/1/J7/67KSNY7AGJE0GQD1X3T2QL","LV_Overland/Region/Hogwarts Valley/Hogsmeade_RiverBlockout/LI_Hogsmeade_River/LI_WaterFall_A01","B91B6164-48F7-73BA-A6CE-919262C17583"
"removed","LI_WaterFall_A10","LevelInstance","1","DL_OVERLAND DL_HOGSMEADE","DL_HOGSMEADE","/Game/__ExternalActors__/Environment/River/LI_Hogsmeade_River/7/TD/4MNFZFNL3DK8OHLFE35MH2","LV_Overland/Region/Hogwarts Valley/Hogsmeade_RiverBlockout/LI_Hogsmeade_River/LI_WaterFall_A10","C317288C-4465-FBBC-DC44-BB9855ED3445"
"removed","LI_WaterFall_A11","LevelInstance","1","DL_OVERLAND DL_HOGSMEADE","DL_HOGSMEADE","/Game/__ExternalActors__/Environment/River/LI_Hogsmeade_River/4/SZ/WBR4JETNWZB6O3MQAETESG","LV_Overland/Region/Hogwarts Valley/Hogsmeade_RiverBlockout/LI_Hogsmeade_River/LI_WaterFall_A11","05F1C3C2-4C1B-6E01-7669-41BC8B9BF978"
"removed","LI_WaterFall_A12","LevelInstance","1","DL_OVERLAND DL_HOGSMEADE","DL_HOGSMEADE","/Game/__ExternalActors__/Environment/River/LI_Hogsmeade_River/3/WD/V0W1CDCI3V1MDQ2KL0HGJA","LV_Overland/Region/Hogwarts Valley/Hogsmeade_RiverBlockout/LI_Hogsmeade_River/LI_WaterFall_A12","61ADADAF-459E-C2D1-5D9B-88AE69AD298D"
"removed","LI_WaterFall_A13","LevelInstance","1","DL_OVERLAND DL_HOGSMEADE","DL_HOGSMEADE","/Game/__ExternalActors__/Environment/River/LI_Hogsmeade_River/3/65/3ZVNXYQ0SXRQ7L7SVZ3RYO","LV_Overland/Region/Hogwarts Valley/Hogsmeade_RiverBlockout/LI_Hogsmeade_River/LI_WaterFall_A13","943E20B6-4EC3-787E-3DDE-D39BC8413AF0"
"removed","LI_WaterFall_A14","LevelInstance","1","DL_OVERLAND DL_HOGSMEADE","DL_HOGSMEADE","/Game/__ExternalActors__/Environment/River/LI_Hogsmeade_River/0/VQ/S7BVBFC0ZRYSBL5NFMT1VB","LV_Overland/Region/Hogwarts Valley/Hogsmeade_RiverBlockout/LI_Hogsmeade_River/LI_WaterFall_A14","DB3D7D20-4DC0-65C4-9B3F-A29BD99D5EF6"
"removed","LI_WaterFall_A15","LevelInstance","1","DL_OVERLAND DL_HOGSMEADE","DL_HOGSMEADE","/Game/__ExternalActors__/Environment/River/LI_Hogsmeade_River/5/6X/12CTK1LS8JHX86TI1TZ21F","LV_Overland/Region/Hogwarts Valley/Hogsmeade_RiverBlockout/LI_Hogsmeade_River/LI_WaterFall_A15","3D425D9B-412F-5F61-FA09-20A50C67E48C"
"removed","LI_WaterFall_A16","LevelInstance","1","DL_OVERLAND DL_HOGSMEADE","DL_HOGSMEADE","/Game/__ExternalActors__/Environment/River/LI_Hogsmeade_River/4/AJ/48AF8A9VYAJHCXCNHP9FMT","LV_Overland/Region/Hogwarts Valley/Hogsmeade_RiverBlockout/LI_Hogsmeade_River/LI_WaterFall_A16","EEE3A72C-4041-B8D2-D0F2-96B040EEAA13"
"removed","LI_WaterFall_A17","LevelInstance","1","DL_OVERLAND DL_HOGSMEADE","DL_HOGSMEADE","/Game/__ExternalActors__/Environment/River/LI_Hogsmeade_River/1/HI/QPZ28M1AO9I2NP21PAXUEP","LV_Overland/Region/Hogwarts Valley/Hogsmeade_RiverBlockout/LI_Hogsmeade_River/LI_WaterFall_A17","633B4B7E-477E-ED85-B38A-91A9F82CCAF5"
"removed","LI_WaterFall_A18","LevelInstance","1","DL_OVERLAND DL_HOGSMEADE","DL_HOGSMEADE","/Game/__ExternalActors__/Environment/River/LI_Hogsmeade_River/B/LQ/GJQ4XU6W4EC9TJNFUPN2DF","LV_Overland/Region/Hogwarts Valley/Hogsmeade_RiverBlockout/LI_Hogsmeade_River/LI_WaterFall_A18","A3018E0C-4F5A-1894-CE07-34BDAF6585AD"
"removed","LI_WaterFall_A2","LevelInstance","1","DL_OVERLAND DL_HOGSMEADE","DL_HOGSMEADE","/Game/__ExternalActors__/Environment/River/LI_Hogsmeade_River/4/PD/FBLN2SOGMY35TUGZB8AG1G","LV_Overland/Region/Hogwarts Valley/Hogsmeade_RiverBlockout/LI_Hogsmeade_River/LI_WaterFall_A2","B3376536-4A4D-132D-642C-CD96DEC1D5C9"
"removed","LI_WaterFall_A3","LevelInstance","1","DL_OVERLAND DL_HOGSMEADE","DL_HOGSMEADE","/Game/__ExternalActors__/Environment/River/LI_Hogsmeade_River/A/XR/MKH09TW4BJF26WAOOKF8M9","LV_Overland/Region/Hogwarts Valley/Hogsmeade_RiverBlockout/LI_Hogsmeade_River/LI_WaterFall_A3","316F164F-4832-F99E-877B-27B55FF058FC"
"removed","LI_WaterFall_A4","LevelInstance","1","DL_OVERLAND DL_HOGSMEADE","DL_HOGSMEADE","/Game/__ExternalActors__/Environment/River/LI_Hogsmeade_River/C/4K/ONO80PRCJQEQ4AI2JPDE6P","LV_Overland/Region/Hogwarts Valley/Hogsmeade_RiverBlockout/LI_Hogsmeade_River/LI_WaterFall_A4","77E73E6B-42CF-957F-9040-7E861891F9DB"
"removed","LI_WaterFall_A5","LevelInstance","1","DL_OVERLAND DL_HOGSMEADE","DL_HOGSMEADE","/Game/__ExternalActors__/Environment/River/LI_Hogsmeade_River/3/2Y/1XW5VWV85PJ5XCX0H9KS5J","LV_Overland/Region/Hogwarts Valley/Hogsmeade_RiverBlockout/LI_Hogsmeade_River/LI_WaterFall_A5","9BDAA248-40DC-86E9-9EB6-9A9CECB306A3"
"removed","LI_WaterFall_A6","LevelInstance","1","DL_OVERLAND DL_HOGSMEADE","DL_HOGSMEADE","/Game/__ExternalActors__/Environment/River/LI_Hogsmeade_River/A/B5/EQOV1JZK2UTAYOSLYOV7TM","LV_Overland/Region/Hogwarts Valley/Hogsmeade_RiverBlockout/LI_Hogsmeade_River/LI_WaterFall_A6","B51F370D-4E77-3E66-1EB0-828E47FD779F"
"removed","LI_WaterFall_A7","LevelInstance","1","DL_OVERLAND DL_HOGSMEADE","DL_HOGSMEADE","/Game/__ExternalActors__/Environment/River/LI_Hogsmeade_River/4/JG/OFEGMLHF6U6SRI4QW55XIX","LV_Overland/Region/Hogwarts Valley/Hogsmeade_RiverBlockout/LI_Hogsmeade_River/LI_WaterFall_A7","E290ADC5-4341-6051-05BA-3FBF6F6EF161"
"removed","LI_WaterFall_A8","LevelInstance","1","DL_OVERLAND DL_HOGSMEADE","DL_HOGSMEADE","/Game/__ExternalActors__/Environment/River/LI_Hogsmeade_River/A/58/USP4551BPZTRXE8R1EY7WP","LV_Overland/Region/Hogwarts Valley/Hogsmeade_RiverBlockout/LI_Hogsmeade_River/LI_WaterFall_A8","2FF09A10-4C1E-BC4D-404B-CB8DDDFF8634"
"removed","LI_WaterFall_A9","LevelInstance","1","DL_OVERLAND DL_HOGSMEADE","DL_HOGSMEADE","/Game/__ExternalActors__/Environment/River/LI_Hogsmeade_River/A/LP/0EWMH9YRTIS0UDIJ7HA42I","LV_Overland/Region/Hogwarts Valley/Hogsmeade_RiverBlockout/LI_Hogsmeade_River/LI_WaterFall_A9","D0A64F3A-4234-D655-D07B-34B1D9EAA392"
"removed","RiverBank_LargeStones_A04","LevelInstance","1","DL_OVERLAND DL_HOGSMEADE","DL_HOGSMEADE","/Game/__ExternalActors__/Environment/River/LI_Hogsmeade_River/D/KS/VE9U6G00DYKX9DNZSUFZ23","LV_Overland/Region/Hogwarts Valley/Hogsmeade_RiverBlockout/LI_Hogsmeade_River/Hogsmeade_RiverBlockout/RiverBank_LargeStones_A04","CF19D18F-41B7-DAC8-A3C0-63BA24CBDA73"
"removed","RiverBank_LargeStones_A04_noplants","LevelInstance","1","DL_OVERLAND DL_HOGSMEADE","DL_HOGSMEADE","/Game/__ExternalActors__/Environment/River/LI_Hogsmeade_River/3/7P/DVSDQIYAJSQ17NW27612O8","LV_Overland/Region/Hogwarts Valley/Hogsmeade_RiverBlockout/LI_Hogsmeade_River/Hogsmeade_RiverBlockout/RiverBank_LargeStones_A04_noplants","B9D0F8D0-4B9A-3673-4486-F1986889FB6B"
"removed","RiverBank_LargeStones_A04_noplants10","LevelInstance","1","DL_OVERLAND DL_HOGSMEADE","DL_HOGSMEADE","/Game/__ExternalActors__/Environment/River/LI_Hogsmeade_River/0/N4/MVXQY8PNH9E2W7QSR8V8YV","LV_Overland/Region/Hogwarts Valley/Hogsmeade_RiverBlockout/LI_Hogsmeade_River/Hogsmeade_RiverBlockout/RiverBank_LargeStones_A04_noplants10","B3FEE56C-4620-F6A7-5EAD-E1BD0A32C183"
"removed","RiverBank_LargeStones_A04_noplants12","LevelInstance","1","DL_OVERLAND DL_HOGSMEADE","DL_HOGSMEADE","/Game/__ExternalActors__/Environment/River/LI_Hogsmeade_River/D/HX/7C4NKZ2S2GS17BDW0X7IQG","LV_Overland/Region/Hogwarts Valley/Hogsmeade_RiverBlockout/LI_Hogsmeade_River/Hogsmeade_RiverBlockout/RiverBank_LargeStones_A04_noplants12","2E125AF7-4F24-AF5F-FE23-5B98D349680A"
"removed","RiverBank_LargeStones_A04_noplants13","LevelInstance","1","DL_OVERLAND DL_HOGSMEADE","DL_HOGSMEADE","/Game/__ExternalActors__/Environment/River/LI_Hogsmeade_River/5/JT/H3TJ6IH6KKCRWY4F736HGI","LV_Overland/Region/Hogwarts Valley/Hogsmeade_RiverBlockout/LI_Hogsmeade_River/Hogsmeade_RiverBlockout/RiverBank_LargeStones_A04_noplants13","F33AB514-4152-2916-6CAB-598FB59811BF"
"removed","RiverBank_LargeStones_A04_noplants14","LevelInstance","1","DL_OVERLAND DL_HOGSMEADE","DL_HOGSMEADE","/Game/__ExternalActors__/Environment/River/LI_Hogsmeade_River/5/QL/DBXNEGVV58S67NARDD24Y2","LV_Overland/Region/Hogwarts Valley/Hogsmeade_RiverBlockout/LI_Hogsmeade_River/Hogsmeade_RiverBlockout/RiverBank_LargeStones_A04_noplants14","2F1A1184-452A-62D5-F1D6-638814C54FD6"
"removed","RiverBank_LargeStones_A04_noplants15","LevelInstance","1","DL_OVERLAND DL_HOGSMEADE","DL_HOGSMEADE","/Game/__ExternalActors__/Environment/River/LI_Hogsmeade_River/D/CK/B8BQAM7H5ORPHRO6HXP6B0","LV_Overland/Region/Hogwarts Valley/Hogsmeade_RiverBlockout/LI_Hogsmeade_River/Hogsmeade_RiverBlockout/RiverBank_LargeStones_A04_noplants15","5BA3B8D2-4AA2-EE13-FDC5-2B849176A56E"
"removed","RiverBank_LargeStones_A04_noplants16","LevelInstance","1","DL_OVERLAND DL_HOGSMEADE","DL_HOGSMEADE","/Game/__ExternalActors__/Environment/River/LI_Hogsmeade_River/D/VB/1VA8XQX4AIEEAJRGOGUKFF","LV_Overland/Region/Hogwarts Valley/Hogsmeade_RiverBlockout/LI_Hogsmeade_River/Hogsmeade_RiverBlockout/RiverBank_LargeStones_A04_noplants16","1E76761E-48FC-0C44-06B2-2F8AF04AE268"
"removed","RiverBank_LargeStones_A04_noplants17","LevelInstance","1","DL_OVERLAND DL_HOGSMEADE","DL_HOGSMEADE","/Game/__ExternalActors__/Environment/River/LI_Hogsmeade_River/8/PI/9C5F935219SVSSD3H9HW3P","LV_Overland/Region/Hogwarts Valley/Hogsmeade_RiverBlockout/LI_Hogsmeade_River/Hogsmeade_RiverBlockout/RiverBank_LargeStones_A04_noplants17","D92D23ED-44BA-2963-4F62-F8A8BE6E5491"
"removed","RiverBank_LargeStones_A04_noplants18","LevelInstance","1","DL_OVERLAND DL_HOGSMEADE","DL_HOGSMEADE","/Game/__ExternalActors__/Environment/River/LI_Hogsmeade_River/6/GR/CDYEE18WSID9EJTMKNYFH2","LV_Overland/Region/Hogwarts Valley/Hogsmeade_RiverBlockout/LI_Hogsmeade_River/Hogsmeade_RiverBlockout/RiverBank_LargeStones_A04_noplants18","45A244CA-413B-FDB8-4014-30860C14AC82"
"removed","RiverBank_LargeStones_A04_noplants19","LevelInstance","1","DL_OVERLAND DL_HOGSMEADE","DL_HOGSMEADE","/Game/__ExternalActors__/Environment/River/LI_Hogsmeade_River/2/DO/MJFBFR0VR0OR1FRJWEAAX6","LV_Overland/Region/Hogwarts Valley/Hogsmeade_RiverBlockout/LI_Hogsmeade_River/Hogsmeade_RiverBlockout/RiverBank_LargeStones_A04_noplants19","0C164695-4B44-D5EA-F3B5-84A9A0703B8D"
"removed","RiverBank_LargeStones_A04_noplants2","LevelInstance","1","DL_OVERLAND DL_HOGSMEADE","DL_HOGSMEADE","/Game/__ExternalActors__/Environment/River/LI_Hogsmeade_River/5/D8/RU1ALGYGK3OUBFIG3Q3W73","LV_Overland/Region/Hogwarts Valley/Hogsmeade_RiverBlockout/LI_Hogsmeade_River/Hogsmeade_RiverBlockout/RiverBank_LargeStones_A04_noplants2","EC113676-4C0D-0034-67CA-F580DD0B8DF9"
"removed","RiverBank_LargeStones_A04_noplants20","LevelInstance","1","DL_OVERLAND DL_HOGSMEADE","DL_HOGSMEADE","/Game/__ExternalActors__/Environment/River/LI_Hogsmeade_River/2/ND/VA8VG4ZXUHT2U3OBS1Y6AS","LV_Overland/Region/Hogwarts Valley/Hogsmeade_RiverBlockout/LI_Hogsmeade_River/Hogsmeade_RiverBlockout/RiverBank_LargeStones_A04_noplants20","82B98377-4DAC-963E-BCEB-F1AB08C75A4C"
"removed","RiverBank_LargeStones_A04_noplants21","LevelInstance","1","DL_OVERLAND DL_HOGSMEADE","DL_HOGSMEADE","/Game/__ExternalActors__/Environment/River/LI_Hogsmeade_River/A/GL/BGUM22KOD9HOM4E17ZCD6S","LV_Overland/Region/Hogwarts Valley/Hogsmeade_RiverBlockout/LI_Hogsmeade_River/Hogsmeade_RiverBlockout/RiverBank_LargeStones_A04_noplants21","A01B0724-4347-C91E-0638-939339C49F81"
"removed","RiverBank_LargeStones_A04_noplants22","LevelInstance","1","DL_OVERLAND DL_HOGSMEADE","DL_HOGSMEADE","/Game/__ExternalActors__/Environment/River/LI_Hogsmeade_River/D/JE/X4TIDYA2NKE5ZOSFGQKZSA","LV_Overland/Region/Hogwarts Valley/Hogsmeade_RiverBlockout/LI_Hogsmeade_River/Hogsmeade_RiverBlockout/RiverBank_LargeStones_A04_noplants22","6FB91C54-4637-64B0-1F50-BAA78A8E01EF"
"removed","RiverBank_LargeStones_A04_noplants23","LevelInstance","1","DL_OVERLAND DL_HOGSMEADE","DL_HOGSMEADE","/Game/__ExternalActors__/Environment/River/LI_Hogsmeade_River/7/O9/D7GMYWNWPME7DFSSSICQ4K","LV_Overland/Region/Hogwarts Valley/Hogsmeade_RiverBlockout/LI_Hogsmeade_River/Hogsmeade_RiverBlockout/RiverBank_LargeStones_A04_noplants23","9952233B-4CC1-B407-79D6-118FD1202688"
"removed","RiverBank_LargeStones_A04_noplants24","LevelInstance","1","DL_OVERLAND DL_HOGSMEADE","DL_HOGSMEADE","/Game/__ExternalActors__/Environment/River/LI_Hogsmeade_River/8/L2/67JJ4GZZXRCO83VJ14H5YP","LV_Overland/Region/Hogwarts Valley/Hogsmeade_RiverBlockout/LI_Hogsmeade_River/Hogsmeade_RiverBlockout/RiverBank_LargeStones_A04_noplants24","6B7D64F5-41BD-105A-EF59-929C9B4C2705"
"removed","RiverBank_LargeStones_A04_noplants25","LevelInstance","1","DL_OVERLAND DL_HOGSMEADE","DL_HOGSMEADE","/Game/__ExternalActors__/Environment/River/LI_Hogsmeade_River/A/1R/6AA3KTUJBFVBAVA8I6JJ1Q","LV_Overland/Region/Hogwarts Valley/Hogsmeade_RiverBlockout/LI_Hogsmeade_River/Hogsmeade_RiverBlockout/RiverBank_LargeStones_A04_noplants25","8DB269B4-40BE-628A-FE00-52AF4BD5EF0B"
"removed","RiverBank_LargeStones_A04_noplants26","LevelInstance","1","DL_OVERLAND DL_HOGSMEADE","DL_HOGSMEADE","/Game/__ExternalActors__/Environment/River/LI_Hogsmeade_River/A/YK/Z05RA586L7LAWIF5VKBMKH","LV_Overland/Region/Hogwarts Valley/Hogsmeade_RiverBlockout/LI_Hogsmeade_River/Hogsmeade_RiverBlockout/RiverBank_LargeStones_A04_noplants26","9793FB46-43E9-28C7-C0A4-80891D054316"
"removed","RiverBank_LargeStones_A04_noplants27","LevelInstance","1","DL_OVERLAND DL_HOGSMEADE","DL_HOGSMEADE","/Game/__ExternalActors__/Environment/River/LI_Hogsmeade_River/8/FX/MUZ9WRO5HT1VPSA73AKJNZ","LV_Overland/Region/Hogwarts Valley/Hogsmeade_RiverBlockout/LI_Hogsmeade_River/Hogsmeade_RiverBlockout/RiverBank_LargeStones_A04_noplants27","7FF7D319-47A7-15A8-5CDD-AB8AEBC7E397"
"removed","RiverBank_LargeStones_A04_noplants28","LevelInstance","1","DL_OVERLAND DL_HOGSMEADE","DL_HOGSMEADE","/Game/__ExternalActors__/Environment/River/LI_Hogsmeade_River/0/93/LOBG2NI3JM4DACLYRG7Y3Q","LV_Overland/Region/Hogwarts Valley/Hogsmeade_RiverBlockout/LI_Hogsmeade_River/Hogsmeade_RiverBlockout/RiverBank_LargeStones_A04_noplants28","FC4CFD06-41A6-842A-AC08-8099A6E67A3A"
"removed","RiverBank_LargeStones_A04_noplants29","LevelInstance","1","DL_OVERLAND DL_HOGSMEADE","DL_HOGSMEADE","/Game/__ExternalActors__/Environment/River/LI_Hogsmeade_River/0/VE/AW6Q11NW3ATUZDY2XNWRII","LV_Overland/Region/Hogwarts Valley/Hogsmeade_RiverBlockout/LI_Hogsmeade_River/Hogsmeade_RiverBlockout/RiverBank_LargeStones_A04_noplants29","39FBE853-466A-D891-D363-AAA841D09C22"
"removed","RiverBank_LargeStones_A04_noplants3","LevelInstance","1","DL_OVERLAND DL_HOGSMEADE","DL_HOGSMEADE","/Game/__ExternalActors__/Environment/River/LI_Hogsmeade_River/3/G4/JI337A4MHCQQO6TN1INZWH","LV_Overland/Region/Hogwarts Valley/Hogsmeade_RiverBlockout/LI_Hogsmeade_River/Hogsmeade_RiverBlockout/RiverBank_LargeStones_A04_noplants3","352EC708-4AAB-173E-C902-7FBD0142AE7E"
"removed","RiverBank_LargeStones_A04_noplants30","LevelInstance","1","DL_OVERLAND DL_HOGSMEADE","DL_HOGSMEADE","/Game/__ExternalActors__/Environment/River/LI_Hogsmeade_River/3/2D/QC28E4ZONNKBLUVP1PFNIK","LV_Overland/Region/Hogwarts Valley/Hogsmeade_RiverBlockout/LI_Hogsmeade_River/Hogsmeade_RiverBlockout/RiverBank_LargeStones_A04_noplants30","1C40D43C-48DE-7D50-3352-308B615BB612"
"removed","RiverBank_LargeStones_A04_noplants31","LevelInstance","1","DL_OVERLAND DL_HOGSMEADE","DL_HOGSMEADE","/Game/__ExternalActors__/Environment/River/LI_Hogsmeade_River/C/8S/W9B6GQRKMKYWKAMHKOPX0W","LV_Overland/Region/Hogwarts Valley/Hogsmeade_RiverBlockout/LI_Hogsmeade_River/Hogsmeade_RiverBlockout/RiverBank_LargeStones_A04_noplants31","DF641FA0-4B7A-C846-4586-379CB542EC5F"
"removed","RiverBank_LargeStones_A04_noplants32","LevelInstance","1","DL_OVERLAND DL_HOGSMEADE","DL_HOGSMEADE","/Game/__ExternalActors__/Environment/River/LI_Hogsmeade_River/1/89/Y61EVPX1PD13O3NAKTYAAH","LV_Overland/Region/Hogwarts Valley/Hogsmeade_RiverBlockout/LI_Hogsmeade_River/Hogsmeade_RiverBlockout/RiverBank_LargeStones_A04_noplants32","39ABA6BD-43FB-B899-5C34-9680AB06ED2C"
"removed","RiverBank_LargeStones_A04_noplants33","LevelInstance","1","DL_OVERLAND DL_HOGSMEADE","DL_HOGSMEADE","/Game/__ExternalActors__/Environment/River/LI_Hogsmeade_River/D/JS/SBWBOMYVWG3TBPTMJLRA9W","LV_Overland/Region/Hogwarts Valley/Hogsmeade_RiverBlockout/LI_Hogsmeade_River/Hogsmeade_RiverBlockout/RiverBank_LargeStones_A04_noplants33","32605035-4DE1-B32B-5FDA-4F9D25BD36D2"
"removed","RiverBank_LargeStones_A04_noplants34","LevelInstance","1","DL_OVERLAND DL_HOGSMEADE","DL_HOGSMEADE","/Game/__ExternalActors__/Environment/River/LI_Hogsmeade_River/C/0F/MUCSPVZLHHFV4RAVDPF2P9","LV_Overland/Region/Hogwarts Valley/Hogsmeade_RiverBlockout/LI_Hogsmeade_River/Hogsmeade_RiverBlockout/RiverBank_LargeStones_A04_noplants34","997D6462-41B4-9604-4DB8-B889197D91AD"
"removed","RiverBank_LargeStones_A04_noplants36","LevelInstance","1","DL_OVERLAND DL_HOGSMEADE","DL_HOGSMEADE","/Game/__ExternalActors__/Environment/River/LI_Hogsmeade_River/1/35/O70YNOLXDH69ZAFE4Y5JWF","LV_Overland/Region/Hogwarts Valley/Hogsmeade_RiverBlockout/LI_Hogsmeade_River/RiverBank_LargeStones_A04_noplants36","1D4B3794-48F1-B4CC-8C90-EAB4B5A74929"
"removed","RiverBank_LargeStones_A04_noplants37","LevelInstance","1","DL_OVERLAND DL_HOGSMEADE","DL_HOGSMEADE","/Game/__ExternalActors__/Environment/River/LI_Hogsmeade_River/C/XW/QOWRIJ6INSNC3Q3799EIIF","LV_Overland/Region/Hogwarts Valley/Hogsmeade_RiverBlockout/LI_Hogsmeade_River/RiverBank_LargeStones_A04_noplants37","BD72EE7B-4A72-5268-16F0-C4B01E2A8640"
"removed","RiverBank_LargeStones_A04_noplants43","LevelInstance","1","DL_OVERLAND DL_HOGSMEADE","DL_HOGSMEADE","/Game/__ExternalActors__/Environment/River/LI_Hogsmeade_River/C/JZ/VPSAASKWLF308CEMOSZRMX","LV_Overland/Region/Hogwarts Valley/Hogsmeade_RiverBlockout/LI_Hogsmeade_River/RiverBank_LargeStones_A04_noplants43","5D1E364D-4065-30BF-B1BF-CEBF1A8D9CA7"
"removed","RiverBank_LargeStones_A04_noplants45","LevelInstance","1","DL_OVERLAND DL_HOGSMEADE","DL_HOGSMEADE","/Game/__ExternalActors__/Environment/River/LI_Hogsmeade_River/0/ZB/STA14YAP507K96L8KJW5SA","LV_Overland/Region/Hogwarts Valley/Hogsmeade_RiverBlockout/LI_Hogsmeade_River/RiverBank_LargeStones_A04_noplants45","9DC90FA3-498D-8045-F12C-C990148D42A8"
"removed","RiverBank_LargeStones_A04_noplants46","LevelInstance","1","DL_OVERLAND DL_HOGSMEADE","DL_HOGSMEADE","/Game/__ExternalActors__/Environment/River/LI_Hogsmeade_River/0/TO/XXZRGE243RNXY1Y6H5PJE8","LV_Overland/Region/Hogwarts Valley/Hogsmeade_RiverBlockout/LI_Hogsmeade_River/RiverBank_LargeStones_A04_noplants46","98C677C9-4971-1C5E-9D0F-0BA9DB155D53"
"removed","RiverBank_LargeStones_A04_noplants47","LevelInstance","1","DL_OVERLAND DL_HOGSMEADE","DL_HOGSMEADE","/Game/__ExternalActors__/Environment/River/LI_Hogsmeade_River/E/OT/LOJ3NFZW6DT2SOT7RLO9D7","LV_Overland/Region/Hogwarts Valley/Hogsmeade_RiverBlockout/LI_Hogsmeade_River/RiverBank_LargeStones_A04_noplants47","9C2671AA-4A02-CFA9-88E7-59B4B1F54C62"
"removed","RiverBank_LargeStones_A04_noplants48","LevelInstance","1","DL_OVERLAND DL_HOGSMEADE","DL_HOGSMEADE","/Game/__ExternalActors__/Environment/River/LI_Hogsmeade_River/6/OY/2DKQXLAP4ED6B2MZMVO4Z5","LV_Overland/Region/Hogwarts Valley/Hogsmeade_RiverBlockout/LI_Hogsmeade_River/RiverBank_LargeStones_A04_noplants48","D568FDA3-4CB1-F2C4-9CA8-2BAEE6C21BF8"
"removed","RiverBank_LargeStones_A04_noplants49","LevelInstance","1","DL_OVERLAND DL_HOGSMEADE","DL_HOGSMEADE","/Game/__ExternalActors__/Environment/River/LI_Hogsmeade_River/6/BO/76TQHOG36L35VR848TQD7O","LV_Overland/Region/Hogwarts Valley/Hogsmeade_RiverBlockout/LI_Hogsmeade_River/RiverBank_LargeStones_A04_noplants49","775484DC-4DC6-96B9-0EDA-E29DDB56E207"
"removed","RiverBank_LargeStones_A04_noplants5","LevelInstance","1","DL_OVERLAND DL_HOGSMEADE","DL_HOGSMEADE","/Game/__ExternalActors__/Environment/River/LI_Hogsmeade_River/8/X0/8KDJIPP9OP74YWTQ92IHZQ","LV_Overland/Region/Hogwarts Valley/Hogsmeade_RiverBlockout/LI_Hogsmeade_River/Hogsmeade_RiverBlockout/RiverBank_LargeStones_A04_noplants5","23D32955-4B53-E1A1-AE26-25834286D994"
"removed","RiverBank_LargeStones_A04_noplants6","LevelInstance","1","DL_OVERLAND DL_HOGSMEADE","DL_HOGSMEADE","/Game/__ExternalActors__/Environment/River/LI_Hogsmeade_River/8/TH/LLIS6J0WNEIH2C0GOT1MVH","LV_Overland/Region/Hogwarts Valley/Hogsmeade_RiverBlockout/LI_Hogsmeade_River/Hogsmeade_RiverBlockout/RiverBank_LargeStones_A04_noplants6","768FBB92-4C64-5DCF-D579-4B9B56479025"
"removed","RiverBank_LargeStones_A04_noplants7","LevelInstance","1","DL_OVERLAND DL_HOGSMEADE","DL_HOGSMEADE","/Game/__ExternalActors__/Environment/River/LI_Hogsmeade_River/0/XT/1XWMUAN3CM5JPP9YY7I4WW","LV_Overland/Region/Hogwarts Valley/Hogsmeade_RiverBlockout/LI_Hogsmeade_River/Hogsmeade_RiverBlockout/RiverBank_LargeStones_A04_noplants7","BA4EB1B9-423D-C956-B2B5-70BE8B6E8364"
"removed","RiverBank_LargeStones_A04_noplants8","LevelInstance","1","DL_OVERLAND DL_HOGSMEADE","DL_HOGSMEADE","/Game/__ExternalActors__/Environment/River/LI_Hogsmeade_River/8/CQ/IEDYB06UN37KX67OA7SNI4","LV_Overland/Region/Hogwarts Valley/Hogsmeade_RiverBlockout/LI_Hogsmeade_River/Hogsmeade_RiverBlockout/RiverBank_LargeStones_A04_noplants8","F208A33B-4AAA-CD45-3EB4-288952CFD89C"
"removed","RiverBank_LargeStones_A04_noplants9","LevelInstance","1","DL_OVERLAND DL_HOGSMEADE","DL_HOGSMEADE","/Game/__ExternalActors__/Environment/River/LI_Hogsmeade_River/E/QF/1CKSM1FCS4G3QVVLKASYLD","LV_Overland/Region/Hogwarts Valley/Hogsmeade_RiverBlockout/LI_Hogsmeade_River/Hogsmeade_RiverBlockout/RiverBank_LargeStones_A04_noplants9","7BDB6B60-40F4-1288-BE09-B0A007006227"
"removed","RiverBank_LargeStones_A06","LevelInstance","1","DL_OVERLAND DL_HOGSMEADE","DL_HOGSMEADE","/Game/__ExternalActors__/Environment/River/LI_Hogsmeade_River/B/8W/7GT86KOL2D5E67I5C75CS9","LV_Overland/Region/Hogwarts Valley/Hogsmeade_RiverBlockout/LI_Hogsmeade_River/Hogsmeade_RiverBlockout/RiverBank_LargeStones_A06","1B7ED67C-4565-AD49-D2E4-90A1AA436546"
"removed","RiverBank_LargeStones_A07","LevelInstance","1","DL_OVERLAND DL_HOGSMEADE","DL_HOGSMEADE","/Game/__ExternalActors__/Environment/River/LI_Hogsmeade_River/4/0R/WSC5Q50HG2NHC1CVJL74EE","LV_Overland/Region/Hogwarts Valley/Hogsmeade_RiverBlockout/LI_Hogsmeade_River/Hogsmeade_RiverBlockout/RiverBank_LargeStones_A07","82EEB9EC-48AC-4544-BC64-89A60BFCC694"
"removed","RiverBank_LargeStones_A10","LevelInstance","1","DL_OVERLAND DL_HOGSMEADE","DL_HOGSMEADE","/Game/__ExternalActors__/Environment/River/LI_Hogsmeade_River/8/D9/IXNJB0FKBGXGK6WHMQDWG1","LV_Overland/Region/Hogwarts Valley/Hogsmeade_RiverBlockout/LI_Hogsmeade_River/Hogsmeade_RiverBlockout/RiverBank_LargeStones_A10","C0393A03-4D50-E3A8-F445-B0B39C768B11"
"removed","RiverBank_LargeStones_A100","LevelInstance","1","DL_OVERLAND DL_HOGSMEADE","DL_HOGSMEADE","/Game/__ExternalActors__/Environment/River/LI_Hogsmeade_River/9/RA/D1RFOS079C1MGIX21J91GC","LV_Overland/Region/Hogwarts Valley/Hogsmeade_RiverBlockout/LI_Hogsmeade_River/Hogsmeade_RiverBlockout/RiverBank_LargeStones_A100","3636837E-4603-3CD2-6D97-18ADB73DABA8"
"removed","RiverBank_LargeStones_A101","LevelInstance","1","DL_OVERLAND DL_HOGSMEADE","DL_HOGSMEADE","/Game/__ExternalActors__/Environment/River/LI_Hogsmeade_River/7/Q6/9EKN2NWOP2MC7E6YKS0H00","LV_Overland/Region/Hogwarts Valley/Hogsmeade_RiverBlockout/LI_Hogsmeade_River/Hogsmeade_RiverBlockout/RiverBank_LargeStones_A101","BB685EFF-47C9-9585-21B8-F7AF0BF5C263"
"removed","RiverBank_LargeStones_A102","LevelInstance","1","DL_OVERLAND DL_HOGSMEADE","DL_HOGSMEADE","/Game/__ExternalActors__/Environment/River/LI_Hogsmeade_River/0/0R/E9DT399ZRSB69YCX9OTQTE","LV_Overland/Region/Hogwarts Valley/Hogsmeade_RiverBlockout/LI_Hogsmeade_River/Hogsmeade_RiverBlockout/RiverBank_LargeStones_A102","AC673A85-4912-7214-D95E-D3B39E89D936"
"removed","RiverBank_LargeStones_A103","LevelInstance","1","DL_OVERLAND DL_HOGSMEADE","DL_HOGSMEADE","/Game/__ExternalActors__/Environment/River/LI_Hogsmeade_River/7/6W/8FQ5CRJGOBFVEI3ZSW7TXA","LV_Overland/Region/Hogwarts Valley/Hogsmeade_RiverBlockout/LI_Hogsmeade_River/Hogsmeade_RiverBlockout/RiverBank_LargeStones_A103","A17B9B5C-4C89-4B36-59C4-A5B0E1B76107"
"removed","RiverBank_LargeStones_A104","LevelInstance","1","DL_OVERLAND DL_HOGSMEADE","DL_HOGSMEADE","/Game/__ExternalActors__/Environment/River/LI_Hogsmeade_River/B/12/EU75VQ0BE9AZIGF9FS3DT6","LV_Overland/Region/Hogwarts Valley/Hogsmeade_RiverBlockout/LI_Hogsmeade_River/Hogsmeade_RiverBlockout/RiverBank_LargeStones_A104","3528EDB6-473D-4FC5-A67D-939D02072880"
"removed","RiverBank_LargeStones_A105","LevelInstance","1","DL_OVERLAND DL_HOGSMEADE","DL_HOGSMEADE","/Game/__ExternalActors__/Environment/River/LI_Hogsmeade_River/A/Z9/JFDPOSS1QDTJH0SAAA6HZ4","LV_Overland/Region/Hogwarts Valley/Hogsmeade_RiverBlockout/LI_Hogsmeade_River/Hogsmeade_RiverBlockout/RiverBank_LargeStones_A105","F78C44D2-41A9-5502-E549-B1967A0CCD92"
"removed","RiverBank_LargeStones_A106","LevelInstance","1","DL_OVERLAND DL_HOGSMEADE","DL_HOGSMEADE","/Game/__ExternalActors__/Environment/River/LI_Hogsmeade_River/5/4B/7J08Y3TAT955VRB3Y9YURJ","LV_Overland/Region/Hogwarts Valley/Hogsmeade_RiverBlockout/LI_Hogsmeade_River/Hogsmeade_RiverBlockout/RiverBank_LargeStones_A106","DE1C97CC-4F16-B076-4B2E-80A093FDE261"
"removed","RiverBank_LargeStones_A107","LevelInstance","1","DL_OVERLAND DL_HOGSMEADE","DL_HOGSMEADE","/Game/__ExternalActors__/Environment/River/LI_Hogsmeade_River/1/RI/3GMHVSTCI1PMTG5YJKO5F7","LV_Overland/Region/Hogwarts Valley/Hogsmeade_RiverBlockout/LI_Hogsmeade_River/Hogsmeade_RiverBlockout/RiverBank_LargeStones_A107","4149F1F8-4F7B-5934-B2AF-7FACADD656F0"
"removed","RiverBank_LargeStones_A108","LevelInstance","1","DL_OVERLAND DL_HOGSMEADE","DL_HOGSMEADE","/Game/__ExternalActors__/Environment/River/LI_Hogsmeade_River/5/OZ/I4IOGAIX4JCIZ30CKQ2PG1","LV_Overland/Region/Hogwarts Valley/Hogsmeade_RiverBlockout/LI_Hogsmeade_River/Hogsmeade_RiverBlockout/RiverBank_LargeStones_A108","7C36CD2B-44D2-92A6-5CA8-889B0E1B4AA3"
"removed","RiverBank_LargeStones_A109","LevelInstance","1","DL_OVERLAND DL_HOGSMEADE","DL_HOGSMEADE","/Game/__ExternalActors__/Environment/River/LI_Hogsmeade_River/0/V3/XORDMJ095DMAXJ7ES3YLAJ","LV_Overland/Region/Hogwarts Valley/Hogsmeade_RiverBlockout/LI_Hogsmeade_River/Hogsmeade_RiverBlockout/RiverBank_LargeStones_A109","A46418AE-4F0A-DC10-0F58-0BB11DDCF21E"
"removed","RiverBank_LargeStones_A110","LevelInstance","1","DL_OVERLAND DL_HOGSMEADE","DL_HOGSMEADE","/Game/__ExternalActors__/Environment/River/LI_Hogsmeade_River/9/3A/HJ5H0WARTYG3CL3R9F235I","LV_Overland/Region/Hogwarts Valley/Hogsmeade_RiverBlockout/LI_Hogsmeade_River/Hogsmeade_RiverBlockout/RiverBank_LargeStones_A110","44BA12B0-401F-0154-0F8D-6FBA5BB0EDA8"
"removed","RiverBank_LargeStones_A111","LevelInstance","1","DL_OVERLAND DL_HOGSMEADE","DL_HOGSMEADE","/Game/__ExternalActors__/Environment/River/LI_Hogsmeade_River/A/EO/4X4MT18LYIT32I6NSW823O","LV_Overland/Region/Hogwarts Valley/Hogsmeade_RiverBlockout/LI_Hogsmeade_River/Hogsmeade_RiverBlockout/RiverBank_LargeStones_A111","D645DAF8-416D-D614-0A0B-D297BFA7E866"
"removed","RiverBank_LargeStones_A112","LevelInstance","1","DL_OVERLAND DL_HOGSMEADE","DL_HOGSMEADE","/Game/__ExternalActors__/Environment/River/LI_Hogsmeade_River/D/XL/8ER64MVPBFYH46DUCAMJBO","LV_Overland/Region/Hogwarts Valley/Hogsmeade_RiverBlockout/LI_Hogsmeade_River/Hogsmeade_RiverBlockout/RiverBank_LargeStones_A112","8BAD684F-46DB-9898-680B-4BAB420208F1"
"removed","RiverBank_LargeStones_A115","LevelInstance","1","DL_OVERLAND DL_HOGSMEADE","DL_HOGSMEADE","/Game/__ExternalActors__/Environment/River/LI_Hogsmeade_River/0/B4/JM44NLQ7BOPK6JAXC810MX","LV_Overland/Region/Hogwarts Valley/Hogsmeade_RiverBlockout/LI_Hogsmeade_River/Hogsmeade_RiverBlockout/RiverBank_LargeStones_A115","26113F1B-43FD-6F77-5879-ED9BA6448E4E"
"removed","RiverBank_LargeStones_A116","LevelInstance","1","DL_OVERLAND DL_HOGSMEADE","DL_HOGSMEADE","/Game/__ExternalActors__/Environment/River/LI_Hogsmeade_River/9/QS/6QQQ54190XW6LZ0SIPBBWO","LV_Overland/Region/Hogwarts Valley/Hogsmeade_RiverBlockout/LI_Hogsmeade_River/Hogsmeade_RiverBlockout/RiverBank_LargeStones_A116","F8C84952-453A-CE5A-DE30-E0BD7011572D"
"removed","RiverBank_LargeStones_A118","LevelInstance","1","DL_OVERLAND DL_HOGSMEADE","DL_HOGSMEADE","/Game/__ExternalActors__/Environment/River/LI_Hogsmeade_River/4/5T/WBGB5Z085WARKMMDG59Z2T","LV_Overland/Region/Hogwarts Valley/Hogsmeade_RiverBlockout/LI_Hogsmeade_River/Hogsmeade_RiverBlockout/RiverBank_LargeStones_A118","098BFD08-4BA4-704D-E690-83837ECAE3EC"
"removed","RiverBank_LargeStones_A119","LevelInstance","1","DL_OVERLAND DL_HOGSMEADE","DL_HOGSMEADE","/Game/__ExternalActors__/Environment/River/LI_Hogsmeade_River/B/KZ/KP95VND9WAJTTCOWRR9UL2","LV_Overland/Region/Hogwarts Valley/Hogsmeade_RiverBlockout/LI_Hogsmeade_River/Hogsmeade_RiverBlockout/RiverBank_LargeStones_A119","BFF4FD2B-401A-6F38-237C-31B5612B3228"
"removed","RiverBank_LargeStones_A12","LevelInstance","1","DL_OVERLAND DL_HOGSMEADE","DL_HOGSMEADE","/Game/__ExternalActors__/Environment/River/LI_Hogsmeade_River/B/LZ/EDRUCE62AKZJUZTCW5358V","LV_Overland/Region/Hogwarts Valley/Hogsmeade_RiverBlockout/LI_Hogsmeade_River/Hogsmeade_RiverBlockout/RiverBank_LargeStones_A12","C567E9A4-4413-D51F-6A44-309A250C0A04"
"removed","RiverBank_LargeStones_A123","LevelInstance","1","DL_OVERLAND DL_HOGSMEADE","DL_HOGSMEADE","/Game/__ExternalActors__/Environment/River/LI_Hogsmeade_River/5/24/56OY8HJOAPCBKCW1Z0FOQF","LV_Overland/Region/Hogwarts Valley/Hogsmeade_RiverBlockout/LI_Hogsmeade_River/Hogsmeade_RiverBlockout/RiverBank_LargeStones_A123","842E464E-4E1F-6ED4-0B86-62A3DD9172E6"
"removed","RiverBank_LargeStones_A126","LevelInstance","1","DL_OVERLAND DL_HOGSMEADE","DL_HOGSMEADE","/Game/__ExternalActors__/Environment/River/LI_Hogsmeade_River/E/BI/V2O5GQKTNLPZ38OT6UFCBT","LV_Overland/Region/Hogwarts Valley/Hogsmeade_RiverBlockout/LI_Hogsmeade_River/Hogsmeade_RiverBlockout/RiverBank_LargeStones_A126","F550A390-463A-B94C-3274-5CA1D6DD65CA"
"removed","RiverBank_LargeStones_A128","LevelInstance","1","DL_OVERLAND DL_HOGSMEADE","DL_HOGSMEADE","/Game/__ExternalActors__/Environment/River/LI_Hogsmeade_River/4/J3/972D1W3GNPKHMSO9FF1JI5","LV_Overland/Region/Hogwarts Valley/Hogsmeade_RiverBlockout/LI_Hogsmeade_River/Hogsmeade_RiverBlockout/RiverBank_LargeStones_A128","9940FFA9-4E12-E594-9261-EEBAED732A83"
"removed","RiverBank_LargeStones_A129","LevelInstance","1","DL_OVERLAND DL_HOGSMEADE","DL_HOGSMEADE","/Game/__ExternalActors__/Environment/River/LI_Hogsmeade_River/D/4H/IVAOFD98FYHTVWEC7ROHOE","LV_Overland/Region/Hogwarts Valley/Hogsmeade_RiverBlockout/LI_Hogsmeade_River/Hogsmeade_RiverBlockout/RiverBank_LargeStones_A129","071D2F0C-4E06-FCDF-760D-7BA33CE89D3C"
"removed","RiverBank_LargeStones_A13","LevelInstance","1","DL_OVERLAND DL_HOGSMEADE","DL_HOGSMEADE","/Game/__ExternalActors__/Environment/River/LI_Hogsmeade_River/B/7T/3EI4IQ3SYK3HP963EP228W","LV_Overland/Region/Hogwarts Valley/Hogsmeade_RiverBlockout/LI_Hogsmeade_River/Hogsmeade_RiverBlockout/RiverBank_LargeStones_A13","3BC692B0-4B99-581D-A6F6-3BBE14713717"
"removed","RiverBank_LargeStones_A130","LevelInstance","1","DL_OVERLAND DL_HOGSMEADE","DL_HOGSMEADE","/Game/__ExternalActors__/Environment/River/LI_Hogsmeade_River/7/EE/2ZWFXEJOU9N9HJWTGJ0DUA","LV_Overland/Region/Hogwarts Valley/Hogsmeade_RiverBlockout/LI_Hogsmeade_River/Hogsmeade_RiverBlockout/RiverBank_LargeStones_A130","CF0E035A-47D2-3CC5-4AA8-CEA246405B85"
"removed","RiverBank_LargeStones_A131","LevelInstance","1","DL_OVERLAND DL_HOGSMEADE","DL_HOGSMEADE","/Game/__ExternalActors__/Environment/River/LI_Hogsmeade_River/0/FE/UCSQSZ13ACI6XUO5MC9CIG","LV_Overland/Region/Hogwarts Valley/Hogsmeade_RiverBlockout/LI_Hogsmeade_River/Hogsmeade_RiverBlockout/RiverBank_LargeStones_A131","A3AE3A68-42E1-CCA6-5220-B39C2BF6097C"
"removed","RiverBank_LargeStones_A133","LevelInstance","1","DL_OVERLAND DL_HOGSMEADE","DL_HOGSMEADE","/Game/__ExternalActors__/Environment/River/LI_Hogsmeade_River/9/1V/PVG49XMGWTOMNMEVWZ27GD","LV_Overland/Region/Hogwarts Valley/Hogsmeade_RiverBlockout/LI_Hogsmeade_River/Hogsmeade_RiverBlockout/RiverBank_LargeStones_A133","488641D8-41EB-3762-F759-A88842AD410D"
"removed","RiverBank_LargeStones_A134","LevelInstance","1","DL_OVERLAND DL_HOGSMEADE","DL_HOGSMEADE","/Game/__ExternalActors__/Environment/River/LI_Hogsmeade_River/0/88/KSJVT8ZQD11C27VYPQ0FW7","LV_Overland/Region/Hogwarts Valley/Hogsmeade_RiverBlockout/LI_Hogsmeade_River/Hogsmeade_RiverBlockout/RiverBank_LargeStones_A134","1A496DD0-43E1-2587-228E-5689873F84A7"
"removed","RiverBank_LargeStones_A135","LevelInstance","1","DL_OVERLAND DL_HOGSMEADE","DL_HOGSMEADE","/Game/__ExternalActors__/Environment/River/LI_Hogsmeade_River/C/JB/UDLQ6YAEY9LC9QRKWZ922M","LV_Overland/Region/Hogwarts Valley/Hogsmeade_RiverBlockout/LI_Hogsmeade_River/Hogsmeade_RiverBlockout/RiverBank_LargeStones_A135","774AA829-4B35-CB8E-27E9-B294FBB8854A"
"removed","RiverBank_LargeStones_A137","LevelInstance","1","DL_OVERLAND DL_HOGSMEADE","DL_HOGSMEADE","/Game/__ExternalActors__/Environment/River/LI_Hogsmeade_River/2/BI/IY33QLCN6Y1RHIHY7AE5G2","LV_Overland/Region/Hogwarts Valley/Hogsmeade_RiverBlockout/LI_Hogsmeade_River/Hogsmeade_RiverBlockout/RiverBank_LargeStones_A137","AFB2A153-4F56-C98F-AE7E-DBA1C4427046"
"removed","RiverBank_LargeStones_A142","LevelInstance","1","DL_OVERLAND DL_HOGSMEADE","DL_HOGSMEADE","/Game/__ExternalActors__/Environment/River/LI_Hogsmeade_River/7/D8/GXWR2X4UG0CJWP758MTYT8","LV_Overland/Region/Hogwarts Valley/Hogsmeade_RiverBlockout/LI_Hogsmeade_River/Hogsmeade_RiverBlockout/RiverBank_LargeStones_A142","3AC918F8-46DF-4214-C0D4-90AB18983F81"
"removed","RiverBank_LargeStones_A143","LevelInstance","1","DL_OVERLAND DL_HOGSMEADE","DL_HOGSMEADE","/Game/__ExternalActors__/Environment/River/LI_Hogsmeade_River/8/2B/24VGJA7AHQX7VQBQ4M8KJD","LV_Overland/Region/Hogwarts Valley/Hogsmeade_RiverBlockout/LI_Hogsmeade_River/Hogsmeade_RiverBlockout/RiverBank_LargeStones_A143","BFDCB5BB-40FB-2763-6236-5C907AE52025"
"removed","RiverBank_LargeStones_A144","LevelInstance","1","DL_OVERLAND DL_HOGSMEADE","DL_HOGSMEADE","/Game/__ExternalActors__/Environment/River/LI_Hogsmeade_River/3/V9/TD2QM3LYO6K9DVSPLTCA0P","LV_Overland/Region/Hogwarts Valley/Hogsmeade_RiverBlockout/LI_Hogsmeade_River/Hogsmeade_RiverBlockout/RiverBank_LargeStones_A144","56B0219D-479C-5EAF-3343-728AFDE0166F"
"removed","RiverBank_LargeStones_A145","LevelInstance","1","DL_OVERLAND DL_HOGSMEADE","DL_HOGSMEADE","/Game/__ExternalActors__/Environment/River/LI_Hogsmeade_River/9/O0/MUMRKRRR9949T8XEBL789W","LV_Overland/Region/Hogwarts Valley/Hogsmeade_RiverBlockout/LI_Hogsmeade_River/Hogsmeade_RiverBlockout/RiverBank_LargeStones_A145","C9C62F61-4BC3-640C-2F05-298DF308CEC3"
"removed","RiverBank_LargeStones_A146","LevelInstance","1","DL_OVERLAND DL_HOGSMEADE","DL_HOGSMEADE","/Game/__ExternalActors__/Environment/River/LI_Hogsmeade_River/1/BA/OOK5RPS6VBUJ0GUHEIS19X","LV_Overland/Region/Hogwarts Valley/Hogsmeade_RiverBlockout/LI_Hogsmeade_River/Hogsmeade_RiverBlockout/RiverBank_LargeStones_A146","49F19A97-4031-A57C-79F5-7C8BF43598C3"
"removed","RiverBank_LargeStones_A147","LevelInstance","1","DL_OVERLAND DL_HOGSMEADE","DL_HOGSMEADE","/Game/__ExternalActors__/Environment/River/LI_Hogsmeade_River/0/ST/OUOTS17UWA2E8D43DQBDT9","LV_Overland/Region/Hogwarts Valley/Hogsmeade_RiverBlockout/LI_Hogsmeade_River/Hogsmeade_RiverBlockout/RiverBank_LargeStones_A147","6900EFF4-46F2-A3CE-5354-1CB332154902"
"removed","RiverBank_LargeStones_A148","LevelInstance","1","DL_OVERLAND DL_HOGSMEADE","DL_HOGSMEADE","/Game/__ExternalActors__/Environment/River/LI_Hogsmeade_River/2/BW/5NQ0H7AMEYKZ844RKOSGXM","LV_Overland/Region/Hogwarts Valley/Hogsmeade_RiverBlockout/LI_Hogsmeade_River/Hogsmeade_RiverBlockout/RiverBank_LargeStones_A148","166DE91A-4837-6CC1-64E0-F2A25BFF45FD"
"removed","RiverBank_LargeStones_A149","LevelInstance","1","DL_OVERLAND DL_HOGSMEADE","DL_HOGSMEADE","/Game/__ExternalActors__/Environment/River/LI_Hogsmeade_River/7/IE/K0UHX6XI6BUFBVAUEGOVJK","LV_Overland/Region/Hogwarts Valley/Hogsmeade_RiverBlockout/LI_Hogsmeade_River/Hogsmeade_RiverBlockout/RiverBank_LargeStones_A149","EA66994B-4C91-1143-5CDD-3E87D0515BE8"
"removed","RiverBank_LargeStones_A15","LevelInstance","1","DL_OVERLAND DL_HOGSMEADE","DL_HOGSMEADE","/Game/__ExternalActors__/Environment/River/LI_Hogsmeade_River/5/U1/Z51NE9U9CAAL9NDG25LIHA","LV_Overland/Region/Hogwarts Valley/Hogsmeade_RiverBlockout/LI_Hogsmeade_River/Hogsmeade_RiverBlockout/RiverBank_LargeStones_A15","E3AFAC3E-40C7-C23C-4049-7796D3E47A1C"
"removed","RiverBank_LargeStones_A150","LevelInstance","1","DL_OVERLAND DL_HOGSMEADE","DL_HOGSMEADE","/Game/__ExternalActors__/Environment/River/LI_Hogsmeade_River/0/JA/JP6SOGKOWIG00EA7TFH72A","LV_Overland/Region/Hogwarts Valley/Hogsmeade_RiverBlockout/LI_Hogsmeade_River/Hogsmeade_RiverBlockout/RiverBank_LargeStones_A150","751EE432-4AA2-AC82-EE93-0F96ADF1CCFA"
"removed","RiverBank_LargeStones_A151","LevelInstance","1","DL_OVERLAND DL_HOGSMEADE","DL_HOGSMEADE","/Game/__ExternalActors__/Environment/River/LI_Hogsmeade_River/C/UR/MVELBLTNV65CWGC4TKPAUV","LV_Overland/Region/Hogwarts Valley/Hogsmeade_RiverBlockout/LI_Hogsmeade_River/Hogsmeade_RiverBlockout/RiverBank_LargeStones_A151","B478ECAB-43AA-79A1-030D-E0A53041E1BB"
"removed","RiverBank_LargeStones_A153","LevelInstance","1","DL_OVERLAND DL_HOGSMEADE","DL_HOGSMEADE","/Game/__ExternalActors__/Environment/River/LI_Hogsmeade_River/8/T2/1J0XUQ93X85HHJ01CXS68K","LV_Overland/Region/Hogwarts Valley/Hogsmeade_RiverBlockout/LI_Hogsmeade_River/Hogsmeade_RiverBlockout/RiverBank_LargeStones_A153","550AA4D1-4DD1-5A29-6B44-6AAE6BB49FC6"
"removed","RiverBank_LargeStones_A154","LevelInstance","1","DL_OVERLAND DL_HOGSMEADE","DL_HOGSMEADE","/Game/__ExternalActors__/Environment/River/LI_Hogsmeade_River/5/2C/6ITPT4ZU146D1C3VGQD9R4","LV_Overland/Region/Hogwarts Valley/Hogsmeade_RiverBlockout/LI_Hogsmeade_River/Hogsmeade_RiverBlockout/RiverBank_LargeStones_A154","77E1D6E0-45CC-EE63-4000-299A80513E7D"
"removed","RiverBank_LargeStones_A155","LevelInstance","1","DL_OVERLAND DL_HOGSMEADE","DL_HOGSMEADE","/Game/__ExternalActors__/Environment/River/LI_Hogsmeade_River/C/W0/P1K97ZUOJWOA9TIOH9G1A3","LV_Overland/Region/Hogwarts Valley/Hogsmeade_RiverBlockout/LI_Hogsmeade_River/Hogsmeade_RiverBlockout/RiverBank_LargeStones_A155","B6147632-4477-E3A0-5D7E-F3943FEEB683"
"removed","RiverBank_LargeStones_A156","LevelInstance","1","DL_OVERLAND DL_HOGSMEADE","DL_HOGSMEADE","/Game/__ExternalActors__/Environment/River/LI_Hogsmeade_River/D/54/M8BMCL5LXBQEAYPBRASWAV","LV_Overland/Region/Hogwarts Valley/Hogsmeade_RiverBlockout/LI_Hogsmeade_River/Hogsmeade_RiverBlockout/RiverBank_LargeStones_A156","34533EFB-4159-5C55-20BB-178FE8005591"
"removed","RiverBank_LargeStones_A157","LevelInstance","1","DL_OVERLAND DL_HOGSMEADE","DL_HOGSMEADE","/Game/__ExternalActors__/Environment/River/LI_Hogsmeade_River/6/TT/NFDMJZOEMHBZKWBSG63F49","LV_Overland/Region/Hogwarts Valley/Hogsmeade_RiverBlockout/LI_Hogsmeade_River/Hogsmeade_RiverBlockout/RiverBank_LargeStones_A157","A47BEAD8-41E4-5613-5CFC-62BD3CD935D6"
"removed","RiverBank_LargeStones_A158","LevelInstance","1","DL_OVERLAND DL_HOGSMEADE","DL_HOGSMEADE","/Game/__ExternalActors__/Environment/River/LI_Hogsmeade_River/F/3G/JQKV4XH9W6OE98MD4WAM62","LV_Overland/Region/Hogwarts Valley/Hogsmeade_RiverBlockout/LI_Hogsmeade_River/Hogsmeade_RiverBlockout/RiverBank_LargeStones_A158","523890C0-46E5-BA69-D471-6195FBCC5341"
"removed","RiverBank_LargeStones_A159","LevelInstance","1","DL_OVERLAND DL_HOGSMEADE","DL_HOGSMEADE","/Game/__ExternalActors__/Environment/River/LI_Hogsmeade_River/A/OZ/5SYKFHU1OY35ZX54LYYJ4R","LV_Overland/Region/Hogwarts Valley/Hogsmeade_RiverBlockout/LI_Hogsmeade_River/Hogsmeade_RiverBlockout/RiverBank_LargeStones_A159","EC67F38B-4B1C-1B3E-9854-A6A762DF95ED"
"removed","RiverBank_LargeStones_A160","LevelInstance","1","DL_OVERLAND DL_HOGSMEADE","DL_HOGSMEADE","/Game/__ExternalActors__/Environment/River/LI_Hogsmeade_River/7/37/XKJ8GSJ39RWOXTL60YLPPS","LV_Overland/Region/Hogwarts Valley/Hogsmeade_RiverBlockout/LI_Hogsmeade_River/Hogsmeade_RiverBlockout/RiverBank_LargeStones_A160","96E9FA87-479B-CA02-4FB3-AD8ECB8B003C"
"removed","RiverBank_LargeStones_A162","LevelInstance","1","DL_OVERLAND DL_HOGSMEADE","DL_HOGSMEADE","/Game/__ExternalActors__/Environment/River/LI_Hogsmeade_River/0/N1/4OLXBHFPJIIYHDG93ZK1LS","LV_Overland/Region/Hogwarts Valley/Hogsmeade_RiverBlockout/LI_Hogsmeade_River/Hogsmeade_RiverBlockout/RiverBank_LargeStones_A162","A0975262-4911-04E6-658D-61BB48AC4B89"
"removed","RiverBank_LargeStones_A164","LevelInstance","1","DL_OVERLAND DL_HOGSMEADE","DL_HOGSMEADE","/Game/__ExternalActors__/Environment/River/LI_Hogsmeade_River/6/GN/HFRE41HBME32AALVRWB7KZ","LV_Overland/Region/Hogwarts Valley/Hogsmeade_RiverBlockout/LI_Hogsmeade_River/Hogsmeade_RiverBlockout/RiverBank_LargeStones_A164","DE647B7E-4E3F-9901-8281-E386FCBEEE94"
"removed","RiverBank_LargeStones_A165","LevelInstance","1","DL_OVERLAND DL_HOGSMEADE","DL_HOGSMEADE","/Game/__ExternalActors__/Environment/River/LI_Hogsmeade_River/3/QJ/UQWI2BMGLROHNHTA2PVXA8","LV_Overland/Region/Hogwarts Valley/Hogsmeade_RiverBlockout/LI_Hogsmeade_River/Hogsmeade_RiverBlockout/RiverBank_LargeStones_A165","4F747164-40A1-96B4-86AC-53AEBE47604D"
"removed","RiverBank_LargeStones_A166","LevelInstance","1","DL_OVERLAND DL_HOGSMEADE","DL_HOGSMEADE","/Game/__ExternalActors__/Environment/River/LI_Hogsmeade_River/3/HI/EJ74F8HRTEKVDMM66TJDHJ","LV_Overland/Region/Hogwarts Valley/Hogsmeade_RiverBlockout/LI_Hogsmeade_River/Hogsmeade_RiverBlockout/RiverBank_LargeStones_A166","9A142695-430E-F18A-FC68-8B86068DB2B9"
"removed","RiverBank_LargeStones_A17","LevelInstance","1","DL_OVERLAND DL_HOGSMEADE","DL_HOGSMEADE","/Game/__ExternalActors__/Environment/River/LI_Hogsmeade_River/4/6O/CMRZ1FM7DFRTTPKVF1GHPT","LV_Overland/Region/Hogwarts Valley/Hogsmeade_RiverBlockout/LI_Hogsmeade_River/Hogsmeade_RiverBlockout/RiverBank_LargeStones_A17","25749460-45BF-0774-A328-61B74F96B84A"
"removed","RiverBank_LargeStones_A172","LevelInstance","1","DL_OVERLAND DL_HOGSMEADE","DL_HOGSMEADE","/Game/__ExternalActors__/Environment/River/LI_Hogsmeade_River/E/04/OIPRHV5K0FEUVQZX4X8G2Y","LV_Overland/Region/Hogwarts Valley/Hogsmeade_RiverBlockout/LI_Hogsmeade_River/Hogsmeade_RiverBlockout/RiverBank_LargeStones_A172","13806B67-4D23-ACF7-13EA-6EAD7344FAA0"
"removed","RiverBank_LargeStones_A173","LevelInstance","1","DL_OVERLAND DL_HOGSMEADE","DL_HOGSMEADE","/Game/__ExternalActors__/Environment/River/LI_Hogsmeade_River/B/M5/FO05SW0L8BE89UQW7U04I4","LV_Overland/Region/Hogwarts Valley/Hogsmeade_RiverBlockout/LI_Hogsmeade_River/Hogsmeade_RiverBlockout/RiverBank_LargeStones_A173","B013A839-450C-FE02-B67A-08BADAA6F188"
"removed","RiverBank_LargeStones_A174","LevelInstance","1","DL_OVERLAND DL_HOGSMEADE","DL_HOGSMEADE","/Game/__ExternalActors__/Environment/River/LI_Hogsmeade_River/7/JH/P9EE44VZU2KYSKR58CARAD","LV_Overland/Region/Hogwarts Valley/Hogsmeade_RiverBlockout/LI_Hogsmeade_River/Hogsmeade_RiverBlockout/RiverBank_LargeStones_A174","86E2EDF0-476D-FA7A-BBE6-D3A8119297C6"
"removed","RiverBank_LargeStones_A175","LevelInstance","1","DL_OVERLAND DL_HOGSMEADE","DL_HOGSMEADE","/Game/__ExternalActors__/Environment/River/LI_Hogsmeade_River/1/6B/9V6YTUUVG98D18Z4AQ7G7J","LV_Overland/Region/Hogwarts Valley/Hogsmeade_RiverBlockout/LI_Hogsmeade_River/Hogsmeade_RiverBlockout/RiverBank_LargeStones_A175","504270E6-4636-C670-BBD9-5FB64E91A9DE"
"removed","RiverBank_LargeStones_A176","LevelInstance","1","DL_OVERLAND DL_HOGSMEADE","DL_HOGSMEADE","/Game/__ExternalActors__/Environment/River/LI_Hogsmeade_River/1/SH/FA8LMOGTPO5OF4JLG05V0L","LV_Overland/Region/Hogwarts Valley/Hogsmeade_RiverBlockout/LI_Hogsmeade_River/Hogsmeade_RiverBlockout/RiverBank_LargeStones_A176","D0AD807E-4484-69DA-A08D-38B638F644A7"
"removed","RiverBank_LargeStones_A177","LevelInstance","1","DL_OVERLAND DL_HOGSMEADE","DL_HOGSMEADE","/Game/__ExternalActors__/Environment/River/LI_Hogsmeade_River/2/RH/ANI5BNT0JS3UD17697EQME","LV_Overland/Region/Hogwarts Valley/Hogsmeade_RiverBlockout/LI_Hogsmeade_River/Hogsmeade_RiverBlockout/RiverBank_LargeStones_A177","92310C26-4D55-0189-87DE-3780C326322D"
"removed","RiverBank_LargeStones_A178","LevelInstance","1","DL_OVERLAND DL_HOGSMEADE","DL_HOGSMEADE","/Game/__ExternalActors__/Environment/River/LI_Hogsmeade_River/7/NA/QVXOFH01JSYY81E4L6CJAF","LV_Overland/Region/Hogwarts Valley/Hogsmeade_RiverBlockout/LI_Hogsmeade_River/Hogsmeade_RiverBlockout/RiverBank_LargeStones_A178","8DC41535-41CF-EB64-6118-D481E5603C3D"
"removed","RiverBank_LargeStones_A179","LevelInstance","1","DL_OVERLAND DL_HOGSMEADE","DL_HOGSMEADE","/Game/__ExternalActors__/Environment/River/LI_Hogsmeade_River/D/TY/RA51RHVCY6EVNJRNJU2DD3","LV_Overland/Region/Hogwarts Valley/Hogsmeade_RiverBlockout/LI_Hogsmeade_River/Hogsmeade_RiverBlockout/RiverBank_LargeStones_A179","CDB9BDAF-4B48-C768-C3AE-33BAA6C90695"
"removed","RiverBank_LargeStones_A18","LevelInstance","1","DL_OVERLAND DL_HOGSMEADE","DL_HOGSMEADE","/Game/__ExternalActors__/Environment/River/LI_Hogsmeade_River/4/X8/DXJFGSIPQ756J2J0VDIBGL","LV_Overland/Region/Hogwarts Valley/Hogsmeade_RiverBlockout/LI_Hogsmeade_River/Hogsmeade_RiverBlockout/RiverBank_LargeStones_A18","3B949A9F-418A-0FC1-625C-ABB1E15FEF7C"
"removed","RiverBank_LargeStones_A180","LevelInstance","1","DL_OVERLAND DL_HOGSMEADE","DL_HOGSMEADE","/Game/__ExternalActors__/Environment/River/LI_Hogsmeade_River/D/WH/63CJQYHFJRJEPSRCWMBRKG","LV_Overland/Region/Hogwarts Valley/Hogsmeade_RiverBlockout/LI_Hogsmeade_River/Hogsmeade_RiverBlockout/RiverBank_LargeStones_A180","AC68183C-407D-D99F-9E0C-75866B9B4B60"
"removed","RiverBank_LargeStones_A181","LevelInstance","1","DL_OVERLAND DL_HOGSMEADE","DL_HOGSMEADE","/Game/__ExternalActors__/Environment/River/LI_Hogsmeade_River/8/B1/ZGAW921Q1489X95NG3L6TB","LV_Overland/Region/Hogwarts Valley/Hogsmeade_RiverBlockout/LI_Hogsmeade_River/Hogsmeade_RiverBlockout/RiverBank_LargeStones_A181","460A7D06-4B15-3EA7-D488-689B52CBB657"
"removed","RiverBank_LargeStones_A182","LevelInstance","1","DL_OVERLAND DL_HOGSMEADE","DL_HOGSMEADE","/Game/__ExternalActors__/Environment/River/LI_Hogsmeade_River/5/26/7ETR49734GVYDHGSZFTKLQ","LV_Overland/Region/Hogwarts Valley/Hogsmeade_RiverBlockout/LI_Hogsmeade_River/Hogsmeade_RiverBlockout/RiverBank_LargeStones_A182","1AC24BE3-4608-9BC9-F58E-E29F7C63A2DB"
"removed","RiverBank_LargeStones_A183","LevelInstance","1","DL_OVERLAND DL_HOGSMEADE","DL_HOGSMEADE","/Game/__ExternalActors__/Environment/River/LI_Hogsmeade_River/B/D4/ZIPSP7SV9SK7YWF9IDE31Y","LV_Overland/Region/Hogwarts Valley/Hogsmeade_RiverBlockout/LI_Hogsmeade_River/Hogsmeade_RiverBlockout/RiverBank_LargeStones_A183","16A63C39-4D0F-3D5A-FC73-5A89E601603C"
"removed","RiverBank_LargeStones_A184","LevelInstance","1","DL_OVERLAND DL_HOGSMEADE","DL_HOGSMEADE","/Game/__ExternalActors__/Environment/River/LI_Hogsmeade_River/0/6R/J3EYX3R5J5V67YKI4F31U7","LV_Overland/Region/Hogwarts Valley/Hogsmeade_RiverBlockout/LI_Hogsmeade_River/Hogsmeade_RiverBlockout/RiverBank_LargeStones_A184","A392DE3B-4C6E-84E3-CE33-899CFAA0342E"
"removed","RiverBank_LargeStones_A185","LevelInstance","1","DL_OVERLAND DL_HOGSMEADE","DL_HOGSMEADE","/Game/__ExternalActors__/Environment/River/LI_Hogsmeade_River/A/PF/R71GEAKMSTZSOIDQL3II72","LV_Overland/Region/Hogwarts Valley/Hogsmeade_RiverBlockout/LI_Hogsmeade_River/Hogsmeade_RiverBlockout/RiverBank_LargeStones_A185","7A9BC972-4339-EF67-A70B-F282C4D5E771"
"removed","RiverBank_LargeStones_A186","LevelInstance","1","DL_OVERLAND DL_HOGSMEADE","DL_HOGSMEADE","/Game/__ExternalActors__/Environment/River/LI_Hogsmeade_River/0/B4/5SY21S2CUJI0EPP6V9NU89","LV_Overland/Region/Hogwarts Valley/Hogsmeade_RiverBlockout/LI_Hogsmeade_River/Hogsmeade_RiverBlockout/RiverBank_LargeStones_A186","98E379B2-4E7A-8E01-8D40-81ACDE069006"
"removed","RiverBank_LargeStones_A187","LevelInstance","1","DL_OVERLAND DL_HOGSMEADE","DL_HOGSMEADE","/Game/__ExternalActors__/Environment/River/LI_Hogsmeade_River/C/ST/QYOCRNS8QKGZ5EATX8V8KK","LV_Overland/Region/Hogwarts Valley/Hogsmeade_RiverBlockout/LI_Hogsmeade_River/Hogsmeade_RiverBlockout/RiverBank_LargeStones_A187","8DA445C5-4040-5DCB-5B9D-688CE4F95B67"
"removed","RiverBank_LargeStones_A188","LevelInstance","1","DL_OVERLAND DL_HOGSMEADE","DL_HOGSMEADE","/Game/__ExternalActors__/Environment/River/LI_Hogsmeade_River/5/96/4K93QMSAF8JI10R7VRCL0N","LV_Overland/Region/Hogwarts Valley/Hogsmeade_RiverBlockout/LI_Hogsmeade_River/Hogsmeade_RiverBlockout/RiverBank_LargeStones_A188","E2B3CFF3-4EBC-81D2-E618-D68902F3AF6D"
"removed","RiverBank_LargeStones_A19","LevelInstance","1","DL_OVERLAND DL_HOGSMEADE","DL_HOGSMEADE","/Game/__ExternalActors__/Environment/River/LI_Hogsmeade_River/6/KA/KA7HXSPZCDNARIF85NNR0U","LV_Overland/Region/Hogwarts Valley/Hogsmeade_RiverBlockout/LI_Hogsmeade_River/Hogsmeade_RiverBlockout/RiverBank_LargeStones_A19","A2C53BC4-4BF7-E1F6-FA4D-788CEB42E47A"
"removed","RiverBank_LargeStones_A192","LevelInstance","1","DL_OVERLAND DL_HOGSMEADE","DL_HOGSMEADE","/Game/__ExternalActors__/Environment/River/LI_Hogsmeade_River/5/UG/WCHZTDUFXFTCTU5IB7C8LR","LV_Overland/Region/Hogwarts Valley/Hogsmeade_RiverBlockout/LI_Hogsmeade_River/Hogsmeade_RiverBlockout/RiverBank_LargeStones_A192","12B972D7-4CC9-996A-071A-3F86B6CB4026"
"removed","RiverBank_LargeStones_A193","LevelInstance","1","DL_OVERLAND DL_HOGSMEADE","DL_HOGSMEADE","/Game/__ExternalActors__/Environment/River/LI_Hogsmeade_River/6/F4/FCOY6IJI6SWTLQRKHGIZNU","LV_Overland/Region/Hogwarts Valley/Hogsmeade_RiverBlockout/LI_Hogsmeade_River/Hogsmeade_RiverBlockout/RiverBank_LargeStones_A193","4637505D-41BA-549B-5BC3-90AEBC7CBED7"
"removed","RiverBank_LargeStones_A194","LevelInstance","1","DL_OVERLAND DL_HOGSMEADE","DL_HOGSMEADE","/Game/__ExternalActors__/Environment/River/LI_Hogsmeade_River/9/34/M9LB9SSL7TO1OKHIQU6X0E","LV_Overland/Region/Hogwarts Valley/Hogsmeade_RiverBlockout/LI_Hogsmeade_River/Hogsmeade_RiverBlockout/RiverBank_LargeStones_A194","87433BFF-49D3-D712-0D83-91B588CF4D4E"
"removed","RiverBank_LargeStones_A195","LevelInstance","1","DL_OVERLAND DL_HOGSMEADE","DL_HOGSMEADE","/Game/__ExternalActors__/Environment/River/LI_Hogsmeade_River/E/2C/LI8KIXL434MPJMJ9WJNVE8","LV_Overland/Region/Hogwarts Valley/Hogsmeade_RiverBlockout/LI_Hogsmeade_River/Hogsmeade_RiverBlockout/RiverBank_LargeStones_A195","1D4A564A-411D-A01A-8B31-F787938C37DE"
"removed","RiverBank_LargeStones_A196","LevelInstance","1","DL_OVERLAND DL_HOGSMEADE","DL_HOGSMEADE","/Game/__ExternalActors__/Environment/River/LI_Hogsmeade_River/D/MX/T1BEPO2V6ZV0BTHUNT72CZ","LV_Overland/Region/Hogwarts Valley/Hogsmeade_RiverBlockout/LI_Hogsmeade_River/Hogsmeade_RiverBlockout/RiverBank_LargeStones_A196","9B33D59D-465D-80A3-8CFC-5B92939A8192"
"removed","RiverBank_LargeStones_A197","LevelInstance","1","DL_OVERLAND DL_HOGSMEADE","DL_HOGSMEADE","/Game/__ExternalActors__/Environment/River/LI_Hogsmeade_River/C/HS/3PUKGG0IJTRR8TVECLDF8F","LV_Overland/Region/Hogwarts Valley/Hogsmeade_RiverBlockout/LI_Hogsmeade_River/Hogsmeade_RiverBlockout/RiverBank_LargeStones_A197","0BA04A45-4968-7C03-3C17-0E8705E4B22A"
"removed","RiverBank_LargeStones_A198","LevelInstance","1","DL_OVERLAND DL_HOGSMEADE","DL_HOGSMEADE","/Game/__ExternalActors__/Environment/River/LI_Hogsmeade_River/B/9L/KEWMA2457R1PFV7Y2GAIYC","LV_Overland/Region/Hogwarts Valley/Hogsmeade_RiverBlockout/LI_Hogsmeade_River/Hogsmeade_RiverBlockout/RiverBank_LargeStones_A198","C4ED421D-4A7B-EBAD-BABD-EEAA754FD6A3"
"removed","RiverBank_LargeStones_A199","LevelInstance","1","DL_OVERLAND DL_HOGSMEADE","DL_HOGSMEADE","/Game/__ExternalActors__/Environment/River/LI_Hogsmeade_River/0/DO/FGHHZHFUWKEVEC2P1Z79JN","LV_Overland/Region/Hogwarts Valley/Hogsmeade_RiverBlockout/LI_Hogsmeade_River/Hogsmeade_RiverBlockout/RiverBank_LargeStones_A199","DD3A647D-457C-4F65-AE63-3B9C40690DFB"
"removed","RiverBank_LargeStones_A200","LevelInstance","1","DL_OVERLAND DL_HOGSMEADE","DL_HOGSMEADE","/Game/__ExternalActors__/Environment/River/LI_Hogsmeade_River/C/7J/A2WY8LCB95KHHH4ZI21HHG","LV_Overland/Region/Hogwarts Valley/Hogsmeade_RiverBlockout/LI_Hogsmeade_River/Hogsmeade_RiverBlockout/RiverBank_LargeStones_A200","7687F22E-49ED-D946-9C40-E9B4BBED8F2C"
"removed","RiverBank_LargeStones_A201","LevelInstance","1","DL_OVERLAND DL_HOGSMEADE","DL_HOGSMEADE","/Game/__ExternalActors__/Environment/River/LI_Hogsmeade_River/E/I8/06UI7Q16S61S4MS0GPJ5EJ","LV_Overland/Region/Hogwarts Valley/Hogsmeade_RiverBlockout/LI_Hogsmeade_River/Hogsmeade_RiverBlockout/RiverBank_LargeStones_A201","58B0A79D-45F9-F6A1-4B13-CAA145BB9753"
"removed","RiverBank_LargeStones_A202","LevelInstance","1","DL_OVERLAND DL_HOGSMEADE","DL_HOGSMEADE","/Game/__ExternalActors__/Environment/River/LI_Hogsmeade_River/7/OV/JXKI6RRB0UFGLNS07T748C","LV_Overland/Region/Hogwarts Valley/Hogsmeade_RiverBlockout/LI_Hogsmeade_River/Hogsmeade_RiverBlockout/RiverBank_LargeStones_A202","756492DC-4715-3E9A-18BB-D4B16B07D081"
"removed","RiverBank_LargeStones_A203","LevelInstance","1","DL_OVERLAND DL_HOGSMEADE","DL_HOGSMEADE","/Game/__ExternalActors__/Environment/River/LI_Hogsmeade_River/B/XS/3YJCTNEWUTTHT4N0WGAF67","LV_Overland/Region/Hogwarts Valley/Hogsmeade_RiverBlockout/LI_Hogsmeade_River/Hogsmeade_RiverBlockout/RiverBank_LargeStones_A203","B01C6328-4770-8418-6B83-94AC2F5B1791"
"removed","RiverBank_LargeStones_A204","LevelInstance","1","DL_OVERLAND DL_HOGSMEADE","DL_HOGSMEADE","/Game/__ExternalActors__/Environment/River/LI_Hogsmeade_River/D/PO/JXLAK3HZP1KIG1M00HMIJ6","LV_Overland/Region/Hogwarts Valley/Hogsmeade_RiverBlockout/LI_Hogsmeade_River/Hogsmeade_RiverBlockout/RiverBank_LargeStones_A204","36125B45-4DFE-9A2C-2A71-2DA6BFC5AA4D"
"removed","RiverBank_LargeStones_A205","LevelInstance","1","DL_OVERLAND DL_HOGSMEADE","DL_HOGSMEADE","/Game/__ExternalActors__/Environment/River/LI_Hogsmeade_River/0/DD/AAAZ1EGQF5EJ058NO4KI9Q","LV_Overland/Region/Hogwarts Valley/Hogsmeade_RiverBlockout/LI_Hogsmeade_River/Hogsmeade_RiverBlockout/RiverBank_LargeStones_A205","60117D33-4AF8-D006-1D35-E79EE0702B90"
"removed","RiverBank_LargeStones_A206","LevelInstance","1","DL_OVERLAND DL_HOGSMEADE","DL_HOGSMEADE","/Game/__ExternalActors__/Environment/River/LI_Hogsmeade_River/9/G2/YF32WP76D56EYWATK60T60","LV_Overland/Region/Hogwarts Valley/Hogsmeade_RiverBlockout/LI_Hogsmeade_River/Hogsmeade_RiverBlockout/RiverBank_LargeStones_A206","25B68907-4C84-100F-0A45-39801300A7EC"
"removed","RiverBank_LargeStones_A207","LevelInstance","1","DL_OVERLAND DL_HOGSMEADE","DL_HOGSMEADE","/Game/__ExternalActors__/Environment/River/LI_Hogsmeade_River/3/OQ/IE3362T3B13HSO8I51M2QT","LV_Overland/Region/Hogwarts Valley/Hogsmeade_RiverBlockout/LI_Hogsmeade_River/Hogsmeade_RiverBlockout/RiverBank_LargeStones_A207","B6092D1B-4E3F-896F-5BBF-8A8BB7CC0AA2"
"removed","RiverBank_LargeStones_A208","LevelInstance","1","DL_OVERLAND DL_HOGSMEADE","DL_HOGSMEADE","/Game/__ExternalActors__/Environment/River/LI_Hogsmeade_River/3/WO/PXYA2IG6UEFOL46815JA8Q","LV_Overland/Region/Hogwarts Valley/Hogsmeade_RiverBlockout/LI_Hogsmeade_River/Hogsmeade_RiverBlockout/RiverBank_LargeStones_A208","20D26799-4E2F-16D2-5DFC-A69F04087C08"
"removed","RiverBank_LargeStones_A209","LevelInstance","1","DL_OVERLAND DL_HOGSMEADE","DL_HOGSMEADE","/Game/__ExternalActors__/Environment/River/LI_Hogsmeade_River/B/QO/EJ9KW3H0R0SA9BKANYS58R","LV_Overland/Region/Hogwarts Valley/Hogsmeade_RiverBlockout/LI_Hogsmeade_River/Hogsmeade_RiverBlockout/RiverBank_LargeStones_A209","568AB045-4B6B-570C-B141-4BA5A7C472FB"
"removed","RiverBank_LargeStones_A210","LevelInstance","1","DL_OVERLAND DL_HOGSMEADE","DL_HOGSMEADE","/Game/__ExternalActors__/Environment/River/LI_Hogsmeade_River/0/PV/3K3PAP0DVO36P1TCCWCJIO","LV_Overland/Region/Hogwarts Valley/Hogsmeade_RiverBlockout/LI_Hogsmeade_River/Hogsmeade_RiverBlockout/RiverBank_LargeStones_A210","057F2214-46BF-88B5-C197-428B34290617"
"removed","RiverBank_LargeStones_A212","LevelInstance","1","DL_OVERLAND DL_HOGSMEADE","DL_HOGSMEADE","/Game/__ExternalActors__/Environment/River/LI_Hogsmeade_River/7/5S/RBIIIG98MX3O8J2XP7EFHI","LV_Overland/Region/Hogwarts Valley/Hogsmeade_RiverBlockout/LI_Hogsmeade_River/Hogsmeade_RiverBlockout/RiverBank_LargeStones_A212","91DA4C31-4248-643D-F5A5-2E97FA2B70BA"
"removed","RiverBank_LargeStones_A213","LevelInstance","1","DL_OVERLAND DL_HOGSMEADE","DL_HOGSMEADE","/Game/__ExternalActors__/Environment/River/LI_Hogsmeade_River/3/MC/BG0HKPB5M5EGVDG5CQ9ACL","LV_Overland/Region/Hogwarts Valley/Hogsmeade_RiverBlockout/LI_Hogsmeade_River/Hogsmeade_RiverBlockout/RiverBank_LargeStones_A213","C8185208-4449-D690-48FD-CA83F6622438"
"removed","RiverBank_LargeStones_A214","LevelInstance","1","DL_OVERLAND DL_HOGSMEADE","DL_HOGSMEADE","/Game/__ExternalActors__/Environment/River/LI_Hogsmeade_River/4/01/0VSLTJ83KSZ5XC5P53U2PW","LV_Overland/Region/Hogwarts Valley/Hogsmeade_RiverBlockout/LI_Hogsmeade_River/Hogsmeade_RiverBlockout/RiverBank_LargeStones_A214","ECE582A3-40A5-8C35-E580-788B2E092726"
"removed","RiverBank_LargeStones_A215","LevelInstance","1","DL_OVERLAND DL_HOGSMEADE","DL_HOGSMEADE","/Game/__ExternalActors__/Environment/River/LI_Hogsmeade_River/F/0E/WEX1E0MPMDQPPEQ8SBTI1R","LV_Overland/Region/Hogwarts Valley/Hogsmeade_RiverBlockout/LI_Hogsmeade_River/Hogsmeade_RiverBlockout/RiverBank_LargeStones_A215","4C6B456F-443E-65E4-C1DE-E88C1EFBEC6D"
"removed","RiverBank_LargeStones_A216","LevelInstance","1","DL_OVERLAND DL_HOGSMEADE","DL_HOGSMEADE","/Game/__ExternalActors__/Environment/River/LI_Hogsmeade_River/0/10/GA55JJMA1KV17PD8R7NOP5","LV_Overland/Region/Hogwarts Valley/Hogsmeade_RiverBlockout/LI_Hogsmeade_River/Hogsmeade_RiverBlockout/RiverBank_LargeStones_A216","B27C61E7-495E-8B16-C630-5EA700FA0FCE"
"removed","RiverBank_LargeStones_A217","LevelInstance","1","DL_OVERLAND DL_HOGSMEADE","DL_HOGSMEADE","/Game/__ExternalActors__/Environment/River/LI_Hogsmeade_River/B/QY/D1MY5OGIQOLZR0TA1CGC99","LV_Overland/Region/Hogwarts Valley/Hogsmeade_RiverBlockout/LI_Hogsmeade_River/Hogsmeade_RiverBlockout/RiverBank_LargeStones_A217","5E5FF8BD-4C58-3B4B-7AB0-75BB5E0AC233"
"removed","RiverBank_LargeStones_A218","LevelInstance","1","DL_OVERLAND DL_HOGSMEADE","DL_HOGSMEADE","/Game/__ExternalActors__/Environment/River/LI_Hogsmeade_River/2/7Y/E2FW066IIFM31DLHFD4XW9","LV_Overland/Region/Hogwarts Valley/Hogsmeade_RiverBlockout/LI_Hogsmeade_River/Hogsmeade_RiverBlockout/RiverBank_LargeStones_A218","D9D6D49C-4BA2-9C99-D3C6-53A89333C702"
"removed","RiverBank_LargeStones_A219","LevelInstance","1","DL_OVERLAND DL_HOGSMEADE","DL_HOGSMEADE","/Game/__ExternalActors__/Environment/River/LI_Hogsmeade_River/2/24/H2QR5W3CH5B3850U1I2S0B","LV_Overland/Region/Hogwarts Valley/Hogsmeade_RiverBlockout/LI_Hogsmeade_River/Hogsmeade_RiverBlockout/RiverBank_LargeStones_A219","D1F8EDAB-48C8-922F-7702-4C83F4095DC2"
"removed","RiverBank_LargeStones_A22","LevelInstance","1","DL_OVERLAND DL_HOGSMEADE","DL_HOGSMEADE","/Game/__ExternalActors__/Environment/River/LI_Hogsmeade_River/8/SA/B8O8VBLWWWVFVNSBFP7Z7B","LV_Overland/Region/Hogwarts Valley/Hogsmeade_RiverBlockout/LI_Hogsmeade_River/Hogsmeade_RiverBlockout/RiverBank_LargeStones_A22","FE4045FC-4A3D-0738-FB07-15ACECFEA386"
"removed","RiverBank_LargeStones_A226","LevelInstance","1","DL_OVERLAND DL_HOGSMEADE","DL_HOGSMEADE","/Game/__ExternalActors__/Environment/River/LI_Hogsmeade_River/0/2Z/WCB0OCY6WYX8YI27V6RL82","LV_Overland/Region/Hogwarts Valley/Hogsmeade_RiverBlockout/LI_Hogsmeade_River/Hogsmeade_RiverBlockout/RiverBank_LargeStones_A226","2823EAF5-4504-58E6-EEB1-50843314BB4E"
"removed","RiverBank_LargeStones_A23","LevelInstance","1","DL_OVERLAND DL_HOGSMEADE","DL_HOGSMEADE","/Game/__ExternalActors__/Environment/River/LI_Hogsmeade_River/D/G8/T6WDYOWISL6YAKU837U9IB","LV_Overland/Region/Hogwarts Valley/Hogsmeade_RiverBlockout/LI_Hogsmeade_River/Hogsmeade_RiverBlockout/RiverBank_LargeStones_A23","4A4141E9-4CAC-D386-BC80-21AFCC18C5B5"
"removed","RiverBank_LargeStones_A230","LevelInstance","1","DL_OVERLAND DL_HOGSMEADE","DL_HOGSMEADE","/Game/__ExternalActors__/Environment/River/LI_Hogsmeade_River/7/06/L72JDDRLBH6NTU8H2NR4O9","LV_Overland/Region/Hogwarts Valley/Hogsmeade_RiverBlockout/LI_Hogsmeade_River/Hogsmeade_RiverBlockout/RiverBank_LargeStones_A230","B6F5D08D-4934-CCE9-8AB0-8B8753F60874"
"removed","RiverBank_LargeStones_A231","LevelInstance","1","DL_OVERLAND DL_HOGSMEADE","DL_HOGSMEADE","/Game/__ExternalActors__/Environment/River/LI_Hogsmeade_River/C/LO/3LB3BARKX3LNB526PPBZR6","LV_Overland/Region/Hogwarts Valley/Hogsmeade_RiverBlockout/LI_Hogsmeade_River/Hogsmeade_RiverBlockout/RiverBank_LargeStones_A231","E11842CA-4378-3407-E1CA-E0B3FF9AD05B"
"removed","RiverBank_LargeStones_A232","LevelInstance","1","DL_OVERLAND DL_HOGSMEADE","DL_HOGSMEADE","/Game/__ExternalActors__/Environment/River/LI_Hogsmeade_River/C/YJ/Y21FSFFEM6MJ9JU6YZ4O02","LV_Overland/Region/Hogwarts Valley/Hogsmeade_RiverBlockout/LI_Hogsmeade_River/Hogsmeade_RiverBlockout/RiverBank_LargeStones_A232","C6982F77-4147-D3F0-4066-1CAB7312A91B"
"removed","RiverBank_LargeStones_A233","LevelInstance","1","DL_OVERLAND DL_HOGSMEADE","DL_HOGSMEADE","/Game/__ExternalActors__/Environment/River/LI_Hogsmeade_River/0/S4/R2UZDBS6U1GRM9J5411Q5L","LV_Overland/Region/Hogwarts Valley/Hogsmeade_RiverBlockout/LI_Hogsmeade_River/Hogsmeade_RiverBlockout/RiverBank_LargeStones_A233","1078F9CA-4134-5014-9F3E-E4934C99C818"
"removed","RiverBank_LargeStones_A236","LevelInstance","1","DL_OVERLAND DL_HOGSMEADE","DL_HOGSMEADE","/Game/__ExternalActors__/Environment/River/LI_Hogsmeade_River/2/9U/X5FCGB3PCMT5YH4B8NDY73","LV_Overland/Region/Hogwarts Valley/Hogsmeade_RiverBlockout/LI_Hogsmeade_River/Hogsmeade_RiverBlockout/RiverBank_LargeStones_A236","21C1DC0B-4E9A-D4DE-421C-808843AC6B2A"
"removed","RiverBank_LargeStones_A237","LevelInstance","1","DL_OVERLAND DL_HOGSMEADE","DL_HOGSMEADE","/Game/__ExternalActors__/Environment/River/LI_Hogsmeade_River/0/4L/NOZB9NJ6D1970R82M2U259","LV_Overland/Region/Hogwarts Valley/Hogsmeade_RiverBlockout/LI_Hogsmeade_River/Hogsmeade_RiverBlockout/RiverBank_LargeStones_A237","8D8E0848-4485-AD39-2DF7-C087CB8CCA1A"
"removed","RiverBank_LargeStones_A239","LevelInstance","1","DL_OVERLAND DL_HOGSMEADE","DL_HOGSMEADE","/Game/__ExternalActors__/Environment/River/LI_Hogsmeade_River/9/NX/I8I9U4AO67SIJQ0686SL6P","LV_Overland/Region/Hogwarts Valley/Hogsmeade_RiverBlockout/LI_Hogsmeade_River/Hogsmeade_RiverBlockout/RiverBank_LargeStones_A239","C8253F3B-4959-EFB1-F07A-0D9AC7DF44E8"
"removed","RiverBank_LargeStones_A24","LevelInstance","1","DL_OVERLAND DL_HOGSMEADE","DL_HOGSMEADE","/Game/__ExternalActors__/Environment/River/LI_Hogsmeade_River/6/0I/CYK8TYF0DEDHB3R1PQHW6M","LV_Overland/Region/Hogwarts Valley/Hogsmeade_RiverBlockout/LI_Hogsmeade_River/Hogsmeade_RiverBlockout/RiverBank_LargeStones_A24","F57DCDC4-47CD-216A-DE15-AAB85A4B8415"
"removed","RiverBank_LargeStones_A240","LevelInstance","1","DL_OVERLAND DL_HOGSMEADE","DL_HOGSMEADE","/Game/__ExternalActors__/Environment/River/LI_Hogsmeade_River/6/Z6/RBL0EKZXUBZIWT79W05IIF","LV_Overland/Region/Hogwarts Valley/Hogsmeade_RiverBlockout/LI_Hogsmeade_River/Hogsmeade_RiverBlockout/RiverBank_LargeStones_A240","F26F61F9-48E0-7C7A-242B-39AA20941F2A"
"removed","RiverBank_LargeStones_A247","LevelInstance","1","DL_OVERLAND DL_HOGSMEADE","DL_HOGSMEADE","/Game/__ExternalActors__/Environment/River/LI_Hogsmeade_River/3/8I/3EN0XSZOLV1WR3OLHSA3P0","LV_Overland/Region/Hogwarts Valley/Hogsmeade_RiverBlockout/LI_Hogsmeade_River/Hogsmeade_RiverBlockout/RiverBank_LargeStones_A247","2AE9F47D-4DB2-5B16-35EF-55A5641CBA64"
"removed","RiverBank_LargeStones_A248","LevelInstance","1","DL_OVERLAND DL_HOGSMEADE","DL_HOGSMEADE","/Game/__ExternalActors__/Environment/River/LI_Hogsmeade_River/B/X6/S3YFQFLP39TXWU0FC08COV","LV_Overland/Region/Hogwarts Valley/Hogsmeade_RiverBlockout/LI_Hogsmeade_River/Hogsmeade_RiverBlockout/RiverBank_LargeStones_A248","BF02C587-43B5-7181-DC21-73B3C58088D9"
"removed","RiverBank_LargeStones_A252","LevelInstance","1","DL_OVERLAND DL_HOGSMEADE","DL_HOGSMEADE","/Game/__ExternalActors__/Environment/River/LI_Hogsmeade_River/D/OC/PPKIODEK23MUSFJD05CRB5","LV_Overland/Region/Hogwarts Valley/Hogsmeade_RiverBlockout/LI_Hogsmeade_River/RiverBank_LargeStones_A252","9B78AB05-4FA5-CE58-6582-819882F8B823"
"removed","RiverBank_LargeStones_A254","LevelInstance","1","DL_OVERLAND DL_HOGSMEADE","DL_HOGSMEADE","/Game/__ExternalActors__/Environment/River/LI_Hogsmeade_River/C/LC/AHUZ6Y5GFKSWPGQXYO3PPK","LV_Overland/Region/Hogwarts Valley/Hogsmeade_RiverBlockout/LI_Hogsmeade_River/RiverBank_LargeStones_A254","5E591959-431C-97F4-E9CF-D18F515417DB"
"removed","RiverBank_LargeStones_A27","LevelInstance","1","DL_OVERLAND DL_HOGSMEADE","DL_HOGSMEADE","/Game/__ExternalActors__/Environment/River/LI_Hogsmeade_River/8/KM/DBYPT5U764GTCHL07PSPFD","LV_Overland/Region/Hogwarts Valley/Hogsmeade_RiverBlockout/LI_Hogsmeade_River/Hogsmeade_RiverBlockout/RiverBank_LargeStones_A27","F56CC35D-48FA-CBD3-3D38-C6A2B0B1ED65"
"removed","RiverBank_LargeStones_A271","LevelInstance","1","DL_OVERLAND DL_HOGSMEADE","DL_HOGSMEADE","/Game/__ExternalActors__/Environment/River/LI_Hogsmeade_River/E/WG/HX4SVZAWIVGM9FM4O9LJI1","LV_Overland/Region/Hogwarts Valley/Hogsmeade_RiverBlockout/LI_Hogsmeade_River/RiverBank_LargeStones_A271","DBAF1A03-4993-9E52-47C0-329C6C241192"
"removed","RiverBank_LargeStones_A278","LevelInstance","1","DL_OVERLAND DL_HOGSMEADE","DL_HOGSMEADE","/Game/__ExternalActors__/Environment/River/LI_Hogsmeade_River/0/KL/PD2NCQBQLBI67QOGEBZYKA","LV_Overland/Region/Hogwarts Valley/Hogsmeade_RiverBlockout/LI_Hogsmeade_River/RiverBank_LargeStones_A278","2E90F3CE-4303-1A04-407A-DDBD0216F456"
"removed","RiverBank_LargeStones_A279","LevelInstance","1","DL_OVERLAND DL_HOGSMEADE","DL_HOGSMEADE","/Game/__ExternalActors__/Environment/River/LI_Hogsmeade_River/B/AT/ABGG3Z5LT7FTU5LJBP4RV1","LV_Overland/Region/Hogwarts Valley/Hogsmeade_RiverBlockout/LI_Hogsmeade_River/Hogsmeade_RiverBlockout/RiverBank_LargeStones_A279","283BE88D-49C7-3F90-198B-B2B713E92BE3"
"removed","RiverBank_LargeStones_A28","LevelInstance","1","DL_OVERLAND DL_HOGSMEADE","DL_HOGSMEADE","/Game/__ExternalActors__/Environment/River/LI_Hogsmeade_River/6/YT/7RANX2QC6AVPB76WTYLTEY","LV_Overland/Region/Hogwarts Valley/Hogsmeade_RiverBlockout/LI_Hogsmeade_River/Hogsmeade_RiverBlockout/RiverBank_LargeStones_A28","78CDC169-476B-69A1-2C95-0E81E20AB229"
"removed","RiverBank_LargeStones_A280","LevelInstance","1","DL_OVERLAND DL_HOGSMEADE","DL_HOGSMEADE","/Game/__ExternalActors__/Environment/River/LI_Hogsmeade_River/2/VS/WVFS8S8M9UZZ6XVZ7XR62K","LV_Overland/Region/Hogwarts Valley/Hogsmeade_RiverBlockout/LI_Hogsmeade_River/Hogsmeade_RiverBlockout/RiverBank_LargeStones_A280","45760D74-48E8-D459-5F5E-BD8F9ED780C4"
"removed","RiverBank_LargeStones_A286","LevelInstance","1","DL_OVERLAND DL_HOGSMEADE","DL_HOGSMEADE","/Game/__ExternalActors__/Environment/River/LI_Hogsmeade_River/9/82/KNH82BQCBXLR8L2X4LTUEM","LV_Overland/Region/Hogwarts Valley/Hogsmeade_RiverBlockout/LI_Hogsmeade_River/Hogsmeade_RiverBlockout/RiverBank_LargeStones_A286","0449C03C-4E61-D781-DF91-F78AE4273198"
"removed","RiverBank_LargeStones_A287","LevelInstance","1","DL_OVERLAND DL_HOGSMEADE","DL_HOGSMEADE","/Game/__ExternalActors__/Environment/River/LI_Hogsmeade_River/7/0G/0JI88RJQKTLNQ4INUPITL7","LV_Overland/Region/Hogwarts Valley/Hogsmeade_RiverBlockout/LI_Hogsmeade_River/Hogsmeade_RiverBlockout/RiverBank_LargeStones_A287","0C958A76-4693-ACED-A090-9DB134A071EC"
"removed","RiverBank_LargeStones_A288","LevelInstance","1","DL_OVERLAND DL_HOGSMEADE","DL_HOGSMEADE","/Game/__ExternalActors__/Environment/River/LI_Hogsmeade_River/6/QN/GP78CJ0NSDMPLOJFGAYYHA","LV_Overland/Region/Hogwarts Valley/Hogsmeade_RiverBlockout/LI_Hogsmeade_River/Hogsmeade_RiverBlockout/RiverBank_LargeStones_A288","9E44061A-4F6F-09B6-CA8E-59832109A185"
"removed","RiverBank_LargeStones_A289","LevelInstance","1","DL_OVERLAND DL_HOGSMEADE","DL_HOGSMEADE","/Game/__ExternalActors__/Environment/River/LI_Hogsmeade_River/1/BL/M49JJCA1LTIL7YOVCIGD7H","LV_Overland/Region/Hogwarts Valley/Hogsmeade_RiverBlockout/LI_Hogsmeade_River/Hogsmeade_RiverBlockout/RiverBank_LargeStones_A289","B3DEE03F-4A87-0FC9-4644-BDB5C1BE6317"
"removed","RiverBank_LargeStones_A29","LevelInstance","1","DL_OVERLAND DL_HOGSMEADE","DL_HOGSMEADE","/Game/__ExternalActors__/Environment/River/LI_Hogsmeade_River/5/AW/852C2UQOQYP420DG9WER4Z","LV_Overland/Region/Hogwarts Valley/Hogsmeade_RiverBlockout/LI_Hogsmeade_River/Hogsmeade_RiverBlockout/RiverBank_LargeStones_A29","0EAD4643-41DD-DB47-206E-99911DAB0044"
"removed","RiverBank_LargeStones_A290","LevelInstance","1","DL_OVERLAND DL_HOGSMEADE","DL_HOGSMEADE","/Game/__ExternalActors__/Environment/River/LI_Hogsmeade_River/C/IT/ZQYNWWSFX7IJZD4ZDOBMSY","LV_Overland/Region/Hogwarts Valley/Hogsmeade_RiverBlockout/LI_Hogsmeade_River/Hogsmeade_RiverBlockout/RiverBank_LargeStones_A290","4F5BC715-433C-26EF-C173-AE9199BBA243"
"removed","RiverBank_LargeStones_A30","LevelInstance","1","DL_OVERLAND DL_HOGSMEADE","DL_HOGSMEADE","/Game/__ExternalActors__/Environment/River/LI_Hogsmeade_River/D/BO/L7WWKVVGB38ABCDI72G357","LV_Overland/Region/Hogwarts Valley/Hogsmeade_RiverBlockout/LI_Hogsmeade_River/Hogsmeade_RiverBlockout/RiverBank_LargeStones_A30","7332CAB9-4D7B-8C02-6B24-6E9F8181FF08"
"removed","RiverBank_LargeStones_A31","LevelInstance","1","DL_OVERLAND DL_HOGSMEADE","DL_HOGSMEADE","/Game/__ExternalActors__/Environment/River/LI_Hogsmeade_River/4/PC/LNZDEVU3CDMKM1S7NPA7I3","LV_Overland/Region/Hogwarts Valley/Hogsmeade_RiverBlockout/LI_Hogsmeade_River/Hogsmeade_RiverBlockout/RiverBank_LargeStones_A31","F1070BB8-4A82-7A76-119A-64941D84516B"
"removed","RiverBank_LargeStones_A32","LevelInstance","1","DL_OVERLAND DL_HOGSMEADE","DL_HOGSMEADE","/Game/__ExternalActors__/Environment/River/LI_Hogsmeade_River/3/O1/UKO8WUEZ74VIBYAH1YR4LN","LV_Overland/Region/Hogwarts Valley/Hogsmeade_RiverBlockout/LI_Hogsmeade_River/Hogsmeade_RiverBlockout/RiverBank_LargeStones_A32","B489E61B-40A5-8594-344A-01B522262E8A"
"removed","RiverBank_LargeStones_A33","LevelInstance","1","DL_OVERLAND DL_HOGSMEADE","DL_HOGSMEADE","/Game/__ExternalActors__/Environment/River/LI_Hogsmeade_River/9/IC/G539KUZH4XWDEI0VXX23JH","LV_Overland/Region/Hogwarts Valley/Hogsmeade_RiverBlockout/LI_Hogsmeade_River/Hogsmeade_RiverBlockout/RiverBank_LargeStones_A33","259988A8-498B-58BC-1EEB-A8AA0CCDB1A0"
"removed","RiverBank_LargeStones_A34","LevelInstance","1","DL_OVERLAND DL_HOGSMEADE","DL_HOGSMEADE","/Game/__ExternalActors__/Environment/River/LI_Hogsmeade_River/5/I2/8DJJSMNHCYK9A01ZDWWWCQ","LV_Overland/Region/Hogwarts Valley/Hogsmeade_RiverBlockout/LI_Hogsmeade_River/Hogsmeade_RiverBlockout/RiverBank_LargeStones_A34","AD58E697-40DA-FC64-2AA2-DBBF1E39521B"
"removed","RiverBank_LargeStones_A37","LevelInstance","1","DL_OVERLAND DL_HOGSMEADE","DL_HOGSMEADE","/Game/__ExternalActors__/Environment/River/LI_Hogsmeade_River/1/AV/TN80FPZK00R53BHD3VRC0K","LV_Overland/Region/Hogwarts Valley/Hogsmeade_RiverBlockout/LI_Hogsmeade_River/Hogsmeade_RiverBlockout/RiverBank_LargeStones_A37","0DB21984-459F-ACFD-AA3B-FA969A9D16E9"
"removed","RiverBank_LargeStones_A38","LevelInstance","1","DL_OVERLAND DL_HOGSMEADE","DL_HOGSMEADE","/Game/__ExternalActors__/Environment/River/LI_Hogsmeade_River/9/V5/RVXTCMMDJHS4WTXDBV2W98","LV_Overland/Region/Hogwarts Valley/Hogsmeade_RiverBlockout/LI_Hogsmeade_River/Hogsmeade_RiverBlockout/RiverBank_LargeStones_A38","4DB1521F-4C48-4AC7-A847-3A8DB3F24676"
"removed","RiverBank_LargeStones_A39","LevelInstance","1","DL_OVERLAND DL_HOGSMEADE","DL_HOGSMEADE","/Game/__ExternalActors__/Environment/River/LI_Hogsmeade_River/B/MF/OKL2SXTHHSV46BUMG3LHT8","LV_Overland/Region/Hogwarts Valley/Hogsmeade_RiverBlockout/LI_Hogsmeade_River/Hogsmeade_RiverBlockout/RiverBank_LargeStones_A39","8011FB97-4DB0-06B1-F908-09B2FBC36FE7"
"removed","RiverBank_LargeStones_A41","LevelInstance","1","DL_OVERLAND DL_HOGSMEADE","DL_HOGSMEADE","/Game/__ExternalActors__/Environment/River/LI_Hogsmeade_River/B/SB/LWVI6X8ZTESN0R2EZPB4UN","LV_Overland/Region/Hogwarts Valley/Hogsmeade_RiverBlockout/LI_Hogsmeade_River/Hogsmeade_RiverBlockout/RiverBank_LargeStones_A41","D6A5CC84-4D3F-B5F0-75C5-30AEE7AE72F5"
"removed","RiverBank_LargeStones_A42","LevelInstance","1","DL_OVERLAND DL_HOGSMEADE","DL_HOGSMEADE","/Game/__ExternalActors__/Environment/River/LI_Hogsmeade_River/6/AQ/3TCVA3DK8IQE33VCDX0YLJ","LV_Overland/Region/Hogwarts Valley/Hogsmeade_RiverBlockout/LI_Hogsmeade_River/Hogsmeade_RiverBlockout/RiverBank_LargeStones_A42","DB394E88-4DA6-0572-EE6A-40AE9AC4610D"
"removed","RiverBank_LargeStones_A43","LevelInstance","1","DL_OVERLAND DL_HOGSMEADE","DL_HOGSMEADE","/Game/__ExternalActors__/Environment/River/LI_Hogsmeade_River/C/G5/C21D8D31WR6KCHOTWB8Q3K","LV_Overland/Region/Hogwarts Valley/Hogsmeade_RiverBlockout/LI_Hogsmeade_River/Hogsmeade_RiverBlockout/RiverBank_LargeStones_A43","79949730-47A0-BCEC-8A61-9EAEAF1BBD09"
"removed","RiverBank_LargeStones_A44","LevelInstance","1","DL_OVERLAND DL_HOGSMEADE","DL_HOGSMEADE","/Game/__ExternalActors__/Environment/River/LI_Hogsmeade_River/B/GO/319OGK88GMPGJHS590SID8","LV_Overland/Region/Hogwarts Valley/Hogsmeade_RiverBlockout/LI_Hogsmeade_River/Hogsmeade_RiverBlockout/RiverBank_LargeStones_A44","A299077E-4727-7143-A561-3D804983B83E"
"removed","RiverBank_LargeStones_A45","LevelInstance","1","DL_OVERLAND DL_HOGSMEADE","DL_HOGSMEADE","/Game/__ExternalActors__/Environment/River/LI_Hogsmeade_River/1/NN/8RZWPR8VGRNQH8DYZ6DE8P","LV_Overland/Region/Hogwarts Valley/Hogsmeade_RiverBlockout/LI_Hogsmeade_River/Hogsmeade_RiverBlockout/RiverBank_LargeStones_A45","944E7E31-476B-6B83-9640-A1A48CF342D8"
"removed","RiverBank_LargeStones_A46","LevelInstance","1","DL_OVERLAND DL_HOGSMEADE","DL_HOGSMEADE","/Game/__ExternalActors__/Environment/River/LI_Hogsmeade_River/5/D8/7CF4LUNDF31L5QVS9H0DND","LV_Overland/Region/Hogwarts Valley/Hogsmeade_RiverBlockout/LI_Hogsmeade_River/Hogsmeade_RiverBlockout/RiverBank_LargeStones_A46","9CAD5393-4EB2-1E1C-053A-43BA2175C4CF"
"removed","RiverBank_LargeStones_A47","LevelInstance","1","DL_OVERLAND DL_HOGSMEADE","DL_HOGSMEADE","/Game/__ExternalActors__/Environment/River/LI_Hogsmeade_River/A/XY/43QBISVPGOVJOROSIQ6M0J","LV_Overland/Region/Hogwarts Valley/Hogsmeade_RiverBlockout/LI_Hogsmeade_River/Hogsmeade_RiverBlockout/RiverBank_LargeStones_A47","6F08BABF-4449-F6B8-FAB3-56BF733E4DEB"
"removed","RiverBank_LargeStones_A48","LevelInstance","1","DL_OVERLAND DL_HOGSMEADE","DL_HOGSMEADE","/Game/__ExternalActors__/Environment/River/LI_Hogsmeade_River/E/38/FZ368DNEIDB437CWGKENGJ","LV_Overland/Region/Hogwarts Valley/Hogsmeade_RiverBlockout/LI_Hogsmeade_River/Hogsmeade_RiverBlockout/RiverBank_LargeStones_A48","F17A4EE8-458F-4692-E9B9-69B9F0796400"
"removed","RiverBank_LargeStones_A49","LevelInstance","1","DL_OVERLAND DL_HOGSMEADE","DL_HOGSMEADE","/Game/__ExternalActors__/Environment/River/LI_Hogsmeade_River/9/OE/1ZOH2M4674NZA4WVVWNZA9","LV_Overland/Region/Hogwarts Valley/Hogsmeade_RiverBlockout/LI_Hogsmeade_River/Hogsmeade_RiverBlockout/RiverBank_LargeStones_A49","C2F5E971-402C-18D0-2E30-89898DAF9DAD"
"removed","RiverBank_LargeStones_A5","LevelInstance","1","DL_OVERLAND DL_HOGSMEADE","DL_HOGSMEADE","/Game/__ExternalActors__/Environment/River/LI_Hogsmeade_River/C/7Q/0XKP1E1X5GWJ7A2YS0BF2Q","LV_Overland/Region/Hogwarts Valley/Hogsmeade_RiverBlockout/LI_Hogsmeade_River/Hogsmeade_RiverBlockout/RiverBank_LargeStones_A5","35910A21-4040-2F4B-EE81-468EC597799A"
"removed","RiverBank_LargeStones_A50","LevelInstance","1","DL_OVERLAND DL_HOGSMEADE","DL_HOGSMEADE","/Game/__ExternalActors__/Environment/River/LI_Hogsmeade_River/9/UX/6V3RRJF8LXTU6XSNRDRSW7","LV_Overland/Region/Hogwarts Valley/Hogsmeade_RiverBlockout/LI_Hogsmeade_River/Hogsmeade_RiverBlockout/RiverBank_LargeStones_A50","0C8E8E57-437B-3734-233B-C39379400F9D"
"removed","RiverBank_LargeStones_A51","LevelInstance","1","DL_OVERLAND DL_HOGSMEADE","DL_HOGSMEADE","/Game/__ExternalActors__/Environment/River/LI_Hogsmeade_River/A/YP/2V5LWA16W4EQQEPJ33W5JT","LV_Overland/Region/Hogwarts Valley/Hogsmeade_RiverBlockout/LI_Hogsmeade_River/Hogsmeade_RiverBlockout/RiverBank_LargeStones_A51","F75E69CF-4992-DBF4-5B2F-14B442C9A939"
"removed","RiverBank_LargeStones_A52","LevelInstance","1","DL_OVERLAND DL_HOGSMEADE","DL_HOGSMEADE","/Game/__ExternalActors__/Environment/River/LI_Hogsmeade_River/0/WS/XKLWFJWXXMYHNPCQZUM7G0","LV_Overland/Region/Hogwarts Valley/Hogsmeade_RiverBlockout/LI_Hogsmeade_River/Hogsmeade_RiverBlockout/RiverBank_LargeStones_A52","FBC13E3C-4E4A-C886-A811-04B33FEF8BE1"
"removed","RiverBank_LargeStones_A53","LevelInstance","1","DL_OVERLAND DL_HOGSMEADE","DL_HOGSMEADE","/Game/__ExternalActors__/Environment/River/LI_Hogsmeade_River/B/1W/OGJUYE1NCWWNYULF78UN7D","LV_Overland/Region/Hogwarts Valley/Hogsmeade_RiverBlockout/LI_Hogsmeade_River/Hogsmeade_RiverBlockout/RiverBank_LargeStones_A53","5D190AE9-4ED4-6226-0A49-4F93FA09935D"
"removed","RiverBank_LargeStones_A54","LevelInstance","1","DL_OVERLAND DL_HOGSMEADE","DL_HOGSMEADE","/Game/__ExternalActors__/Environment/River/LI_Hogsmeade_River/B/MF/AIHOMHTXC06CJSCFRRAJVP","LV_Overland/Region/Hogwarts Valley/Hogsmeade_RiverBlockout/LI_Hogsmeade_River/Hogsmeade_RiverBlockout/RiverBank_LargeStones_A54","A412FFF4-4E0E-9106-6CCF-EFB21A7832FD"
"removed","RiverBank_LargeStones_A55","LevelInstance","1","DL_OVERLAND DL_HOGSMEADE","DL_HOGSMEADE","/Game/__ExternalActors__/Environment/River/LI_Hogsmeade_River/2/C6/KV58CAAH82HGGV5V619IV6","LV_Overland/Region/Hogwarts Valley/Hogsmeade_RiverBlockout/LI_Hogsmeade_River/Hogsmeade_RiverBlockout/RiverBank_LargeStones_A55","752A6F9E-4F4A-4518-B986-A8AFF9AC2712"
"removed","RiverBank_LargeStones_A56","LevelInstance","1","DL_OVERLAND DL_HOGSMEADE","DL_HOGSMEADE","/Game/__ExternalActors__/Environment/River/LI_Hogsmeade_River/4/0J/J5UIT0VJJWFBF9RIECEHSL","LV_Overland/Region/Hogwarts Valley/Hogsmeade_RiverBlockout/LI_Hogsmeade_River/Hogsmeade_RiverBlockout/RiverBank_LargeStones_A56","AB92F32D-4E67-DD6D-5311-00AE140F1F9B"
"removed","RiverBank_LargeStones_A57","LevelInstance","1","DL_OVERLAND DL_HOGSMEADE","DL_HOGSMEADE","/Game/__ExternalActors__/Environment/River/LI_Hogsmeade_River/5/Q4/X1IBRASO8KWBL6G9JWNB2B","LV_Overland/Region/Hogwarts Valley/Hogsmeade_RiverBlockout/LI_Hogsmeade_River/Hogsmeade_RiverBlockout/RiverBank_LargeStones_A57","B2558794-4265-E563-DD9A-BA9057E861C1"
"removed","RiverBank_LargeStones_A58","LevelInstance","1","DL_OVERLAND DL_HOGSMEADE","DL_HOGSMEADE","/Game/__ExternalActors__/Environment/River/LI_Hogsmeade_River/A/0I/F3KZG7N8TEV00EJG28U4OY","LV_Overland/Region/Hogwarts Valley/Hogsmeade_RiverBlockout/LI_Hogsmeade_River/Hogsmeade_RiverBlockout/RiverBank_LargeStones_A58","407411BB-4901-E7BA-2312-0E84EECF9F21"
"removed","RiverBank_LargeStones_A59","LevelInstance","1","DL_OVERLAND DL_HOGSMEADE","DL_HOGSMEADE","/Game/__ExternalActors__/Environment/River/LI_Hogsmeade_River/1/ZJ/DER2QRNA6XA6BIR5TK7UBL","LV_Overland/Region/Hogwarts Valley/Hogsmeade_RiverBlockout/LI_Hogsmeade_River/Hogsmeade_RiverBlockout/RiverBank_LargeStones_A59","B66E566C-4B5E-9971-C78E-E1A152398749"
"removed","RiverBank_LargeStones_A6","LevelInstance","1","DL_OVERLAND DL_HOGSMEADE","DL_HOGSMEADE","/Game/__ExternalActors__/Environment/River/LI_Hogsmeade_River/8/ML/VFK83ZQG8W2W88JJ081ZG5","LV_Overland/Region/Hogwarts Valley/Hogsmeade_RiverBlockout/LI_Hogsmeade_River/Hogsmeade_RiverBlockout/RiverBank_LargeStones_A6","4C3339A7-4FDB-2D99-C991-F7973822B484"
"removed","RiverBank_LargeStones_A60","LevelInstance","1","DL_OVERLAND DL_HOGSMEADE","DL_HOGSMEADE","/Game/__ExternalActors__/Environment/River/LI_Hogsmeade_River/1/6Z/XZV53V4EARE9ERPV2GUZYQ","LV_Overland/Region/Hogwarts Valley/Hogsmeade_RiverBlockout/LI_Hogsmeade_River/Hogsmeade_RiverBlockout/RiverBank_LargeStones_A60","7BB01441-488E-5C5C-9AE6-0BB38F521E7C"
"removed","RiverBank_LargeStones_A61","LevelInstance","1","DL_OVERLAND DL_HOGSMEADE","DL_HOGSMEADE","/Game/__ExternalActors__/Environment/River/LI_Hogsmeade_River/9/L9/OP1YGJUSY6MYOPXX4Z3OMU","LV_Overland/Region/Hogwarts Valley/Hogsmeade_RiverBlockout/LI_Hogsmeade_River/Hogsmeade_RiverBlockout/RiverBank_LargeStones_A61","BAD4AF78-4E73-0625-2CCB-83BADC82215E"
"removed","RiverBank_LargeStones_A62","LevelInstance","1","DL_OVERLAND DL_HOGSMEADE","DL_HOGSMEADE","/Game/__ExternalActors__/Environment/River/LI_Hogsmeade_River/C/H9/09HQVVDS8X3G6RFCWJV1HW","LV_Overland/Region/Hogwarts Valley/Hogsmeade_RiverBlockout/LI_Hogsmeade_River/Hogsmeade_RiverBlockout/RiverBank_LargeStones_A62","7431F81B-4EB2-5A6B-00B1-D6A75D320F6F"
"removed","RiverBank_LargeStones_A63","LevelInstance","1","DL_OVERLAND DL_HOGSMEADE","DL_HOGSMEADE","/Game/__ExternalActors__/Environment/River/LI_Hogsmeade_River/4/I2/IGMJM5VYWTXYD8LSM4IRWQ","LV_Overland/Region/Hogwarts Valley/Hogsmeade_RiverBlockout/LI_Hogsmeade_River/Hogsmeade_RiverBlockout/RiverBank_LargeStones_A63","BC63F740-4002-57EC-761D-7F8E82EF3D86"
"removed","RiverBank_LargeStones_A64","LevelInstance","1","DL_OVERLAND DL_HOGSMEADE","DL_HOGSMEADE","/Game/__ExternalActors__/Environment/River/LI_Hogsmeade_River/E/N1/0WXRVE5906DUBROCNYOELA","LV_Overland/Region/Hogwarts Valley/Hogsmeade_RiverBlockout/LI_Hogsmeade_River/Hogsmeade_RiverBlockout/RiverBank_LargeStones_A64","2FDC85AF-487B-9590-8EA4-8FA6DC27BCC6"
"removed","RiverBank_LargeStones_A65","LevelInstance","1","DL_OVERLAND DL_HOGSMEADE","DL_HOGSMEADE","/Game/__ExternalActors__/Environment/River/LI_Hogsmeade_River/1/5C/LF6GSK8KSFOU2AJ5X3EJ67","LV_Overland/Region/Hogwarts Valley/Hogsmeade_RiverBlockout/LI_Hogsmeade_River/Hogsmeade_RiverBlockout/RiverBank_LargeStones_A65","65C49976-4821-93DA-5397-61958696A326"
"removed","RiverBank_LargeStones_A66","LevelInstance","1","DL_OVERLAND DL_HOGSMEADE","DL_HOGSMEADE","/Game/__ExternalActors__/Environment/River/LI_Hogsmeade_River/B/WW/4MXFMD6W962OZ6TG3XECVK","LV_Overland/Region/Hogwarts Valley/Hogsmeade_RiverBlockout/LI_Hogsmeade_River/Hogsmeade_RiverBlockout/RiverBank_LargeStones_A66","F7CE5E2A-432F-E022-0098-2A842DBC304B"
"removed","RiverBank_LargeStones_A67","LevelInstance","1","DL_OVERLAND DL_HOGSMEADE","DL_HOGSMEADE","/Game/__ExternalActors__/Environment/River/LI_Hogsmeade_River/7/GJ/84RWUTXYXMYCSS3A6KCZMD","LV_Overland/Region/Hogwarts Valley/Hogsmeade_RiverBlockout/LI_Hogsmeade_River/Hogsmeade_RiverBlockout/RiverBank_LargeStones_A67","19CDFF94-44F1-44CB-A49B-5BA1B29D503A"
"removed","RiverBank_LargeStones_A68","LevelInstance","1","DL_OVERLAND DL_HOGSMEADE","DL_HOGSMEADE","/Game/__ExternalActors__/Environment/River/LI_Hogsmeade_River/9/DZ/LH02PMP9SLN79YMEIWKE4F","LV_Overland/Region/Hogwarts Valley/Hogsmeade_RiverBlockout/LI_Hogsmeade_River/Hogsmeade_RiverBlockout/RiverBank_LargeStones_A68","C538BDDA-4C77-26DC-CA05-4B84BB7436AE"
"removed","RiverBank_LargeStones_A69","LevelInstance","1","DL_OVERLAND DL_HOGSMEADE","DL_HOGSMEADE","/Game/__ExternalActors__/Environment/River/LI_Hogsmeade_River/2/BT/Q96VT5IMBUR8LHUHCVRPQX","LV_Overland/Region/Hogwarts Valley/Hogsmeade_RiverBlockout/LI_Hogsmeade_River/Hogsmeade_RiverBlockout/RiverBank_LargeStones_A69","0A420AB8-4720-F866-0070-A58C44074E8D"
"removed","RiverBank_LargeStones_A7","LevelInstance","1","DL_OVERLAND DL_HOGSMEADE","DL_HOGSMEADE","/Game/__ExternalActors__/Environment/River/LI_Hogsmeade_River/0/77/11VKEMKCSL4RT5CMD0KABP","LV_Overland/Region/Hogwarts Valley/Hogsmeade_RiverBlockout/LI_Hogsmeade_River/Hogsmeade_RiverBlockout/RiverBank_LargeStones_A7","9E3EAE44-4550-8C7E-B129-098AC336B519"
"removed","RiverBank_LargeStones_A70","LevelInstance","1","DL_OVERLAND DL_HOGSMEADE","DL_HOGSMEADE","/Game/__ExternalActors__/Environment/River/LI_Hogsmeade_River/6/CC/VFBEDHW43E2PLBXRFGV047","LV_Overland/Region/Hogwarts Valley/Hogsmeade_RiverBlockout/LI_Hogsmeade_River/Hogsmeade_RiverBlockout/RiverBank_LargeStones_A70","3E73E847-484A-5274-500D-BC840ABCC86A"
"removed","RiverBank_LargeStones_A71","LevelInstance","1","DL_OVERLAND DL_HOGSMEADE","DL_HOGSMEADE","/Game/__ExternalActors__/Environment/River/LI_Hogsmeade_River/A/DR/W5XA6Z7OY88JBDPNH6WQTI","LV_Overland/Region/Hogwarts Valley/Hogsmeade_RiverBlockout/LI_Hogsmeade_River/Hogsmeade_RiverBlockout/RiverBank_LargeStones_A71","8D051262-4542-FAC0-4A81-5D8F828448A6"
"removed","RiverBank_LargeStones_A72","LevelInstance","1","DL_OVERLAND DL_HOGSMEADE","DL_HOGSMEADE","/Game/__ExternalActors__/Environment/River/LI_Hogsmeade_River/E/50/CWEAJT3CYI2BFIZQ1XM2LT","LV_Overland/Region/Hogwarts Valley/Hogsmeade_RiverBlockout/LI_Hogsmeade_River/Hogsmeade_RiverBlockout/RiverBank_LargeStones_A72","0910F775-4D80-0AE5-06D5-93AA122D2E06"
"removed","RiverBank_LargeStones_A73","LevelInstance","1","DL_OVERLAND DL_HOGSMEADE","DL_HOGSMEADE","/Game/__ExternalActors__/Environment/River/LI_Hogsmeade_River/E/WB/HB5Q0WW6H53PYBKARTZA70","LV_Overland/Region/Hogwarts Valley/Hogsmeade_RiverBlockout/LI_Hogsmeade_River/Hogsmeade_RiverBlockout/RiverBank_LargeStones_A73","1929DEC8-483C-2293-28F2-FA9C621B558A"
"removed","RiverBank_LargeStones_A74","LevelInstance","1","DL_OVERLAND DL_HOGSMEADE","DL_HOGSMEADE","/Game/__ExternalActors__/Environment/River/LI_Hogsmeade_River/2/LX/9GLYN2EKS69U8LEUBCNSL9","LV_Overland/Region/Hogwarts Valley/Hogsmeade_RiverBlockout/LI_Hogsmeade_River/Hogsmeade_RiverBlockout/RiverBank_LargeStones_A74","2E2813C7-4A36-97C6-00C5-9596C77885EA"
"removed","RiverBank_LargeStones_A75","LevelInstance","1","DL_OVERLAND DL_HOGSMEADE","DL_HOGSMEADE","/Game/__ExternalActors__/Environment/River/LI_Hogsmeade_River/2/XF/XELVNX40JH7L345W1P8GWH","LV_Overland/Region/Hogwarts Valley/Hogsmeade_RiverBlockout/LI_Hogsmeade_River/Hogsmeade_RiverBlockout/RiverBank_LargeStones_A75","A9D3AA28-4555-1891-4436-ABA68EE20B35"
"removed","RiverBank_LargeStones_A76","LevelInstance","1","DL_OVERLAND DL_HOGSMEADE","DL_HOGSMEADE","/Game/__ExternalActors__/Environment/River/LI_Hogsmeade_River/D/6Y/41R14LJKDUIWFMBODDWESW","LV_Overland/Region/Hogwarts Valley/Hogsmeade_RiverBlockout/LI_Hogsmeade_River/Hogsmeade_RiverBlockout/RiverBank_LargeStones_A76","712E2161-46BF-CD11-0367-CBA2A79756C9"
"removed","RiverBank_LargeStones_A77","LevelInstance","1","DL_OVERLAND DL_HOGSMEADE","DL_HOGSMEADE","/Game/__ExternalActors__/Environment/River/LI_Hogsmeade_River/2/8A/K56ALGDFYHTDAFV34KTQAK","LV_Overland/Region/Hogwarts Valley/Hogsmeade_RiverBlockout/LI_Hogsmeade_River/Hogsmeade_RiverBlockout/RiverBank_LargeStones_A77","7FCA00E9-4F10-2F18-045C-8F8E75C3DAC4"
"removed","RiverBank_LargeStones_A78","LevelInstance","1","DL_OVERLAND DL_HOGSMEADE","DL_HOGSMEADE","/Game/__ExternalActors__/Environment/River/LI_Hogsmeade_River/0/90/WK4MVWS2XUDOG29EOI1DRB","LV_Overland/Region/Hogwarts Valley/Hogsmeade_RiverBlockout/LI_Hogsmeade_River/Hogsmeade_RiverBlockout/RiverBank_LargeStones_A78","F91B1548-434F-6ECE-5301-22B6E766719C"
"removed","RiverBank_LargeStones_A79","LevelInstance","1","DL_OVERLAND DL_HOGSMEADE","DL_HOGSMEADE","/Game/__ExternalActors__/Environment/River/LI_Hogsmeade_River/9/OW/W6G0R5FV6HYYUK7GIHI2N0","LV_Overland/Region/Hogwarts Valley/Hogsmeade_RiverBlockout/LI_Hogsmeade_River/Hogsmeade_RiverBlockout/RiverBank_LargeStones_A79","1CD1C924-4454-94BB-F7AC-E7B40703045B"
"removed","RiverBank_LargeStones_A8","LevelInstance","1","DL_OVERLAND DL_HOGSMEADE","DL_HOGSMEADE","/Game/__ExternalActors__/Environment/River/LI_Hogsmeade_River/7/JU/IOBNTS04VRE44BESFZO4F7","LV_Overland/Region/Hogwarts Valley/Hogsmeade_RiverBlockout/LI_Hogsmeade_River/Hogsmeade_RiverBlockout/RiverBank_LargeStones_A8","E20E1EA5-44CB-F680-816D-B0AD87992ED6"
"removed","RiverBank_LargeStones_A80","LevelInstance","1","DL_OVERLAND DL_HOGSMEADE","DL_HOGSMEADE","/Game/__ExternalActors__/Environment/River/LI_Hogsmeade_River/0/AG/0BLM8DZKJPNI0UDJWBFJBD","LV_Overland/Region/Hogwarts Valley/Hogsmeade_RiverBlockout/LI_Hogsmeade_River/Hogsmeade_RiverBlockout/RiverBank_LargeStones_A80","CC75AC5E-4881-E119-0B4F-4282084554C0"
"removed","RiverBank_LargeStones_A81","LevelInstance","1","DL_OVERLAND DL_HOGSMEADE","DL_HOGSMEADE","/Game/__ExternalActors__/Environment/River/LI_Hogsmeade_River/2/77/BZZ9A3US1NGPCBHZ90SSWI","LV_Overland/Region/Hogwarts Valley/Hogsmeade_RiverBlockout/LI_Hogsmeade_River/Hogsmeade_RiverBlockout/RiverBank_LargeStones_A81","68E0F46C-438F-9EE2-1EE9-7C88E7D2548E"
"removed","RiverBank_LargeStones_A82","LevelInstance","1","DL_OVERLAND DL_HOGSMEADE","DL_HOGSMEADE","/Game/__ExternalActors__/Environment/River/LI_Hogsmeade_River/8/NC/Y58VPB1O4ZRFDVGBCT81GQ","LV_Overland/Region/Hogwarts Valley/Hogsmeade_RiverBlockout/LI_Hogsmeade_River/Hogsmeade_RiverBlockout/RiverBank_LargeStones_A82","F672073B-440C-D710-599C-7AA05AD27A31"
"removed","RiverBank_LargeStones_A83","LevelInstance","1","DL_OVERLAND DL_HOGSMEADE","DL_HOGSMEADE","/Game/__ExternalActors__/Environment/River/LI_Hogsmeade_River/E/NT/Z44ODUOICPWME6SN4ICSLL","LV_Overland/Region/Hogwarts Valley/Hogsmeade_RiverBlockout/LI_Hogsmeade_River/Hogsmeade_RiverBlockout/RiverBank_LargeStones_A83","88101A9E-44ED-5691-F76B-8F9BC474C5DB"
"removed","RiverBank_LargeStones_A84","LevelInstance","1","DL_OVERLAND DL_HOGSMEADE","DL_HOGSMEADE","/Game/__ExternalActors__/Environment/River/LI_Hogsmeade_River/9/3C/XZO0BMTAMVX4C31QQG27HT","LV_Overland/Region/Hogwarts Valley/Hogsmeade_RiverBlockout/LI_Hogsmeade_River/Hogsmeade_RiverBlockout/RiverBank_LargeStones_A84","95F4DB2C-47E4-3107-7D9B-DD84DCD04F6A"
"removed","RiverBank_LargeStones_A85","LevelInstance","1","DL_OVERLAND DL_HOGSMEADE","DL_HOGSMEADE","/Game/__ExternalActors__/Environment/River/LI_Hogsmeade_River/4/YY/WQ9YK64PYI5FW1VSKKET1X","LV_Overland/Region/Hogwarts Valley/Hogsmeade_RiverBlockout/LI_Hogsmeade_River/Hogsmeade_RiverBlockout/RiverBank_LargeStones_A85","2BC5431B-42BA-AF3A-9132-8099E241E730"
"removed","RiverBank_LargeStones_A87","LevelInstance","1","DL_OVERLAND DL_HOGSMEADE","DL_HOGSMEADE","/Game/__ExternalActors__/Environment/River/LI_Hogsmeade_River/B/G7/L0YZJ85WJ96UMLLXRVPIYT","LV_Overland/Region/Hogwarts Valley/Hogsmeade_RiverBlockout/LI_Hogsmeade_River/Hogsmeade_RiverBlockout/RiverBank_LargeStones_A87","3E08B252-4FA6-39D6-780D-A8ACC4232E9E"
"removed","RiverBank_LargeStones_A88","LevelInstance","1","DL_OVERLAND DL_HOGSMEADE","DL_HOGSMEADE","/Game/__ExternalActors__/Environment/River/LI_Hogsmeade_River/7/WN/FYK6WSKGKHOQAVK4E0NVYN","LV_Overland/Region/Hogwarts Valley/Hogsmeade_RiverBlockout/LI_Hogsmeade_River/Hogsmeade_RiverBlockout/RiverBank_LargeStones_A88","CADF8115-44AE-43A8-767E-0882C52CD974"
"removed","RiverBank_LargeStones_A89","LevelInstance","1","DL_OVERLAND DL_HOGSMEADE","DL_HOGSMEADE","/Game/__ExternalActors__/Environment/River/LI_Hogsmeade_River/A/ER/2F3WZZVCMGRY8SQXW48UIG","LV_Overland/Region/Hogwarts Valley/Hogsmeade_RiverBlockout/LI_Hogsmeade_River/Hogsmeade_RiverBlockout/RiverBank_LargeStones_A89","0AAB6917-43F9-0FD7-FAD3-93806655FE55"
"removed","RiverBank_LargeStones_A9","LevelInstance","1","DL_OVERLAND DL_HOGSMEADE","DL_HOGSMEADE","/Game/__ExternalActors__/Environment/River/LI_Hogsmeade_River/2/Z8/5WB3DU5LPGRJTPAZORRBJG","LV_Overland/Region/Hogwarts Valley/Hogsmeade_RiverBlockout/LI_Hogsmeade_River/Hogsmeade_RiverBlockout/RiverBank_LargeStones_A9","3543343C-448B-553C-616F-71BD6C20FD95"
"removed","RiverBank_LargeStones_A90","LevelInstance","1","DL_OVERLAND DL_HOGSMEADE","DL_HOGSMEADE","/Game/__ExternalActors__/Environment/River/LI_Hogsmeade_River/5/CY/R1AA4CSM3JVJCH9YEMP57E","LV_Overland/Region/Hogwarts Valley/Hogsmeade_RiverBlockout/LI_Hogsmeade_River/Hogsmeade_RiverBlockout/RiverBank_LargeStones_A90","7584E275-4289-8365-2529-52B6EE5328E6"
"removed","RiverBank_LargeStones_A92","LevelInstance","1","DL_OVERLAND DL_HOGSMEADE","DL_HOGSMEADE","/Game/__ExternalActors__/Environment/River/LI_Hogsmeade_River/E/2O/RE1C4CUYI67PHYABYC2YLQ","LV_Overland/Region/Hogwarts Valley/Hogsmeade_RiverBlockout/LI_Hogsmeade_River/Hogsmeade_RiverBlockout/RiverBank_LargeStones_A04_noplants26/RiverBank_LargeStones_A92","7C4503DC-43C3-334C-CD90-2F8DA330DCA0"
"removed","RiverBank_LargeStones_A93","LevelInstance","1","DL_OVERLAND DL_HOGSMEADE","DL_HOGSMEADE","/Game/__ExternalActors__/Environment/River/LI_Hogsmeade_River/4/RG/1KSYQSV3Q1B15L2CIW384X","LV_Overland/Region/Hogwarts Valley/Hogsmeade_RiverBlockout/LI_Hogsmeade_River/Hogsmeade_RiverBlockout/RiverBank_LargeStones_A93","BDC5459D-4F21-54C8-CB15-75B2B269BA2B"
"removed","RiverBank_LargeStones_A94","LevelInstance","1","DL_OVERLAND DL_HOGSMEADE","DL_HOGSMEADE","/Game/__ExternalActors__/Environment/River/LI_Hogsmeade_River/6/QS/VHL36IOLHH0EZ3Y18HZGGF","LV_Overland/Region/Hogwarts Valley/Hogsmeade_RiverBlockout/LI_Hogsmeade_River/Hogsmeade_RiverBlockout/RiverBank_LargeStones_A94","41F3DC30-41F6-CA82-0759-69BB469A0CF4"
"removed","RiverBank_LargeStones_A95","LevelInstance","1","DL_OVERLAND DL_HOGSMEADE","DL_HOGSMEADE","/Game/__ExternalActors__/Environment/River/LI_Hogsmeade_River/D/EX/E48FLL3DR4BBKALWBOA136","LV_Overland/Region/Hogwarts Valley/Hogsmeade_RiverBlockout/LI_Hogsmeade_River/Hogsmeade_RiverBlockout/RiverBank_LargeStones_A95","9F4203F2-4E4F-C8FA-7F27-9DBE23CDF04C"
"removed","RiverBank_LargeStones_A96","LevelInstance","1","DL_OVERLAND DL_HOGSMEADE","DL_HOGSMEADE","/Game/__ExternalActors__/Environment/River/LI_Hogsmeade_River/7/Q4/9M0ET2QMFUF7189V5CAQGM","LV_Overland/Region/Hogwarts Valley/Hogsmeade_RiverBlockout/LI_Hogsmeade_River/Hogsmeade_RiverBlockout/RiverBank_LargeStones_A96","DB3F72C2-43D5-0C3B-192D-6A9C423A6CA2"
"removed","RiverBank_LargeStones_A97","LevelInstance","1","DL_OVERLAND DL_HOGSMEADE","DL_HOGSMEADE","/Game/__ExternalActors__/Environment/River/LI_Hogsmeade_River/2/Q4/WC0DTGXGQ40KZEWN2FWKJK","LV_Overland/Region/Hogwarts Valley/Hogsmeade_RiverBlockout/LI_Hogsmeade_River/Hogsmeade_RiverBlockout/RiverBank_LargeStones_A97","81E82DDE-4876-8986-998A-81B6F74EAFED"
"removed","RiverBank_LargeStones_A98","LevelInstance","1","DL_OVERLAND DL_HOGSMEADE","DL_HOGSMEADE","/Game/__ExternalActors__/Environment/River/LI_Hogsmeade_River/0/K3/QN6V4PEPPANRI4UZDBHW80","LV_Overland/Region/Hogwarts Valley/Hogsmeade_RiverBlockout/LI_Hogsmeade_River/Hogsmeade_RiverBlockout/RiverBank_LargeStones_A98","F16E75AA-4650-A6A0-4A52-0EA012D0BEAF"
"removed","RiverBank_LargeStones_A99","LevelInstance","1","DL_OVERLAND DL_HOGSMEADE","DL_HOGSMEADE","/Game/__ExternalActors__/Environment/River/LI_Hogsmeade_River/E/QW/R5DS8X0RVH5DO63NPM84NJ","LV_Overland/Region/Hogwarts Valley/Hogsmeade_RiverBlockout/LI_Hogsmeade_River/Hogsmeade_RiverBlockout/RiverBank_LargeStones_A99","7BED5446-4DE6-3B1B-4382-DBA9E27A7102"
"removed","RiverBank_SmallSharpRocks_A10","LevelInstance","1","DL_OVERLAND DL_HOGSMEADE","DL_HOGSMEADE","/Game/__ExternalActors__/Environment/River/LI_Hogsmeade_River/3/4X/86GMYHW6EU8ACMLJBSDNWZ","LV_Overland/Region/Hogwarts Valley/Hogsmeade_RiverBlockout/LI_Hogsmeade_River/Hogsmeade_RiverBlockout/RiverBank_SmallSharpRocks_A10","BA65E31A-4D52-653C-78C0-6ABC8FBEA867"
"removed","RiverBank_SmallSharpRocks_A11","LevelInstance","1","DL_OVERLAND DL_HOGSMEADE","DL_HOGSMEADE","/Game/__ExternalActors__/Environment/River/LI_Hogsmeade_River/C/TB/B8W2J0G4NTNKKGMLUYVA12","LV_Overland/Region/Hogwarts Valley/Hogsmeade_RiverBlockout/LI_Hogsmeade_River/Hogsmeade_RiverBlockout/RiverBank_SmallSharpRocks_A11","C1A2A614-4021-0719-8FEF-0BBD6C273A87"
"removed","RiverBank_SmallSharpRocks_A12","LevelInstance","1","DL_OVERLAND DL_HOGSMEADE","DL_HOGSMEADE","/Game/__ExternalActors__/Environment/River/LI_Hogsmeade_River/A/QE/LKY2CYRU2LVJV5QGFZGLOJ","LV_Overland/Region/Hogwarts Valley/Hogsmeade_RiverBlockout/LI_Hogsmeade_River/Hogsmeade_RiverBlockout/RiverBank_SmallSharpRocks_A12","EAE469BA-40EC-36A0-A013-EC9CBA713F0C"
"removed","RiverBank_SmallSharpRocks_A2","LevelInstance","1","DL_OVERLAND DL_HOGSMEADE","DL_HOGSMEADE","/Game/__ExternalActors__/Environment/River/LI_Hogsmeade_River/B/0O/G1I0T0SA4WZB6HPHT09RBV","LV_Overland/Region/Hogwarts Valley/Hogsmeade_RiverBlockout/LI_Hogsmeade_River/Hogsmeade_RiverBlockout/RiverBank_SmallSharpRocks_A2","E078706A-4759-8470-FA55-ABBEF3975E87"
"removed","RiverBank_SmallSharpRocks_A3","LevelInstance","1","DL_OVERLAND DL_HOGSMEADE","DL_HOGSMEADE","/Game/__ExternalActors__/Environment/River/LI_Hogsmeade_River/B/K2/ECHVF33E8MMLXIZGWRT5R0","LV_Overland/Region/Hogwarts Valley/Hogsmeade_RiverBlockout/LI_Hogsmeade_River/Hogsmeade_RiverBlockout/RiverBank_SmallSharpRocks_A3","5E02A7C8-452A-EDA1-36AC-0E8864E46908"
"removed","RiverBank_SmallSharpRocks_A4","LevelInstance","1","DL_OVERLAND DL_HOGSMEADE","DL_HOGSMEADE","/Game/__ExternalActors__/Environment/River/LI_Hogsmeade_River/8/E6/1L4GSFBPLGPC240RMGHH63","LV_Overland/Region/Hogwarts Valley/Hogsmeade_RiverBlockout/LI_Hogsmeade_River/Hogsmeade_RiverBlockout/RiverBank_SmallSharpRocks_A4","0DC3CC01-45FD-C3AA-50F7-60B670C96407"
"removed","RiverBank_SmallSharpRocks_A5","LevelInstance","1","DL_OVERLAND DL_HOGSMEADE","DL_HOGSMEADE","/Game/__ExternalActors__/Environment/River/LI_Hogsmeade_River/8/51/5D7A6H9CBDC5EY7OSWQJIE","LV_Overland/Region/Hogwarts Valley/Hogsmeade_RiverBlockout/LI_Hogsmeade_River/Hogsmeade_RiverBlockout/RiverBank_SmallSharpRocks_A5","94CBBED4-4704-8D73-D976-11A53C290B45"
"removed","RiverBank_SmallSharpRocks_A6","LevelInstance","1","DL_OVERLAND DL_HOGSMEADE","DL_HOGSMEADE","/Game/__ExternalActors__/Environment/River/LI_Hogsmeade_River/D/6Y/N6ULZP4XLZ439BQRUNYLVW","LV_Overland/Region/Hogwarts Valley/Hogsmeade_RiverBlockout/LI_Hogsmeade_River/Hogsmeade_RiverBlockout/RiverBank_SmallSharpRocks_A6","991A8759-4514-45A3-BB1F-2C8675794DBE"
"removed","RiverBank_SmallSharpRocks_A7","LevelInstance","1","DL_OVERLAND DL_HOGSMEADE","DL_HOGSMEADE","/Game/__ExternalActors__/Environment/River/LI_Hogsmeade_River/0/TI/9ZSRRNLU1M9RGZM80ISN9K","LV_Overland/Region/Hogwarts Valley/Hogsmeade_RiverBlockout/LI_Hogsmeade_River/Hogsmeade_RiverBlockout/RiverBank_SmallSharpRocks_A7","1E1A63E0-4B7F-C9DB-B41F-33A5CE6C1883"
"removed","RiverBank_SmallSharpRocks_A8","LevelInstance","1","DL_OVERLAND DL_HOGSMEADE","DL_HOGSMEADE","/Game/__ExternalActors__/Environment/River/LI_Hogsmeade_River/7/ZI/0QCVD4GDBA64MFPE7L5USF","LV_Overland/Region/Hogwarts Valley/Hogsmeade_RiverBlockout/LI_Hogsmeade_River/Hogsmeade_RiverBlockout/RiverBank_SmallSharpRocks_A8","90DF0C81-4945-9E6B-9CA5-0BA2D12A2B67"
"removed","RiverBank_SmallSharpRocks_A9","LevelInstance","1","DL_OVERLAND DL_HOGSMEADE","DL_HOGSMEADE","/Game/__ExternalActors__/Environment/River/LI_Hogsmeade_River/6/EA/S40TP6ZPDMDLT0CL532924","LV_Overland/Region/Hogwarts Valley/Hogsmeade_RiverBlockout/LI_Hogsmeade_River/Hogsmeade_RiverBlockout/RiverBank_SmallSharpRocks_A9","C267B040-479E-B7FD-A710-E689488B57E8"
"removed","RiverBank_Verticle_A26","LevelInstance","1","DL_OVERLAND DL_HOGSMEADE","DL_HOGSMEADE","/Game/__ExternalActors__/Environment/River/LI_Hogsmeade_River/D/EB/11RF87B312EPU6KHVFB66X","LV_Overland/Region/Hogwarts Valley/Hogsmeade_RiverBlockout/LI_Hogsmeade_River/Hogsmeade_RiverBlockout/RiverBank_Verticle_A26","152F765A-4902-49FE-1212-71BABC08326C"
"removed","RiverBank_Verticle_A27","LevelInstance","1","DL_OVERLAND DL_HOGSMEADE","DL_HOGSMEADE","/Game/__ExternalActors__/Environment/River/LI_Hogsmeade_River/C/03/SKQV3TUOHEODAUVHSVQ7DV","LV_Overland/Region/Hogwarts Valley/Hogsmeade_RiverBlockout/LI_Hogsmeade_River/Hogsmeade_RiverBlockout/RiverBank_Verticle_A27","057E935F-40DC-0D9E-2259-E382FDBFDD0B"
"removed","RiverBank_Verticle_A28","LevelInstance","1","DL_OVERLAND DL_HOGSMEADE","DL_HOGSMEADE","/Game/__ExternalActors__/Environment/River/LI_Hogsmeade_River/0/X1/1Y33HXY717QVBS50ZDQH22","LV_Overland/Region/Hogwarts Valley/Hogsmeade_RiverBlockout/LI_Hogsmeade_River/Hogsmeade_RiverBlockout/RiverBank_Verticle_A28","2F7C16D2-45A7-2A3B-A048-EE894143C5C1"
"removed","RiverBank_Verticle_A29","LevelInstance","1","DL_OVERLAND DL_HOGSMEADE","DL_HOGSMEADE","/Game/__ExternalActors__/Environment/River/LI_Hogsmeade_River/6/57/6WUK24OLWZNVEGUO2F3AG7","LV_Overland/Region/Hogwarts Valley/Hogsmeade_RiverBlockout/LI_Hogsmeade_River/Hogsmeade_RiverBlockout/RiverBank_Verticle_A29","3C43B5AF-43FE-1F58-B49F-0D8832C96C97"
"removed","RiverBank_Verticle_A30","LevelInstance","1","DL_OVERLAND DL_HOGSMEADE","DL_HOGSMEADE","/Game/__ExternalActors__/Environment/River/LI_Hogsmeade_River/8/65/IWMW01BZIB4DSBJFUGWWVL","LV_Overland/Region/Hogwarts Valley/Hogsmeade_RiverBlockout/LI_Hogsmeade_River/Hogsmeade_RiverBlockout/RiverBank_Verticle_A30","478D9D2B-4F28-CBE9-5C4F-4FB16C0B8771"
"removed","RiverBank_Verticle_A31","LevelInstance","1","DL_OVERLAND DL_HOGSMEADE","DL_HOGSMEADE","/Game/__ExternalActors__/Environment/River/LI_Hogsmeade_River/B/RD/JA07WNKCSKVLQMOXPSPX1R","LV_Overland/Region/Hogwarts Valley/Hogsmeade_RiverBlockout/LI_Hogsmeade_River/Hogsmeade_RiverBlockout/RiverBank_Verticle_A31","C1D5BCFF-4D31-0957-2718-B7BE203E1C42"
"removed","RiverBank_Verticle_A32","LevelInstance","1","DL_OVERLAND DL_HOGSMEADE","DL_HOGSMEADE","/Game/__ExternalActors__/Environment/River/LI_Hogsmeade_River/D/IJ/APGLIY8HLVD1HT183DLYC2","LV_Overland/Region/Hogwarts Valley/Hogsmeade_RiverBlockout/LI_Hogsmeade_River/Hogsmeade_RiverBlockout/RiverBank_Verticle_A32","B6D73C79-4A47-05C5-D1B8-07AC6499D707"
"removed","RiverBank_Verticle_A33","LevelInstance","1","DL_OVERLAND DL_HOGSMEADE","DL_HOGSMEADE","/Game/__ExternalActors__/Environment/River/LI_Hogsmeade_River/8/XZ/BS72HWBCUGNM2EH8M8E003","LV_Overland/Region/Hogwarts Valley/Hogsmeade_RiverBlockout/LI_Hogsmeade_River/Hogsmeade_RiverBlockout/RiverBank_Verticle_A33","1D14D0EC-4FF6-FE8E-DF32-668D4A734342"
"removed","RiverBank_Verticle_A34","LevelInstance","1","DL_OVERLAND DL_HOGSMEADE","DL_HOGSMEADE","/Game/__ExternalActors__/Environment/River/LI_Hogsmeade_River/C/DZ/MVZ3LK5IQ3YL3IHH1L4H78","LV_Overland/Region/Hogwarts Valley/Hogsmeade_RiverBlockout/LI_Hogsmeade_River/Hogsmeade_RiverBlockout/RiverBank_Verticle_A34","3FB7F51C-42FE-A9A0-510F-8E943791B6BE"
"removed","RiverBank_Verticle_A35","LevelInstance","1","DL_OVERLAND DL_HOGSMEADE","DL_HOGSMEADE","/Game/__ExternalActors__/Environment/River/LI_Hogsmeade_River/5/N5/8VHKYRU8CBULWMDGBX6EMQ","LV_Overland/Region/Hogwarts Valley/Hogsmeade_RiverBlockout/LI_Hogsmeade_River/Hogsmeade_RiverBlockout/RiverBank_Verticle_A35","F88DD31F-4E3D-1F93-6A76-5EB70210815F"
"removed","RiverBank_Verticle_A36","LevelInstance","1","DL_OVERLAND DL_HOGSMEADE","DL_HOGSMEADE","/Game/__ExternalActors__/Environment/River/LI_Hogsmeade_River/9/PN/CUQZGF40IIPB39XRN6FJAU","LV_Overland/Region/Hogwarts Valley/Hogsmeade_RiverBlockout/LI_Hogsmeade_River/Hogsmeade_RiverBlockout/RiverBank_Verticle_A36","2286947D-40B4-9830-76C9-E48AAD0751E2"
"removed","RiverBank_Verticle_A37","LevelInstance","1","DL_OVERLAND DL_HOGSMEADE","DL_HOGSMEADE","/Game/__ExternalActors__/Environment/River/LI_Hogsmeade_River/6/C4/IKXX8QF6P2D7LVZZQX2RUY","LV_Overland/Region/Hogwarts Valley/Hogsmeade_RiverBlockout/LI_Hogsmeade_River/Hogsmeade_RiverBlockout/RiverBank_Verticle_A37","3BAC81BD-4169-83A7-6225-20856A09B0D6"
"removed","RiverBank_Verticle_A38","LevelInstance","1","DL_OVERLAND DL_HOGSMEADE","DL_HOGSMEADE","/Game/__ExternalActors__/Environment/River/LI_Hogsmeade_River/C/X7/LJHT7TYCPJ12XB3HX5INHV","LV_Overland/Region/Hogwarts Valley/Hogsmeade_RiverBlockout/LI_Hogsmeade_River/Hogsmeade_RiverBlockout/RiverBank_Verticle_A38","7EA4DA34-4663-EF83-2016-2AA2C040073C"
"removed","RiverBank_Verticle_A39","LevelInstance","1","DL_OVERLAND DL_HOGSMEADE","DL_HOGSMEADE","/Game/__ExternalActors__/Environment/River/LI_Hogsmeade_River/3/6J/U45LER6KU37V9UYCUX13WJ","LV_Overland/Region/Hogwarts Valley/Hogsmeade_RiverBlockout/LI_Hogsmeade_River/Hogsmeade_RiverBlockout/RiverBank_Verticle_A39","FD7D257F-443C-8BC5-0849-E784CA727876"
"removed","RiverBank_Verticle_A40","LevelInstance","1","DL_OVERLAND DL_HOGSMEADE","DL_HOGSMEADE","/Game/__ExternalActors__/Environment/River/LI_Hogsmeade_River/5/P9/QSX36NZA9ULZAVM6RIOLWM","LV_Overland/Region/Hogwarts Valley/Hogsmeade_RiverBlockout/LI_Hogsmeade_River/Hogsmeade_RiverBlockout/RiverBank_Verticle_A40","E0A22E01-48E2-4353-EAC4-1A8C2AF0675C"
"removed","RiverBank_Verticle_A41","LevelInstance","1","DL_OVERLAND DL_HOGSMEADE","DL_HOGSMEADE","/Game/__ExternalActors__/Environment/River/LI_Hogsmeade_River/6/LN/F5MGTK7OSWYT9FX8XOPMND","LV_Overland/Region/Hogwarts Valley/Hogsmeade_RiverBlockout/LI_Hogsmeade_River/Hogsmeade_RiverBlockout/RiverBank_Verticle_A41","316E8962-4DB2-0EC3-48F1-859EFB49BCF9"
"removed","RiverBank_Verticle_A42","LevelInstance","1","DL_OVERLAND DL_HOGSMEADE","DL_HOGSMEADE","/Game/__ExternalActors__/Environment/River/LI_Hogsmeade_River/7/7M/3IYJN2X19DJNAUSUJFQDZ6","LV_Overland/Region/Hogwarts Valley/Hogsmeade_RiverBlockout/LI_Hogsmeade_River/Hogsmeade_RiverBlockout/RiverBank_Verticle_A42","E8D2CC8D-48C2-73BE-216E-44A7DB875DF7"
"removed","RiverBank_Verticle_A46","LevelInstance","1","DL_OVERLAND DL_HOGSMEADE","DL_HOGSMEADE","/Game/__ExternalActors__/Environment/River/LI_Hogsmeade_River/5/E7/PKAWH6WUM6S89MYVH74UYN","LV_Overland/Region/Hogwarts Valley/Hogsmeade_RiverBlockout/LI_Hogsmeade_River/Hogsmeade_RiverBlockout/RiverBank_Verticle_A46","3E33BBFE-4A89-2F60-663E-9C996129FCC7"
"removed","RiverBank_Verticle_A47","LevelInstance","1","DL_OVERLAND DL_HOGSMEADE","DL_HOGSMEADE","/Game/__ExternalActors__/Environment/River/LI_Hogsmeade_River/3/0R/ZNXC3L7RTKPWUKLLQ4Q0Q8","LV_Overland/Region/Hogwarts Valley/Hogsmeade_RiverBlockout/LI_Hogsmeade_River/Hogsmeade_RiverBlockout/RiverBank_Verticle_A47","E23CC850-4066-AABD-8AD0-1BB12AE7BECB"
"removed","RiverBank_Verticle_A48","LevelInstance","1","DL_OVERLAND DL_HOGSMEADE","DL_HOGSMEADE","/Game/__ExternalActors__/Environment/River/LI_Hogsmeade_River/C/UX/9HZBLRV2OWAWDRY2U36JG4","LV_Overland/Region/Hogwarts Valley/Hogsmeade_RiverBlockout/LI_Hogsmeade_River/Hogsmeade_RiverBlockout/RiverBank_Verticle_A48","3DD9B145-4839-5C9A-7C42-D5868588DD2E"
"removed","RiverBank_Verticle_A49","LevelInstance","1","DL_OVERLAND DL_HOGSMEADE","DL_HOGSMEADE","/Game/__ExternalActors__/Environment/River/LI_Hogsmeade_River/0/MD/TR2Y9CTIGZUVWKB0Q1JIHG","LV_Overland/Region/Hogwarts Valley/Hogsmeade_RiverBlockout/LI_Hogsmeade_River/Hogsmeade_RiverBlockout/RiverBank_Verticle_A49","B91D3877-4CF0-5C72-5DA3-7EAA345EF918"
"removed","RiverBank_Verticle_A50","LevelInstance","1","DL_OVERLAND DL_HOGSMEADE","DL_HOGSMEADE","/Game/__ExternalActors__/Environment/River/LI_Hogsmeade_River/A/4G/EV7QPD3621YIS5CD6LEHEE","LV_Overland/Region/Hogwarts Valley/Hogsmeade_RiverBlockout/LI_Hogsmeade_River/Hogsmeade_RiverBlockout/RiverBank_Verticle_A50","6E8E7997-4465-C957-375F-7CA2AE76A318"
"removed","RiverBank_Verticle_A51","LevelInstance","1","DL_OVERLAND DL_HOGSMEADE","DL_HOGSMEADE","/Game/__ExternalActors__/Environment/River/LI_Hogsmeade_River/3/FG/KBLKMJO6B2N9FZMI8EUJ11","LV_Overland/Region/Hogwarts Valley/Hogsmeade_RiverBlockout/LI_Hogsmeade_River/Hogsmeade_RiverBlockout/RiverBank_Verticle_A51","655F1EE9-4D95-8A38-9A27-1780E2EE506E"
"removed","RiverBank_Verticle_A52","LevelInstance","1","DL_OVERLAND DL_HOGSMEADE","DL_HOGSMEADE","/Game/__ExternalActors__/Environment/River/LI_Hogsmeade_River/E/I9/1QHMZAZHGALF4YA0KXCHFO","LV_Overland/Region/Hogwarts Valley/Hogsmeade_RiverBlockout/LI_Hogsmeade_River/Hogsmeade_RiverBlockout/RiverBank_Verticle_A52","6C67060F-4FAC-BC5F-0024-61B39F53E951"
"removed","RiverBank_Verticle_A53","LevelInstance","1","DL_OVERLAND DL_HOGSMEADE","DL_HOGSMEADE","/Game/__ExternalActors__/Environment/River/LI_Hogsmeade_River/E/GO/44Y4O0NPOOTU29JRXT3E8C","LV_Overland/Region/Hogwarts Valley/Hogsmeade_RiverBlockout/LI_Hogsmeade_River/Hogsmeade_RiverBlockout/RiverBank_Verticle_A53","CAF6C000-48E3-7537-4DB6-F09BB468482C"
"removed","RiverBank_Verticle_A54","LevelInstance","1","DL_OVERLAND DL_HOGSMEADE","DL_HOGSMEADE","/Game/__ExternalActors__/Environment/River/LI_Hogsmeade_River/E/XP/JZV4NFQR7SKMRG3PCEGQ1K","LV_Overland/Region/Hogwarts Valley/Hogsmeade_RiverBlockout/LI_Hogsmeade_River/Hogsmeade_RiverBlockout/RiverBank_Verticle_A54","2AD7AD55-4166-6816-05F3-C786A5D72D44"
"removed","WaterFall_A01","LevelInstance","1","DL_OVERLAND DL_HOGSMEADE","DL_HOGSMEADE","/Game/__ExternalActors__/Environment/River/LI_Hogsmeade_River/E/21/5QC355B28CT9JWULUA1E7T","LV_Overland/Region/Hogwarts Valley/Hogsmeade_RiverBlockout/LI_Hogsmeade_River/Hogsmeade_RiverBlockout/WaterFall_A01","97D9FBBC-4723-C7D7-71C5-659B841264E1"
"removed","WaterFall_A10","LevelInstance","1","DL_OVERLAND DL_HOGSMEADE","DL_HOGSMEADE","/Game/__ExternalActors__/Environment/River/LI_Hogsmeade_River/6/66/IED1O1DWWEX4W7M98FM33W","LV_Overland/Region/Hogwarts Valley/Hogsmeade_RiverBlockout/LI_Hogsmeade_River/Hogsmeade_RiverBlockout/WaterFall_A10","ED7ADBC7-4E1F-EEA6-83CA-42BBB502048E"
"removed","WaterFall_A11","LevelInstance","1","DL_OVERLAND DL_HOGSMEADE","DL_HOGSMEADE","/Game/__ExternalActors__/Environment/River/LI_Hogsmeade_River/C/CX/6M1GHTCUKL6F1G1FIBLHTF","LV_Overland/Region/Hogwarts Valley/Hogsmeade_RiverBlockout/LI_Hogsmeade_River/Hogsmeade_RiverBlockout/WaterFall_A11","86A7BC0A-411C-382F-D214-7592F9D85A1C"
"removed","WaterFall_A12","LevelInstance","1","DL_OVERLAND DL_HOGSMEADE","DL_HOGSMEADE","/Game/__ExternalActors__/Environment/River/LI_Hogsmeade_River/9/6B/X1XXX42Q60R3BF9A51UY0O","LV_Overland/Region/Hogwarts Valley/Hogsmeade_RiverBlockout/LI_Hogsmeade_River/Hogsmeade_RiverBlockout/WaterFall_A12","D5A5E6AF-46F4-DCB6-5FDE-B993E77A51BF"
"removed","WaterFall_A13","LevelInstance","1","DL_OVERLAND DL_HOGSMEADE","DL_HOGSMEADE","/Game/__ExternalActors__/Environment/River/LI_Hogsmeade_River/5/OD/18VV386T9YKQ2GMGJKIW36","LV_Overland/Region/Hogwarts Valley/Hogsmeade_RiverBlockout/LI_Hogsmeade_River/Hogsmeade_RiverBlockout/WaterFall_A13","E7966EBA-4A0E-BEB2-E7EC-AC84BE2678F1"
"removed","WaterFall_A14","LevelInstance","1","DL_OVERLAND DL_HOGSMEADE","DL_HOGSMEADE","/Game/__ExternalActors__/Environment/River/LI_Hogsmeade_River/E/R9/I6Z8BBR487GXEFK5S6BU4D","LV_Overland/Region/Hogwarts Valley/Hogsmeade_RiverBlockout/LI_Hogsmeade_River/Hogsmeade_RiverBlockout/WaterFall_A14","C8504062-48AB-C3C1-EC97-81B02318C99C"
"removed","WaterFall_A15","LevelInstance","1","DL_OVERLAND DL_HOGSMEADE","DL_HOGSMEADE","/Game/__ExternalActors__/Environment/River/LI_Hogsmeade_River/0/JH/JEP3ZVVQESA89WYKCT0JGM","LV_Overland/Region/Hogwarts Valley/Hogsmeade_RiverBlockout/LI_Hogsmeade_River/Hogsmeade_RiverBlockout/WaterFall_A15","CBA3541A-4525-E936-AD8D-C283F939F8FF"
"removed","WaterFall_A16","LevelInstance","1","DL_OVERLAND DL_HOGSMEADE","DL_HOGSMEADE","/Game/__ExternalActors__/Environment/River/LI_Hogsmeade_River/0/ZH/FGRRABUNIE8TKQCCE0EMGK","LV_Overland/Region/Hogwarts Valley/Hogsmeade_RiverBlockout/LI_Hogsmeade_River/Hogsmeade_RiverBlockout/WaterFall_A16","78169EE5-4B3E-97EC-F2FD-899D6805035E"
"removed","WaterFall_A17","LevelInstance","1","DL_OVERLAND DL_HOGSMEADE","DL_HOGSMEADE","/Game/__ExternalActors__/Environment/River/LI_Hogsmeade_River/B/KZ/4KBUF979T98YZHQHXBFTF4","LV_Overland/Region/Hogwarts Valley/Hogsmeade_RiverBlockout/LI_Hogsmeade_River/Hogsmeade_RiverBlockout/WaterFall_A17","FEEB9ED1-45C3-8E60-4EB7-3BB354578BD7"
"removed","WaterFall_A18","LevelInstance","1","DL_OVERLAND DL_HOGSMEADE","DL_HOGSMEADE","/Game/__ExternalActors__/Environment/River/LI_Hogsmeade_River/7/31/3QDM6JD2K7WW4SG9E6VJLW","LV_Overland/Region/Hogwarts Valley/Hogsmeade_RiverBlockout/LI_Hogsmeade_River/Hogsmeade_RiverBlockout/WaterFall_A18","D7A61102-44AC-E3BD-0793-3BA040A9EC43"
"removed","WaterFall_A19","LevelInstance","1","DL_OVERLAND DL_HOGSMEADE","DL_HOGSMEADE","/Game/__ExternalActors__/Environment/River/LI_Hogsmeade_River/2/Z0/9V8S3ZAAA9XRFXV344TQ9H","LV_Overland/Region/Hogwarts Valley/Hogsmeade_RiverBlockout/LI_Hogsmeade_River/Hogsmeade_RiverBlockout/WaterFall_A19","F41A7F90-45E4-0609-6F3D-4295DAC7C258"
"removed","WaterFall_A2","LevelInstance","1","DL_OVERLAND DL_HOGSMEADE","DL_HOGSMEADE","/Game/__ExternalActors__/Environment/River/LI_Hogsmeade_River/0/2O/LM5YNJ0OXNWZROCKVNJCUV","LV_Overland/Region/Hogwarts Valley/Hogsmeade_RiverBlockout/LI_Hogsmeade_River/Hogsmeade_RiverBlockout/WaterFall_A2","991EABC6-467E-4E63-EF77-CF8FBA51131F"
"removed","WaterFall_A20","LevelInstance","1","DL_OVERLAND DL_HOGSMEADE","DL_HOGSMEADE","/Game/__ExternalActors__/Environment/River/LI_Hogsmeade_River/8/AG/LGXYW0ZADRQ8E5IA6KV2Y5","LV_Overland/Region/Hogwarts Valley/Hogsmeade_RiverBlockout/LI_Hogsmeade_River/Hogsmeade_RiverBlockout/WaterFall_A20","7980B8B7-47E2-396C-77BA-7DA8776D14CE"
"removed","WaterFall_A21","LevelInstance","1","DL_OVERLAND DL_HOGSMEADE","DL_HOGSMEADE","/Game/__ExternalActors__/Environment/River/LI_Hogsmeade_River/F/52/EDO9VZNLD0FHFDNLYDJ09N","LV_Overland/Region/Hogwarts Valley/Hogsmeade_RiverBlockout/LI_Hogsmeade_River/Hogsmeade_RiverBlockout/WaterFall_A21","0584FF1A-413A-8017-1057-9CA80A3A0CF9"
"removed","WaterFall_A22","LevelInstance","1","DL_OVERLAND DL_HOGSMEADE","DL_HOGSMEADE","/Game/__ExternalActors__/Environment/River/LI_Hogsmeade_River/3/05/WPK4KZ7341E4VAYISO9RZ2","LV_Overland/Region/Hogwarts Valley/Hogsmeade_RiverBlockout/LI_Hogsmeade_River/Hogsmeade_RiverBlockout/WaterFall_A22","82608F0D-46E1-EB65-F200-DEA85982F1E1"
"removed","WaterFall_A23","LevelInstance","1","DL_OVERLAND DL_HOGSMEADE","DL_HOGSMEADE","/Game/__ExternalActors__/Environment/River/LI_Hogsmeade_River/0/56/9W6GP2004XQFC3OK0D3S1Z","LV_Overland/Region/Hogwarts Valley/Hogsmeade_RiverBlockout/LI_Hogsmeade_River/Hogsmeade_RiverBlockout/WaterFall_A23","4F214CFF-4B97-6252-959B-15B5C61F3292"
"removed","WaterFall_A24","LevelInstance","1","DL_OVERLAND DL_HOGSMEADE","DL_HOGSMEADE","/Game/__ExternalActors__/Environment/River/LI_Hogsmeade_River/7/I6/B31PJ7Z6ZKU3QN06R6NR26","LV_Overland/Region/Hogwarts Valley/Hogsmeade_RiverBlockout/LI_Hogsmeade_River/Hogsmeade_RiverBlockout/WaterFall_A24","5132A430-4DE7-3E03-AC53-AE8FAB6D9079"
"removed","WaterFall_A25","LevelInstance","1","DL_OVERLAND DL_HOGSMEADE","DL_HOGSMEADE","/Game/__ExternalActors__/Environment/River/LI_Hogsmeade_River/E/T4/KZH4IA9MYNYGC4PWOH66TF","LV_Overland/Region/Hogwarts Valley/Hogsmeade_RiverBlockout/LI_Hogsmeade_River/Hogsmeade_RiverBlockout/WaterFall_A25","5EEAF05D-44F6-72C9-6AC2-80A02D18E678"
"removed","WaterFall_A26","LevelInstance","1","DL_OVERLAND DL_HOGSMEADE","DL_HOGSMEADE","/Game/__ExternalActors__/Environment/River/LI_Hogsmeade_River/B/NE/KPURVTMY2HTA09FKHM9H48","LV_Overland/Region/Hogwarts Valley/Hogsmeade_RiverBlockout/LI_Hogsmeade_River/Hogsmeade_RiverBlockout/WaterFall_A26","666D0BC5-4645-870F-3CB1-5BBEF414564D"
"removed","WaterFall_A27","LevelInstance","1","DL_OVERLAND DL_HOGSMEADE","DL_HOGSMEADE","/Game/__ExternalActors__/Environment/River/LI_Hogsmeade_River/5/CO/HVL3XF4E90UPSA8LK78ID1","LV_Overland/Region/Hogwarts Valley/Hogsmeade_RiverBlockout/LI_Hogsmeade_River/Hogsmeade_RiverBlockout/WaterFall_A27","D321B657-489C-FC59-5013-5A9CA272D268"
"removed","WaterFall_A28","LevelInstance","1","DL_OVERLAND DL_HOGSMEADE","DL_HOGSMEADE","/Game/__ExternalActors__/Environment/River/LI_Hogsmeade_River/6/CH/TVPOU7U8AZMYPJG16NWTF5","LV_Overland/Region/Hogwarts Valley/Hogsmeade_RiverBlockout/LI_Hogsmeade_River/Hogsmeade_RiverBlockout/WaterFall_A28","09D83AEF-49D0-5B31-5806-72ABA9C57EF2"
"removed","WaterFall_A29","LevelInstance","1","DL_OVERLAND DL_HOGSMEADE","DL_HOGSMEADE","/Game/__ExternalActors__/Environment/River/LI_Hogsmeade_River/C/BP/CP89D3HAUNDXNXT6J3GUT6","LV_Overland/Region/Hogwarts Valley/Hogsmeade_RiverBlockout/LI_Hogsmeade_River/Hogsmeade_RiverBlockout/WaterFall_A29","FD64738C-4300-920F-7F4C-068C4F65C785"
"removed","WaterFall_A3","LevelInstance","1","DL_OVERLAND DL_HOGSMEADE","DL_HOGSMEADE","/Game/__ExternalActors__/Environment/River/LI_Hogsmeade_River/0/XP/VIDQAGRY5JIAHCO4IHLL8P","LV_Overland/Region/Hogwarts Valley/Hogsmeade_RiverBlockout/LI_Hogsmeade_River/Hogsmeade_RiverBlockout/WaterFall_A3","E0C509B6-4D37-E165-DC9A-96BDA7F7A91A"
"removed","WaterFall_A30","LevelInstance","1","DL_OVERLAND DL_HOGSMEADE","DL_HOGSMEADE","/Game/__ExternalActors__/Environment/River/LI_Hogsmeade_River/D/O3/MO2CGX7M7CFQHSCH61491A","LV_Overland/Region/Hogwarts Valley/Hogsmeade_RiverBlockout/LI_Hogsmeade_River/Hogsmeade_RiverBlockout/WaterFall_A30","6B829207-4D03-A84A-B289-C8B19B9805E2"
"removed","WaterFall_A31","LevelInstance","1","DL_OVERLAND DL_HOGSMEADE","DL_HOGSMEADE","/Game/__ExternalActors__/Environment/River/LI_Hogsmeade_River/B/E9/U5YYJFWR4IADOKU2ROAJG9","LV_Overland/Region/Hogwarts Valley/Hogsmeade_RiverBlockout/LI_Hogsmeade_River/Hogsmeade_RiverBlockout/WaterFall_A31","1B22AA7E-455D-D127-980D-32A006FA6F59"
"removed","WaterFall_A32","LevelInstance","1","DL_OVERLAND DL_HOGSMEADE","DL_HOGSMEADE","/Game/__ExternalActors__/Environment/River/LI_Hogsmeade_River/B/D4/7EYNCLA637E9TYWI1U360B","LV_Overland/Region/Hogwarts Valley/Hogsmeade_RiverBlockout/LI_Hogsmeade_River/Hogsmeade_RiverBlockout/WaterFall_A32","5EA7C6B1-423C-E51D-8035-C0A5E2523144"
"removed","WaterFall_A33","LevelInstance","1","DL_OVERLAND DL_HOGSMEADE","DL_HOGSMEADE","/Game/__ExternalActors__/Environment/River/LI_Hogsmeade_River/6/SK/Y4XCQ8ZZZS2C8BKJ8OFBL2","LV_Overland/Region/Hogwarts Valley/Hogsmeade_RiverBlockout/LI_Hogsmeade_River/Hogsmeade_RiverBlockout/WaterFall_A33","6C60F6DC-4FF3-891B-048B-FF85426A4A70"
"removed","WaterFall_A35","LevelInstance","1","DL_OVERLAND DL_HOGSMEADE","DL_HOGSMEADE","/Game/__ExternalActors__/Environment/River/LI_Hogsmeade_River/B/XO/4KE032Z76P3P0EUXKD1JQ2","LV_Overland/Region/Hogwarts Valley/Hogsmeade_RiverBlockout/LI_Hogsmeade_River/Hogsmeade_RiverBlockout/WaterFall_A35","2CD1B4AC-4158-D9A7-2C07-FE849D9A3E76"
"removed","WaterFall_A36","LevelInstance","1","DL_OVERLAND DL_HOGSMEADE","DL_HOGSMEADE","/Game/__ExternalActors__/Environment/River/LI_Hogsmeade_River/4/GB/YUQ8VFOFR6EC9LZHQOGUU2","LV_Overland/Region/Hogwarts Valley/Hogsmeade_RiverBlockout/LI_Hogsmeade_River/Hogsmeade_RiverBlockout/WaterFall_A36","C481209C-4760-99F3-8E24-E48932B851E6"
"removed","WaterFall_A37","LevelInstance","1","DL_OVERLAND DL_HOGSMEADE","DL_HOGSMEADE","/Game/__ExternalActors__/Environment/River/LI_Hogsmeade_River/B/O5/V7J636QGGIBPOCT6HJZJX0","LV_Overland/Region/Hogwarts Valley/Hogsmeade_RiverBlockout/LI_Hogsmeade_River/Hogsmeade_RiverBlockout/WaterFall_A37","9A1D44BA-43EE-22D2-D44F-C5A76C55402B"
"removed","WaterFall_A38","LevelInstance","1","DL_OVERLAND DL_HOGSMEADE","DL_HOGSMEADE","/Game/__ExternalActors__/Environment/River/LI_Hogsmeade_River/0/4Z/AJKAVKWTAFDVTPQT56PFBV","LV_Overland/Region/Hogwarts Valley/Hogsmeade_RiverBlockout/LI_Hogsmeade_River/Hogsmeade_RiverBlockout/WaterFall_A38","E08FBDE4-434C-441A-C564-7F85A122436D"
"removed","WaterFall_A39","LevelInstance","1","DL_OVERLAND DL_HOGSMEADE","DL_HOGSMEADE","/Game/__ExternalActors__/Environment/River/LI_Hogsmeade_River/9/OZ/942IQSGR2ZBWFUW6L53DV7","LV_Overland/Region/Hogwarts Valley/Hogsmeade_RiverBlockout/LI_Hogsmeade_River/Hogsmeade_RiverBlockout/WaterFall_A39","4D874B57-4C44-8160-2E77-1D9E11B04802"
"removed","WaterFall_A4","LevelInstance","1","DL_OVERLAND DL_HOGSMEADE","DL_HOGSMEADE","/Game/__ExternalActors__/Environment/River/LI_Hogsmeade_River/B/O7/CGJ3BU54WYARYXLKZ2NECP","LV_Overland/Region/Hogwarts Valley/Hogsmeade_RiverBlockout/LI_Hogsmeade_River/Hogsmeade_RiverBlockout/WaterFall_A4","27AD9B1C-48AE-0B6B-294B-3FA2A3DA4177"
"removed","WaterFall_A41","LevelInstance","1","DL_OVERLAND DL_HOGSMEADE","DL_HOGSMEADE","/Game/__ExternalActors__/Environment/River/LI_Hogsmeade_River/1/60/PY511GD17S0FL5G6YIAGNN","LV_Overland/Region/Hogwarts Valley/Hogsmeade_RiverBlockout/LI_Hogsmeade_River/Hogsmeade_RiverBlockout/WaterFall_A41","D44B530F-445A-D8D4-7BB4-1BA30F4F4672"
"removed","WaterFall_A42","LevelInstance","1","DL_OVERLAND DL_HOGSMEADE","DL_HOGSMEADE","/Game/__ExternalActors__/Environment/River/LI_Hogsmeade_River/E/59/YRLN3BXAO06L7PQSCU6ECL","LV_Overland/Region/Hogwarts Valley/Hogsmeade_RiverBlockout/LI_Hogsmeade_River/Hogsmeade_RiverBlockout/WaterFall_A42","04F65F03-4308-E377-C7C7-E0B2D805B448"
"removed","WaterFall_A43","LevelInstance","1","DL_OVERLAND DL_HOGSMEADE","DL_HOGSMEADE","/Game/__ExternalActors__/Environment/River/LI_Hogsmeade_River/E/39/38TFJK5HLUYFLOJASPU6JC","LV_Overland/Region/Hogwarts Valley/Hogsmeade_RiverBlockout/LI_Hogsmeade_River/Hogsmeade_RiverBlockout/WaterFall_A43","C65757CD-4456-D633-C000-9AA571B11FA3"
"removed","WaterFall_A44","LevelInstance","1","DL_OVERLAND DL_HOGSMEADE","DL_HOGSMEADE","/Game/__ExternalActors__/Environment/River/LI_Hogsmeade_River/A/C0/BM16INC5KQKDZRNCCC2DQK","LV_Overland/Region/Hogwarts Valley/Hogsmeade_RiverBlockout/LI_Hogsmeade_River/Hogsmeade_RiverBlockout/WaterFall_A44","343452BA-44A7-FC50-0077-DBA2CB9AEC0F"
"removed","WaterFall_A45","LevelInstance","1","DL_OVERLAND DL_HOGSMEADE","DL_HOGSMEADE","/Game/__ExternalActors__/Environment/River/LI_Hogsmeade_River/1/OP/4BNVFOMVVIF3ULP2LE2L2S","LV_Overland/Region/Hogwarts Valley/Hogsmeade_RiverBlockout/LI_Hogsmeade_River/Hogsmeade_RiverBlockout/WaterFall_A45","E54D8C1A-40AB-45FD-C07D-41A300CADDD6"
"removed","WaterFall_A46","LevelInstance","1","DL_OVERLAND DL_HOGSMEADE","DL_HOGSMEADE","/Game/__ExternalActors__/Environment/River/LI_Hogsmeade_River/3/X4/D0TQAQQ913BUOXPVDIR4YB","LV_Overland/Region/Hogwarts Valley/Hogsmeade_RiverBlockout/LI_Hogsmeade_River/Hogsmeade_RiverBlockout/WaterFall_A46","B8169173-4EA5-208F-CEC8-7C894569BEFD"
"removed","WaterFall_A47","LevelInstance","1","DL_OVERLAND DL_HOGSMEADE","DL_HOGSMEADE","/Game/__ExternalActors__/Environment/River/LI_Hogsmeade_River/9/SQ/2ZLHV7FRQFHPIHH8VP58FK","LV_Overland/Region/Hogwarts Valley/Hogsmeade_RiverBlockout/LI_Hogsmeade_River/Hogsmeade_RiverBlockout/WaterFall_A47","21B99475-4A0D-DF30-5F4F-A69131EE18BB"
"removed","WaterFall_A48","LevelInstance","1","DL_OVERLAND DL_HOGSMEADE","DL_HOGSMEADE","/Game/__ExternalActors__/Environment/River/LI_Hogsmeade_River/E/3T/3GHVQ1ZCBBDAUF4GXAE7HR","LV_Overland/Region/Hogwarts Valley/Hogsmeade_RiverBlockout/LI_Hogsmeade_River/Hogsmeade_RiverBlockout/WaterFall_A48","EED92202-4461-2283-79EF-2CAC80BDF0C6"
"removed","WaterFall_A49","LevelInstance","1","DL_OVERLAND DL_HOGSMEADE","DL_HOGSMEADE","/Game/__ExternalActors__/Environment/River/LI_Hogsmeade_River/4/54/VACE8JCDQQGKYXHLGD5IZD","LV_Overland/Region/Hogwarts Valley/Hogsmeade_RiverBlockout/LI_Hogsmeade_River/Hogsmeade_RiverBlockout/WaterFall_A49","CA3835B4-4DB3-18E8-DF86-D7AB009553C9"
"removed","WaterFall_A5","LevelInstance","1","DL_OVERLAND DL_HOGSMEADE","DL_HOGSMEADE","/Game/__ExternalActors__/Environment/River/LI_Hogsmeade_River/3/98/RC2NFJCT93ZGRC0ZP0MX8N","LV_Overland/Region/Hogwarts Valley/Hogsmeade_RiverBlockout/LI_Hogsmeade_River/Hogsmeade_RiverBlockout/WaterFall_A5","56AE658D-4E4C-F97A-B89B-CBA0E8762C8F"
"removed","WaterFall_A50","LevelInstance","1","DL_OVERLAND DL_HOGSMEADE","DL_HOGSMEADE","/Game/__ExternalActors__/Environment/River/LI_Hogsmeade_River/1/DR/9FVOCA1IZKWM0KBUGWF7WL","LV_Overland/Region/Hogwarts Valley/Hogsmeade_RiverBlockout/LI_Hogsmeade_River/Hogsmeade_RiverBlockout/WaterFall_A50","B550046E-4F2F-9A76-A658-57AE8EE14FD5"
"removed","WaterFall_A51","LevelInstance","1","DL_OVERLAND DL_HOGSMEADE","DL_HOGSMEADE","/Game/__ExternalActors__/Environment/River/LI_Hogsmeade_River/D/0M/9Z4V6EB7K7MPJNA3WJUEGF","LV_Overland/Region/Hogwarts Valley/Hogsmeade_RiverBlockout/LI_Hogsmeade_River/Hogsmeade_RiverBlockout/WaterFall_A51","3404FD7E-4457-C4EB-6012-64964D4057D4"
"removed","WaterFall_A58","LevelInstance","1","DL_OVERLAND DL_HOGSMEADE","DL_HOGSMEADE","/Game/__ExternalActors__/Environment/River/LI_Hogsmeade_River/2/N7/87C0CPTYT9LGK8NSS05NTY","LV_Overland/Region/Hogwarts Valley/Hogsmeade_RiverBlockout/LI_Hogsmeade_River/Hogsmeade_RiverBlockout/WaterFall_A58","975B22B5-4E76-E3A2-8FD8-81A8158C78E9"
"removed","WaterFall_A59","LevelInstance","1","DL_OVERLAND DL_HOGSMEADE","DL_HOGSMEADE","/Game/__ExternalActors__/Environment/River/LI_Hogsmeade_River/A/8G/8SB7IMLIISBHEKKX0KCZ8F","LV_Overland/Region/Hogwarts Valley/Hogsmeade_RiverBlockout/LI_Hogsmeade_River/Hogsmeade_RiverBlockout/WaterFall_A59","073ABA96-4383-D4F1-041D-B1BF033538E5"
"removed","WaterFall_A6","LevelInstance","1","DL_OVERLAND DL_HOGSMEADE","DL_HOGSMEADE","/Game/__ExternalActors__/Environment/River/LI_Hogsmeade_River/3/2S/5HHRP6QH83QNL6X27ES8VR","LV_Overland/Region/Hogwarts Valley/Hogsmeade_RiverBlockout/LI_Hogsmeade_River/Hogsmeade_RiverBlockout/WaterFall_A6","4F9097F7-4E3B-9C9B-68C6-E6A21C22398A"
"removed","WaterFall_A60","LevelInstance","1","DL_OVERLAND DL_HOGSMEADE","DL_HOGSMEADE","/Game/__ExternalActors__/Environment/River/LI_Hogsmeade_River/2/SZ/DE9YYUTZO6T6LX14WFR0RO","LV_Overland/Region/Hogwarts Valley/Hogsmeade_RiverBlockout/LI_Hogsmeade_River/Hogsmeade_RiverBlockout/WaterFall_A60","7CD2C68C-43E5-FB01-4E01-63AD03EFB84A"
"removed","WaterFall_A7","LevelInstance","1","DL_OVERLAND DL_HOGSMEADE","DL_HOGSMEADE","/Game/__ExternalActors__/Environment/River/LI_Hogsmeade_River/E/75/W35ISIPIPNPZW5KUK76TX7","LV_Overland/Region/Hogwarts Valley/Hogsmeade_RiverBlockout/LI_Hogsmeade_River/Hogsmeade_RiverBlockout/WaterFall_A7","B24A9A2F-48F7-F6DB-1C20-54A7058E2F37"
"removed","WaterFall_A8","LevelInstance","1","DL_OVERLAND DL_HOGSMEADE","DL_HOGSMEADE","/Game/__ExternalActors__/Environment/River/LI_Hogsmeade_River/D/QQ/FNOYEZ54EY75UDVHXADH7W","LV_Overland/Region/Hogwarts Valley/Hogsmeade_RiverBlockout/LI_Hogsmeade_River/Hogsmeade_RiverBlockout/WaterFall_A8","133ACBD7-48C5-786F-E87E-51B5DE8700B8"
"removed","WaterFall_A9","LevelInstance","1","DL_OVERLAND DL_HOGSMEADE","DL_HOGSMEADE","/Game/__ExternalActors__/Environment/River/LI_Hogsmeade_River/6/HY/ZST4ZUA0MO33HU3QIG3QFC","LV_Overland/Region/Hogwarts Valley/Hogsmeade_RiverBlockout/LI_Hogsmeade_River/Hogsmeade_RiverBlockout/WaterFall_A9","76B457B3-4FAB-0F1A-E1F6-D79DCACAB851"
"removed","Cube12","StaticMeshActor","1","DL_RENDER DL_OVERLAND","DL_RENDER","/Game/__ExternalActors__/Environment/River/LI_Hogsmeade_River/5/9S/VZP834QB67H9RYCZIN6H5S","LV_Overland/Region/Hogwarts Valley/Hogsmeade_RiverBlockout/LI_Hogsmeade_River/Cube12","C07A42FD-45B6-1E47-75AD-8EB9E14D7989"
"removed","Cube13","StaticMeshActor","1","DL_RENDER DL_OVERLAND","DL_RENDER","/Game/__ExternalActors__/Environment/River/LI_Hogsmeade_River/9/27/HYDDHH9H7VLARSVV15B0X7","LV_Overland/Region/Hogwarts Valley/Hogsmeade_RiverBlockout/LI_Hogsmeade_River/Cube13","5EBDD251-4D3F-FA37-FA44-00B0D710BE78"
"removed","RiverBank_LargeStones_A92","StaticMeshActor","12","DL_RENDER DL_OVERLAND","DL_RENDER","/Game/__ExternalActors__/Environment/River/LevelActors/RiverBanks_Large_Stones/LA_RiverBank_SmallSharpRocks_A01/5/77/YSLKBFTGZ3EM56POHARBE2","LV_Overland/Region/Hogwarts Valley/Hogsmeade_RiverBlockout/LI_Hogsmeade_River/Hogsmeade_RiverBlockout/RiverBank_LargeStones_A04_noplants26/RiverBank_LargeStones_A92","010B2E4A-4991-A85E-28C9-0D9BA5EADAE9"
"removed","SM_OL_BeachErosion_A01","StaticMeshActor","1","DL_RENDER DL_OVERLAND","DL_RENDER","/Game/__ExternalActors__/Environment/River/LI_Hogsmeade_River/3/VR/JR600RAL06D5EDOKROZX9J","LV_Overland/Region/Hogwarts Valley/Hogsmeade_RiverBlockout/LI_Hogsmeade_River/Hogsmeade_RiverBlockout/SM_OL_BeachErosion_A01","EEEC208B-404F-3271-5DEC-589136FAA69A"
"removed","SM_OL_BeachErosion_A13","StaticMeshActor","1","DL_RENDER DL_OVERLAND","DL_RENDER","/Game/__ExternalActors__/Environment/River/LI_Hogsmeade_River/1/MH/4N8FI15SKBZYTIZW3ZQCA9","LV_Overland/Region/Hogwarts Valley/Hogsmeade_RiverBlockout/LI_Hogsmeade_River/Hogsmeade_RiverBlockout/RiverBank_LargeStones_A06/SM_OL_BeachErosion_A13","694BF6AD-4098-289B-3E6F-108064372885"
"removed","SM_OL_BeachErosion_A14","StaticMeshActor","1","DL_RENDER DL_OVERLAND","DL_RENDER","/Game/__ExternalActors__/Environment/River/LI_Hogsmeade_River/2/S9/PEYWTOAY58EFUSPDJBNCYY","LV_Overland/Region/Hogwarts Valley/Hogsmeade_RiverBlockout/LI_Hogsmeade_River/Hogsmeade_RiverBlockout/RiverBank_LargeStones_A06/SM_OL_BeachErosion_A14","994051E9-4C9B-C61F-F970-ACA75C62DC69"
"removed","SM_OL_BeachErosion_A15","StaticMeshActor","1","DL_RENDER DL_OVERLAND","DL_RENDER","/Game/__ExternalActors__/Environment/River/LI_Hogsmeade_River/D/3H/2790VQD8NEQJO6AKQCY8HO","LV_Overland/Region/Hogwarts Valley/Hogsmeade_RiverBlockout/LI_Hogsmeade_River/Hogsmeade_RiverBlockout/RiverBank_LargeStones_A06/SM_OL_BeachErosion_A15","00504E3A-406F-5277-BBCC-B592BF8F3F35"
"removed","SM_OL_BeachErosion_A16","StaticMeshActor","1","DL_RENDER DL_OVERLAND","DL_RENDER","/Game/__ExternalActors__/Environment/River/LI_Hogsmeade_River/2/2L/PK3DV2IAZO7U09C565K6JH","LV_Overland/Region/Hogwarts Valley/Hogsmeade_RiverBlockout/LI_Hogsmeade_River/Hogsmeade_RiverBlockout/SM_OL_BeachErosion_A16","B668A7F7-4FD1-B69B-6809-7E974100464C"
"removed","SM_OL_BeachErosion_A17","StaticMeshActor","1","DL_RENDER DL_OVERLAND","DL_RENDER","/Game/__ExternalActors__/Environment/River/LI_Hogsmeade_River/6/98/ICUNXQFQP0HTKYG9IE9013","LV_Overland/Region/Hogwarts Valley/Hogsmeade_RiverBlockout/LI_Hogsmeade_River/Hogsmeade_RiverBlockout/SM_OL_BeachErosion_A17","635173E1-432E-F983-43E6-2796FB0863F5"
"removed","SM_OL_BeachErosion_A18","StaticMeshActor","1","DL_RENDER DL_OVERLAND","DL_RENDER","/Game/__ExternalActors__/Environment/River/LI_Hogsmeade_River/3/7J/FCUT3HFTR78M98Z610SDIC","LV_Overland/Region/Hogwarts Valley/Hogsmeade_RiverBlockout/LI_Hogsmeade_River/Hogsmeade_RiverBlockout/SM_OL_BeachErosion_A18","FEE12694-457C-AE06-4D4C-0D8A34F737D1"
"removed","SM_OL_BeachErosion_A19","StaticMeshActor","1","DL_RENDER DL_OVERLAND","DL_RENDER","/Game/__ExternalActors__/Environment/River/LI_Hogsmeade_River/5/L0/O2BBMTSLWC0DEPZG1R3XV9","LV_Overland/Region/Hogwarts Valley/Hogsmeade_RiverBlockout/LI_Hogsmeade_River/Hogsmeade_RiverBlockout/SM_OL_BeachErosion_A19","AF5EDC64-4831-3F2E-D4C0-F38A2F3ECD12"
"removed","SM_OL_BeachErosion_A2","StaticMeshActor","1","DL_RENDER DL_OVERLAND","DL_RENDER","/Game/__ExternalActors__/Environment/River/LI_Hogsmeade_River/9/WA/5RNMTJW1Y9N92CKFQQ0HJM","LV_Overland/Region/Hogwarts Valley/Hogsmeade_RiverBlockout/LI_Hogsmeade_River/SM_OL_BeachErosion_A2","12E94005-4E58-5DA3-07A7-72B37CE0925E"
"removed","SM_OL_BeachErosion_A20","StaticMeshActor","1","DL_RENDER DL_OVERLAND","DL_RENDER","/Game/__ExternalActors__/Environment/River/LI_Hogsmeade_River/3/E5/CZQJFPLJ92K1SG3TMIQ9NH","LV_Overland/Region/Hogwarts Valley/Hogsmeade_RiverBlockout/LI_Hogsmeade_River/Hogsmeade_RiverBlockout/SM_OL_BeachErosion_A20","26AA29F8-4ABC-A50D-DA7B-D0BADCE8DF48"
"removed","SM_OL_BeachErosion_A21","StaticMeshActor","1","DL_RENDER DL_OVERLAND","DL_RENDER","/Game/__ExternalActors__/Environment/River/LI_Hogsmeade_River/7/0N/G7W1V5B5XW28RC0WNY5RFI","LV_Overland/Region/Hogwarts Valley/Hogsmeade_RiverBlockout/LI_Hogsmeade_River/Hogsmeade_RiverBlockout/SM_OL_BeachErosion_A21","6F513604-413D-6379-466B-F0B94202E039"
"removed","SM_OL_BeachErosion_A22","StaticMeshActor","1","DL_RENDER DL_OVERLAND","DL_RENDER","/Game/__ExternalActors__/Environment/River/LI_Hogsmeade_River/6/NL/35CZQKSGJ41QHT3EF4N720","LV_Overland/Region/Hogwarts Valley/Hogsmeade_RiverBlockout/LI_Hogsmeade_River/Hogsmeade_RiverBlockout/SM_OL_BeachErosion_A22","05F4D747-4918-8303-7677-32B5CB22D7C4"
"removed","SM_OL_BeachErosion_A28","StaticMeshActor","1","DL_RENDER DL_OVERLAND","DL_RENDER","/Game/__ExternalActors__/Environment/River/LI_Hogsmeade_River/D/KF/SG9XYK6TO9JSBRRUKC9CA1","LV_Overland/Region/Hogwarts Valley/Hogsmeade_RiverBlockout/LI_Hogsmeade_River/Hogsmeade_RiverBlockout/SM_OL_BeachErosion_A28","6162EE15-4BC3-2BE1-F144-63A3E6D08C67"
"removed","SM_OL_BeachErosion_A29","StaticMeshActor","1","DL_RENDER DL_OVERLAND","DL_RENDER","/Game/__ExternalActors__/Environment/River/LI_Hogsmeade_River/B/MX/GVXQ8CU50AEMTYUMEZID9Z","LV_Overland/Region/Hogwarts Valley/Hogsmeade_RiverBlockout/LI_Hogsmeade_River/Hogsmeade_RiverBlockout/SM_OL_BeachErosion_A29","0A09D63E-431D-654B-540A-4294AF261597"
"removed","SM_OL_BeachErosion_A5","StaticMeshActor","1","DL_RENDER DL_OVERLAND","DL_RENDER","/Game/__ExternalActors__/Environment/River/LI_Hogsmeade_River/2/LY/6Z4LMRNPFBDJDVC0T5AG5M","LV_Overland/Region/Hogwarts Valley/Hogsmeade_RiverBlockout/LI_Hogsmeade_River/Hogsmeade_RiverBlockout/SM_OL_BeachErosion_A5","02295C6F-4E2B-FAD5-FD52-61BE09DD9C36"
"removed","SM_OL_RockPile_A01","StaticMeshActor","1","DL_RENDER DL_OVERLAND","DL_RENDER","/Game/__ExternalActors__/Environment/River/LI_Hogsmeade_River/9/92/9BJVJIYLBY7PQCPT8L5ZGN","LV_Overland/Region/Hogwarts Valley/Hogsmeade_RiverBlockout/LI_Hogsmeade_River/Hogsmeade_RiverBlockout/SM_OL_RockPile_A01","49CD2E14-4FA2-E97B-443C-E6BDD64A7B8F"
"removed","SM_OL_RockPile_A02","StaticMeshActor","1","DL_RENDER DL_OVERLAND","DL_RENDER","/Game/__ExternalActors__/Environment/River/LI_Hogsmeade_River/A/CV/17Q8JPQH6Q609B22R8B1TF","LV_Overland/Region/Hogwarts Valley/Hogsmeade_RiverBlockout/LI_Hogsmeade_River/Hogsmeade_RiverBlockout/SM_OL_RockPile_A02","99F912E3-436B-BAE3-7181-0DA7B5F231E0"
"removed","SM_OL_RockPile_A16","StaticMeshActor","1","DL_RENDER DL_OVERLAND","DL_RENDER","/Game/__ExternalActors__/Environment/River/LI_Hogsmeade_River/8/MY/2IXFE1NXB2BOGEYC7KLE1S","LV_Overland/Region/Hogwarts Valley/Hogsmeade_RiverBlockout/LI_Hogsmeade_River/SM_OL_RockPile_A16","7333264C-43D9-72DA-E0DF-758CB48AFB17"
"removed","SM_OL_RockPile_A17","StaticMeshActor","1","DL_RENDER DL_OVERLAND","DL_RENDER","/Game/__ExternalActors__/Environment/River/LI_Hogsmeade_River/A/89/V6MGMU49N0TIMM5VHI0KDT","LV_Overland/Region/Hogwarts Valley/Hogsmeade_RiverBlockout/LI_Hogsmeade_River/SM_OL_RockPile_A17","D18CD39E-4212-EA8E-86F2-BE9DBC052847"
"removed","SM_OL_RockPile_A18","StaticMeshActor","1","DL_RENDER DL_OVERLAND","DL_RENDER","/Game/__ExternalActors__/Environment/River/LI_Hogsmeade_River/A/O3/99TP8OBLMQYLEPRX3SKXIF","LV_Overland/Region/Hogwarts Valley/Hogsmeade_RiverBlockout/LI_Hogsmeade_River/SM_OL_RockPile_A18","E1BAC99A-4308-A04E-E162-3A98D9A98507"
"removed","SM_OL_RockPile_A3","StaticMeshActor","1","DL_RENDER DL_OVERLAND","DL_RENDER","/Game/__ExternalActors__/Environment/River/LI_Hogsmeade_River/1/J4/KBEH5MIHN85D2APV3IYO95","LV_Overland/Region/Hogwarts Valley/Hogsmeade_RiverBlockout/LI_Hogsmeade_River/Hogsmeade_RiverBlockout/SM_OL_RockPile_A3","F894BDA8-48F1-DB56-F2ED-E6A6F49EF244"
"removed","SM_RockPile_LI_A01","StaticMeshActor","12","DL_RENDER DL_OVERLAND","DL_RENDER","/Game/__ExternalActors__/Environment/River/LevelActors/RiverBanks_Large_Stones/LA_RiverBank_SmallSharpRocks_A01/C/BA/7BD57A92YA8KBDQ0CM6KRB","LV_Overland/Region/Hogwarts Valley/Hogsmeade_RiverBlockout/LI_Hogsmeade_River/Hogsmeade_RiverBlockout/RiverBank_LargeStones_A04_noplants26/SM_RockPile_LI_A01","9F074E12-4619-B8BA-5CCE-40BCACA3F988"
"removed","SM_Rocks_Woodland_A01","StaticMeshActor","1","DL_RENDER DL_OVERLAND","DL_RENDER","/Game/__ExternalActors__/Environment/River/LI_Hogsmeade_River/4/JU/G4OE59DAQIIK10DGKI93L4","LV_Overland/Region/Hogwarts Valley/Hogsmeade_RiverBlockout/LI_Hogsmeade_River/Hogsmeade_RiverBlockout/SM_Rocks_Woodland_A01","06E7C1C1-430F-8388-9799-9F8C160AADA3"
