"Status","Actor","ActorType","DataLayersBefore","DataLayersAfter","ExternalActorPackage","OutlinerPath","GUID","OverlandRuleVerdict","MatchingRules","OverlandSinceRevision","IntroducedInCL","IntroducedBy","IntroducedOn","AutomationRevisions","Note"
"removed","SM_CobbleStreet_Block_A1026","StaticMeshActor","DL_RENDER DL_OVERLAND","DL_RENDER","/Game/__ExternalActors__/Levels/Overland/Hogsmeade/Streets/LI_HM_Streets_EXT/C/6M/RH9KZ4PA5LO6I1E6ZT5PKG","LV_Overland/Hogsmeade/LI_Hogsmeade/LI_Hogsmeade/Streets/LI_HM_Streets_EXT/SM_CobbleStreet_Block_A1026","B8687BF3-4DDD-B351-CE36-A78D160E0B6A","excluded by OutlinerPathsToExclude entry 'LI_Hogsmeade'","DA_RENDER_Rules -> DL_RENDER","1","2054200","jprice","2026-09-02","0",""
"removed","SM_CobbleStreet_Block_A1035","StaticMeshActor","DL_RENDER DL_OVERLAND","DL_RENDER","/Game/__ExternalActors__/Levels/Overland/Hogsmeade/Streets/LI_HM_Streets_EXT/1/51/2MXETTFS0812J5WBPZWQQ8","LV_Overland/Hogsmeade/LI_Hogsmeade/LI_Hogsmeade/Streets/LI_HM_Streets_EXT/SM_CobbleStreet_Block_A1035","A6AB09B7-4A1A-F97B-891D-AB9FEADAD338","excluded by OutlinerPathsToExclude entry 'LI_Hogsmeade'","DA_RENDER_Rules -> DL_RENDER","1","2054200","jprice","2026-09-02","0",""
"removed","SM_CobbleStreet_Block_A1039","StaticMeshActor","DL_RENDER DL_OVERLAND","DL_RENDER","/Game/__ExternalActors__/Levels/Overland/Hogsmeade/Streets/LI_HM_Streets_EXT/C/Y3/VTZVJGOQ0BU2YIFBWS04EJ","LV_Overland/Hogsmeade/LI_Hogsmeade/LI_Hogsmeade/Streets/LI_HM_Streets_EXT/SM_CobbleStreet_Block_A1039","618561D7-4B00-B9EF-BBD4-BBB62DF379E0","excluded by OutlinerPathsToExclude entry 'LI_Hogsmeade'","DA_RENDER_Rules -> DL_RENDER","1","2054200","jprice","2026-09-02","0",""
"removed","SM_CobbleStreet_Block_A1040","StaticMeshActor","DL_RENDER DL_OVERLAND","DL_RENDER","/Game/__ExternalActors__/Levels/Overland/Hogsmeade/Streets/LI_HM_Streets_EXT/7/5D/RZA5GXCKZ78BF8ASVWIDSJ","LV_Overland/Hogsmeade/LI_Hogsmeade/LI_Hogsmeade/Streets/LI_HM_Streets_EXT/SM_CobbleStreet_Block_A1040","132F240B-4F29-6B5E-F1B7-A6979D84211E","excluded by OutlinerPathsToExclude entry 'LI_Hogsmeade'","DA_RENDER_Rules -> DL_RENDER","1","2054200","jprice","2026-09-02","0",""
"removed","SM_CobbleStreet_Block_A1041","StaticMeshActor","DL_RENDER DL_OVERLAND","DL_RENDER","/Game/__ExternalActors__/Levels/Overland/Hogsmeade/Streets/LI_HM_Streets_EXT/4/DS/UPYRIDZRYDQRUAKBQY02VT","LV_Overland/Hogsmeade/LI_Hogsmeade/LI_Hogsmeade/Streets/LI_HM_Streets_EXT/SM_CobbleStreet_Block_A1041","39D8824C-4B6B-AC72-2D8E-3CAC2EE2DD11","excluded by OutlinerPathsToExclude entry 'LI_Hogsmeade'","DA_RENDER_Rules -> DL_RENDER","1","2054200","jprice","2026-09-02","0",""
"removed","SM_CobbleStreet_Block_A1042","StaticMeshActor","DL_RENDER DL_OVERLAND","DL_RENDER","/Game/__ExternalActors__/Levels/Overland/Hogsmeade/Streets/LI_HM_Streets_EXT/5/Y2/9DTHUXFC3IGKMU1K5NOU5V","LV_Overland/Hogsmeade/LI_Hogsmeade/LI_Hogsmeade/Streets/LI_HM_Streets_EXT/SM_CobbleStreet_Block_A1042","E0966619-4AAA-C3AD-7009-6BAE6F4970FE","excluded by OutlinerPathsToExclude entry 'LI_Hogsmeade'","DA_RENDER_Rules -> DL_RENDER","1","2054200","jprice","2026-09-02","0",""
"removed","SM_CobbleStreet_Block_A1043","StaticMeshActor","DL_RENDER DL_OVERLAND","DL_RENDER","/Game/__ExternalActors__/Levels/Overland/Hogsmeade/Streets/LI_HM_Streets_EXT/0/6M/Z6J8NAFOFK32ZS1S8BD81D","LV_Overland/Hogsmeade/LI_Hogsmeade/LI_Hogsmeade/Streets/LI_HM_Streets_EXT/SM_CobbleStreet_Block_A1043","A27D7F0E-4E60-EFAF-10CF-C489BC4D8BAB","excluded by OutlinerPathsToExclude entry 'LI_Hogsmeade'","DA_RENDER_Rules -> DL_RENDER","1","2054200","jprice","2026-09-02","0",""
"removed","SM_CobbleStreet_Block_A1044","StaticMeshActor","DL_RENDER DL_OVERLAND","DL_RENDER","/Game/__ExternalActors__/Levels/Overland/Hogsmeade/Streets/LI_HM_Streets_EXT/4/4I/PPXWKNBH34BGQ5PT98SSJ6","LV_Overland/Hogsmeade/LI_Hogsmeade/LI_Hogsmeade/Streets/LI_HM_Streets_EXT/SM_CobbleStreet_Block_A1044","7AAE06C1-4077-99DE-8B74-B1B7E9E16B6F","excluded by OutlinerPathsToExclude entry 'LI_Hogsmeade'","DA_RENDER_Rules -> DL_RENDER","1","2054200","jprice","2026-09-02","0",""
"removed","SM_CobbleStreet_Block_A1045","StaticMeshActor","DL_RENDER DL_OVERLAND","DL_RENDER","/Game/__ExternalActors__/Levels/Overland/Hogsmeade/Streets/LI_HM_Streets_EXT/3/6P/UDG6MQZT3HFW34UVSOLQJG","LV_Overland/Hogsmeade/LI_Hogsmeade/LI_Hogsmeade/Streets/LI_HM_Streets_EXT/SM_CobbleStreet_Block_A1045","7965DF8F-488A-5D61-6157-32A8D6B61C7E","excluded by OutlinerPathsToExclude entry 'LI_Hogsmeade'","DA_RENDER_Rules -> DL_RENDER","1","2054200","jprice","2026-09-02","0",""
"removed","SM_CobbleStreet_Block_A1046","StaticMeshActor","DL_RENDER DL_OVERLAND","DL_RENDER","/Game/__ExternalActors__/Levels/Overland/Hogsmeade/Streets/LI_HM_Streets_EXT/5/L3/IRYY6PB12WZ3RNNN6YHWVT","LV_Overland/Hogsmeade/LI_Hogsmeade/LI_Hogsmeade/Streets/LI_HM_Streets_EXT/SM_CobbleStreet_Block_A1046","3CC843A0-4A19-17AF-B3F6-708BDA7802FA","excluded by OutlinerPathsToExclude entry 'LI_Hogsmeade'","DA_RENDER_Rules -> DL_RENDER","1","2054200","jprice","2026-09-02","0",""
"removed","SM_CobbleStreet_Block_A1047","StaticMeshActor","DL_RENDER DL_OVERLAND","DL_RENDER","/Game/__ExternalActors__/Levels/Overland/Hogsmeade/Streets/LI_HM_Streets_EXT/B/JC/E2I7UBX6O5SIVRXW4P7TKX","LV_Overland/Hogsmeade/LI_Hogsmeade/LI_Hogsmeade/Streets/LI_HM_Streets_EXT/SM_CobbleStreet_Block_A1047","CCF633FD-44FC-E5E6-6F0C-0C9A98651D32","excluded by OutlinerPathsToExclude entry 'LI_Hogsmeade'","DA_RENDER_Rules -> DL_RENDER","1","2054200","jprice","2026-09-02","0",""
"removed","SM_CobbleStreet_Block_A1048","StaticMeshActor","DL_RENDER DL_OVERLAND","DL_RENDER","/Game/__ExternalActors__/Levels/Overland/Hogsmeade/Streets/LI_HM_Streets_EXT/3/21/CHXWLRZ9CNT5CZEJLA8AOV","LV_Overland/Hogsmeade/LI_Hogsmeade/LI_Hogsmeade/Streets/LI_HM_Streets_EXT/SM_CobbleStreet_Block_A1048","F80EB702-444B-DAC5-A8E9-D5BC1C18ECB5","excluded by OutlinerPathsToExclude entry 'LI_Hogsmeade'","DA_RENDER_Rules -> DL_RENDER","1","2054200","jprice","2026-09-02","0",""
"removed","SM_CobbleStreet_Block_A1049","StaticMeshActor","DL_RENDER DL_OVERLAND","DL_RENDER","/Game/__ExternalActors__/Levels/Overland/Hogsmeade/Streets/LI_HM_Streets_EXT/B/7X/OR74VD7SP0B69D3L2PZS01","LV_Overland/Hogsmeade/LI_Hogsmeade/LI_Hogsmeade/Streets/LI_HM_Streets_EXT/SM_CobbleStreet_Block_A1049","10B4D9E6-451A-1F15-CDE9-3B8AE5959CAE","excluded by OutlinerPathsToExclude entry 'LI_Hogsmeade'","DA_RENDER_Rules -> DL_RENDER","1","2054200","jprice","2026-09-02","0",""
"removed","SM_CobbleStreet_Block_A1050","StaticMeshActor","DL_RENDER DL_OVERLAND","DL_RENDER","/Game/__ExternalActors__/Levels/Overland/Hogsmeade/Streets/LI_HM_Streets_EXT/1/BL/6619UU8RA3EOP4D7K8B7VN","LV_Overland/Hogsmeade/LI_Hogsmeade/LI_Hogsmeade/Streets/LI_HM_Streets_EXT/SM_CobbleStreet_Block_A1050","C4ED4E01-43D4-AE36-8A5D-EBAEAC1801BA","excluded by OutlinerPathsToExclude entry 'LI_Hogsmeade'","DA_RENDER_Rules -> DL_RENDER","1","2054200","jprice","2026-09-02","0",""
"removed","SM_CobbleStreet_Block_A1051","StaticMeshActor","DL_RENDER DL_OVERLAND","DL_RENDER","/Game/__ExternalActors__/Levels/Overland/Hogsmeade/Streets/LI_HM_Streets_EXT/4/8Q/TJAN6R0PH74H0I6BLBRB78","LV_Overland/Hogsmeade/LI_Hogsmeade/LI_Hogsmeade/Streets/LI_HM_Streets_EXT/SM_CobbleStreet_Block_A1051","1A0C07DB-4720-C2D9-AA79-2C909CE89E2B","excluded by OutlinerPathsToExclude entry 'LI_Hogsmeade'","DA_RENDER_Rules -> DL_RENDER","1","2054200","jprice","2026-09-02","0",""
"removed","SM_CobbleStreet_Block_A1052","StaticMeshActor","DL_RENDER DL_OVERLAND","DL_RENDER","/Game/__ExternalActors__/Levels/Overland/Hogsmeade/Streets/LI_HM_Streets_EXT/7/E6/IM9CF38EON98MJMZKSIZTX","LV_Overland/Hogsmeade/LI_Hogsmeade/LI_Hogsmeade/Streets/LI_HM_Streets_EXT/SM_CobbleStreet_Block_A1052","5F4D2D9A-4B36-606E-2EEF-50897E3B25D7","excluded by OutlinerPathsToExclude entry 'LI_Hogsmeade'","DA_RENDER_Rules -> DL_RENDER","1","2054200","jprice","2026-09-02","0",""
"removed","SM_CobbleStreet_Block_A1054","StaticMeshActor","DL_RENDER DL_OVERLAND","DL_RENDER","/Game/__ExternalActors__/Levels/Overland/Hogsmeade/Streets/LI_HM_Streets_EXT/D/SW/Q09J2PPT183UDV76BYFVJW","LV_Overland/Hogsmeade/LI_Hogsmeade/LI_Hogsmeade/Streets/LI_HM_Streets_EXT/SM_CobbleStreet_Block_A1054","F1FBE842-4341-DB7A-0B88-23941C95B1EE","excluded by OutlinerPathsToExclude entry 'LI_Hogsmeade'","DA_RENDER_Rules -> DL_RENDER","1","2054200","jprice","2026-09-02","0",""
"removed","SM_CobbleStreet_Block_A1055","StaticMeshActor","DL_RENDER DL_OVERLAND","DL_RENDER","/Game/__ExternalActors__/Levels/Overland/Hogsmeade/Streets/LI_HM_Streets_EXT/B/RH/CWIZ9NAV4KNILX32BMGUS8","LV_Overland/Hogsmeade/LI_Hogsmeade/LI_Hogsmeade/Streets/LI_HM_Streets_EXT/SM_CobbleStreet_Block_A1055","C4BD9873-4018-A228-FD13-DAAA8A286D38","excluded by OutlinerPathsToExclude entry 'LI_Hogsmeade'","DA_RENDER_Rules -> DL_RENDER","1","2054200","jprice","2026-09-02","0",""
"removed","SM_CobbleStreet_Block_A1056","StaticMeshActor","DL_RENDER DL_OVERLAND","DL_RENDER","/Game/__ExternalActors__/Levels/Overland/Hogsmeade/Streets/LI_HM_Streets_EXT/9/CC/Y5FZ2N2GPNFGGQ2TLIKEL0","LV_Overland/Hogsmeade/LI_Hogsmeade/LI_Hogsmeade/Streets/LI_HM_Streets_EXT/SM_CobbleStreet_Block_A1056","35FC491E-4C87-C16F-5C17-E19E0DC52A86","excluded by OutlinerPathsToExclude entry 'LI_Hogsmeade'","DA_RENDER_Rules -> DL_RENDER","1","2054200","jprice","2026-09-02","0",""
"removed","SM_CobbleStreet_Block_A1057","StaticMeshActor","DL_RENDER DL_OVERLAND","DL_RENDER","/Game/__ExternalActors__/Levels/Overland/Hogsmeade/Streets/LI_HM_Streets_EXT/9/RQ/CA4G97HAIS7KMFDPJBVXQM","LV_Overland/Hogsmeade/LI_Hogsmeade/LI_Hogsmeade/Streets/LI_HM_Streets_EXT/SM_CobbleStreet_Block_A1057","226169F9-477C-988F-3C09-329F8AC822FF","excluded by OutlinerPathsToExclude entry 'LI_Hogsmeade'","DA_RENDER_Rules -> DL_RENDER","1","2054200","jprice","2026-09-02","0",""
"removed","SM_CobbleStreet_Block_A1058","StaticMeshActor","DL_RENDER DL_OVERLAND","DL_RENDER","/Game/__ExternalActors__/Levels/Overland/Hogsmeade/Streets/LI_HM_Streets_EXT/7/CW/1UDYS7EDPCJMYPPIKWQGFG","LV_Overland/Hogsmeade/LI_Hogsmeade/LI_Hogsmeade/Streets/LI_HM_Streets_EXT/SM_CobbleStreet_Block_A1058","5F7B0DDC-4669-96E0-262D-39A187D9F832","excluded by OutlinerPathsToExclude entry 'LI_Hogsmeade'","DA_RENDER_Rules -> DL_RENDER","1","2054200","jprice","2026-09-02","0",""
"removed","SM_CobbleStreet_Block_A1059","StaticMeshActor","DL_RENDER DL_OVERLAND","DL_RENDER","/Game/__ExternalActors__/Levels/Overland/Hogsmeade/Streets/LI_HM_Streets_EXT/C/KS/FRWQJTRPQ2L17YFF9JVN7R","LV_Overland/Hogsmeade/LI_Hogsmeade/LI_Hogsmeade/Streets/LI_HM_Streets_EXT/SM_CobbleStreet_Block_A1059","04BDCD68-4F13-CF46-1122-39AFE8658D02","excluded by OutlinerPathsToExclude entry 'LI_Hogsmeade'","DA_RENDER_Rules -> DL_RENDER","1","2054200","jprice","2026-09-02","0",""
"removed","SM_CobbleStreet_Block_A1060","StaticMeshActor","DL_RENDER DL_OVERLAND","DL_RENDER","/Game/__ExternalActors__/Levels/Overland/Hogsmeade/Streets/LI_HM_Streets_EXT/9/7E/CXWERPIED1O58FFOWOIUOI","LV_Overland/Hogsmeade/LI_Hogsmeade/LI_Hogsmeade/Streets/LI_HM_Streets_EXT/SM_CobbleStreet_Block_A1060","953820B9-469B-22DF-947C-C796E16688E1","excluded by OutlinerPathsToExclude entry 'LI_Hogsmeade'","DA_RENDER_Rules -> DL_RENDER","1","2054200","jprice","2026-09-02","0",""
"removed","SM_CobbleStreet_Block_A1061","StaticMeshActor","DL_RENDER DL_OVERLAND","DL_RENDER","/Game/__ExternalActors__/Levels/Overland/Hogsmeade/Streets/LI_HM_Streets_EXT/7/N3/AEXO42VVYQGXNN738YZZXS","LV_Overland/Hogsmeade/LI_Hogsmeade/LI_Hogsmeade/Streets/LI_HM_Streets_EXT/SM_CobbleStreet_Block_A1061","C5CD54C9-4B2B-5579-2F07-78A27712F9F9","excluded by OutlinerPathsToExclude entry 'LI_Hogsmeade'","DA_RENDER_Rules -> DL_RENDER","1","2054200","jprice","2026-09-02","0",""
"removed","SM_CobbleStreet_Block_A1062","StaticMeshActor","DL_RENDER DL_OVERLAND","DL_RENDER","/Game/__ExternalActors__/Levels/Overland/Hogsmeade/Streets/LI_HM_Streets_EXT/2/OE/HUXR8P43XG6Q5R55SRE50N","LV_Overland/Hogsmeade/LI_Hogsmeade/LI_Hogsmeade/Streets/LI_HM_Streets_EXT/SM_CobbleStreet_Block_A1062","5F14D261-434A-E2FB-99DC-73988B6815F3","excluded by OutlinerPathsToExclude entry 'LI_Hogsmeade'","DA_RENDER_Rules -> DL_RENDER","1","2054200","jprice","2026-09-02","0",""
"removed","SM_CobbleStreet_Block_A1063","StaticMeshActor","DL_RENDER DL_OVERLAND","DL_RENDER","/Game/__ExternalActors__/Levels/Overland/Hogsmeade/Streets/LI_HM_Streets_EXT/C/NW/5SI1QKNI9BF8DDR5YNWIV8","LV_Overland/Hogsmeade/LI_Hogsmeade/LI_Hogsmeade/Streets/LI_HM_Streets_EXT/SM_CobbleStreet_Block_A1063","1EDF47F0-4112-9121-1354-8B93627DBA7D","excluded by OutlinerPathsToExclude entry 'LI_Hogsmeade'","DA_RENDER_Rules -> DL_RENDER","1","2054200","jprice","2026-09-02","0",""
"removed","SM_CobbleStreet_Block_A1064","StaticMeshActor","DL_RENDER DL_OVERLAND","DL_RENDER","/Game/__ExternalActors__/Levels/Overland/Hogsmeade/Streets/LI_HM_Streets_EXT/F/37/9HC064WEEGP3H13J7MV5R8","LV_Overland/Hogsmeade/LI_Hogsmeade/LI_Hogsmeade/Streets/LI_HM_Streets_EXT/SM_CobbleStreet_Block_A1064","1702807D-4967-2912-6647-B4BF9823856A","excluded by OutlinerPathsToExclude entry 'LI_Hogsmeade'","DA_RENDER_Rules -> DL_RENDER","1","2054200","jprice","2026-09-02","0",""
"removed","SM_CobbleStreet_Block_A1065","StaticMeshActor","DL_RENDER DL_OVERLAND","DL_RENDER","/Game/__ExternalActors__/Levels/Overland/Hogsmeade/Streets/LI_HM_Streets_EXT/7/5U/3NCR1O5URT4YY8V37IDKU9","LV_Overland/Hogsmeade/LI_Hogsmeade/LI_Hogsmeade/Streets/LI_HM_Streets_EXT/SM_CobbleStreet_Block_A1065","68F6185E-4A01-EB92-B15D-0C8AFECA5283","excluded by OutlinerPathsToExclude entry 'LI_Hogsmeade'","DA_RENDER_Rules -> DL_RENDER","1","2054200","jprice","2026-09-02","0",""
"removed","SM_CobbleStreet_Block_A1066","StaticMeshActor","DL_RENDER DL_OVERLAND","DL_RENDER","/Game/__ExternalActors__/Levels/Overland/Hogsmeade/Streets/LI_HM_Streets_EXT/8/02/PN7U8XUL87Z2MIIC58C4R8","LV_Overland/Hogsmeade/LI_Hogsmeade/LI_Hogsmeade/Streets/LI_HM_Streets_EXT/SM_CobbleStreet_Block_A1066","ACEB3C94-4E05-5130-F63B-9CABBC78B2D1","excluded by OutlinerPathsToExclude entry 'LI_Hogsmeade'","DA_RENDER_Rules -> DL_RENDER","1","2054200","jprice","2026-09-02","0",""
"removed","SM_CobbleStreet_Block_A1067","StaticMeshActor","DL_RENDER DL_OVERLAND","DL_RENDER","/Game/__ExternalActors__/Levels/Overland/Hogsmeade/Streets/LI_HM_Streets_EXT/3/27/CMIYSUERODJJ14HON8OUEU","LV_Overland/Hogsmeade/LI_Hogsmeade/LI_Hogsmeade/Streets/LI_HM_Streets_EXT/SM_CobbleStreet_Block_A1067","484B6336-473D-AF42-A331-D794FC05FBB6","excluded by OutlinerPathsToExclude entry 'LI_Hogsmeade'","DA_RENDER_Rules -> DL_RENDER","1","2054200","jprice","2026-09-02","0",""
"removed","SM_CobbleStreet_Block_A1068","StaticMeshActor","DL_RENDER DL_OVERLAND","DL_RENDER","/Game/__ExternalActors__/Levels/Overland/Hogsmeade/Streets/LI_HM_Streets_EXT/D/EM/L3H2ED1URV7NW1N2GH104K","LV_Overland/Hogsmeade/LI_Hogsmeade/LI_Hogsmeade/Streets/LI_HM_Streets_EXT/SM_CobbleStreet_Block_A1068","06C22C71-4B92-C8B1-B2C9-0FA0D6ADFBAB","excluded by OutlinerPathsToExclude entry 'LI_Hogsmeade'","DA_RENDER_Rules -> DL_RENDER","1","2054200","jprice","2026-09-02","0",""
"removed","SM_CobbleStreet_Block_A1069","StaticMeshActor","DL_RENDER DL_OVERLAND","DL_RENDER","/Game/__ExternalActors__/Levels/Overland/Hogsmeade/Streets/LI_HM_Streets_EXT/6/4R/1TASC8W8449IKKVYCI25I9","LV_Overland/Hogsmeade/LI_Hogsmeade/LI_Hogsmeade/Streets/LI_HM_Streets_EXT/SM_CobbleStreet_Block_A1069","A185103C-4C4F-9682-3415-78B3426B42CF","excluded by OutlinerPathsToExclude entry 'LI_Hogsmeade'","DA_RENDER_Rules -> DL_RENDER","1","2054200","jprice","2026-09-02","0",""
"removed","SM_CobbleStreet_Block_A1070","StaticMeshActor","DL_RENDER DL_OVERLAND","DL_RENDER","/Game/__ExternalActors__/Levels/Overland/Hogsmeade/Streets/LI_HM_Streets_EXT/4/EM/DFOKJTKTI1WDH4OQ3GYW9L","LV_Overland/Hogsmeade/LI_Hogsmeade/LI_Hogsmeade/Streets/LI_HM_Streets_EXT/SM_CobbleStreet_Block_A1070","C707C56E-4B24-11D1-F0A5-91B1A46028EE","excluded by OutlinerPathsToExclude entry 'LI_Hogsmeade'","DA_RENDER_Rules -> DL_RENDER","1","2054200","jprice","2026-09-02","0",""
"removed","SM_CobbleStreet_Block_A1071","StaticMeshActor","DL_RENDER DL_OVERLAND","DL_RENDER","/Game/__ExternalActors__/Levels/Overland/Hogsmeade/Streets/LI_HM_Streets_EXT/9/3A/OZS8I8Q09T6V4QEV5YBQ62","LV_Overland/Hogsmeade/LI_Hogsmeade/LI_Hogsmeade/Streets/LI_HM_Streets_EXT/SM_CobbleStreet_Block_A1071","BDAAFE6E-408C-80FF-AC34-A58398B07E10","excluded by OutlinerPathsToExclude entry 'LI_Hogsmeade'","DA_RENDER_Rules -> DL_RENDER","1","2054200","jprice","2026-09-02","0",""
"removed","SM_CobbleStreet_Block_A1072","StaticMeshActor","DL_RENDER DL_OVERLAND","DL_RENDER","/Game/__ExternalActors__/Levels/Overland/Hogsmeade/Streets/LI_HM_Streets_EXT/7/HH/V47HPLSP136L9GSAS2FDL6","LV_Overland/Hogsmeade/LI_Hogsmeade/LI_Hogsmeade/Streets/LI_HM_Streets_EXT/SM_CobbleStreet_Block_A1072","D26F2125-4E88-BBC9-CE5E-6EBABA41959C","excluded by OutlinerPathsToExclude entry 'LI_Hogsmeade'","DA_RENDER_Rules -> DL_RENDER","1","2054200","jprice","2026-09-02","0",""
"removed","SM_CobbleStreet_Block_A1073","StaticMeshActor","DL_RENDER DL_OVERLAND","DL_RENDER","/Game/__ExternalActors__/Levels/Overland/Hogsmeade/Streets/LI_HM_Streets_EXT/B/8A/GQT49RFJOY3K51URVVHQPU","LV_Overland/Hogsmeade/LI_Hogsmeade/LI_Hogsmeade/Streets/LI_HM_Streets_EXT/SM_CobbleStreet_Block_A1073","A3357DFA-409E-097C-FB4E-279C65EDF656","excluded by OutlinerPathsToExclude entry 'LI_Hogsmeade'","DA_RENDER_Rules -> DL_RENDER","1","2054200","jprice","2026-09-02","0",""
"removed","SM_CobbleStreet_Block_A1074","StaticMeshActor","DL_RENDER DL_OVERLAND","DL_RENDER","/Game/__ExternalActors__/Levels/Overland/Hogsmeade/Streets/LI_HM_Streets_EXT/D/4B/5KZE2VKYD8Z7X3SVSJ1RC7","LV_Overland/Hogsmeade/LI_Hogsmeade/LI_Hogsmeade/Streets/LI_HM_Streets_EXT/SM_CobbleStreet_Block_A1074","7BA0037C-420E-38BA-2169-97928EA8DBB0","excluded by OutlinerPathsToExclude entry 'LI_Hogsmeade'","DA_RENDER_Rules -> DL_RENDER","1","2054200","jprice","2026-09-02","0",""
"removed","SM_CobbleStreet_Block_A1075","StaticMeshActor","DL_RENDER DL_OVERLAND","DL_RENDER","/Game/__ExternalActors__/Levels/Overland/Hogsmeade/Streets/LI_HM_Streets_EXT/9/3E/G735HZ2Q3HLWMI8U6FZK8D","LV_Overland/Hogsmeade/LI_Hogsmeade/LI_Hogsmeade/Streets/LI_HM_Streets_EXT/SM_CobbleStreet_Block_A1075","D10F91CA-42F1-0812-1D6C-FC89A247D9EB","excluded by OutlinerPathsToExclude entry 'LI_Hogsmeade'","DA_RENDER_Rules -> DL_RENDER","1","2054200","jprice","2026-09-02","0",""
"removed","SM_CobbleStreet_Block_A1076","StaticMeshActor","DL_RENDER DL_OVERLAND","DL_RENDER","/Game/__ExternalActors__/Levels/Overland/Hogsmeade/Streets/LI_HM_Streets_EXT/1/YG/W00SC9MLDP56AVMVOOJEHW","LV_Overland/Hogsmeade/LI_Hogsmeade/LI_Hogsmeade/Streets/LI_HM_Streets_EXT/SM_CobbleStreet_Block_A1076","B8CFCDC7-4577-C7DB-8AF0-6ABF31E86B99","excluded by OutlinerPathsToExclude entry 'LI_Hogsmeade'","DA_RENDER_Rules -> DL_RENDER","1","2054200","jprice","2026-09-02","0",""
"removed","SM_CobbleStreet_Block_A1078","StaticMeshActor","DL_RENDER DL_OVERLAND","DL_RENDER","/Game/__ExternalActors__/Levels/Overland/Hogsmeade/Streets/LI_HM_Streets_EXT/B/UO/DKHBJT0S8BZIP9Z4NP0CLH","LV_Overland/Hogsmeade/LI_Hogsmeade/LI_Hogsmeade/Streets/LI_HM_Streets_EXT/SM_CobbleStreet_Block_A1078","144BD4D6-48EB-D479-5E4B-D19A5C320B28","excluded by OutlinerPathsToExclude entry 'LI_Hogsmeade'","DA_RENDER_Rules -> DL_RENDER","1","2054200","jprice","2026-09-02","0",""
"removed","SM_CobbleStreet_Block_A1079","StaticMeshActor","DL_RENDER DL_OVERLAND","DL_RENDER","/Game/__ExternalActors__/Levels/Overland/Hogsmeade/Streets/LI_HM_Streets_EXT/3/CT/EZJ7MVFN5P7IC6L34FEVXT","LV_Overland/Hogsmeade/LI_Hogsmeade/LI_Hogsmeade/Streets/LI_HM_Streets_EXT/SM_CobbleStreet_Block_A1079","6DFAB1A0-48B0-D327-F803-EEB381F48FB0","excluded by OutlinerPathsToExclude entry 'LI_Hogsmeade'","DA_RENDER_Rules -> DL_RENDER","1","2054200","jprice","2026-09-02","0",""
"removed","SM_CobbleStreet_Block_A1080","StaticMeshActor","DL_RENDER DL_OVERLAND","DL_RENDER","/Game/__ExternalActors__/Levels/Overland/Hogsmeade/Streets/LI_HM_Streets_EXT/8/19/IT4RV2RDM8HRR8KGGGDVKZ","LV_Overland/Hogsmeade/LI_Hogsmeade/LI_Hogsmeade/Streets/LI_HM_Streets_EXT/SM_CobbleStreet_Block_A1080","D293E5A2-4116-1928-BE7C-74928FF912D3","excluded by OutlinerPathsToExclude entry 'LI_Hogsmeade'","DA_RENDER_Rules -> DL_RENDER","1","2054200","jprice","2026-09-02","0",""
"removed","SM_CobbleStreet_Block_A1081","StaticMeshActor","DL_RENDER DL_OVERLAND","DL_RENDER","/Game/__ExternalActors__/Levels/Overland/Hogsmeade/Streets/LI_HM_Streets_EXT/D/L1/QBX4WRP7LWA3Q9PFCQCYLB","LV_Overland/Hogsmeade/LI_Hogsmeade/LI_Hogsmeade/Streets/LI_HM_Streets_EXT/SM_CobbleStreet_Block_A1081","7674E3EA-4950-B053-EC2E-14A2F5C0E0EF","excluded by OutlinerPathsToExclude entry 'LI_Hogsmeade'","DA_RENDER_Rules -> DL_RENDER","1","2054200","jprice","2026-09-02","0",""
"removed","SM_CobbleStreet_Block_A1082","StaticMeshActor","DL_RENDER DL_OVERLAND","DL_RENDER","/Game/__ExternalActors__/Levels/Overland/Hogsmeade/Streets/LI_HM_Streets_EXT/D/2C/RI47K9262CN2W3V4UVB1QC","LV_Overland/Hogsmeade/LI_Hogsmeade/LI_Hogsmeade/Streets/LI_HM_Streets_EXT/SM_CobbleStreet_Block_A1082","1AC7E78E-45F2-F5C4-D028-2C82489BFF4D","excluded by OutlinerPathsToExclude entry 'LI_Hogsmeade'","DA_RENDER_Rules -> DL_RENDER","1","2054200","jprice","2026-09-02","0",""
"removed","SM_CobbleStreet_Block_A1083","StaticMeshActor","DL_RENDER DL_OVERLAND","DL_RENDER","/Game/__ExternalActors__/Levels/Overland/Hogsmeade/Streets/LI_HM_Streets_EXT/D/WV/NAP3LQ88D3O40QHWB2U4ET","LV_Overland/Hogsmeade/LI_Hogsmeade/LI_Hogsmeade/Streets/LI_HM_Streets_EXT/SM_CobbleStreet_Block_A1083","5BC83924-4F44-61EE-B47B-DA8B5654E691","excluded by OutlinerPathsToExclude entry 'LI_Hogsmeade'","DA_RENDER_Rules -> DL_RENDER","1","2054200","jprice","2026-09-02","0",""
"removed","SM_CobbleStreet_Block_A1084","StaticMeshActor","DL_RENDER DL_OVERLAND","DL_RENDER","/Game/__ExternalActors__/Levels/Overland/Hogsmeade/Streets/LI_HM_Streets_EXT/2/SU/P9RL9L6BD5RXN78Y5OF7B1","LV_Overland/Hogsmeade/LI_Hogsmeade/LI_Hogsmeade/Streets/LI_HM_Streets_EXT/SM_CobbleStreet_Block_A1084","062EDF5A-42D8-8F97-B1C4-9EB8B8FC3128","excluded by OutlinerPathsToExclude entry 'LI_Hogsmeade'","DA_RENDER_Rules -> DL_RENDER","1","2054200","jprice","2026-09-02","0",""
"removed","SM_CobbleStreet_Block_A1085","StaticMeshActor","DL_RENDER DL_OVERLAND","DL_RENDER","/Game/__ExternalActors__/Levels/Overland/Hogsmeade/Streets/LI_HM_Streets_EXT/4/Q7/8IAIJ7AV4BXNDZJ0NZQNXN","LV_Overland/Hogsmeade/LI_Hogsmeade/LI_Hogsmeade/Streets/LI_HM_Streets_EXT/SM_CobbleStreet_Block_A1085","9DC09B64-4DD2-9374-9CCB-F295FAC26631","excluded by OutlinerPathsToExclude entry 'LI_Hogsmeade'","DA_RENDER_Rules -> DL_RENDER","1","2054200","jprice","2026-09-02","0",""
"removed","SM_CobbleStreet_Block_A1086","StaticMeshActor","DL_RENDER DL_OVERLAND","DL_RENDER","/Game/__ExternalActors__/Levels/Overland/Hogsmeade/Streets/LI_HM_Streets_EXT/8/F5/FSQ89MZIE7486KQLTVC2RT","LV_Overland/Hogsmeade/LI_Hogsmeade/LI_Hogsmeade/Streets/LI_HM_Streets_EXT/SM_CobbleStreet_Block_A1086","4AE77400-42B8-BC1C-990C-C5BBE01976A2","excluded by OutlinerPathsToExclude entry 'LI_Hogsmeade'","DA_RENDER_Rules -> DL_RENDER","1","2054200","jprice","2026-09-02","0",""
"removed","SM_CobbleStreet_Block_A1087","StaticMeshActor","DL_RENDER DL_OVERLAND","DL_RENDER","/Game/__ExternalActors__/Levels/Overland/Hogsmeade/Streets/LI_HM_Streets_EXT/3/SZ/NYJIGMDJ93CTJYDF15QEIU","LV_Overland/Hogsmeade/LI_Hogsmeade/LI_Hogsmeade/Streets/LI_HM_Streets_EXT/SM_CobbleStreet_Block_A1087","1D43EA58-4B9F-5484-0A83-CD842A870E72","excluded by OutlinerPathsToExclude entry 'LI_Hogsmeade'","DA_RENDER_Rules -> DL_RENDER","1","2054200","jprice","2026-09-02","0",""
"removed","SM_CobbleStreet_Block_A1088","StaticMeshActor","DL_RENDER DL_OVERLAND","DL_RENDER","/Game/__ExternalActors__/Levels/Overland/Hogsmeade/Streets/LI_HM_Streets_EXT/B/VA/MOFWAIHQZ5MTT3AE0SBD0C","LV_Overland/Hogsmeade/LI_Hogsmeade/LI_Hogsmeade/Streets/LI_HM_Streets_EXT/SM_CobbleStreet_Block_A1088","2C99BEA5-4001-E5ED-A8B2-6C9D866F85DD","excluded by OutlinerPathsToExclude entry 'LI_Hogsmeade'","DA_RENDER_Rules -> DL_RENDER","1","2054200","jprice","2026-09-02","0",""
"removed","SM_CobbleStreet_Block_A1089","StaticMeshActor","DL_RENDER DL_OVERLAND","DL_RENDER","/Game/__ExternalActors__/Levels/Overland/Hogsmeade/Streets/LI_HM_Streets_EXT/5/SX/ZSX8SME1LL8PZ4ZOF38B90","LV_Overland/Hogsmeade/LI_Hogsmeade/LI_Hogsmeade/Streets/LI_HM_Streets_EXT/SM_CobbleStreet_Block_A1089","12624389-48F0-40DD-A119-3B88F75B89A6","excluded by OutlinerPathsToExclude entry 'LI_Hogsmeade'","DA_RENDER_Rules -> DL_RENDER","1","2054200","jprice","2026-09-02","0",""
"removed","SM_CobbleStreet_Block_A1090","StaticMeshActor","DL_RENDER DL_OVERLAND","DL_RENDER","/Game/__ExternalActors__/Levels/Overland/Hogsmeade/Streets/LI_HM_Streets_EXT/6/A0/4COD2ZN3O6C9PJJVC06KB6","LV_Overland/Hogsmeade/LI_Hogsmeade/LI_Hogsmeade/Streets/LI_HM_Streets_EXT/SM_CobbleStreet_Block_A1090","0975945B-4517-7425-CB17-6EB5CAF03FF6","excluded by OutlinerPathsToExclude entry 'LI_Hogsmeade'","DA_RENDER_Rules -> DL_RENDER","1","2054200","jprice","2026-09-02","0",""
"removed","SM_CobbleStreet_Block_A1091","StaticMeshActor","DL_RENDER DL_OVERLAND","DL_RENDER","/Game/__ExternalActors__/Levels/Overland/Hogsmeade/Streets/LI_HM_Streets_EXT/7/CB/PDN7CXJ6EWISN93797MBCR","LV_Overland/Hogsmeade/LI_Hogsmeade/LI_Hogsmeade/Streets/LI_HM_Streets_EXT/SM_CobbleStreet_Block_A1091","04F8EA84-4418-4C7C-145A-8A95A6005BF5","excluded by OutlinerPathsToExclude entry 'LI_Hogsmeade'","DA_RENDER_Rules -> DL_RENDER","1","2054200","jprice","2026-09-02","0",""
"removed","SM_CobbleStreet_Block_A1092","StaticMeshActor","DL_RENDER DL_OVERLAND","DL_RENDER","/Game/__ExternalActors__/Levels/Overland/Hogsmeade/Streets/LI_HM_Streets_EXT/6/HA/RPS4B6KRB4YO9NPPJT37UZ","LV_Overland/Hogsmeade/LI_Hogsmeade/LI_Hogsmeade/Streets/LI_HM_Streets_EXT/SM_CobbleStreet_Block_A1092","5D8348DD-40CB-F509-2F34-4099274C3B01","excluded by OutlinerPathsToExclude entry 'LI_Hogsmeade'","DA_RENDER_Rules -> DL_RENDER","1","2054200","jprice","2026-09-02","0",""
"removed","SM_CobbleStreet_Block_A1093","StaticMeshActor","DL_RENDER DL_OVERLAND","DL_RENDER","/Game/__ExternalActors__/Levels/Overland/Hogsmeade/Streets/LI_HM_Streets_EXT/3/QH/EED3459TPKU8BD5Z3NINCX","LV_Overland/Hogsmeade/LI_Hogsmeade/LI_Hogsmeade/Streets/LI_HM_Streets_EXT/SM_CobbleStreet_Block_A1093","B5B0EDCD-4F87-C160-65F9-DCA3E379363E","excluded by OutlinerPathsToExclude entry 'LI_Hogsmeade'","DA_RENDER_Rules -> DL_RENDER","1","2054200","jprice","2026-09-02","0",""
"removed","SM_CobbleStreet_Block_A1094","StaticMeshActor","DL_RENDER DL_OVERLAND","DL_RENDER","/Game/__ExternalActors__/Levels/Overland/Hogsmeade/Streets/LI_HM_Streets_EXT/2/I1/YZ2URQHMB2GKM2ACEM5OBW","LV_Overland/Hogsmeade/LI_Hogsmeade/LI_Hogsmeade/Streets/LI_HM_Streets_EXT/SM_CobbleStreet_Block_A1094","F11440D4-4E5B-8D35-74EA-9099A9236FA6","excluded by OutlinerPathsToExclude entry 'LI_Hogsmeade'","DA_RENDER_Rules -> DL_RENDER","1","2054200","jprice","2026-09-02","0",""
"removed","SM_CobbleStreet_Block_A1095","StaticMeshActor","DL_RENDER DL_OVERLAND","DL_RENDER","/Game/__ExternalActors__/Levels/Overland/Hogsmeade/Streets/LI_HM_Streets_EXT/2/HK/UBW05Q3WLVWSZ7MXFYNBAX","LV_Overland/Hogsmeade/LI_Hogsmeade/LI_Hogsmeade/Streets/LI_HM_Streets_EXT/SM_CobbleStreet_Block_A1095","6D8BE626-41E5-A497-6EEC-43A69D0C7775","excluded by OutlinerPathsToExclude entry 'LI_Hogsmeade'","DA_RENDER_Rules -> DL_RENDER","1","2054200","jprice","2026-09-02","0",""
"removed","SM_CobbleStreet_Block_A1096","StaticMeshActor","DL_RENDER DL_OVERLAND","DL_RENDER","/Game/__ExternalActors__/Levels/Overland/Hogsmeade/Streets/LI_HM_Streets_EXT/E/2T/FTKXP4GMQJZKPW7IQWOC4W","LV_Overland/Hogsmeade/LI_Hogsmeade/LI_Hogsmeade/Streets/LI_HM_Streets_EXT/SM_CobbleStreet_Block_A1096","CDD03311-45DB-E159-6A1E-A5BF187B82E8","excluded by OutlinerPathsToExclude entry 'LI_Hogsmeade'","DA_RENDER_Rules -> DL_RENDER","1","2054200","jprice","2026-09-02","0",""
"removed","SM_CobbleStreet_Block_A1097","StaticMeshActor","DL_RENDER DL_OVERLAND","DL_RENDER","/Game/__ExternalActors__/Levels/Overland/Hogsmeade/Streets/LI_HM_Streets_EXT/2/M7/OFLJW4XLX3UNUGVM61OEJR","LV_Overland/Hogsmeade/LI_Hogsmeade/LI_Hogsmeade/Streets/LI_HM_Streets_EXT/SM_CobbleStreet_Block_A1097","472888A4-42E9-F7A1-427D-AD9A7DE83C1D","excluded by OutlinerPathsToExclude entry 'LI_Hogsmeade'","DA_RENDER_Rules -> DL_RENDER","1","2054200","jprice","2026-09-02","0",""
"removed","SM_CobbleStreet_Block_A1098","StaticMeshActor","DL_RENDER DL_OVERLAND","DL_RENDER","/Game/__ExternalActors__/Levels/Overland/Hogsmeade/Streets/LI_HM_Streets_EXT/1/2N/A86DXVRWT79KVVKH9HD7RA","LV_Overland/Hogsmeade/LI_Hogsmeade/LI_Hogsmeade/Streets/LI_HM_Streets_EXT/SM_CobbleStreet_Block_A1098","C893D172-4D7B-E1DD-C4F9-0CBDB263DAA1","excluded by OutlinerPathsToExclude entry 'LI_Hogsmeade'","DA_RENDER_Rules -> DL_RENDER","1","2054200","jprice","2026-09-02","0",""
"removed","SM_CobbleStreet_Block_A1099","StaticMeshActor","DL_RENDER DL_OVERLAND","DL_RENDER","/Game/__ExternalActors__/Levels/Overland/Hogsmeade/Streets/LI_HM_Streets_EXT/5/5A/WOQ5Y7NMOXOBKJNR2T65CT","LV_Overland/Hogsmeade/LI_Hogsmeade/LI_Hogsmeade/Streets/LI_HM_Streets_EXT/SM_CobbleStreet_Block_A1099","8131559B-481A-FB5A-5A26-F5A17C712F17","excluded by OutlinerPathsToExclude entry 'LI_Hogsmeade'","DA_RENDER_Rules -> DL_RENDER","1","2054200","jprice","2026-09-02","0",""
"removed","SM_CobbleStreet_Block_A1100","StaticMeshActor","DL_RENDER DL_OVERLAND","DL_RENDER","/Game/__ExternalActors__/Levels/Overland/Hogsmeade/Streets/LI_HM_Streets_EXT/E/6L/1BVS8L6UK6Z4DS9YT136IR","LV_Overland/Hogsmeade/LI_Hogsmeade/LI_Hogsmeade/Streets/LI_HM_Streets_EXT/SM_CobbleStreet_Block_A1100","1E910F52-4F0D-883F-3F92-9099BF50D64D","excluded by OutlinerPathsToExclude entry 'LI_Hogsmeade'","DA_RENDER_Rules -> DL_RENDER","1","2054200","jprice","2026-09-02","0",""
"removed","SM_CobbleStreet_Block_A1101","StaticMeshActor","DL_RENDER DL_OVERLAND","DL_RENDER","/Game/__ExternalActors__/Levels/Overland/Hogsmeade/Streets/LI_HM_Streets_EXT/3/30/FX1GEBLPRDOEQTMMS3XU75","LV_Overland/Hogsmeade/LI_Hogsmeade/LI_Hogsmeade/Streets/LI_HM_Streets_EXT/SM_CobbleStreet_Block_A1101","6D001897-49F8-D472-3CFC-1785290518E5","excluded by OutlinerPathsToExclude entry 'LI_Hogsmeade'","DA_RENDER_Rules -> DL_RENDER","1","2054200","jprice","2026-09-02","0",""
"removed","SM_CobbleStreet_Block_A1102","StaticMeshActor","DL_RENDER DL_OVERLAND","DL_RENDER","/Game/__ExternalActors__/Levels/Overland/Hogsmeade/Streets/LI_HM_Streets_EXT/1/8I/T443YD4EX1ZSWCIT1YUDUH","LV_Overland/Hogsmeade/LI_Hogsmeade/LI_Hogsmeade/Streets/LI_HM_Streets_EXT/SM_CobbleStreet_Block_A1102","A28142CB-4558-7E74-08F1-5FB8AC4D5D1C","excluded by OutlinerPathsToExclude entry 'LI_Hogsmeade'","DA_RENDER_Rules -> DL_RENDER","1","2054200","jprice","2026-09-02","0",""
"removed","SM_CobbleStreet_Block_A1103","StaticMeshActor","DL_RENDER DL_OVERLAND","DL_RENDER","/Game/__ExternalActors__/Levels/Overland/Hogsmeade/Streets/LI_HM_Streets_EXT/1/6H/50R40F6WBT0IAJYRRLCPL1","LV_Overland/Hogsmeade/LI_Hogsmeade/LI_Hogsmeade/Streets/LI_HM_Streets_EXT/SM_CobbleStreet_Block_A1103","1351B69A-423C-C7B7-D7C7-819B3DCEE054","excluded by OutlinerPathsToExclude entry 'LI_Hogsmeade'","DA_RENDER_Rules -> DL_RENDER","1","2054200","jprice","2026-09-02","0",""
"removed","SM_CobbleStreet_Block_A1104","StaticMeshActor","DL_RENDER DL_OVERLAND","DL_RENDER","/Game/__ExternalActors__/Levels/Overland/Hogsmeade/Streets/LI_HM_Streets_EXT/D/JT/BBFVG0DUSQRM3PY0XAVLLI","LV_Overland/Hogsmeade/LI_Hogsmeade/LI_Hogsmeade/Streets/LI_HM_Streets_EXT/SM_CobbleStreet_Block_A1104","002FE16B-477D-79FC-46DF-98A94533A839","excluded by OutlinerPathsToExclude entry 'LI_Hogsmeade'","DA_RENDER_Rules -> DL_RENDER","1","2054200","jprice","2026-09-02","0",""
"removed","SM_CobbleStreet_Block_A1105","StaticMeshActor","DL_RENDER DL_OVERLAND","DL_RENDER","/Game/__ExternalActors__/Levels/Overland/Hogsmeade/Streets/LI_HM_Streets_EXT/9/S9/HCTRXDILFAMDPXORPWKETH","LV_Overland/Hogsmeade/LI_Hogsmeade/LI_Hogsmeade/Streets/LI_HM_Streets_EXT/SM_CobbleStreet_Block_A1105","73C4A862-4B26-A474-27E7-49AF7D9B6DE8","excluded by OutlinerPathsToExclude entry 'LI_Hogsmeade'","DA_RENDER_Rules -> DL_RENDER","1","2054200","jprice","2026-09-02","0",""
"removed","SM_CobbleStreet_Block_A1106","StaticMeshActor","DL_RENDER DL_OVERLAND","DL_RENDER","/Game/__ExternalActors__/Levels/Overland/Hogsmeade/Streets/LI_HM_Streets_EXT/5/U8/ZOHMXL0SNQ7TLCVBOI9CIP","LV_Overland/Hogsmeade/LI_Hogsmeade/LI_Hogsmeade/Streets/LI_HM_Streets_EXT/SM_CobbleStreet_Block_A1106","3BDC4BC6-47B8-B620-9F79-AE85C94B9C9B","excluded by OutlinerPathsToExclude entry 'LI_Hogsmeade'","DA_RENDER_Rules -> DL_RENDER","1","2054200","jprice","2026-09-02","0",""
"removed","SM_CobbleStreet_Block_A1107","StaticMeshActor","DL_RENDER DL_OVERLAND","DL_RENDER","/Game/__ExternalActors__/Levels/Overland/Hogsmeade/Streets/LI_HM_Streets_EXT/8/05/747LC0QV5LZN7CX9UH6YBP","LV_Overland/Hogsmeade/LI_Hogsmeade/LI_Hogsmeade/Streets/LI_HM_Streets_EXT/SM_CobbleStreet_Block_A1107","451BF9C3-442D-7B75-B783-85BC81E31EFA","excluded by OutlinerPathsToExclude entry 'LI_Hogsmeade'","DA_RENDER_Rules -> DL_RENDER","1","2054200","jprice","2026-09-02","0",""
"removed","SM_CobbleStreet_Block_A1108","StaticMeshActor","DL_RENDER DL_OVERLAND","DL_RENDER","/Game/__ExternalActors__/Levels/Overland/Hogsmeade/Streets/LI_HM_Streets_EXT/0/9H/9CDX1S4ZRZB321UC21GHW2","LV_Overland/Hogsmeade/LI_Hogsmeade/LI_Hogsmeade/Streets/LI_HM_Streets_EXT/SM_CobbleStreet_Block_A1108","7E68441F-48C2-DDCE-3520-CE92D31B4D66","excluded by OutlinerPathsToExclude entry 'LI_Hogsmeade'","DA_RENDER_Rules -> DL_RENDER","1","2054200","jprice","2026-09-02","0",""
"removed","SM_CobbleStreet_Block_A1109","StaticMeshActor","DL_RENDER DL_OVERLAND","DL_RENDER","/Game/__ExternalActors__/Levels/Overland/Hogsmeade/Streets/LI_HM_Streets_EXT/0/H0/55EV6GHVKOBEL7792HFVTV","LV_Overland/Hogsmeade/LI_Hogsmeade/LI_Hogsmeade/Streets/LI_HM_Streets_EXT/SM_CobbleStreet_Block_A1109","C3A805C3-4C39-F8AE-532C-DF85EE0F924B","excluded by OutlinerPathsToExclude entry 'LI_Hogsmeade'","DA_RENDER_Rules -> DL_RENDER","1","2054200","jprice","2026-09-02","0",""
"removed","SM_CobbleStreet_Block_A1110","StaticMeshActor","DL_RENDER DL_OVERLAND","DL_RENDER","/Game/__ExternalActors__/Levels/Overland/Hogsmeade/Streets/LI_HM_Streets_EXT/C/ZB/ULKWT2DDN5024NGI0FA969","LV_Overland/Hogsmeade/LI_Hogsmeade/LI_Hogsmeade/Streets/LI_HM_Streets_EXT/SM_CobbleStreet_Block_A1110","2974A8E6-4BAF-E241-E9FB-4A99CA80C318","excluded by OutlinerPathsToExclude entry 'LI_Hogsmeade'","DA_RENDER_Rules -> DL_RENDER","1","2054200","jprice","2026-09-02","0",""
"removed","SM_CobbleStreet_Block_A1111","StaticMeshActor","DL_RENDER DL_OVERLAND","DL_RENDER","/Game/__ExternalActors__/Levels/Overland/Hogsmeade/Streets/LI_HM_Streets_EXT/0/Y5/ZPSID5RR1FAX8LGRKT1PDA","LV_Overland/Hogsmeade/LI_Hogsmeade/LI_Hogsmeade/Streets/LI_HM_Streets_EXT/SM_CobbleStreet_Block_A1111","3DE2AC69-4EB4-5151-AE14-7697D51FE693","excluded by OutlinerPathsToExclude entry 'LI_Hogsmeade'","DA_RENDER_Rules -> DL_RENDER","1","2054200","jprice","2026-09-02","0",""
"removed","SM_CobbleStreet_Block_A1112","StaticMeshActor","DL_RENDER DL_OVERLAND","DL_RENDER","/Game/__ExternalActors__/Levels/Overland/Hogsmeade/Streets/LI_HM_Streets_EXT/2/FB/XYJP79N67NIZMSKJGCNSKH","LV_Overland/Hogsmeade/LI_Hogsmeade/LI_Hogsmeade/Streets/LI_HM_Streets_EXT/SM_CobbleStreet_Block_A1112","BFAE301D-4FF7-B0A7-36F9-7E80E9FABC51","excluded by OutlinerPathsToExclude entry 'LI_Hogsmeade'","DA_RENDER_Rules -> DL_RENDER","1","2054200","jprice","2026-09-02","0",""
"removed","SM_CobbleStreet_Block_A1113","StaticMeshActor","DL_RENDER DL_OVERLAND","DL_RENDER","/Game/__ExternalActors__/Levels/Overland/Hogsmeade/Streets/LI_HM_Streets_EXT/D/XS/JQNPXM6S3S5O6I8YPJMM9Z","LV_Overland/Hogsmeade/LI_Hogsmeade/LI_Hogsmeade/Streets/LI_HM_Streets_EXT/SM_CobbleStreet_Block_A1113","C194A32E-4942-DD08-477C-68BDDC3C6C10","excluded by OutlinerPathsToExclude entry 'LI_Hogsmeade'","DA_RENDER_Rules -> DL_RENDER","1","2072097","jprice","2026-09-15","0",""
"removed","SM_CobbleStreet_Block_A1114","StaticMeshActor","DL_RENDER DL_OVERLAND","DL_RENDER","/Game/__ExternalActors__/Levels/Overland/Hogsmeade/Streets/LI_HM_Streets_EXT/5/ZQ/FC6QD8CI7CGAHXHDJVJ9IW","LV_Overland/Hogsmeade/LI_Hogsmeade/LI_Hogsmeade/Streets/LI_HM_Streets_EXT/SM_CobbleStreet_Block_A1114","9435418F-44BC-0F78-A9FF-B7A602E9F33B","excluded by OutlinerPathsToExclude entry 'LI_Hogsmeade'","DA_RENDER_Rules -> DL_RENDER","1","2072097","jprice","2026-09-15","0",""
"removed","SM_CobbleStreet_Block_A1115","StaticMeshActor","DL_RENDER DL_OVERLAND","DL_RENDER","/Game/__ExternalActors__/Levels/Overland/Hogsmeade/Streets/LI_HM_Streets_EXT/7/3Y/GMWEP66LWN7DYF93VP8ZLE","LV_Overland/Hogsmeade/LI_Hogsmeade/LI_Hogsmeade/Streets/LI_HM_Streets_EXT/SM_CobbleStreet_Block_A1115","47D78270-47EE-EE7B-5FE9-A89CF8898E25","excluded by OutlinerPathsToExclude entry 'LI_Hogsmeade'","DA_RENDER_Rules -> DL_RENDER","1","2072097","jprice","2026-09-15","0",""
"removed","SM_CobbleStreet_Block_A1116","StaticMeshActor","DL_RENDER DL_OVERLAND","DL_RENDER","/Game/__ExternalActors__/Levels/Overland/Hogsmeade/Streets/LI_HM_Streets_EXT/0/12/TBDAXMW1YQCYG5NAV5RHTB","LV_Overland/Hogsmeade/LI_Hogsmeade/LI_Hogsmeade/Streets/LI_HM_Streets_EXT/SM_CobbleStreet_Block_A1116","08388D4A-4A46-BBD9-3719-B9AF068A40FE","excluded by OutlinerPathsToExclude entry 'LI_Hogsmeade'","DA_RENDER_Rules -> DL_RENDER","1","2072097","jprice","2026-09-15","0",""
"removed","SM_CobbleStreet_Block_A1117","StaticMeshActor","DL_RENDER DL_OVERLAND","DL_RENDER","/Game/__ExternalActors__/Levels/Overland/Hogsmeade/Streets/LI_HM_Streets_EXT/7/7F/KTJARCNZMB1TS8IQM9MBPZ","LV_Overland/Hogsmeade/LI_Hogsmeade/LI_Hogsmeade/Streets/LI_HM_Streets_EXT/SM_CobbleStreet_Block_A1117","BF017AA8-4E2D-7726-E45A-9E9A656FDF5B","excluded by OutlinerPathsToExclude entry 'LI_Hogsmeade'","DA_RENDER_Rules -> DL_RENDER","1","2072097","jprice","2026-09-15","0",""
"removed","SM_CobbleStreet_Block_A1118","StaticMeshActor","DL_RENDER DL_OVERLAND","DL_RENDER","/Game/__ExternalActors__/Levels/Overland/Hogsmeade/Streets/LI_HM_Streets_EXT/4/VW/Y1MMR8DJZHNVE218OQW8PW","LV_Overland/Hogsmeade/LI_Hogsmeade/LI_Hogsmeade/Streets/LI_HM_Streets_EXT/SM_CobbleStreet_Block_A1118","D2461A3D-4B41-EA9C-B528-27B67C8EBF85","excluded by OutlinerPathsToExclude entry 'LI_Hogsmeade'","DA_RENDER_Rules -> DL_RENDER","1","2054200","jprice","2026-09-02","0",""
"removed","SM_CobbleStreet_Block_A1119","StaticMeshActor","DL_RENDER DL_OVERLAND","DL_RENDER","/Game/__ExternalActors__/Levels/Overland/Hogsmeade/Streets/LI_HM_Streets_EXT/C/FQ/Q2LX7MP37OP0Z1OA2Y2DNK","LV_Overland/Hogsmeade/LI_Hogsmeade/LI_Hogsmeade/Streets/LI_HM_Streets_EXT/SM_CobbleStreet_Block_A1119","D088FB9C-4CFC-99A7-DD7C-C9B601CC2ACE","excluded by OutlinerPathsToExclude entry 'LI_Hogsmeade'","DA_RENDER_Rules -> DL_RENDER","1","2054200","jprice","2026-09-02","0",""
"removed","SM_CobbleStreet_Block_A1120","StaticMeshActor","DL_RENDER DL_OVERLAND","DL_RENDER","/Game/__ExternalActors__/Levels/Overland/Hogsmeade/Streets/LI_HM_Streets_EXT/D/YX/YI4C15I0M8PMKEDK2ANF1M","LV_Overland/Hogsmeade/LI_Hogsmeade/LI_Hogsmeade/Streets/LI_HM_Streets_EXT/SM_CobbleStreet_Block_A1120","F8B89258-40B0-8710-761F-6D8F989AD43E","excluded by OutlinerPathsToExclude entry 'LI_Hogsmeade'","DA_RENDER_Rules -> DL_RENDER","1","2054200","jprice","2026-09-02","0",""
"removed","SM_CobbleStreet_Block_A1121","StaticMeshActor","DL_RENDER DL_OVERLAND","DL_RENDER","/Game/__ExternalActors__/Levels/Overland/Hogsmeade/Streets/LI_HM_Streets_EXT/0/XI/IHI2BDWW5BEIS8E1JQLDLQ","LV_Overland/Hogsmeade/LI_Hogsmeade/LI_Hogsmeade/Streets/LI_HM_Streets_EXT/SM_CobbleStreet_Block_A1121","D1D3E9F9-4588-FCF4-730C-63A0666B2358","excluded by OutlinerPathsToExclude entry 'LI_Hogsmeade'","DA_RENDER_Rules -> DL_RENDER","1","2054200","jprice","2026-09-02","0",""
"removed","SM_CobbleStreet_Block_A1122","StaticMeshActor","DL_RENDER DL_OVERLAND","DL_RENDER","/Game/__ExternalActors__/Levels/Overland/Hogsmeade/Streets/LI_HM_Streets_EXT/F/34/N2TOGQDMENRGAY9FL1S3PW","LV_Overland/Hogsmeade/LI_Hogsmeade/LI_Hogsmeade/Streets/LI_HM_Streets_EXT/SM_CobbleStreet_Block_A1122","982DBBFA-426C-25C6-AE62-12BA49A80DE1","excluded by OutlinerPathsToExclude entry 'LI_Hogsmeade'","DA_RENDER_Rules -> DL_RENDER","1","2054200","jprice","2026-09-02","0",""
"removed","SM_CobbleStreet_Block_A1123","StaticMeshActor","DL_RENDER DL_OVERLAND","DL_RENDER","/Game/__ExternalActors__/Levels/Overland/Hogsmeade/Streets/LI_HM_Streets_EXT/E/NB/16Q08XQAX6LM1DHON437NY","LV_Overland/Hogsmeade/LI_Hogsmeade/LI_Hogsmeade/Streets/LI_HM_Streets_EXT/SM_CobbleStreet_Block_A1123","82C11CD3-4339-A1AB-971E-B28A3EFEF93F","excluded by OutlinerPathsToExclude entry 'LI_Hogsmeade'","DA_RENDER_Rules -> DL_RENDER","1","2054200","jprice","2026-09-02","0",""
"removed","SM_CobbleStreet_Block_A1124","StaticMeshActor","DL_RENDER DL_OVERLAND","DL_RENDER","/Game/__ExternalActors__/Levels/Overland/Hogsmeade/Streets/LI_HM_Streets_EXT/A/4G/6LXIHAIB7Y5IV842X0HVST","LV_Overland/Hogsmeade/LI_Hogsmeade/LI_Hogsmeade/Streets/LI_HM_Streets_EXT/SM_CobbleStreet_Block_A1124","A19260F5-46B7-B761-58CA-9FAA2C59ED20","excluded by OutlinerPathsToExclude entry 'LI_Hogsmeade'","DA_RENDER_Rules -> DL_RENDER","1","2054200","jprice","2026-09-02","0",""
"removed","SM_CobbleStreet_Block_A1125","StaticMeshActor","DL_RENDER DL_OVERLAND","DL_RENDER","/Game/__ExternalActors__/Levels/Overland/Hogsmeade/Streets/LI_HM_Streets_EXT/B/FY/T6AWIR9Y9QN2FQC5AYE53A","LV_Overland/Hogsmeade/LI_Hogsmeade/LI_Hogsmeade/Streets/LI_HM_Streets_EXT/SM_CobbleStreet_Block_A1125","25255BD3-4DB4-EBE6-17CD-BA81DFACEAF5","excluded by OutlinerPathsToExclude entry 'LI_Hogsmeade'","DA_RENDER_Rules -> DL_RENDER","1","2054200","jprice","2026-09-02","0",""
"removed","SM_CobbleStreet_Block_A1126","StaticMeshActor","DL_RENDER DL_OVERLAND","DL_RENDER","/Game/__ExternalActors__/Levels/Overland/Hogsmeade/Streets/LI_HM_Streets_EXT/D/94/NLTT2WDJZINF1ID5DFMGMT","LV_Overland/Hogsmeade/LI_Hogsmeade/LI_Hogsmeade/Streets/LI_HM_Streets_EXT/SM_CobbleStreet_Block_A1126","B0EEF359-4E8A-C8BE-58AD-D0B63134ACD1","excluded by OutlinerPathsToExclude entry 'LI_Hogsmeade'","DA_RENDER_Rules -> DL_RENDER","1","2054200","jprice","2026-09-02","0",""
"removed","SM_CobbleStreet_Block_A1127","StaticMeshActor","DL_RENDER DL_OVERLAND","DL_RENDER","/Game/__ExternalActors__/Levels/Overland/Hogsmeade/Streets/LI_HM_Streets_EXT/0/GD/43UAVZC7F9EHOWNKC3N80F","LV_Overland/Hogsmeade/LI_Hogsmeade/LI_Hogsmeade/Streets/LI_HM_Streets_EXT/SM_CobbleStreet_Block_A1127","C8870D2A-4D20-23DD-1D92-508C54C7D58A","excluded by OutlinerPathsToExclude entry 'LI_Hogsmeade'","DA_RENDER_Rules -> DL_RENDER","1","2054200","jprice","2026-09-02","0",""
"removed","SM_CobbleStreet_Block_A1128","StaticMeshActor","DL_RENDER DL_OVERLAND","DL_RENDER","/Game/__ExternalActors__/Levels/Overland/Hogsmeade/Streets/LI_HM_Streets_EXT/4/4W/BIT4O25RT3UC2K89R1ZOFT","LV_Overland/Hogsmeade/LI_Hogsmeade/LI_Hogsmeade/Streets/LI_HM_Streets_EXT/SM_CobbleStreet_Block_A1128","88164DF4-4C7A-76A8-0FCD-90B23D146037","excluded by OutlinerPathsToExclude entry 'LI_Hogsmeade'","DA_RENDER_Rules -> DL_RENDER","1","2054200","jprice","2026-09-02","0",""
"removed","SM_CobbleStreet_Block_A1129","StaticMeshActor","DL_RENDER DL_OVERLAND","DL_RENDER","/Game/__ExternalActors__/Levels/Overland/Hogsmeade/Streets/LI_HM_Streets_EXT/C/9W/7AHCFFU8VCRBK6TPM3OOZ2","LV_Overland/Hogsmeade/LI_Hogsmeade/LI_Hogsmeade/Streets/LI_HM_Streets_EXT/SM_CobbleStreet_Block_A1129","DC653DC8-492D-7AE3-AC24-0EB8BD0A7E1C","excluded by OutlinerPathsToExclude entry 'LI_Hogsmeade'","DA_RENDER_Rules -> DL_RENDER","1","2054200","jprice","2026-09-02","0",""
"removed","SM_CobbleStreet_Block_A1130","StaticMeshActor","DL_RENDER DL_OVERLAND","DL_RENDER","/Game/__ExternalActors__/Levels/Overland/Hogsmeade/Streets/LI_HM_Streets_EXT/4/8U/J9LW11MBU4ZUAEHYPRYES8","LV_Overland/Hogsmeade/LI_Hogsmeade/LI_Hogsmeade/Streets/LI_HM_Streets_EXT/SM_CobbleStreet_Block_A1130","0DB1576D-4200-0B84-6ABA-6EA196888CDF","excluded by OutlinerPathsToExclude entry 'LI_Hogsmeade'","DA_RENDER_Rules -> DL_RENDER","1","2054200","jprice","2026-09-02","0",""
"removed","SM_CobbleStreet_Block_A1131","StaticMeshActor","DL_RENDER DL_OVERLAND","DL_RENDER","/Game/__ExternalActors__/Levels/Overland/Hogsmeade/Streets/LI_HM_Streets_EXT/4/SA/H7AJIUCOHP03RB23WGICP0","LV_Overland/Hogsmeade/LI_Hogsmeade/LI_Hogsmeade/Streets/LI_HM_Streets_EXT/SM_CobbleStreet_Block_A1131","3D91B937-4A67-6E35-BEEB-EB971A01CD5C","excluded by OutlinerPathsToExclude entry 'LI_Hogsmeade'","DA_RENDER_Rules -> DL_RENDER","1","2054200","jprice","2026-09-02","0",""
"removed","SM_CobbleStreet_Block_A1132","StaticMeshActor","DL_RENDER DL_OVERLAND","DL_RENDER","/Game/__ExternalActors__/Levels/Overland/Hogsmeade/Streets/LI_HM_Streets_EXT/0/QI/PRLNNTOG0R4O5TYEHNESBU","LV_Overland/Hogsmeade/LI_Hogsmeade/LI_Hogsmeade/Streets/LI_HM_Streets_EXT/SM_CobbleStreet_Block_A1132","1CEF2D14-481B-753A-AAA3-A1A09F445BEB","excluded by OutlinerPathsToExclude entry 'LI_Hogsmeade'","DA_RENDER_Rules -> DL_RENDER","1","2054200","jprice","2026-09-02","0",""
"removed","SM_CobbleStreet_Block_A1133","StaticMeshActor","DL_RENDER DL_OVERLAND","DL_RENDER","/Game/__ExternalActors__/Levels/Overland/Hogsmeade/Streets/LI_HM_Streets_EXT/8/TT/C8Y6O5PCBZZ27V2GDH9J11","LV_Overland/Hogsmeade/LI_Hogsmeade/LI_Hogsmeade/Streets/LI_HM_Streets_EXT/SM_CobbleStreet_Block_A1133","143D3A79-47D9-F214-9DF9-528EC1F13C85","excluded by OutlinerPathsToExclude entry 'LI_Hogsmeade'","DA_RENDER_Rules -> DL_RENDER","1","2054200","jprice","2026-09-02","0",""
"removed","SM_CobbleStreet_Block_A1134","StaticMeshActor","DL_RENDER DL_OVERLAND","DL_RENDER","/Game/__ExternalActors__/Levels/Overland/Hogsmeade/Streets/LI_HM_Streets_EXT/D/VS/X8YERDJ3FNJY2XQUQOI3DN","LV_Overland/Hogsmeade/LI_Hogsmeade/LI_Hogsmeade/Streets/LI_HM_Streets_EXT/SM_CobbleStreet_Block_A1134","EF4D7EA4-4EF0-5067-C4E1-889599693F45","excluded by OutlinerPathsToExclude entry 'LI_Hogsmeade'","DA_RENDER_Rules -> DL_RENDER","1","2054200","jprice","2026-09-02","0",""
"removed","SM_CobbleStreet_Block_A1135","StaticMeshActor","DL_RENDER DL_OVERLAND","DL_RENDER","/Game/__ExternalActors__/Levels/Overland/Hogsmeade/Streets/LI_HM_Streets_EXT/A/ZG/2J9Q3U6P0667ZTT16JBBZS","LV_Overland/Hogsmeade/LI_Hogsmeade/LI_Hogsmeade/Streets/LI_HM_Streets_EXT/SM_CobbleStreet_Block_A1135","55C6BFFC-4416-F61D-DF01-DFB1E6661850","excluded by OutlinerPathsToExclude entry 'LI_Hogsmeade'","DA_RENDER_Rules -> DL_RENDER","1","2054200","jprice","2026-09-02","0",""
"removed","SM_CobbleStreet_Block_A1136","StaticMeshActor","DL_RENDER DL_OVERLAND","DL_RENDER","/Game/__ExternalActors__/Levels/Overland/Hogsmeade/Streets/LI_HM_Streets_EXT/0/VL/4E0I7YVTC9UJNHTTCAPWWP","LV_Overland/Hogsmeade/LI_Hogsmeade/LI_Hogsmeade/Streets/LI_HM_Streets_EXT/SM_CobbleStreet_Block_A1136","E8C752CB-421D-5E78-6988-639B991950EA","excluded by OutlinerPathsToExclude entry 'LI_Hogsmeade'","DA_RENDER_Rules -> DL_RENDER","1","2054200","jprice","2026-09-02","0",""
"removed","SM_CobbleStreet_Block_A1137","StaticMeshActor","DL_RENDER DL_OVERLAND","DL_RENDER","/Game/__ExternalActors__/Levels/Overland/Hogsmeade/Streets/LI_HM_Streets_EXT/B/PN/9UPTYYLYOMXYYCECB76DI2","LV_Overland/Hogsmeade/LI_Hogsmeade/LI_Hogsmeade/Streets/LI_HM_Streets_EXT/SM_CobbleStreet_Block_A1137","57F0C8C8-49A4-A359-ACC1-7A8A1EFDF360","excluded by OutlinerPathsToExclude entry 'LI_Hogsmeade'","DA_RENDER_Rules -> DL_RENDER","1","2054200","jprice","2026-09-02","0",""
"removed","SM_CobbleStreet_Block_A1138","StaticMeshActor","DL_RENDER DL_OVERLAND","DL_RENDER","/Game/__ExternalActors__/Levels/Overland/Hogsmeade/Streets/LI_HM_Streets_EXT/0/T5/3UQBI3KDQ2CCDZ9J5BZL58","LV_Overland/Hogsmeade/LI_Hogsmeade/LI_Hogsmeade/Streets/LI_HM_Streets_EXT/SM_CobbleStreet_Block_A1138","33709B70-48C2-D70D-3EE4-7FAFB41919F1","excluded by OutlinerPathsToExclude entry 'LI_Hogsmeade'","DA_RENDER_Rules -> DL_RENDER","1","2054200","jprice","2026-09-02","0",""
"removed","SM_CobbleStreet_Block_A1139","StaticMeshActor","DL_RENDER DL_OVERLAND","DL_RENDER","/Game/__ExternalActors__/Levels/Overland/Hogsmeade/Streets/LI_HM_Streets_EXT/B/RY/5WSK4NL7ZDSOLJ5EB0HKED","LV_Overland/Hogsmeade/LI_Hogsmeade/LI_Hogsmeade/Streets/LI_HM_Streets_EXT/SM_CobbleStreet_Block_A1139","C2F18D99-4BF3-C099-07AE-35A257FDE311","excluded by OutlinerPathsToExclude entry 'LI_Hogsmeade'","DA_RENDER_Rules -> DL_RENDER","1","2054200","jprice","2026-09-02","0",""
"removed","SM_CobbleStreet_Block_A1140","StaticMeshActor","DL_RENDER DL_OVERLAND","DL_RENDER","/Game/__ExternalActors__/Levels/Overland/Hogsmeade/Streets/LI_HM_Streets_EXT/1/JH/EA0B901DP8P3VODVZXI6SS","LV_Overland/Hogsmeade/LI_Hogsmeade/LI_Hogsmeade/Streets/LI_HM_Streets_EXT/SM_CobbleStreet_Block_A1140","0510F22F-4EF4-9503-54F5-D2BB9027C3D5","excluded by OutlinerPathsToExclude entry 'LI_Hogsmeade'","DA_RENDER_Rules -> DL_RENDER","1","2054200","jprice","2026-09-02","0",""
"removed","SM_CobbleStreet_Block_A1141","StaticMeshActor","DL_RENDER DL_OVERLAND","DL_RENDER","/Game/__ExternalActors__/Levels/Overland/Hogsmeade/Streets/LI_HM_Streets_EXT/0/M2/8AWCLCABQZUGF19D8KSZ8J","LV_Overland/Hogsmeade/LI_Hogsmeade/LI_Hogsmeade/Streets/LI_HM_Streets_EXT/SM_CobbleStreet_Block_A1141","E88A5F7B-433C-4329-401B-859C01C69DD5","excluded by OutlinerPathsToExclude entry 'LI_Hogsmeade'","DA_RENDER_Rules -> DL_RENDER","1","2054200","jprice","2026-09-02","0",""
"removed","SM_CobbleStreet_Block_A1142","StaticMeshActor","DL_RENDER DL_OVERLAND","DL_RENDER","/Game/__ExternalActors__/Levels/Overland/Hogsmeade/Streets/LI_HM_Streets_EXT/0/TV/HKKR28JWYR2VTKNG9SAKNI","LV_Overland/Hogsmeade/LI_Hogsmeade/LI_Hogsmeade/Streets/LI_HM_Streets_EXT/SM_CobbleStreet_Block_A1142","D3B771E0-4620-447D-17D0-2C800B55AD11","excluded by OutlinerPathsToExclude entry 'LI_Hogsmeade'","DA_RENDER_Rules -> DL_RENDER","1","2054200","jprice","2026-09-02","0",""
"removed","SM_CobbleStreet_Block_A1143","StaticMeshActor","DL_RENDER DL_OVERLAND","DL_RENDER","/Game/__ExternalActors__/Levels/Overland/Hogsmeade/Streets/LI_HM_Streets_EXT/3/SC/3MNM13Z5IBKB12NRFC51SV","LV_Overland/Hogsmeade/LI_Hogsmeade/LI_Hogsmeade/Streets/LI_HM_Streets_EXT/SM_CobbleStreet_Block_A1143","0D6F155D-4BD4-0E30-E6AD-EDAAD68E7203","excluded by OutlinerPathsToExclude entry 'LI_Hogsmeade'","DA_RENDER_Rules -> DL_RENDER","1","2054200","jprice","2026-09-02","0",""
"removed","SM_CobbleStreet_Block_A1144","StaticMeshActor","DL_RENDER DL_OVERLAND","DL_RENDER","/Game/__ExternalActors__/Levels/Overland/Hogsmeade/Streets/LI_HM_Streets_EXT/9/K7/NKAYINQFOBOMQKMEDZCO0S","LV_Overland/Hogsmeade/LI_Hogsmeade/LI_Hogsmeade/Streets/LI_HM_Streets_EXT/SM_CobbleStreet_Block_A1144","29679566-4CF1-E255-A21D-23B2CC4D6E13","excluded by OutlinerPathsToExclude entry 'LI_Hogsmeade'","DA_RENDER_Rules -> DL_RENDER","1","2054200","jprice","2026-09-02","0",""
"removed","SM_CobbleStreet_Block_A1145","StaticMeshActor","DL_RENDER DL_OVERLAND","DL_RENDER","/Game/__ExternalActors__/Levels/Overland/Hogsmeade/Streets/LI_HM_Streets_EXT/2/D0/Q2L0LMQLRKDFC4NG9QMAA0","LV_Overland/Hogsmeade/LI_Hogsmeade/LI_Hogsmeade/Streets/LI_HM_Streets_EXT/SM_CobbleStreet_Block_A1145","201D3D87-441C-BC88-0CA8-7EA7C2EE8642","excluded by OutlinerPathsToExclude entry 'LI_Hogsmeade'","DA_RENDER_Rules -> DL_RENDER","1","2054200","jprice","2026-09-02","0",""
"removed","SM_CobbleStreet_Block_A1146","StaticMeshActor","DL_RENDER DL_OVERLAND","DL_RENDER","/Game/__ExternalActors__/Levels/Overland/Hogsmeade/Streets/LI_HM_Streets_EXT/6/JI/AR1KDVNGRHSU9SQ5E3LCGV","LV_Overland/Hogsmeade/LI_Hogsmeade/LI_Hogsmeade/Streets/LI_HM_Streets_EXT/SM_CobbleStreet_Block_A1146","FC9E5596-41D6-99A9-4143-319857B66A66","excluded by OutlinerPathsToExclude entry 'LI_Hogsmeade'","DA_RENDER_Rules -> DL_RENDER","1","2054200","jprice","2026-09-02","0",""
"removed","SM_CobbleStreet_Block_A1147","StaticMeshActor","DL_RENDER DL_OVERLAND","DL_RENDER","/Game/__ExternalActors__/Levels/Overland/Hogsmeade/Streets/LI_HM_Streets_EXT/6/1B/5O5YYFGLEOODW7VWWTH1CK","LV_Overland/Hogsmeade/LI_Hogsmeade/LI_Hogsmeade/Streets/LI_HM_Streets_EXT/SM_CobbleStreet_Block_A1147","127215ED-48D6-2ADF-5029-65837FF29056","excluded by OutlinerPathsToExclude entry 'LI_Hogsmeade'","DA_RENDER_Rules -> DL_RENDER","1","2054200","jprice","2026-09-02","0",""
"removed","SM_CobbleStreet_Block_A1148","StaticMeshActor","DL_RENDER DL_OVERLAND","DL_RENDER","/Game/__ExternalActors__/Levels/Overland/Hogsmeade/Streets/LI_HM_Streets_EXT/8/0E/51L8ZXJABOBPZDGQP8VTV5","LV_Overland/Hogsmeade/LI_Hogsmeade/LI_Hogsmeade/Streets/LI_HM_Streets_EXT/SM_CobbleStreet_Block_A1148","D086F970-4A63-5BD0-BED5-D4B1D500DFBE","excluded by OutlinerPathsToExclude entry 'LI_Hogsmeade'","DA_RENDER_Rules -> DL_RENDER","1","2054200","jprice","2026-09-02","0",""
"removed","SM_CobbleStreet_Block_A1149","StaticMeshActor","DL_RENDER DL_OVERLAND","DL_RENDER","/Game/__ExternalActors__/Levels/Overland/Hogsmeade/Streets/LI_HM_Streets_EXT/6/EN/Z5LP4BUG7ZS3RL9PB0D2ZU","LV_Overland/Hogsmeade/LI_Hogsmeade/LI_Hogsmeade/Streets/LI_HM_Streets_EXT/SM_CobbleStreet_Block_A1149","8F57AFA8-4503-B779-B23A-DCB0057D5807","excluded by OutlinerPathsToExclude entry 'LI_Hogsmeade'","DA_RENDER_Rules -> DL_RENDER","1","2054200","jprice","2026-09-02","0",""
"removed","SM_CobbleStreet_Block_A1150","StaticMeshActor","DL_RENDER DL_OVERLAND","DL_RENDER","/Game/__ExternalActors__/Levels/Overland/Hogsmeade/Streets/LI_HM_Streets_EXT/6/4A/ZWWE7CXWC2QI7J5L1IGI69","LV_Overland/Hogsmeade/LI_Hogsmeade/LI_Hogsmeade/Streets/LI_HM_Streets_EXT/SM_CobbleStreet_Block_A1150","D7BB93D0-4376-BE6F-B0E0-BB940A5F0665","excluded by OutlinerPathsToExclude entry 'LI_Hogsmeade'","DA_RENDER_Rules -> DL_RENDER","1","2054200","jprice","2026-09-02","0",""
"removed","SM_CobbleStreet_Block_A1151","StaticMeshActor","DL_RENDER DL_OVERLAND","DL_RENDER","/Game/__ExternalActors__/Levels/Overland/Hogsmeade/Streets/LI_HM_Streets_EXT/1/NT/4HD80464MM9B01ZZ64F01Z","LV_Overland/Hogsmeade/LI_Hogsmeade/LI_Hogsmeade/Streets/LI_HM_Streets_EXT/SM_CobbleStreet_Block_A1151","D6E90B91-4A9F-97F0-4216-EE91F9A39C1A","excluded by OutlinerPathsToExclude entry 'LI_Hogsmeade'","DA_RENDER_Rules -> DL_RENDER","1","2054200","jprice","2026-09-02","0",""
"removed","SM_CobbleStreet_Block_A1152","StaticMeshActor","DL_RENDER DL_OVERLAND","DL_RENDER","/Game/__ExternalActors__/Levels/Overland/Hogsmeade/Streets/LI_HM_Streets_EXT/B/Q1/NX2A5N5C3C0994I33W4NAN","LV_Overland/Hogsmeade/LI_Hogsmeade/LI_Hogsmeade/Streets/LI_HM_Streets_EXT/SM_CobbleStreet_Block_A1152","5C34B7B2-4173-9DCE-379A-0FA921A71B52","excluded by OutlinerPathsToExclude entry 'LI_Hogsmeade'","DA_RENDER_Rules -> DL_RENDER","1","2054200","jprice","2026-09-02","0",""
"removed","SM_CobbleStreet_Block_A1153","StaticMeshActor","DL_RENDER DL_OVERLAND","DL_RENDER","/Game/__ExternalActors__/Levels/Overland/Hogsmeade/Streets/LI_HM_Streets_EXT/3/72/3KOSJTQMTF4O4GD4DUXNXY","LV_Overland/Hogsmeade/LI_Hogsmeade/LI_Hogsmeade/Streets/LI_HM_Streets_EXT/SM_CobbleStreet_Block_A1153","B6CEF3CD-49A7-A27D-B5DF-2083619FD4E7","excluded by OutlinerPathsToExclude entry 'LI_Hogsmeade'","DA_RENDER_Rules -> DL_RENDER","1","2054200","jprice","2026-09-02","0",""
"removed","SM_CobbleStreet_Block_A1154","StaticMeshActor","DL_RENDER DL_OVERLAND","DL_RENDER","/Game/__ExternalActors__/Levels/Overland/Hogsmeade/Streets/LI_HM_Streets_EXT/3/9Q/Y7VKK1OTU58ZZFVF2KCPDU","LV_Overland/Hogsmeade/LI_Hogsmeade/LI_Hogsmeade/Streets/LI_HM_Streets_EXT/SM_CobbleStreet_Block_A1154","2E0666F0-418D-62A6-6E5C-A28234FF1DF8","excluded by OutlinerPathsToExclude entry 'LI_Hogsmeade'","DA_RENDER_Rules -> DL_RENDER","1","2054200","jprice","2026-09-02","0",""
"removed","SM_CobbleStreet_Block_A1155","StaticMeshActor","DL_RENDER DL_OVERLAND","DL_RENDER","/Game/__ExternalActors__/Levels/Overland/Hogsmeade/Streets/LI_HM_Streets_EXT/9/O4/4HYHQ7SXFL7NB8FJM2CYK7","LV_Overland/Hogsmeade/LI_Hogsmeade/LI_Hogsmeade/Streets/LI_HM_Streets_EXT/SM_CobbleStreet_Block_A1155","2EDBF72C-409E-0040-9A11-69BC5ECBA4DD","excluded by OutlinerPathsToExclude entry 'LI_Hogsmeade'","DA_RENDER_Rules -> DL_RENDER","1","2054200","jprice","2026-09-02","0",""
"removed","SM_CobbleStreet_Block_A1156","StaticMeshActor","DL_RENDER DL_OVERLAND","DL_RENDER","/Game/__ExternalActors__/Levels/Overland/Hogsmeade/Streets/LI_HM_Streets_EXT/1/QS/KGRFFEUSKC7D08961V8XI0","LV_Overland/Hogsmeade/LI_Hogsmeade/LI_Hogsmeade/Streets/LI_HM_Streets_EXT/SM_CobbleStreet_Block_A1156","B846F8EA-4B27-F714-28D6-E6A73BFA3721","excluded by OutlinerPathsToExclude entry 'LI_Hogsmeade'","DA_RENDER_Rules -> DL_RENDER","1","2054200","jprice","2026-09-02","0",""
"removed","SM_CobbleStreet_Block_A1157","StaticMeshActor","DL_RENDER DL_OVERLAND","DL_RENDER","/Game/__ExternalActors__/Levels/Overland/Hogsmeade/Streets/LI_HM_Streets_EXT/E/U7/4RC0POOPXZGFTRMEIZPZ1W","LV_Overland/Hogsmeade/LI_Hogsmeade/LI_Hogsmeade/Streets/LI_HM_Streets_EXT/SM_CobbleStreet_Block_A1157","B3CB2640-413F-429A-A268-9697D3233F77","excluded by OutlinerPathsToExclude entry 'LI_Hogsmeade'","DA_RENDER_Rules -> DL_RENDER","1","2054200","jprice","2026-09-02","0",""
"removed","SM_CobbleStreet_Block_A1158","StaticMeshActor","DL_RENDER DL_OVERLAND","DL_RENDER","/Game/__ExternalActors__/Levels/Overland/Hogsmeade/Streets/LI_HM_Streets_EXT/0/QT/W0MPVWOQRZUL7JOITO3G4H","LV_Overland/Hogsmeade/LI_Hogsmeade/LI_Hogsmeade/Streets/LI_HM_Streets_EXT/SM_CobbleStreet_Block_A1158","4F94046C-4CA6-6A02-8677-FE9FDEC5D881","excluded by OutlinerPathsToExclude entry 'LI_Hogsmeade'","DA_RENDER_Rules -> DL_RENDER","1","2054200","jprice","2026-09-02","0",""
"removed","SM_CobbleStreet_Block_A1159","StaticMeshActor","DL_RENDER DL_OVERLAND","DL_RENDER","/Game/__ExternalActors__/Levels/Overland/Hogsmeade/Streets/LI_HM_Streets_EXT/0/BM/TD5S0KDXE5KRAD3KC7CWA2","LV_Overland/Hogsmeade/LI_Hogsmeade/LI_Hogsmeade/Streets/LI_HM_Streets_EXT/SM_CobbleStreet_Block_A1159","D509C80B-4607-3532-E82F-4A95B19B4C42","excluded by OutlinerPathsToExclude entry 'LI_Hogsmeade'","DA_RENDER_Rules -> DL_RENDER","1","2054200","jprice","2026-09-02","0",""
"removed","SM_CobbleStreet_Block_A1160","StaticMeshActor","DL_RENDER DL_OVERLAND","DL_RENDER","/Game/__ExternalActors__/Levels/Overland/Hogsmeade/Streets/LI_HM_Streets_EXT/8/46/BVEB32VJ153YOJWBOPP1PF","LV_Overland/Hogsmeade/LI_Hogsmeade/LI_Hogsmeade/Streets/LI_HM_Streets_EXT/SM_CobbleStreet_Block_A1160","25C3624D-4193-B79A-DFB5-7A98E76C358E","excluded by OutlinerPathsToExclude entry 'LI_Hogsmeade'","DA_RENDER_Rules -> DL_RENDER","1","2054200","jprice","2026-09-02","0",""
"removed","SM_CobbleStreet_Block_A1161","StaticMeshActor","DL_RENDER DL_OVERLAND","DL_RENDER","/Game/__ExternalActors__/Levels/Overland/Hogsmeade/Streets/LI_HM_Streets_EXT/C/EO/0OXOKAI8DALG5CBI97W6C5","LV_Overland/Hogsmeade/LI_Hogsmeade/LI_Hogsmeade/Streets/LI_HM_Streets_EXT/SM_CobbleStreet_Block_A1161","13E6186C-4DAA-A588-D80D-45A209F9CF18","excluded by OutlinerPathsToExclude entry 'LI_Hogsmeade'","DA_RENDER_Rules -> DL_RENDER","1","2054200","jprice","2026-09-02","0",""
"removed","SM_CobbleStreet_Block_A1162","StaticMeshActor","DL_RENDER DL_OVERLAND","DL_RENDER","/Game/__ExternalActors__/Levels/Overland/Hogsmeade/Streets/LI_HM_Streets_EXT/E/SP/TETUMSNXUKK1YKGVJJ7ZMP","LV_Overland/Hogsmeade/LI_Hogsmeade/LI_Hogsmeade/Streets/LI_HM_Streets_EXT/SM_CobbleStreet_Block_A1162","610DC663-4388-2A07-DE5D-81836DDF90D3","excluded by OutlinerPathsToExclude entry 'LI_Hogsmeade'","DA_RENDER_Rules -> DL_RENDER","1","2054200","jprice","2026-09-02","0",""
"removed","SM_CobbleStreet_Block_A1163","StaticMeshActor","DL_RENDER DL_OVERLAND","DL_RENDER","/Game/__ExternalActors__/Levels/Overland/Hogsmeade/Streets/LI_HM_Streets_EXT/F/49/BZ8WN63W4VC1UBF9CGHP7H","LV_Overland/Hogsmeade/LI_Hogsmeade/LI_Hogsmeade/Streets/LI_HM_Streets_EXT/SM_CobbleStreet_Block_A1163","1FF77283-4867-1B06-B135-9E8D82A2A2A6","excluded by OutlinerPathsToExclude entry 'LI_Hogsmeade'","DA_RENDER_Rules -> DL_RENDER","1","2054200","jprice","2026-09-02","0",""
"removed","SM_CobbleStreet_Block_A1164","StaticMeshActor","DL_RENDER DL_OVERLAND","DL_RENDER","/Game/__ExternalActors__/Levels/Overland/Hogsmeade/Streets/LI_HM_Streets_EXT/C/PB/JPHKIXC48A9AYWHYLFFGE1","LV_Overland/Hogsmeade/LI_Hogsmeade/LI_Hogsmeade/Streets/LI_HM_Streets_EXT/SM_CobbleStreet_Block_A1164","6F2776EB-41EE-5070-DD47-9EB7971456B1","excluded by OutlinerPathsToExclude entry 'LI_Hogsmeade'","DA_RENDER_Rules -> DL_RENDER","1","2054200","jprice","2026-09-02","0",""
"removed","SM_CobbleStreet_Block_A1165","StaticMeshActor","DL_RENDER DL_OVERLAND","DL_RENDER","/Game/__ExternalActors__/Levels/Overland/Hogsmeade/Streets/LI_HM_Streets_EXT/6/Y0/Y0KUV61MAGWVFG9A63RC2J","LV_Overland/Hogsmeade/LI_Hogsmeade/LI_Hogsmeade/Streets/LI_HM_Streets_EXT/SM_CobbleStreet_Block_A1165","933813C0-44E4-1322-70CC-C3BB437AC630","excluded by OutlinerPathsToExclude entry 'LI_Hogsmeade'","DA_RENDER_Rules -> DL_RENDER","1","2054200","jprice","2026-09-02","0",""
"removed","SM_CobbleStreet_Block_A1166","StaticMeshActor","DL_RENDER DL_OVERLAND","DL_RENDER","/Game/__ExternalActors__/Levels/Overland/Hogsmeade/Streets/LI_HM_Streets_EXT/B/ON/GBYL149BSGETM5RGXEMWL4","LV_Overland/Hogsmeade/LI_Hogsmeade/LI_Hogsmeade/Streets/LI_HM_Streets_EXT/SM_CobbleStreet_Block_A1166","096B48D3-41E6-7015-7415-BE9A727215FE","excluded by OutlinerPathsToExclude entry 'LI_Hogsmeade'","DA_RENDER_Rules -> DL_RENDER","1","2054200","jprice","2026-09-02","0",""
"removed","SM_CobbleStreet_Block_A1167","StaticMeshActor","DL_RENDER DL_OVERLAND","DL_RENDER","/Game/__ExternalActors__/Levels/Overland/Hogsmeade/Streets/LI_HM_Streets_EXT/0/PS/ZUEBT2JDAF4R1DM5NDI3K6","LV_Overland/Hogsmeade/LI_Hogsmeade/LI_Hogsmeade/Streets/LI_HM_Streets_EXT/SM_CobbleStreet_Block_A1167","8233D3F3-4AE0-D217-3479-5EA94A9679CF","excluded by OutlinerPathsToExclude entry 'LI_Hogsmeade'","DA_RENDER_Rules -> DL_RENDER","1","2054200","jprice","2026-09-02","0",""
"removed","SM_CobbleStreet_Block_A1168","StaticMeshActor","DL_RENDER DL_OVERLAND","DL_RENDER","/Game/__ExternalActors__/Levels/Overland/Hogsmeade/Streets/LI_HM_Streets_EXT/A/ZX/5DE40Y9WZD7490L9BMA3RJ","LV_Overland/Hogsmeade/LI_Hogsmeade/LI_Hogsmeade/Streets/LI_HM_Streets_EXT/SM_CobbleStreet_Block_A1168","AFF6EA4E-44F0-1D1D-1E87-6AAB8593E9A0","excluded by OutlinerPathsToExclude entry 'LI_Hogsmeade'","DA_RENDER_Rules -> DL_RENDER","1","2054200","jprice","2026-09-02","0",""
"removed","SM_CobbleStreet_Block_A1169","StaticMeshActor","DL_RENDER DL_OVERLAND","DL_RENDER","/Game/__ExternalActors__/Levels/Overland/Hogsmeade/Streets/LI_HM_Streets_EXT/B/O0/037Q9ZO6VN2VLY4NDVKUBO","LV_Overland/Hogsmeade/LI_Hogsmeade/LI_Hogsmeade/Streets/LI_HM_Streets_EXT/SM_CobbleStreet_Block_A1169","A02F3ED5-4F98-A6EB-EF3E-C383D9B9F090","excluded by OutlinerPathsToExclude entry 'LI_Hogsmeade'","DA_RENDER_Rules -> DL_RENDER","1","2054200","jprice","2026-09-02","0",""
"removed","SM_CobbleStreet_Block_A1170","StaticMeshActor","DL_RENDER DL_OVERLAND","DL_RENDER","/Game/__ExternalActors__/Levels/Overland/Hogsmeade/Streets/LI_HM_Streets_EXT/B/3S/5S0TUC32QKZBF2YK0O34CG","LV_Overland/Hogsmeade/LI_Hogsmeade/LI_Hogsmeade/Streets/LI_HM_Streets_EXT/SM_CobbleStreet_Block_A1170","FF94F85C-425E-97C7-FBB4-41922AAB48A2","excluded by OutlinerPathsToExclude entry 'LI_Hogsmeade'","DA_RENDER_Rules -> DL_RENDER","1","2054200","jprice","2026-09-02","0",""
"removed","SM_CobbleStreet_Block_A1171","StaticMeshActor","DL_RENDER DL_OVERLAND","DL_RENDER","/Game/__ExternalActors__/Levels/Overland/Hogsmeade/Streets/LI_HM_Streets_EXT/C/KJ/ZQFAS5PWY5ZXNTJEPO45FJ","LV_Overland/Hogsmeade/LI_Hogsmeade/LI_Hogsmeade/Streets/LI_HM_Streets_EXT/SM_CobbleStreet_Block_A1171","819457EA-4273-DC90-A4E9-1F81E86C6079","excluded by OutlinerPathsToExclude entry 'LI_Hogsmeade'","DA_RENDER_Rules -> DL_RENDER","1","2054200","jprice","2026-09-02","0",""
"removed","SM_CobbleStreet_Block_A1172","StaticMeshActor","DL_RENDER DL_OVERLAND","DL_RENDER","/Game/__ExternalActors__/Levels/Overland/Hogsmeade/Streets/LI_HM_Streets_EXT/C/AW/6AFA2Y3ZRH6P5RYUA8V53T","LV_Overland/Hogsmeade/LI_Hogsmeade/LI_Hogsmeade/Streets/LI_HM_Streets_EXT/SM_CobbleStreet_Block_A1172","3CE50405-48C1-58E8-A4C0-74A70F44AF9B","excluded by OutlinerPathsToExclude entry 'LI_Hogsmeade'","DA_RENDER_Rules -> DL_RENDER","1","2054200","jprice","2026-09-02","0",""
"removed","SM_CobbleStreet_Block_A1173","StaticMeshActor","DL_RENDER DL_OVERLAND","DL_RENDER","/Game/__ExternalActors__/Levels/Overland/Hogsmeade/Streets/LI_HM_Streets_EXT/0/NS/22JW0KPTVNB3WCA1WNE6DL","LV_Overland/Hogsmeade/LI_Hogsmeade/LI_Hogsmeade/Streets/LI_HM_Streets_EXT/SM_CobbleStreet_Block_A1173","F16A2134-4CE7-9693-8178-478F14A5A64F","excluded by OutlinerPathsToExclude entry 'LI_Hogsmeade'","DA_RENDER_Rules -> DL_RENDER","1","2054200","jprice","2026-09-02","0",""
"removed","SM_CobbleStreet_Block_A1174","StaticMeshActor","DL_RENDER DL_OVERLAND","DL_RENDER","/Game/__ExternalActors__/Levels/Overland/Hogsmeade/Streets/LI_HM_Streets_EXT/8/WX/96VZFM75K5Z1CXRKOKJCVV","LV_Overland/Hogsmeade/LI_Hogsmeade/LI_Hogsmeade/Streets/LI_HM_Streets_EXT/SM_CobbleStreet_Block_A1174","14825DCC-4A95-FB85-0AD7-FBAC07301875","excluded by OutlinerPathsToExclude entry 'LI_Hogsmeade'","DA_RENDER_Rules -> DL_RENDER","1","2054200","jprice","2026-09-02","0",""
"removed","SM_CobbleStreet_Block_A1175","StaticMeshActor","DL_RENDER DL_OVERLAND","DL_RENDER","/Game/__ExternalActors__/Levels/Overland/Hogsmeade/Streets/LI_HM_Streets_EXT/B/XK/DX4S7KHSXV5HEPSCJ2K04T","LV_Overland/Hogsmeade/LI_Hogsmeade/LI_Hogsmeade/Streets/LI_HM_Streets_EXT/SM_CobbleStreet_Block_A1175","BBB6860A-4392-6E1A-CDCA-CAA2B961D565","excluded by OutlinerPathsToExclude entry 'LI_Hogsmeade'","DA_RENDER_Rules -> DL_RENDER","1","2054200","jprice","2026-09-02","0",""
"removed","SM_CobbleStreet_Block_A1176","StaticMeshActor","DL_RENDER DL_OVERLAND","DL_RENDER","/Game/__ExternalActors__/Levels/Overland/Hogsmeade/Streets/LI_HM_Streets_EXT/8/O4/CIJAXKDO5V9XMFF99X2O7D","LV_Overland/Hogsmeade/LI_Hogsmeade/LI_Hogsmeade/Streets/LI_HM_Streets_EXT/SM_CobbleStreet_Block_A1176","B807F6E1-41FA-1FD9-AFBD-6998C4CFB852","excluded by OutlinerPathsToExclude entry 'LI_Hogsmeade'","DA_RENDER_Rules -> DL_RENDER","1","2054200","jprice","2026-09-02","0",""
"removed","SM_CobbleStreet_Block_A1177","StaticMeshActor","DL_RENDER DL_OVERLAND","DL_RENDER","/Game/__ExternalActors__/Levels/Overland/Hogsmeade/Streets/LI_HM_Streets_EXT/D/YV/I60IYN5C5LK6IJE2U4JSKN","LV_Overland/Hogsmeade/LI_Hogsmeade/LI_Hogsmeade/Streets/LI_HM_Streets_EXT/SM_CobbleStreet_Block_A1177","CE594418-46B1-52F2-ECF0-A59B8E886772","excluded by OutlinerPathsToExclude entry 'LI_Hogsmeade'","DA_RENDER_Rules -> DL_RENDER","1","2054200","jprice","2026-09-02","0",""
"removed","SM_CobbleStreet_Block_A1178","StaticMeshActor","DL_RENDER DL_OVERLAND","DL_RENDER","/Game/__ExternalActors__/Levels/Overland/Hogsmeade/Streets/LI_HM_Streets_EXT/C/K8/D85JPY02QF2GE3723471ER","LV_Overland/Hogsmeade/LI_Hogsmeade/LI_Hogsmeade/Streets/LI_HM_Streets_EXT/SM_CobbleStreet_Block_A1178","5501A250-467A-065D-B3A5-8FBEFA579851","excluded by OutlinerPathsToExclude entry 'LI_Hogsmeade'","DA_RENDER_Rules -> DL_RENDER","1","2054200","jprice","2026-09-02","0",""
"removed","SM_CobbleStreet_Block_A1179","StaticMeshActor","DL_RENDER DL_OVERLAND","DL_RENDER","/Game/__ExternalActors__/Levels/Overland/Hogsmeade/Streets/LI_HM_Streets_EXT/1/EI/1NUIP7MGK1KRVE4EV37XJ5","LV_Overland/Hogsmeade/LI_Hogsmeade/LI_Hogsmeade/Streets/LI_HM_Streets_EXT/SM_CobbleStreet_Block_A1179","7C08DF97-4033-90AB-CD54-1988FF162DB0","excluded by OutlinerPathsToExclude entry 'LI_Hogsmeade'","DA_RENDER_Rules -> DL_RENDER","1","2054200","jprice","2026-09-02","0",""
"removed","SM_CobbleStreet_Block_A1180","StaticMeshActor","DL_RENDER DL_OVERLAND","DL_RENDER","/Game/__ExternalActors__/Levels/Overland/Hogsmeade/Streets/LI_HM_Streets_EXT/5/VF/WI6S0UA9WP73GYNTFIDAE9","LV_Overland/Hogsmeade/LI_Hogsmeade/LI_Hogsmeade/Streets/LI_HM_Streets_EXT/SM_CobbleStreet_Block_A1180","0484D262-4AE6-E77E-D2AE-26ACD56717AA","excluded by OutlinerPathsToExclude entry 'LI_Hogsmeade'","DA_RENDER_Rules -> DL_RENDER","1","2054200","jprice","2026-09-02","0",""
"removed","SM_CobbleStreet_Block_A1181","StaticMeshActor","DL_RENDER DL_OVERLAND","DL_RENDER","/Game/__ExternalActors__/Levels/Overland/Hogsmeade/Streets/LI_HM_Streets_EXT/D/RP/9FEZ5LKIPQ3J7KMAV558TA","LV_Overland/Hogsmeade/LI_Hogsmeade/LI_Hogsmeade/Streets/LI_HM_Streets_EXT/SM_CobbleStreet_Block_A1181","3CAA5B87-4617-401E-9314-ACA739BC36BB","excluded by OutlinerPathsToExclude entry 'LI_Hogsmeade'","DA_RENDER_Rules -> DL_RENDER","1","2054200","jprice","2026-09-02","0",""
"removed","SM_CobbleStreet_Block_A1182","StaticMeshActor","DL_RENDER DL_OVERLAND","DL_RENDER","/Game/__ExternalActors__/Levels/Overland/Hogsmeade/Streets/LI_HM_Streets_EXT/2/JU/0XJM3LTB8Q1L4KNFB1O4L7","LV_Overland/Hogsmeade/LI_Hogsmeade/LI_Hogsmeade/Streets/LI_HM_Streets_EXT/SM_CobbleStreet_Block_A1182","2753C8F0-4B2B-36EC-A3D9-BABD9C5D4D77","excluded by OutlinerPathsToExclude entry 'LI_Hogsmeade'","DA_RENDER_Rules -> DL_RENDER","1","2054200","jprice","2026-09-02","0",""
"removed","SM_CobbleStreet_Block_A1183","StaticMeshActor","DL_RENDER DL_OVERLAND","DL_RENDER","/Game/__ExternalActors__/Levels/Overland/Hogsmeade/Streets/LI_HM_Streets_EXT/A/TP/T2RPF5H0TK3TEV6S58O1N2","LV_Overland/Hogsmeade/LI_Hogsmeade/LI_Hogsmeade/Streets/LI_HM_Streets_EXT/SM_CobbleStreet_Block_A1183","4C567816-4D37-0661-718A-0F9E77EC7ABD","excluded by OutlinerPathsToExclude entry 'LI_Hogsmeade'","DA_RENDER_Rules -> DL_RENDER","1","2054200","jprice","2026-09-02","0",""
"removed","SM_CobbleStreet_Block_A1184","StaticMeshActor","DL_RENDER DL_OVERLAND","DL_RENDER","/Game/__ExternalActors__/Levels/Overland/Hogsmeade/Streets/LI_HM_Streets_EXT/4/KD/0IZFGZ4SU4G7XZPJVDTI7Y","LV_Overland/Hogsmeade/LI_Hogsmeade/LI_Hogsmeade/Streets/LI_HM_Streets_EXT/SM_CobbleStreet_Block_A1184","7545CFA4-4161-4FEA-B4C1-B6B8A2AC3979","excluded by OutlinerPathsToExclude entry 'LI_Hogsmeade'","DA_RENDER_Rules -> DL_RENDER","1","2054200","jprice","2026-09-02","0",""
"removed","SM_CobbleStreet_Block_A1185","StaticMeshActor","DL_RENDER DL_OVERLAND","DL_RENDER","/Game/__ExternalActors__/Levels/Overland/Hogsmeade/Streets/LI_HM_Streets_EXT/6/9R/5PCDMDOCZ3V7BS4ZX8AD12","LV_Overland/Hogsmeade/LI_Hogsmeade/LI_Hogsmeade/Streets/LI_HM_Streets_EXT/SM_CobbleStreet_Block_A1185","DB9BDF30-4F36-F5DA-EFE8-5981AE63FAA5","excluded by OutlinerPathsToExclude entry 'LI_Hogsmeade'","DA_RENDER_Rules -> DL_RENDER","1","2054200","jprice","2026-09-02","0",""
"removed","SM_CobbleStreet_Block_A1186","StaticMeshActor","DL_RENDER DL_OVERLAND","DL_RENDER","/Game/__ExternalActors__/Levels/Overland/Hogsmeade/Streets/LI_HM_Streets_EXT/4/QT/HNTRM6NTMGP6XW7I06C3Z5","LV_Overland/Hogsmeade/LI_Hogsmeade/LI_Hogsmeade/Streets/LI_HM_Streets_EXT/SM_CobbleStreet_Block_A1186","52341787-42DA-CDD6-8907-77A10FF018A2","excluded by OutlinerPathsToExclude entry 'LI_Hogsmeade'","DA_RENDER_Rules -> DL_RENDER","1","2054200","jprice","2026-09-02","0",""
"removed","SM_CobbleStreet_Block_A1187","StaticMeshActor","DL_RENDER DL_OVERLAND","DL_RENDER","/Game/__ExternalActors__/Levels/Overland/Hogsmeade/Streets/LI_HM_Streets_EXT/0/3K/RWDY9I0D1BL0HTQVGIMF0D","LV_Overland/Hogsmeade/LI_Hogsmeade/LI_Hogsmeade/Streets/LI_HM_Streets_EXT/SM_CobbleStreet_Block_A1187","7B22C35D-4943-00C6-DF6C-43A28CB6F3EC","excluded by OutlinerPathsToExclude entry 'LI_Hogsmeade'","DA_RENDER_Rules -> DL_RENDER","1","2054200","jprice","2026-09-02","0",""
"removed","SM_CobbleStreet_Block_A1188","StaticMeshActor","DL_RENDER DL_OVERLAND","DL_RENDER","/Game/__ExternalActors__/Levels/Overland/Hogsmeade/Streets/LI_HM_Streets_EXT/0/JB/2T7DTC9PYJ8OW5HGNBVXX5","LV_Overland/Hogsmeade/LI_Hogsmeade/LI_Hogsmeade/Streets/LI_HM_Streets_EXT/SM_CobbleStreet_Block_A1188","3BC85E00-401F-D4C5-EDC7-8DB1D562390F","excluded by OutlinerPathsToExclude entry 'LI_Hogsmeade'","DA_RENDER_Rules -> DL_RENDER","1","2054200","jprice","2026-09-02","0",""
"removed","SM_CobbleStreet_Block_A1189","StaticMeshActor","DL_RENDER DL_OVERLAND","DL_RENDER","/Game/__ExternalActors__/Levels/Overland/Hogsmeade/Streets/LI_HM_Streets_EXT/1/CC/F82XRT1VI7P4O5HTPYCTCF","LV_Overland/Hogsmeade/LI_Hogsmeade/LI_Hogsmeade/Streets/LI_HM_Streets_EXT/SM_CobbleStreet_Block_A1189","21A371B3-49EA-1D26-EB61-8FBEAB987407","excluded by OutlinerPathsToExclude entry 'LI_Hogsmeade'","DA_RENDER_Rules -> DL_RENDER","1","2054200","jprice","2026-09-02","0",""
"removed","SM_CobbleStreet_Block_A1190","StaticMeshActor","DL_RENDER DL_OVERLAND","DL_RENDER","/Game/__ExternalActors__/Levels/Overland/Hogsmeade/Streets/LI_HM_Streets_EXT/D/T9/43C88BFK99CZJCYXK5RSI9","LV_Overland/Hogsmeade/LI_Hogsmeade/LI_Hogsmeade/Streets/LI_HM_Streets_EXT/SM_CobbleStreet_Block_A1190","B7AAFEBA-4AE8-9587-F51C-8085BD47B30E","excluded by OutlinerPathsToExclude entry 'LI_Hogsmeade'","DA_RENDER_Rules -> DL_RENDER","1","2054200","jprice","2026-09-02","0",""
"removed","SM_CobbleStreet_Block_A1191","StaticMeshActor","DL_RENDER DL_OVERLAND","DL_RENDER","/Game/__ExternalActors__/Levels/Overland/Hogsmeade/Streets/LI_HM_Streets_EXT/E/2U/6ENZPATWA0NVGEUTF3V084","LV_Overland/Hogsmeade/LI_Hogsmeade/LI_Hogsmeade/Streets/LI_HM_Streets_EXT/SM_CobbleStreet_Block_A1191","D35727F2-4FD3-059C-95B6-9780DF1B7DBF","excluded by OutlinerPathsToExclude entry 'LI_Hogsmeade'","DA_RENDER_Rules -> DL_RENDER","1","2054200","jprice","2026-09-02","0",""
"removed","SM_CobbleStreet_Block_A1192","StaticMeshActor","DL_RENDER DL_OVERLAND","DL_RENDER","/Game/__ExternalActors__/Levels/Overland/Hogsmeade/Streets/LI_HM_Streets_EXT/B/UD/ABFR3IZ3O939UBSJM0N4ZK","LV_Overland/Hogsmeade/LI_Hogsmeade/LI_Hogsmeade/Streets/LI_HM_Streets_EXT/SM_CobbleStreet_Block_A1192","7D7538A5-4E81-0AA6-7A99-ED9C2731AEC6","excluded by OutlinerPathsToExclude entry 'LI_Hogsmeade'","DA_RENDER_Rules -> DL_RENDER","1","2054200","jprice","2026-09-02","0",""
"removed","SM_CobbleStreet_Block_A1193","StaticMeshActor","DL_RENDER DL_OVERLAND","DL_RENDER","/Game/__ExternalActors__/Levels/Overland/Hogsmeade/Streets/LI_HM_Streets_EXT/5/JF/IHM5FBUOC4028006QRNBDB","LV_Overland/Hogsmeade/LI_Hogsmeade/LI_Hogsmeade/Streets/LI_HM_Streets_EXT/SM_CobbleStreet_Block_A1193","327E38CB-4897-8833-E28B-D9A8F8074FF5","excluded by OutlinerPathsToExclude entry 'LI_Hogsmeade'","DA_RENDER_Rules -> DL_RENDER","1","2054200","jprice","2026-09-02","0",""
"removed","SM_CobbleStreet_Block_A1194","StaticMeshActor","DL_RENDER DL_OVERLAND","DL_RENDER","/Game/__ExternalActors__/Levels/Overland/Hogsmeade/Streets/LI_HM_Streets_EXT/D/VA/Y9DW2TGIO7PUUUXZVQRG44","LV_Overland/Hogsmeade/LI_Hogsmeade/LI_Hogsmeade/Streets/LI_HM_Streets_EXT/SM_CobbleStreet_Block_A1194","9F20B18A-46BB-4724-4304-DF8F899ECF17","excluded by OutlinerPathsToExclude entry 'LI_Hogsmeade'","DA_RENDER_Rules -> DL_RENDER","1","2054200","jprice","2026-09-02","0",""
"removed","SM_CobbleStreet_Block_A1195","StaticMeshActor","DL_RENDER DL_OVERLAND","DL_RENDER","/Game/__ExternalActors__/Levels/Overland/Hogsmeade/Streets/LI_HM_Streets_EXT/D/8X/GPJP0A8YRO5BAJCY9YIFKR","LV_Overland/Hogsmeade/LI_Hogsmeade/LI_Hogsmeade/Streets/LI_HM_Streets_EXT/SM_CobbleStreet_Block_A1195","F72F43C7-4E0D-E1EF-026E-92B42D1136E7","excluded by OutlinerPathsToExclude entry 'LI_Hogsmeade'","DA_RENDER_Rules -> DL_RENDER","1","2054200","jprice","2026-09-02","0",""
"removed","SM_CobbleStreet_Block_A1196","StaticMeshActor","DL_RENDER DL_OVERLAND","DL_RENDER","/Game/__ExternalActors__/Levels/Overland/Hogsmeade/Streets/LI_HM_Streets_EXT/7/2D/52C7A0GLZE5K02QH1LHDT6","LV_Overland/Hogsmeade/LI_Hogsmeade/LI_Hogsmeade/Streets/LI_HM_Streets_EXT/SM_CobbleStreet_Block_A1196","BFD53D73-4EBC-F5D3-6A7C-4F9EAFA3E15C","excluded by OutlinerPathsToExclude entry 'LI_Hogsmeade'","DA_RENDER_Rules -> DL_RENDER","1","2054200","jprice","2026-09-02","0",""
"removed","SM_CobbleStreet_Block_A1197","StaticMeshActor","DL_RENDER DL_OVERLAND","DL_RENDER","/Game/__ExternalActors__/Levels/Overland/Hogsmeade/Streets/LI_HM_Streets_EXT/6/P6/D2TDFOTEP7OXITPIV9S2ZW","LV_Overland/Hogsmeade/LI_Hogsmeade/LI_Hogsmeade/Streets/LI_HM_Streets_EXT/SM_CobbleStreet_Block_A1197","6B70F29B-44C7-ADCA-4174-6C9CD7E19B7E","excluded by OutlinerPathsToExclude entry 'LI_Hogsmeade'","DA_RENDER_Rules -> DL_RENDER","1","2054200","jprice","2026-09-02","0",""
"removed","SM_CobbleStreet_Block_A1198","StaticMeshActor","DL_RENDER DL_OVERLAND","DL_RENDER","/Game/__ExternalActors__/Levels/Overland/Hogsmeade/Streets/LI_HM_Streets_EXT/7/5G/1WZ1YXUGU5RMJD85OU0RJF","LV_Overland/Hogsmeade/LI_Hogsmeade/LI_Hogsmeade/Streets/LI_HM_Streets_EXT/SM_CobbleStreet_Block_A1198","39CA7A63-47BC-1A9F-4E2B-15BB9D291C6A","excluded by OutlinerPathsToExclude entry 'LI_Hogsmeade'","DA_RENDER_Rules -> DL_RENDER","1","2054200","jprice","2026-09-02","0",""
"removed","SM_CobbleStreet_Block_A1199","StaticMeshActor","DL_RENDER DL_OVERLAND","DL_RENDER","/Game/__ExternalActors__/Levels/Overland/Hogsmeade/Streets/LI_HM_Streets_EXT/7/J7/683FMDNG23ISFGQ6YWDZIB","LV_Overland/Hogsmeade/LI_Hogsmeade/LI_Hogsmeade/Streets/LI_HM_Streets_EXT/SM_CobbleStreet_Block_A1199","AB992971-4A1D-6B3D-EB7F-0CB8E415689B","excluded by OutlinerPathsToExclude entry 'LI_Hogsmeade'","DA_RENDER_Rules -> DL_RENDER","1","2054200","jprice","2026-09-02","0",""
"removed","SM_CobbleStreet_Block_A1200","StaticMeshActor","DL_RENDER DL_OVERLAND","DL_RENDER","/Game/__ExternalActors__/Levels/Overland/Hogsmeade/Streets/LI_HM_Streets_EXT/B/0E/LJVFOIR2JKMR62TD8FSBNK","LV_Overland/Hogsmeade/LI_Hogsmeade/LI_Hogsmeade/Streets/LI_HM_Streets_EXT/SM_CobbleStreet_Block_A1200","84EFD713-4B22-80CD-CBB2-2A9F4D24B438","excluded by OutlinerPathsToExclude entry 'LI_Hogsmeade'","DA_RENDER_Rules -> DL_RENDER","1","2054200","jprice","2026-09-02","0",""
"removed","SM_CobbleStreet_Block_A1201","StaticMeshActor","DL_RENDER DL_OVERLAND","DL_RENDER","/Game/__ExternalActors__/Levels/Overland/Hogsmeade/Streets/LI_HM_Streets_EXT/E/UX/WT4X6V59S42G4N5DI4FC5K","LV_Overland/Hogsmeade/LI_Hogsmeade/LI_Hogsmeade/Streets/LI_HM_Streets_EXT/SM_CobbleStreet_Block_A1201","7E617A45-4E56-97B1-2075-019499C7CAE8","excluded by OutlinerPathsToExclude entry 'LI_Hogsmeade'","DA_RENDER_Rules -> DL_RENDER","1","2054200","jprice","2026-09-02","0",""
"removed","SM_CobbleStreet_Block_A1202","StaticMeshActor","DL_RENDER DL_OVERLAND","DL_RENDER","/Game/__ExternalActors__/Levels/Overland/Hogsmeade/Streets/LI_HM_Streets_EXT/6/DM/4CZHL1OEQI3QF7HD4IN4BQ","LV_Overland/Hogsmeade/LI_Hogsmeade/LI_Hogsmeade/Streets/LI_HM_Streets_EXT/SM_CobbleStreet_Block_A1202","45EB001E-47AD-63CE-BEBB-39A6933836D5","excluded by OutlinerPathsToExclude entry 'LI_Hogsmeade'","DA_RENDER_Rules -> DL_RENDER","1","2054200","jprice","2026-09-02","0",""
"removed","SM_CobbleStreet_Block_A1203","StaticMeshActor","DL_RENDER DL_OVERLAND","DL_RENDER","/Game/__ExternalActors__/Levels/Overland/Hogsmeade/Streets/LI_HM_Streets_EXT/0/WZ/96REITQVF87F6JV3YABD86","LV_Overland/Hogsmeade/LI_Hogsmeade/LI_Hogsmeade/Streets/LI_HM_Streets_EXT/SM_CobbleStreet_Block_A1203","17001417-4184-6244-39F2-9FA854B902B4","excluded by OutlinerPathsToExclude entry 'LI_Hogsmeade'","DA_RENDER_Rules -> DL_RENDER","1","2054200","jprice","2026-09-02","0",""
"removed","SM_CobbleStreet_Block_A1204","StaticMeshActor","DL_RENDER DL_OVERLAND","DL_RENDER","/Game/__ExternalActors__/Levels/Overland/Hogsmeade/Streets/LI_HM_Streets_EXT/7/VN/3BN9R3FFA01HLP0W7LZOB9","LV_Overland/Hogsmeade/LI_Hogsmeade/LI_Hogsmeade/Streets/LI_HM_Streets_EXT/SM_CobbleStreet_Block_A1204","82DD043C-4FFA-5983-1853-7BA25B9E9FEC","excluded by OutlinerPathsToExclude entry 'LI_Hogsmeade'","DA_RENDER_Rules -> DL_RENDER","1","2054200","jprice","2026-09-02","0",""
"removed","SM_CobbleStreet_Block_A1205","StaticMeshActor","DL_RENDER DL_OVERLAND","DL_RENDER","/Game/__ExternalActors__/Levels/Overland/Hogsmeade/Streets/LI_HM_Streets_EXT/A/P2/USTVFP2HH8D3820QESRIIK","LV_Overland/Hogsmeade/LI_Hogsmeade/LI_Hogsmeade/Streets/LI_HM_Streets_EXT/SM_CobbleStreet_Block_A1205","178E6EFD-44FF-ACF6-8589-56A2229716FD","excluded by OutlinerPathsToExclude entry 'LI_Hogsmeade'","DA_RENDER_Rules -> DL_RENDER","1","2054200","jprice","2026-09-02","0",""
"removed","SM_CobbleStreet_Block_A1206","StaticMeshActor","DL_RENDER DL_OVERLAND","DL_RENDER","/Game/__ExternalActors__/Levels/Overland/Hogsmeade/Streets/LI_HM_Streets_EXT/6/99/M0IDNP62D7N0N6J2WSIH1O","LV_Overland/Hogsmeade/LI_Hogsmeade/LI_Hogsmeade/Streets/LI_HM_Streets_EXT/SM_CobbleStreet_Block_A1206","5E5EFB52-47F1-31F1-9588-AD82145E6983","excluded by OutlinerPathsToExclude entry 'LI_Hogsmeade'","DA_RENDER_Rules -> DL_RENDER","1","2054200","jprice","2026-09-02","0",""
"removed","SM_CobbleStreet_Block_A1207","StaticMeshActor","DL_RENDER DL_OVERLAND","DL_RENDER","/Game/__ExternalActors__/Levels/Overland/Hogsmeade/Streets/LI_HM_Streets_EXT/4/O3/R3ULHW18ZAAPMNRXISTVDE","LV_Overland/Hogsmeade/LI_Hogsmeade/LI_Hogsmeade/Streets/LI_HM_Streets_EXT/SM_CobbleStreet_Block_A1207","EB4681AB-4E9C-8576-2995-E3BE2994E57C","excluded by OutlinerPathsToExclude entry 'LI_Hogsmeade'","DA_RENDER_Rules -> DL_RENDER","1","2054200","jprice","2026-09-02","0",""
"removed","SM_CobbleStreet_Block_A1208","StaticMeshActor","DL_RENDER DL_OVERLAND","DL_RENDER","/Game/__ExternalActors__/Levels/Overland/Hogsmeade/Streets/LI_HM_Streets_EXT/A/YA/AC1WNX8W8U68WE3OF2CN7H","LV_Overland/Hogsmeade/LI_Hogsmeade/LI_Hogsmeade/Streets/LI_HM_Streets_EXT/SM_CobbleStreet_Block_A1208","C5F4CC24-4850-0E69-89F1-85A3262F84C0","excluded by OutlinerPathsToExclude entry 'LI_Hogsmeade'","DA_RENDER_Rules -> DL_RENDER","1","2072097","jprice","2026-09-15","0",""
"removed","SM_CobbleStreet_Block_B1274","StaticMeshActor","DL_RENDER DL_OVERLAND","DL_RENDER","/Game/__ExternalActors__/Levels/Overland/Hogsmeade/Streets/LI_HM_Streets_EXT/7/60/NYUVBISTK3BYOZDHT47ZC9","LV_Overland/Hogsmeade/LI_Hogsmeade/LI_Hogsmeade/Streets/LI_HM_Streets_EXT/SM_CobbleStreet_Block_B1274","6650C0CD-4622-40B7-A97E-0D9CA0EACDDD","excluded by OutlinerPathsToExclude entry 'LI_Hogsmeade'","DA_RENDER_Rules -> DL_RENDER","1","2054200","jprice","2026-09-02","0",""
"removed","SM_CobbleStreet_Block_B1275","StaticMeshActor","DL_RENDER DL_OVERLAND","DL_RENDER","/Game/__ExternalActors__/Levels/Overland/Hogsmeade/Streets/LI_HM_Streets_EXT/A/38/HPS4F0PEJ7ANL5LONM1095","LV_Overland/Hogsmeade/LI_Hogsmeade/LI_Hogsmeade/Streets/LI_HM_Streets_EXT/SM_CobbleStreet_Block_B1275","437FF4D7-481E-6C2A-E0D0-EB8846C78AFB","excluded by OutlinerPathsToExclude entry 'LI_Hogsmeade'","DA_RENDER_Rules -> DL_RENDER","1","2054200","jprice","2026-09-02","0",""
"removed","SM_CobbleStreet_Block_B1276","StaticMeshActor","DL_RENDER DL_OVERLAND","DL_RENDER","/Game/__ExternalActors__/Levels/Overland/Hogsmeade/Streets/LI_HM_Streets_EXT/E/D0/6682MC5M9A5AV0IH2H85BD","LV_Overland/Hogsmeade/LI_Hogsmeade/LI_Hogsmeade/Streets/LI_HM_Streets_EXT/SM_CobbleStreet_Block_B1276","5D90BF0C-451C-8D00-404B-91AFFDE90FBF","excluded by OutlinerPathsToExclude entry 'LI_Hogsmeade'","DA_RENDER_Rules -> DL_RENDER","1","2054200","jprice","2026-09-02","0",""
"removed","SM_CobbleStreet_Block_B1277","StaticMeshActor","DL_RENDER DL_OVERLAND","DL_RENDER","/Game/__ExternalActors__/Levels/Overland/Hogsmeade/Streets/LI_HM_Streets_EXT/1/ZX/NEIXCBSU98WUH4IXOALWGD","LV_Overland/Hogsmeade/LI_Hogsmeade/LI_Hogsmeade/Streets/LI_HM_Streets_EXT/SM_CobbleStreet_Block_B1277","8080CE9D-4DB1-F9D2-AEA3-9A9A0F6B04AC","excluded by OutlinerPathsToExclude entry 'LI_Hogsmeade'","DA_RENDER_Rules -> DL_RENDER","1","2054200","jprice","2026-09-02","0",""
"removed","SM_CobbleStreet_Block_B1278","StaticMeshActor","DL_RENDER DL_OVERLAND","DL_RENDER","/Game/__ExternalActors__/Levels/Overland/Hogsmeade/Streets/LI_HM_Streets_EXT/2/FL/33WQAGTE20OP1OB7K20N6Q","LV_Overland/Hogsmeade/LI_Hogsmeade/LI_Hogsmeade/Streets/LI_HM_Streets_EXT/SM_CobbleStreet_Block_B1278","600D7882-4D8A-6513-1C81-288DA269BF00","excluded by OutlinerPathsToExclude entry 'LI_Hogsmeade'","DA_RENDER_Rules -> DL_RENDER","1","2054200","jprice","2026-09-02","0",""
"removed","SM_CobbleStreet_Block_B1279","StaticMeshActor","DL_RENDER DL_OVERLAND","DL_RENDER","/Game/__ExternalActors__/Levels/Overland/Hogsmeade/Streets/LI_HM_Streets_EXT/E/GA/IP6ZX4QG3VSHPTY0U6WMI3","LV_Overland/Hogsmeade/LI_Hogsmeade/LI_Hogsmeade/Streets/LI_HM_Streets_EXT/SM_CobbleStreet_Block_B1279","FCFB109B-416D-0F03-9A72-B7A98041F813","excluded by OutlinerPathsToExclude entry 'LI_Hogsmeade'","DA_RENDER_Rules -> DL_RENDER","1","2054200","jprice","2026-09-02","0",""
"removed","SM_CobbleStreet_Block_B1280","StaticMeshActor","DL_RENDER DL_OVERLAND","DL_RENDER","/Game/__ExternalActors__/Levels/Overland/Hogsmeade/Streets/LI_HM_Streets_EXT/9/R6/6ATTY04UGVQEGI7GRQPYJC","LV_Overland/Hogsmeade/LI_Hogsmeade/LI_Hogsmeade/Streets/LI_HM_Streets_EXT/SM_CobbleStreet_Block_B1280","8D618FC1-4B59-7393-D9EC-B5AF04259B58","excluded by OutlinerPathsToExclude entry 'LI_Hogsmeade'","DA_RENDER_Rules -> DL_RENDER","1","2054200","jprice","2026-09-02","0",""
"removed","SM_CobbleStreet_Block_B1281","StaticMeshActor","DL_RENDER DL_OVERLAND","DL_RENDER","/Game/__ExternalActors__/Levels/Overland/Hogsmeade/Streets/LI_HM_Streets_EXT/3/AH/78XS5UPSVH5V3N1O6UL0W7","LV_Overland/Hogsmeade/LI_Hogsmeade/LI_Hogsmeade/Streets/LI_HM_Streets_EXT/SM_CobbleStreet_Block_B1281","D55CC684-4B23-6185-8831-14A54B361E9A","excluded by OutlinerPathsToExclude entry 'LI_Hogsmeade'","DA_RENDER_Rules -> DL_RENDER","1","2054200","jprice","2026-09-02","0",""
"removed","SM_CobbleStreet_Block_B1282","StaticMeshActor","DL_RENDER DL_OVERLAND","DL_RENDER","/Game/__ExternalActors__/Levels/Overland/Hogsmeade/Streets/LI_HM_Streets_EXT/3/I2/BU32A90F69JFE33D0UO0VR","LV_Overland/Hogsmeade/LI_Hogsmeade/LI_Hogsmeade/Streets/LI_HM_Streets_EXT/SM_CobbleStreet_Block_B1282","689DC9BD-4701-94C8-58B8-DAA6B40E9A7D","excluded by OutlinerPathsToExclude entry 'LI_Hogsmeade'","DA_RENDER_Rules -> DL_RENDER","1","2054200","jprice","2026-09-02","0",""
"removed","SM_CobbleStreet_Block_B1283","StaticMeshActor","DL_RENDER DL_OVERLAND","DL_RENDER","/Game/__ExternalActors__/Levels/Overland/Hogsmeade/Streets/LI_HM_Streets_EXT/A/RR/HLL57J0PRAIA0X5E1ZMQES","LV_Overland/Hogsmeade/LI_Hogsmeade/LI_Hogsmeade/Streets/LI_HM_Streets_EXT/SM_CobbleStreet_Block_B1283","36DB3E91-4AFD-0CFD-D457-F8AC79E1568E","excluded by OutlinerPathsToExclude entry 'LI_Hogsmeade'","DA_RENDER_Rules -> DL_RENDER","1","2054200","jprice","2026-09-02","0",""
"removed","SM_CobbleStreet_Block_B1284","StaticMeshActor","DL_RENDER DL_OVERLAND","DL_RENDER","/Game/__ExternalActors__/Levels/Overland/Hogsmeade/Streets/LI_HM_Streets_EXT/D/35/UWHCDJQGJCRIYAF4GSN7AH","LV_Overland/Hogsmeade/LI_Hogsmeade/LI_Hogsmeade/Streets/LI_HM_Streets_EXT/SM_CobbleStreet_Block_B1284","114DCB40-4FFF-C7D6-3089-6488C33D32E5","excluded by OutlinerPathsToExclude entry 'LI_Hogsmeade'","DA_RENDER_Rules -> DL_RENDER","1","2054200","jprice","2026-09-02","0",""
"removed","SM_CobbleStreet_Block_B1285","StaticMeshActor","DL_RENDER DL_OVERLAND","DL_RENDER","/Game/__ExternalActors__/Levels/Overland/Hogsmeade/Streets/LI_HM_Streets_EXT/A/JO/YCU554SXRXLIAS6PT5E9MM","LV_Overland/Hogsmeade/LI_Hogsmeade/LI_Hogsmeade/Streets/LI_HM_Streets_EXT/SM_CobbleStreet_Block_B1285","FBAA3559-4E8D-0BCD-100E-1AB4CECB92D0","excluded by OutlinerPathsToExclude entry 'LI_Hogsmeade'","DA_RENDER_Rules -> DL_RENDER","1","2054200","jprice","2026-09-02","0",""
"removed","SM_CobbleStreet_Block_B1286","StaticMeshActor","DL_RENDER DL_OVERLAND","DL_RENDER","/Game/__ExternalActors__/Levels/Overland/Hogsmeade/Streets/LI_HM_Streets_EXT/A/EN/QXR4Z4JO5DQ6OTNF1ZU4HK","LV_Overland/Hogsmeade/LI_Hogsmeade/LI_Hogsmeade/Streets/LI_HM_Streets_EXT/SM_CobbleStreet_Block_B1286","D359A1E4-4950-A2BD-04B5-3F923A0B1953","excluded by OutlinerPathsToExclude entry 'LI_Hogsmeade'","DA_RENDER_Rules -> DL_RENDER","1","2054200","jprice","2026-09-02","0",""
"removed","SM_CobbleStreet_Block_B1287","StaticMeshActor","DL_RENDER DL_OVERLAND","DL_RENDER","/Game/__ExternalActors__/Levels/Overland/Hogsmeade/Streets/LI_HM_Streets_EXT/B/XY/5J8PKUWIU5LEF7WS3D5XVP","LV_Overland/Hogsmeade/LI_Hogsmeade/LI_Hogsmeade/Streets/LI_HM_Streets_EXT/SM_CobbleStreet_Block_B1287","FEB5066D-4277-39CC-CE64-FA97A87F18EE","excluded by OutlinerPathsToExclude entry 'LI_Hogsmeade'","DA_RENDER_Rules -> DL_RENDER","1","2054200","jprice","2026-09-02","0",""
"removed","SM_CobbleStreet_Block_B1288","StaticMeshActor","DL_RENDER DL_OVERLAND","DL_RENDER","/Game/__ExternalActors__/Levels/Overland/Hogsmeade/Streets/LI_HM_Streets_EXT/5/6E/NPHR4LZ81R548L58AKS3AY","LV_Overland/Hogsmeade/LI_Hogsmeade/LI_Hogsmeade/Streets/LI_HM_Streets_EXT/SM_CobbleStreet_Block_B1288","3E6AE032-4321-9F8A-EFA4-508B19D32A0F","excluded by OutlinerPathsToExclude entry 'LI_Hogsmeade'","DA_RENDER_Rules -> DL_RENDER","1","2054200","jprice","2026-09-02","0",""
"removed","SM_CobbleStreet_Block_B1289","StaticMeshActor","DL_RENDER DL_OVERLAND","DL_RENDER","/Game/__ExternalActors__/Levels/Overland/Hogsmeade/Streets/LI_HM_Streets_EXT/8/MP/3TXZ58LODF8Q4Q0Q5085ST","LV_Overland/Hogsmeade/LI_Hogsmeade/LI_Hogsmeade/Streets/LI_HM_Streets_EXT/SM_CobbleStreet_Block_B1289","2F50385A-4C65-36A4-7D9F-1483BA1C3786","excluded by OutlinerPathsToExclude entry 'LI_Hogsmeade'","DA_RENDER_Rules -> DL_RENDER","1","2054200","jprice","2026-09-02","0",""
"removed","SM_CobbleStreet_Block_B1291","StaticMeshActor","DL_RENDER DL_OVERLAND","DL_RENDER","/Game/__ExternalActors__/Levels/Overland/Hogsmeade/Streets/LI_HM_Streets_EXT/D/GF/B48GNQ3UI4P0QGV0FIB9Z9","LV_Overland/Hogsmeade/LI_Hogsmeade/LI_Hogsmeade/Streets/LI_HM_Streets_EXT/SM_CobbleStreet_Block_B1291","EA532C6D-49FB-7D8E-B6F4-879A20D0D88A","excluded by OutlinerPathsToExclude entry 'LI_Hogsmeade'","DA_RENDER_Rules -> DL_RENDER","1","2054200","jprice","2026-09-02","0",""
"removed","SM_CobbleStreet_Block_B1292","StaticMeshActor","DL_RENDER DL_OVERLAND","DL_RENDER","/Game/__ExternalActors__/Levels/Overland/Hogsmeade/Streets/LI_HM_Streets_EXT/2/JY/OSZPXOLO7GAK01FD8VWLS0","LV_Overland/Hogsmeade/LI_Hogsmeade/LI_Hogsmeade/Streets/LI_HM_Streets_EXT/SM_CobbleStreet_Block_B1292","24B82205-4C92-FFAE-D596-35ABF951F3D6","excluded by OutlinerPathsToExclude entry 'LI_Hogsmeade'","DA_RENDER_Rules -> DL_RENDER","1","2054200","jprice","2026-09-02","0",""
"removed","SM_CobbleStreet_Block_B1293","StaticMeshActor","DL_RENDER DL_OVERLAND","DL_RENDER","/Game/__ExternalActors__/Levels/Overland/Hogsmeade/Streets/LI_HM_Streets_EXT/D/BO/FI061SHPRXGW2KUP89Y2A9","LV_Overland/Hogsmeade/LI_Hogsmeade/LI_Hogsmeade/Streets/LI_HM_Streets_EXT/SM_CobbleStreet_Block_B1293","16F29556-40DB-6888-A1FF-649109A52F77","excluded by OutlinerPathsToExclude entry 'LI_Hogsmeade'","DA_RENDER_Rules -> DL_RENDER","1","2054200","jprice","2026-09-02","0",""
"removed","SM_CobbleStreet_Block_B1294","StaticMeshActor","DL_RENDER DL_OVERLAND","DL_RENDER","/Game/__ExternalActors__/Levels/Overland/Hogsmeade/Streets/LI_HM_Streets_EXT/C/EI/K6XP7048YTU6A6UQUORRZ0","LV_Overland/Hogsmeade/LI_Hogsmeade/LI_Hogsmeade/Streets/LI_HM_Streets_EXT/SM_CobbleStreet_Block_B1294","B77AB59C-4BB2-1AF0-233C-B99FD6B349BB","excluded by OutlinerPathsToExclude entry 'LI_Hogsmeade'","DA_RENDER_Rules -> DL_RENDER","1","2054200","jprice","2026-09-02","0",""
"removed","SM_CobbleStreet_Block_B1295","StaticMeshActor","DL_RENDER DL_OVERLAND","DL_RENDER","/Game/__ExternalActors__/Levels/Overland/Hogsmeade/Streets/LI_HM_Streets_EXT/8/6D/RDE6JMXAILZ1KTCHVJF0O2","LV_Overland/Hogsmeade/LI_Hogsmeade/LI_Hogsmeade/Streets/LI_HM_Streets_EXT/SM_CobbleStreet_Block_B1295","BA59EF91-4424-AE93-ADC4-9A9358B0764C","excluded by OutlinerPathsToExclude entry 'LI_Hogsmeade'","DA_RENDER_Rules -> DL_RENDER","1","2054200","jprice","2026-09-02","0",""
"removed","SM_CobbleStreet_Block_B1296","StaticMeshActor","DL_RENDER DL_OVERLAND","DL_RENDER","/Game/__ExternalActors__/Levels/Overland/Hogsmeade/Streets/LI_HM_Streets_EXT/4/5W/2TMPM1KPXGD9ITBQDQXH5K","LV_Overland/Hogsmeade/LI_Hogsmeade/LI_Hogsmeade/Streets/LI_HM_Streets_EXT/SM_CobbleStreet_Block_B1296","5968EADD-4A26-470D-1D83-EA83B3B84757","excluded by OutlinerPathsToExclude entry 'LI_Hogsmeade'","DA_RENDER_Rules -> DL_RENDER","1","2054200","jprice","2026-09-02","0",""
"removed","SM_CobbleStreet_Block_B1297","StaticMeshActor","DL_RENDER DL_OVERLAND","DL_RENDER","/Game/__ExternalActors__/Levels/Overland/Hogsmeade/Streets/LI_HM_Streets_EXT/D/WM/89CP7K30KHRE53BG87D2KF","LV_Overland/Hogsmeade/LI_Hogsmeade/LI_Hogsmeade/Streets/LI_HM_Streets_EXT/SM_CobbleStreet_Block_B1297","2BB0639F-4F9A-DBD4-CFE8-8785278689FC","excluded by OutlinerPathsToExclude entry 'LI_Hogsmeade'","DA_RENDER_Rules -> DL_RENDER","1","2054200","jprice","2026-09-02","0",""
"removed","SM_CobbleStreet_Block_B1298","StaticMeshActor","DL_RENDER DL_OVERLAND","DL_RENDER","/Game/__ExternalActors__/Levels/Overland/Hogsmeade/Streets/LI_HM_Streets_EXT/D/MW/9UV79284IYYE69RGV77NH4","LV_Overland/Hogsmeade/LI_Hogsmeade/LI_Hogsmeade/Streets/LI_HM_Streets_EXT/SM_CobbleStreet_Block_B1298","B986952D-4424-5FD8-9782-54B9908A1829","excluded by OutlinerPathsToExclude entry 'LI_Hogsmeade'","DA_RENDER_Rules -> DL_RENDER","1","2054200","jprice","2026-09-02","0",""
"removed","SM_CobbleStreet_Block_B1299","StaticMeshActor","DL_RENDER DL_OVERLAND","DL_RENDER","/Game/__ExternalActors__/Levels/Overland/Hogsmeade/Streets/LI_HM_Streets_EXT/1/Y0/JN1K5NJD0QS3V8YRU0TBJY","LV_Overland/Hogsmeade/LI_Hogsmeade/LI_Hogsmeade/Streets/LI_HM_Streets_EXT/SM_CobbleStreet_Block_B1299","1F4363C9-4A13-B528-3ED8-559D44F8E85E","excluded by OutlinerPathsToExclude entry 'LI_Hogsmeade'","DA_RENDER_Rules -> DL_RENDER","1","2054200","jprice","2026-09-02","0",""
"removed","SM_CobbleStreet_Block_B1300","StaticMeshActor","DL_RENDER DL_OVERLAND","DL_RENDER","/Game/__ExternalActors__/Levels/Overland/Hogsmeade/Streets/LI_HM_Streets_EXT/0/CQ/BSOBTWLFHVS5POD81JKCI9","LV_Overland/Hogsmeade/LI_Hogsmeade/LI_Hogsmeade/Streets/LI_HM_Streets_EXT/SM_CobbleStreet_Block_B1300","7CDE7B84-4C7F-E746-A288-A99C6BF37379","excluded by OutlinerPathsToExclude entry 'LI_Hogsmeade'","DA_RENDER_Rules -> DL_RENDER","1","2054200","jprice","2026-09-02","0",""
"removed","SM_CobbleStreet_Block_B1301","StaticMeshActor","DL_RENDER DL_OVERLAND","DL_RENDER","/Game/__ExternalActors__/Levels/Overland/Hogsmeade/Streets/LI_HM_Streets_EXT/D/FF/97HKPX34HXW3B465OEHKTK","LV_Overland/Hogsmeade/LI_Hogsmeade/LI_Hogsmeade/Streets/LI_HM_Streets_EXT/SM_CobbleStreet_Block_B1301","25E4AE6D-4CA0-2ED5-9EDB-4BA598FDBEA9","excluded by OutlinerPathsToExclude entry 'LI_Hogsmeade'","DA_RENDER_Rules -> DL_RENDER","1","2054200","jprice","2026-09-02","0",""
"removed","SM_CobbleStreet_Block_B1325","StaticMeshActor","DL_RENDER DL_OVERLAND","DL_RENDER","/Game/__ExternalActors__/Levels/Overland/Hogsmeade/Streets/LI_HM_Streets_EXT/0/Q6/788NR53KWG3LTJJ6HUDWPI","LV_Overland/Hogsmeade/LI_Hogsmeade/LI_Hogsmeade/Streets/LI_HM_Streets_EXT/SM_CobbleStreet_Block_B1325","DAC7D35F-4CC2-3F32-7FC9-5EA13AE5BA0A","excluded by OutlinerPathsToExclude entry 'LI_Hogsmeade'","DA_RENDER_Rules -> DL_RENDER","1","2054200","jprice","2026-09-02","0",""
"removed","SM_CobbleStreet_Block_B1334","StaticMeshActor","DL_RENDER DL_OVERLAND","DL_RENDER","/Game/__ExternalActors__/Levels/Overland/Hogsmeade/Streets/LI_HM_Streets_EXT/E/4P/K3OE8GZXZRFE2LWCR9TK6A","LV_Overland/Hogsmeade/LI_Hogsmeade/LI_Hogsmeade/Streets/LI_HM_Streets_EXT/SM_CobbleStreet_Block_B1334","75CAB7FC-44F7-7A0A-549C-78B9912E708F","excluded by OutlinerPathsToExclude entry 'LI_Hogsmeade'","DA_RENDER_Rules -> DL_RENDER","1","2054200","jprice","2026-09-02","0",""
"removed","SM_CobbleStreet_Block_B1335","StaticMeshActor","DL_RENDER DL_OVERLAND","DL_RENDER","/Game/__ExternalActors__/Levels/Overland/Hogsmeade/Streets/LI_HM_Streets_EXT/0/PY/AW3QY9MXYLXBXK5SH64Q7X","LV_Overland/Hogsmeade/LI_Hogsmeade/LI_Hogsmeade/Streets/LI_HM_Streets_EXT/SM_CobbleStreet_Block_B1335","B307596A-41A8-8664-0FDE-54908E4D771E","excluded by OutlinerPathsToExclude entry 'LI_Hogsmeade'","DA_RENDER_Rules -> DL_RENDER","1","2054200","jprice","2026-09-02","0",""
"removed","SM_CobbleStreet_Block_B1338","StaticMeshActor","DL_RENDER DL_OVERLAND","DL_RENDER","/Game/__ExternalActors__/Levels/Overland/Hogsmeade/Streets/LI_HM_Streets_EXT/E/IQ/IZHNKBV6YM486288OPRHVR","LV_Overland/Hogsmeade/LI_Hogsmeade/LI_Hogsmeade/Streets/LI_HM_Streets_EXT/SM_CobbleStreet_Block_B1338","41E2AFA2-45DA-A4FF-EB5D-41961FB59E41","excluded by OutlinerPathsToExclude entry 'LI_Hogsmeade'","DA_RENDER_Rules -> DL_RENDER","1","2054200","jprice","2026-09-02","0",""
"removed","SM_CobbleStreet_Block_B1339","StaticMeshActor","DL_RENDER DL_OVERLAND","DL_RENDER","/Game/__ExternalActors__/Levels/Overland/Hogsmeade/Streets/LI_HM_Streets_EXT/B/6W/79GCWADZTD2PXO0SFW6F0F","LV_Overland/Hogsmeade/LI_Hogsmeade/LI_Hogsmeade/Streets/LI_HM_Streets_EXT/SM_CobbleStreet_Block_B1339","EB83503E-403C-EF73-41D8-838C9B92FD03","excluded by OutlinerPathsToExclude entry 'LI_Hogsmeade'","DA_RENDER_Rules -> DL_RENDER","1","2054200","jprice","2026-09-02","0",""
"removed","SM_CobbleStreet_Block_B1340","StaticMeshActor","DL_RENDER DL_OVERLAND","DL_RENDER","/Game/__ExternalActors__/Levels/Overland/Hogsmeade/Streets/LI_HM_Streets_EXT/7/GB/0Y7GXB39BRJ5CX2IX6TIYG","LV_Overland/Hogsmeade/LI_Hogsmeade/LI_Hogsmeade/Streets/LI_HM_Streets_EXT/SM_CobbleStreet_Block_B1340","D5D25B82-4552-50A1-BEA3-90BECCC38842","excluded by OutlinerPathsToExclude entry 'LI_Hogsmeade'","DA_RENDER_Rules -> DL_RENDER","1","2054200","jprice","2026-09-02","0",""
"removed","SM_CobbleStreet_Block_B1341","StaticMeshActor","DL_RENDER DL_OVERLAND","DL_RENDER","/Game/__ExternalActors__/Levels/Overland/Hogsmeade/Streets/LI_HM_Streets_EXT/6/PE/CSPD0H6JBF8M4QFTXNOCEV","LV_Overland/Hogsmeade/LI_Hogsmeade/LI_Hogsmeade/Streets/LI_HM_Streets_EXT/SM_CobbleStreet_Block_B1341","BEAF0CED-4B54-7DE7-2DCA-2BB26BDA01C3","excluded by OutlinerPathsToExclude entry 'LI_Hogsmeade'","DA_RENDER_Rules -> DL_RENDER","1","2054200","jprice","2026-09-02","0",""
"removed","SM_CobbleStreet_Block_B1342","StaticMeshActor","DL_RENDER DL_OVERLAND","DL_RENDER","/Game/__ExternalActors__/Levels/Overland/Hogsmeade/Streets/LI_HM_Streets_EXT/B/ZM/3V4V7PX5CHGE1TZM2RHEWN","LV_Overland/Hogsmeade/LI_Hogsmeade/LI_Hogsmeade/Streets/LI_HM_Streets_EXT/SM_CobbleStreet_Block_B1342","AD889B46-45A8-B127-07D8-D382355BB0C8","excluded by OutlinerPathsToExclude entry 'LI_Hogsmeade'","DA_RENDER_Rules -> DL_RENDER","1","2054200","jprice","2026-09-02","0",""
"removed","SM_CobbleStreet_Block_B1343","StaticMeshActor","DL_RENDER DL_OVERLAND","DL_RENDER","/Game/__ExternalActors__/Levels/Overland/Hogsmeade/Streets/LI_HM_Streets_EXT/A/JD/PGO3LVYHD149CWJYKFG268","LV_Overland/Hogsmeade/LI_Hogsmeade/LI_Hogsmeade/Streets/LI_HM_Streets_EXT/SM_CobbleStreet_Block_B1343","A691BDB3-4B82-2713-AD50-4699EA24BD8D","excluded by OutlinerPathsToExclude entry 'LI_Hogsmeade'","DA_RENDER_Rules -> DL_RENDER","1","2054200","jprice","2026-09-02","0",""
"removed","SM_CobbleStreet_Block_B1344","StaticMeshActor","DL_RENDER DL_OVERLAND","DL_RENDER","/Game/__ExternalActors__/Levels/Overland/Hogsmeade/Streets/LI_HM_Streets_EXT/4/W3/9AY7DK7XKWRW2ZOHIR3F6Q","LV_Overland/Hogsmeade/LI_Hogsmeade/LI_Hogsmeade/Streets/LI_HM_Streets_EXT/SM_CobbleStreet_Block_B1344","681464F3-4525-A788-C608-0A80093E5436","excluded by OutlinerPathsToExclude entry 'LI_Hogsmeade'","DA_RENDER_Rules -> DL_RENDER","1","2054200","jprice","2026-09-02","0",""
"removed","SM_CobbleStreet_Block_B1345","StaticMeshActor","DL_RENDER DL_OVERLAND","DL_RENDER","/Game/__ExternalActors__/Levels/Overland/Hogsmeade/Streets/LI_HM_Streets_EXT/E/E7/CS092N3Q4I2SEWFO4I9599","LV_Overland/Hogsmeade/LI_Hogsmeade/LI_Hogsmeade/Streets/LI_HM_Streets_EXT/SM_CobbleStreet_Block_B1345","A8B3F868-47B5-CDF2-A922-22A13A201E8E","excluded by OutlinerPathsToExclude entry 'LI_Hogsmeade'","DA_RENDER_Rules -> DL_RENDER","1","2054200","jprice","2026-09-02","0",""
"removed","SM_CobbleStreet_Block_B1346","StaticMeshActor","DL_RENDER DL_OVERLAND","DL_RENDER","/Game/__ExternalActors__/Levels/Overland/Hogsmeade/Streets/LI_HM_Streets_EXT/E/5A/RI2ZZJIN4CLAIV6VIY0BYT","LV_Overland/Hogsmeade/LI_Hogsmeade/LI_Hogsmeade/Streets/LI_HM_Streets_EXT/SM_CobbleStreet_Block_B1346","D5A72270-41C2-18C1-37D0-228BBE93EDAD","excluded by OutlinerPathsToExclude entry 'LI_Hogsmeade'","DA_RENDER_Rules -> DL_RENDER","1","2054200","jprice","2026-09-02","0",""
"removed","SM_CobbleStreet_Block_B1347","StaticMeshActor","DL_RENDER DL_OVERLAND","DL_RENDER","/Game/__ExternalActors__/Levels/Overland/Hogsmeade/Streets/LI_HM_Streets_EXT/2/0H/WODETCSR93HT38IDY8UMBN","LV_Overland/Hogsmeade/LI_Hogsmeade/LI_Hogsmeade/Streets/LI_HM_Streets_EXT/SM_CobbleStreet_Block_B1347","EBC1CE0F-4860-902F-C9B8-0DA3A12E6DB1","excluded by OutlinerPathsToExclude entry 'LI_Hogsmeade'","DA_RENDER_Rules -> DL_RENDER","1","2054200","jprice","2026-09-02","0",""
"removed","SM_CobbleStreet_Block_B1348","StaticMeshActor","DL_RENDER DL_OVERLAND","DL_RENDER","/Game/__ExternalActors__/Levels/Overland/Hogsmeade/Streets/LI_HM_Streets_EXT/4/8G/PXHHTRY4UOU0BAWO5KU379","LV_Overland/Hogsmeade/LI_Hogsmeade/LI_Hogsmeade/Streets/LI_HM_Streets_EXT/SM_CobbleStreet_Block_B1348","7EFA8DD0-45D1-93E3-8FA2-059C8A4BCE01","excluded by OutlinerPathsToExclude entry 'LI_Hogsmeade'","DA_RENDER_Rules -> DL_RENDER","1","2054200","jprice","2026-09-02","0",""
"removed","SM_CobbleStreet_Block_B1349","StaticMeshActor","DL_RENDER DL_OVERLAND","DL_RENDER","/Game/__ExternalActors__/Levels/Overland/Hogsmeade/Streets/LI_HM_Streets_EXT/E/OL/84AICDJ5AFH9PKKVJ5326P","LV_Overland/Hogsmeade/LI_Hogsmeade/LI_Hogsmeade/Streets/LI_HM_Streets_EXT/SM_CobbleStreet_Block_B1349","1508088A-40EA-E266-9A1C-5E9209B61D21","excluded by OutlinerPathsToExclude entry 'LI_Hogsmeade'","DA_RENDER_Rules -> DL_RENDER","1","2054200","jprice","2026-09-02","0",""
"removed","SM_CobbleStreet_Block_B1350","StaticMeshActor","DL_RENDER DL_OVERLAND","DL_RENDER","/Game/__ExternalActors__/Levels/Overland/Hogsmeade/Streets/LI_HM_Streets_EXT/8/GX/VPDYCE6WNNM4ZWW8CXSV1E","LV_Overland/Hogsmeade/LI_Hogsmeade/LI_Hogsmeade/Streets/LI_HM_Streets_EXT/SM_CobbleStreet_Block_B1350","72D5066D-4FAF-0B6E-7755-98B558E19144","excluded by OutlinerPathsToExclude entry 'LI_Hogsmeade'","DA_RENDER_Rules -> DL_RENDER","1","2054200","jprice","2026-09-02","0",""
"removed","SM_CobbleStreet_Block_B1351","StaticMeshActor","DL_RENDER DL_OVERLAND","DL_RENDER","/Game/__ExternalActors__/Levels/Overland/Hogsmeade/Streets/LI_HM_Streets_EXT/6/T4/AE66SHP8DPFPD5W7T6W71P","LV_Overland/Hogsmeade/LI_Hogsmeade/LI_Hogsmeade/Streets/LI_HM_Streets_EXT/SM_CobbleStreet_Block_B1351","FF21AFF8-4AF3-F9CA-B51B-3CBFDF65FA05","excluded by OutlinerPathsToExclude entry 'LI_Hogsmeade'","DA_RENDER_Rules -> DL_RENDER","1","2054200","jprice","2026-09-02","0",""
"removed","SM_CobbleStreet_Block_B1352","StaticMeshActor","DL_RENDER DL_OVERLAND","DL_RENDER","/Game/__ExternalActors__/Levels/Overland/Hogsmeade/Streets/LI_HM_Streets_EXT/1/UT/W6HGGTR3E5KJH6ZFXPFCZ9","LV_Overland/Hogsmeade/LI_Hogsmeade/LI_Hogsmeade/Streets/LI_HM_Streets_EXT/SM_CobbleStreet_Block_B1352","8CD2EAD0-472B-D987-9512-089D7F2A350E","excluded by OutlinerPathsToExclude entry 'LI_Hogsmeade'","DA_RENDER_Rules -> DL_RENDER","1","2054200","jprice","2026-09-02","0",""
"removed","SM_CobbleStreet_Block_B1353","StaticMeshActor","DL_RENDER DL_OVERLAND","DL_RENDER","/Game/__ExternalActors__/Levels/Overland/Hogsmeade/Streets/LI_HM_Streets_EXT/1/E2/9YUUER8VC89CCFS9BXY38M","LV_Overland/Hogsmeade/LI_Hogsmeade/LI_Hogsmeade/Streets/LI_HM_Streets_EXT/SM_CobbleStreet_Block_B1353","7A0B1659-475A-4BB8-B333-598CE37787A4","excluded by OutlinerPathsToExclude entry 'LI_Hogsmeade'","DA_RENDER_Rules -> DL_RENDER","1","2054200","jprice","2026-09-02","0",""
"removed","SM_CobbleStreet_Block_B1354","StaticMeshActor","DL_RENDER DL_OVERLAND","DL_RENDER","/Game/__ExternalActors__/Levels/Overland/Hogsmeade/Streets/LI_HM_Streets_EXT/1/LX/1F4BN4I358YV4H6MZDPL4P","LV_Overland/Hogsmeade/LI_Hogsmeade/LI_Hogsmeade/Streets/LI_HM_Streets_EXT/SM_CobbleStreet_Block_B1354","7B3773B5-452F-C032-5F73-59B00EEBC542","excluded by OutlinerPathsToExclude entry 'LI_Hogsmeade'","DA_RENDER_Rules -> DL_RENDER","1","2054200","jprice","2026-09-02","0",""
"removed","SM_CobbleStreet_Block_B1355","StaticMeshActor","DL_RENDER DL_OVERLAND","DL_RENDER","/Game/__ExternalActors__/Levels/Overland/Hogsmeade/Streets/LI_HM_Streets_EXT/4/TE/IQITTCRWWDQ71UXPH3S6UK","LV_Overland/Hogsmeade/LI_Hogsmeade/LI_Hogsmeade/Streets/LI_HM_Streets_EXT/SM_CobbleStreet_Block_B1355","EB674F68-4AEC-7C80-8CC6-6BBCC03B108B","excluded by OutlinerPathsToExclude entry 'LI_Hogsmeade'","DA_RENDER_Rules -> DL_RENDER","1","2054200","jprice","2026-09-02","0",""
"removed","SM_CobbleStreet_Block_B1356","StaticMeshActor","DL_RENDER DL_OVERLAND","DL_RENDER","/Game/__ExternalActors__/Levels/Overland/Hogsmeade/Streets/LI_HM_Streets_EXT/5/KF/TTD2E6O32EGHIDLD7T1RFE","LV_Overland/Hogsmeade/LI_Hogsmeade/LI_Hogsmeade/Streets/LI_HM_Streets_EXT/SM_CobbleStreet_Block_B1356","0386B854-4368-23E8-4CCA-A2A2E5621177","excluded by OutlinerPathsToExclude entry 'LI_Hogsmeade'","DA_RENDER_Rules -> DL_RENDER","1","2054200","jprice","2026-09-02","0",""
"removed","SM_CobbleStreet_Block_B1357","StaticMeshActor","DL_RENDER DL_OVERLAND","DL_RENDER","/Game/__ExternalActors__/Levels/Overland/Hogsmeade/Streets/LI_HM_Streets_EXT/8/AR/1QH9HHQCDWM7IYDJM7SA0I","LV_Overland/Hogsmeade/LI_Hogsmeade/LI_Hogsmeade/Streets/LI_HM_Streets_EXT/SM_CobbleStreet_Block_B1357","5ACE70D9-4228-F7CB-954F-1EB924DB50A6","excluded by OutlinerPathsToExclude entry 'LI_Hogsmeade'","DA_RENDER_Rules -> DL_RENDER","1","2054200","jprice","2026-09-02","0",""
"removed","SM_CobbleStreet_Block_B1358","StaticMeshActor","DL_RENDER DL_OVERLAND","DL_RENDER","/Game/__ExternalActors__/Levels/Overland/Hogsmeade/Streets/LI_HM_Streets_EXT/1/SH/STPAG6HMA6C0750SZGR6QZ","LV_Overland/Hogsmeade/LI_Hogsmeade/LI_Hogsmeade/Streets/LI_HM_Streets_EXT/SM_CobbleStreet_Block_B1358","C53E9E81-45FB-13D6-04BD-BCAF27C60765","excluded by OutlinerPathsToExclude entry 'LI_Hogsmeade'","DA_RENDER_Rules -> DL_RENDER","1","2054200","jprice","2026-09-02","0",""
"removed","SM_CobbleStreet_Block_B1359","StaticMeshActor","DL_RENDER DL_OVERLAND","DL_RENDER","/Game/__ExternalActors__/Levels/Overland/Hogsmeade/Streets/LI_HM_Streets_EXT/0/XA/P7IANA9BQ6P7S9P5GFHJIM","LV_Overland/Hogsmeade/LI_Hogsmeade/LI_Hogsmeade/Streets/LI_HM_Streets_EXT/SM_CobbleStreet_Block_B1359","59B03EC4-4A60-5DE6-BDB5-AAA19AB46777","excluded by OutlinerPathsToExclude entry 'LI_Hogsmeade'","DA_RENDER_Rules -> DL_RENDER","1","2054200","jprice","2026-09-02","0",""
"removed","SM_CobbleStreet_Block_B1360","StaticMeshActor","DL_RENDER DL_OVERLAND","DL_RENDER","/Game/__ExternalActors__/Levels/Overland/Hogsmeade/Streets/LI_HM_Streets_EXT/A/A1/M1TYJDFB5H9FZNY0CUWL16","LV_Overland/Hogsmeade/LI_Hogsmeade/LI_Hogsmeade/Streets/LI_HM_Streets_EXT/SM_CobbleStreet_Block_B1360","78341F08-4A83-9272-6883-47B9151CDA36","excluded by OutlinerPathsToExclude entry 'LI_Hogsmeade'","DA_RENDER_Rules -> DL_RENDER","1","2054200","jprice","2026-09-02","0",""
"removed","SM_CobbleStreet_Block_B1361","StaticMeshActor","DL_RENDER DL_OVERLAND","DL_RENDER","/Game/__ExternalActors__/Levels/Overland/Hogsmeade/Streets/LI_HM_Streets_EXT/C/YR/KSKM6QZXFAJ0SRQXS0AY38","LV_Overland/Hogsmeade/LI_Hogsmeade/LI_Hogsmeade/Streets/LI_HM_Streets_EXT/SM_CobbleStreet_Block_B1361","77395A1C-48EF-5A1A-3945-CCB7C2D46B5F","excluded by OutlinerPathsToExclude entry 'LI_Hogsmeade'","DA_RENDER_Rules -> DL_RENDER","1","2054200","jprice","2026-09-02","0",""
"removed","SM_CobbleStreet_Block_B1362","StaticMeshActor","DL_RENDER DL_OVERLAND","DL_RENDER","/Game/__ExternalActors__/Levels/Overland/Hogsmeade/Streets/LI_HM_Streets_EXT/4/OI/7M2VBO5N0QVLY90FO9JERA","LV_Overland/Hogsmeade/LI_Hogsmeade/LI_Hogsmeade/Streets/LI_HM_Streets_EXT/SM_CobbleStreet_Block_B1362","5154F41B-4F08-8386-0B4D-DD807D5D1D13","excluded by OutlinerPathsToExclude entry 'LI_Hogsmeade'","DA_RENDER_Rules -> DL_RENDER","1","2054200","jprice","2026-09-02","0",""
"removed","SM_CobbleStreet_Block_B1363","StaticMeshActor","DL_RENDER DL_OVERLAND","DL_RENDER","/Game/__ExternalActors__/Levels/Overland/Hogsmeade/Streets/LI_HM_Streets_EXT/B/CC/VGNJ8OK6TEAR7I4JNJOJ3S","LV_Overland/Hogsmeade/LI_Hogsmeade/LI_Hogsmeade/Streets/LI_HM_Streets_EXT/SM_CobbleStreet_Block_B1363","42739B12-4EB3-E470-DFA5-5D9E17F8BAFC","excluded by OutlinerPathsToExclude entry 'LI_Hogsmeade'","DA_RENDER_Rules -> DL_RENDER","1","2054200","jprice","2026-09-02","0",""
"removed","SM_CobbleStreet_Block_B1364","StaticMeshActor","DL_RENDER DL_OVERLAND","DL_RENDER","/Game/__ExternalActors__/Levels/Overland/Hogsmeade/Streets/LI_HM_Streets_EXT/2/CJ/88GR5HSR6369W4BZY6OSEF","LV_Overland/Hogsmeade/LI_Hogsmeade/LI_Hogsmeade/Streets/LI_HM_Streets_EXT/SM_CobbleStreet_Block_B1364","CACCFBD3-49B5-AB1E-4924-929E7DEE4857","excluded by OutlinerPathsToExclude entry 'LI_Hogsmeade'","DA_RENDER_Rules -> DL_RENDER","1","2054200","jprice","2026-09-02","0",""
"removed","SM_CobbleStreet_Block_B1365","StaticMeshActor","DL_RENDER DL_OVERLAND","DL_RENDER","/Game/__ExternalActors__/Levels/Overland/Hogsmeade/Streets/LI_HM_Streets_EXT/9/5P/XPJHLC3JFQ6V5FCIYLYLT6","LV_Overland/Hogsmeade/LI_Hogsmeade/LI_Hogsmeade/Streets/LI_HM_Streets_EXT/SM_CobbleStreet_Block_B1365","D7DC9751-4B48-221C-3B75-B29A831CF190","excluded by OutlinerPathsToExclude entry 'LI_Hogsmeade'","DA_RENDER_Rules -> DL_RENDER","1","2054200","jprice","2026-09-02","0",""
"removed","SM_CobbleStreet_Block_B1366","StaticMeshActor","DL_RENDER DL_OVERLAND","DL_RENDER","/Game/__ExternalActors__/Levels/Overland/Hogsmeade/Streets/LI_HM_Streets_EXT/A/GK/MRSD9B628DC6SJ3GA82O3Y","LV_Overland/Hogsmeade/LI_Hogsmeade/LI_Hogsmeade/Streets/LI_HM_Streets_EXT/SM_CobbleStreet_Block_B1366","D499909A-4661-9B93-6544-7A81B5531ED6","excluded by OutlinerPathsToExclude entry 'LI_Hogsmeade'","DA_RENDER_Rules -> DL_RENDER","1","2054200","jprice","2026-09-02","0",""
"removed","SM_CobbleStreet_Block_B1367","StaticMeshActor","DL_RENDER DL_OVERLAND","DL_RENDER","/Game/__ExternalActors__/Levels/Overland/Hogsmeade/Streets/LI_HM_Streets_EXT/E/WH/Y6QFYOVTCRMQYW6A75YWDJ","LV_Overland/Hogsmeade/LI_Hogsmeade/LI_Hogsmeade/Streets/LI_HM_Streets_EXT/SM_CobbleStreet_Block_B1367","57A01A87-4458-2511-012A-A282A5F9CA88","excluded by OutlinerPathsToExclude entry 'LI_Hogsmeade'","DA_RENDER_Rules -> DL_RENDER","1","2054200","jprice","2026-09-02","0",""
"removed","SM_CobbleStreet_Block_B1368","StaticMeshActor","DL_RENDER DL_OVERLAND","DL_RENDER","/Game/__ExternalActors__/Levels/Overland/Hogsmeade/Streets/LI_HM_Streets_EXT/3/03/TGX1C2W1ZI33QA874ZLNFC","LV_Overland/Hogsmeade/LI_Hogsmeade/LI_Hogsmeade/Streets/LI_HM_Streets_EXT/SM_CobbleStreet_Block_B1368","99D9A86D-4594-6AA5-E230-22B1167CA843","excluded by OutlinerPathsToExclude entry 'LI_Hogsmeade'","DA_RENDER_Rules -> DL_RENDER","1","2054200","jprice","2026-09-02","0",""
"removed","SM_CobbleStreet_Block_B1369","StaticMeshActor","DL_RENDER DL_OVERLAND","DL_RENDER","/Game/__ExternalActors__/Levels/Overland/Hogsmeade/Streets/LI_HM_Streets_EXT/A/7I/E6PNQ2PQA1G17RU7GU2R31","LV_Overland/Hogsmeade/LI_Hogsmeade/LI_Hogsmeade/Streets/LI_HM_Streets_EXT/SM_CobbleStreet_Block_B1369","10A66007-47D8-6E87-F9FD-FDBEC983F7FC","excluded by OutlinerPathsToExclude entry 'LI_Hogsmeade'","DA_RENDER_Rules -> DL_RENDER","1","2054200","jprice","2026-09-02","0",""
"removed","SM_CobbleStreet_Block_B1370","StaticMeshActor","DL_RENDER DL_OVERLAND","DL_RENDER","/Game/__ExternalActors__/Levels/Overland/Hogsmeade/Streets/LI_HM_Streets_EXT/5/SC/2ZFOERM6JRTBNK4BL9BNNS","LV_Overland/Hogsmeade/LI_Hogsmeade/LI_Hogsmeade/Streets/LI_HM_Streets_EXT/SM_CobbleStreet_Block_B1370","F43EE567-4AFD-631C-57CE-60929F46C30F","excluded by OutlinerPathsToExclude entry 'LI_Hogsmeade'","DA_RENDER_Rules -> DL_RENDER","1","2054200","jprice","2026-09-02","0",""
"removed","SM_CobbleStreet_Block_B1371","StaticMeshActor","DL_RENDER DL_OVERLAND","DL_RENDER","/Game/__ExternalActors__/Levels/Overland/Hogsmeade/Streets/LI_HM_Streets_EXT/D/QD/22N1CDV3X28JZZ4N51LSTI","LV_Overland/Hogsmeade/LI_Hogsmeade/LI_Hogsmeade/Streets/LI_HM_Streets_EXT/SM_CobbleStreet_Block_B1371","7CD926B1-4EF7-849F-C1F1-B1A796662723","excluded by OutlinerPathsToExclude entry 'LI_Hogsmeade'","DA_RENDER_Rules -> DL_RENDER","1","2054200","jprice","2026-09-02","0",""
"removed","SM_CobbleStreet_Block_B1372","StaticMeshActor","DL_RENDER DL_OVERLAND","DL_RENDER","/Game/__ExternalActors__/Levels/Overland/Hogsmeade/Streets/LI_HM_Streets_EXT/A/JK/EHXQOZPLVUDHERYY0V2LJ7","LV_Overland/Hogsmeade/LI_Hogsmeade/LI_Hogsmeade/Streets/LI_HM_Streets_EXT/SM_CobbleStreet_Block_B1372","2D9B1C06-40AB-97BC-3FA2-66867E7CA24E","excluded by OutlinerPathsToExclude entry 'LI_Hogsmeade'","DA_RENDER_Rules -> DL_RENDER","1","2054200","jprice","2026-09-02","0",""
"removed","SM_CobbleStreet_Block_B1373","StaticMeshActor","DL_RENDER DL_OVERLAND","DL_RENDER","/Game/__ExternalActors__/Levels/Overland/Hogsmeade/Streets/LI_HM_Streets_EXT/1/TF/WWTB5DSELAHL2VC8PZ6FTW","LV_Overland/Hogsmeade/LI_Hogsmeade/LI_Hogsmeade/Streets/LI_HM_Streets_EXT/SM_CobbleStreet_Block_B1373","9362E949-4417-A269-9092-5F9D43A7089B","excluded by OutlinerPathsToExclude entry 'LI_Hogsmeade'","DA_RENDER_Rules -> DL_RENDER","1","2054200","jprice","2026-09-02","0",""
"removed","SM_CobbleStreet_Block_B1374","StaticMeshActor","DL_RENDER DL_OVERLAND","DL_RENDER","/Game/__ExternalActors__/Levels/Overland/Hogsmeade/Streets/LI_HM_Streets_EXT/4/VS/ZBT54Z5NIIRBZJPANJWM2M","LV_Overland/Hogsmeade/LI_Hogsmeade/LI_Hogsmeade/Streets/LI_HM_Streets_EXT/SM_CobbleStreet_Block_B1374","FD9AF5E7-4D1D-54F1-76B0-6A9CD29DDB75","excluded by OutlinerPathsToExclude entry 'LI_Hogsmeade'","DA_RENDER_Rules -> DL_RENDER","1","2054200","jprice","2026-09-02","0",""
"removed","SM_CobbleStreet_Block_B1375","StaticMeshActor","DL_RENDER DL_OVERLAND","DL_RENDER","/Game/__ExternalActors__/Levels/Overland/Hogsmeade/Streets/LI_HM_Streets_EXT/D/5Q/GQ1B3WLGLOUQUKIQ593QT4","LV_Overland/Hogsmeade/LI_Hogsmeade/LI_Hogsmeade/Streets/LI_HM_Streets_EXT/SM_CobbleStreet_Block_B1375","7521297D-4520-D845-4FD6-A4AB6343504A","excluded by OutlinerPathsToExclude entry 'LI_Hogsmeade'","DA_RENDER_Rules -> DL_RENDER","1","2054200","jprice","2026-09-02","0",""
"removed","SM_CobbleStreet_Block_B1376","StaticMeshActor","DL_RENDER DL_OVERLAND","DL_RENDER","/Game/__ExternalActors__/Levels/Overland/Hogsmeade/Streets/LI_HM_Streets_EXT/B/QK/9ZIVJFJIKR9SY3IBRXDZ9Y","LV_Overland/Hogsmeade/LI_Hogsmeade/LI_Hogsmeade/Streets/LI_HM_Streets_EXT/SM_CobbleStreet_Block_B1376","AAA91080-45DD-A6EF-9107-7FA7AD481722","excluded by OutlinerPathsToExclude entry 'LI_Hogsmeade'","DA_RENDER_Rules -> DL_RENDER","1","2054200","jprice","2026-09-02","0",""
"removed","SM_CobbleStreet_Block_B1377","StaticMeshActor","DL_RENDER DL_OVERLAND","DL_RENDER","/Game/__ExternalActors__/Levels/Overland/Hogsmeade/Streets/LI_HM_Streets_EXT/4/Y0/FUEUSJKAW9SFZUQAAR73BL","LV_Overland/Hogsmeade/LI_Hogsmeade/LI_Hogsmeade/Streets/LI_HM_Streets_EXT/SM_CobbleStreet_Block_B1377","B872EDE3-4122-47A2-9083-9DAA8C0DB4E9","excluded by OutlinerPathsToExclude entry 'LI_Hogsmeade'","DA_RENDER_Rules -> DL_RENDER","1","2054200","jprice","2026-09-02","0",""
"removed","SM_CobbleStreet_Block_B1378","StaticMeshActor","DL_RENDER DL_OVERLAND","DL_RENDER","/Game/__ExternalActors__/Levels/Overland/Hogsmeade/Streets/LI_HM_Streets_EXT/D/CS/9XJ3H2JZ9N7MBD39J1K8V2","LV_Overland/Hogsmeade/LI_Hogsmeade/LI_Hogsmeade/Streets/LI_HM_Streets_EXT/SM_CobbleStreet_Block_B1378","FC54D652-4C07-FE2F-A950-729B7457E291","excluded by OutlinerPathsToExclude entry 'LI_Hogsmeade'","DA_RENDER_Rules -> DL_RENDER","1","2054200","jprice","2026-09-02","0",""
"removed","SM_CobbleStreet_Block_B1379","StaticMeshActor","DL_RENDER DL_OVERLAND","DL_RENDER","/Game/__ExternalActors__/Levels/Overland/Hogsmeade/Streets/LI_HM_Streets_EXT/1/BR/JM05Z2S6M1I7U890GOTAZN","LV_Overland/Hogsmeade/LI_Hogsmeade/LI_Hogsmeade/Streets/LI_HM_Streets_EXT/SM_CobbleStreet_Block_B1379","1DC51A75-4B57-26B9-2A98-86A0A251FD18","excluded by OutlinerPathsToExclude entry 'LI_Hogsmeade'","DA_RENDER_Rules -> DL_RENDER","1","2054200","jprice","2026-09-02","0",""
"removed","SM_CobbleStreet_Block_B1380","StaticMeshActor","DL_RENDER DL_OVERLAND","DL_RENDER","/Game/__ExternalActors__/Levels/Overland/Hogsmeade/Streets/LI_HM_Streets_EXT/7/OI/6SQ0IW3O77BA6GMGB20YMY","LV_Overland/Hogsmeade/LI_Hogsmeade/LI_Hogsmeade/Streets/LI_HM_Streets_EXT/SM_CobbleStreet_Block_B1380","3D4BD26F-47BE-9307-FD25-27BE1372BC06","excluded by OutlinerPathsToExclude entry 'LI_Hogsmeade'","DA_RENDER_Rules -> DL_RENDER","1","2054200","jprice","2026-09-02","0",""
"removed","SM_CobbleStreet_Block_B1381","StaticMeshActor","DL_RENDER DL_OVERLAND","DL_RENDER","/Game/__ExternalActors__/Levels/Overland/Hogsmeade/Streets/LI_HM_Streets_EXT/5/P5/D4CLFO3IRXR9TGKCBSCLKF","LV_Overland/Hogsmeade/LI_Hogsmeade/LI_Hogsmeade/Streets/LI_HM_Streets_EXT/SM_CobbleStreet_Block_B1381","F9170336-458A-C854-EA07-7AB4BD82511D","excluded by OutlinerPathsToExclude entry 'LI_Hogsmeade'","DA_RENDER_Rules -> DL_RENDER","1","2054200","jprice","2026-09-02","0",""
"removed","SM_CobbleStreet_Block_B1382","StaticMeshActor","DL_RENDER DL_OVERLAND","DL_RENDER","/Game/__ExternalActors__/Levels/Overland/Hogsmeade/Streets/LI_HM_Streets_EXT/C/DB/XG830A48X1VZUCMT6XCW4R","LV_Overland/Hogsmeade/LI_Hogsmeade/LI_Hogsmeade/Streets/LI_HM_Streets_EXT/SM_CobbleStreet_Block_B1382","E7512B19-4E86-06A3-8ECD-D2B162D60B4A","excluded by OutlinerPathsToExclude entry 'LI_Hogsmeade'","DA_RENDER_Rules -> DL_RENDER","1","2054200","jprice","2026-09-02","0",""
"removed","SM_CobbleStreet_Block_B1383","StaticMeshActor","DL_RENDER DL_OVERLAND","DL_RENDER","/Game/__ExternalActors__/Levels/Overland/Hogsmeade/Streets/LI_HM_Streets_EXT/C/1G/NUQ6C4KG8EX8N7RSU7PEW6","LV_Overland/Hogsmeade/LI_Hogsmeade/LI_Hogsmeade/Streets/LI_HM_Streets_EXT/SM_CobbleStreet_Block_B1383","3D029802-4E40-C334-B76F-A585C8A344E6","excluded by OutlinerPathsToExclude entry 'LI_Hogsmeade'","DA_RENDER_Rules -> DL_RENDER","1","2064180","jprice","2026-09-10","0",""
"removed","SM_CobbleStreet_Block_B1384","StaticMeshActor","DL_RENDER DL_OVERLAND","DL_RENDER","/Game/__ExternalActors__/Levels/Overland/Hogsmeade/Streets/LI_HM_Streets_EXT/4/ZI/O7J9OG2L4SR77HN0KOKY5W","LV_Overland/Hogsmeade/LI_Hogsmeade/LI_Hogsmeade/Streets/LI_HM_Streets_EXT/SM_CobbleStreet_Block_B1384","4F73E49E-4196-14E2-85FE-2D92C6817280","excluded by OutlinerPathsToExclude entry 'LI_Hogsmeade'","DA_RENDER_Rules -> DL_RENDER","1","2072097","jprice","2026-09-15","0",""
"removed","SM_CobbleStreet_Block_B1385","StaticMeshActor","DL_RENDER DL_OVERLAND","DL_RENDER","/Game/__ExternalActors__/Levels/Overland/Hogsmeade/Streets/LI_HM_Streets_EXT/1/NF/3ATAEXW2KCNVWYARH10CO9","LV_Overland/Hogsmeade/LI_Hogsmeade/LI_Hogsmeade/Streets/LI_HM_Streets_EXT/SM_CobbleStreet_Block_B1385","292BB1B9-44B6-A3E4-3A9C-978845E8BDE5","excluded by OutlinerPathsToExclude entry 'LI_Hogsmeade'","DA_RENDER_Rules -> DL_RENDER","1","2072097","jprice","2026-09-15","0",""
"removed","SM_CobbleStreet_Block_B1386","StaticMeshActor","DL_RENDER DL_OVERLAND","DL_RENDER","/Game/__ExternalActors__/Levels/Overland/Hogsmeade/Streets/LI_HM_Streets_EXT/3/VS/PL94EJ5SJ4ZI5KX9RO4BVV","LV_Overland/Hogsmeade/LI_Hogsmeade/LI_Hogsmeade/Streets/LI_HM_Streets_EXT/SM_CobbleStreet_Block_B1386","AAD34A66-4563-48E7-C4C4-CBAEEEEBF082","excluded by OutlinerPathsToExclude entry 'LI_Hogsmeade'","DA_RENDER_Rules -> DL_RENDER","1","2072097","jprice","2026-09-15","0",""
"removed","SM_CobbleStreet_Block_B1387","StaticMeshActor","DL_RENDER DL_OVERLAND","DL_RENDER","/Game/__ExternalActors__/Levels/Overland/Hogsmeade/Streets/LI_HM_Streets_EXT/6/8H/P7VXTPXOZZ6G7EFJE2LPVC","LV_Overland/Hogsmeade/LI_Hogsmeade/LI_Hogsmeade/Streets/LI_HM_Streets_EXT/SM_CobbleStreet_Block_B1387","E87744ED-4C47-511A-48F3-2A952B0FB936","excluded by OutlinerPathsToExclude entry 'LI_Hogsmeade'","DA_RENDER_Rules -> DL_RENDER","1","2072097","jprice","2026-09-15","0",""
"removed","SM_CobbleStreet_Block_B1388","StaticMeshActor","DL_RENDER DL_OVERLAND","DL_RENDER","/Game/__ExternalActors__/Levels/Overland/Hogsmeade/Streets/LI_HM_Streets_EXT/5/T3/EPZ3L7RJZG6Q5GY395FJ1I","LV_Overland/Hogsmeade/LI_Hogsmeade/LI_Hogsmeade/Streets/LI_HM_Streets_EXT/SM_CobbleStreet_Block_B1388","B1998276-4D39-91DE-A659-6AA125B3A7F8","excluded by OutlinerPathsToExclude entry 'LI_Hogsmeade'","DA_RENDER_Rules -> DL_RENDER","1","2054200","jprice","2026-09-02","0",""
"removed","SM_CobbleStreet_Block_B1389","StaticMeshActor","DL_RENDER DL_OVERLAND","DL_RENDER","/Game/__ExternalActors__/Levels/Overland/Hogsmeade/Streets/LI_HM_Streets_EXT/0/YJ/20UZWQLZ20T7KL1B7ZIO72","LV_Overland/Hogsmeade/LI_Hogsmeade/LI_Hogsmeade/Streets/LI_HM_Streets_EXT/SM_CobbleStreet_Block_B1389","967F96CF-4137-7E74-2E01-559416152500","excluded by OutlinerPathsToExclude entry 'LI_Hogsmeade'","DA_RENDER_Rules -> DL_RENDER","1","2054200","jprice","2026-09-02","0",""
"removed","SM_CobbleStreet_Block_B1390","StaticMeshActor","DL_RENDER DL_OVERLAND","DL_RENDER","/Game/__ExternalActors__/Levels/Overland/Hogsmeade/Streets/LI_HM_Streets_EXT/E/36/9JNGKMGX6NOYRUS3MQKSPC","LV_Overland/Hogsmeade/LI_Hogsmeade/LI_Hogsmeade/Streets/LI_HM_Streets_EXT/SM_CobbleStreet_Block_B1390","30CD3ACD-4CAA-2A89-A1BF-0C863AE31DDD","excluded by OutlinerPathsToExclude entry 'LI_Hogsmeade'","DA_RENDER_Rules -> DL_RENDER","1","2054200","jprice","2026-09-02","0",""
"removed","SM_CobbleStreet_Block_B1391","StaticMeshActor","DL_RENDER DL_OVERLAND","DL_RENDER","/Game/__ExternalActors__/Levels/Overland/Hogsmeade/Streets/LI_HM_Streets_EXT/7/Y7/5LKZEXL2OY1120R3WBXNHB","LV_Overland/Hogsmeade/LI_Hogsmeade/LI_Hogsmeade/Streets/LI_HM_Streets_EXT/SM_CobbleStreet_Block_B1391","BB5465BF-4D3E-A071-F96F-C1A2981C5F26","excluded by OutlinerPathsToExclude entry 'LI_Hogsmeade'","DA_RENDER_Rules -> DL_RENDER","1","2054200","jprice","2026-09-02","0",""
"removed","SM_CobbleStreet_Block_B1392","StaticMeshActor","DL_RENDER DL_OVERLAND","DL_RENDER","/Game/__ExternalActors__/Levels/Overland/Hogsmeade/Streets/LI_HM_Streets_EXT/4/5M/OJE5WB3X56Z1I8LRHL2ASA","LV_Overland/Hogsmeade/LI_Hogsmeade/LI_Hogsmeade/Streets/LI_HM_Streets_EXT/SM_CobbleStreet_Block_B1392","010C9DE2-489C-9F36-BB34-E89525DF186F","excluded by OutlinerPathsToExclude entry 'LI_Hogsmeade'","DA_RENDER_Rules -> DL_RENDER","1","2054200","jprice","2026-09-02","0",""
"removed","SM_CobbleStreet_Block_B1393","StaticMeshActor","DL_RENDER DL_OVERLAND","DL_RENDER","/Game/__ExternalActors__/Levels/Overland/Hogsmeade/Streets/LI_HM_Streets_EXT/8/92/EDUIXVR4VM3FZYLUZ5VTJZ","LV_Overland/Hogsmeade/LI_Hogsmeade/LI_Hogsmeade/Streets/LI_HM_Streets_EXT/SM_CobbleStreet_Block_B1393","8E737F15-49C7-FF75-4F57-10937789A3AC","excluded by OutlinerPathsToExclude entry 'LI_Hogsmeade'","DA_RENDER_Rules -> DL_RENDER","1","2054200","jprice","2026-09-02","0",""
"removed","SM_CobbleStreet_Block_B1394","StaticMeshActor","DL_RENDER DL_OVERLAND","DL_RENDER","/Game/__ExternalActors__/Levels/Overland/Hogsmeade/Streets/LI_HM_Streets_EXT/1/I5/CFUWZFVMCPXJA4U2FH9JSW","LV_Overland/Hogsmeade/LI_Hogsmeade/LI_Hogsmeade/Streets/LI_HM_Streets_EXT/SM_CobbleStreet_Block_B1394","8A572D8A-491E-CC0A-39C1-B6A7957530A4","excluded by OutlinerPathsToExclude entry 'LI_Hogsmeade'","DA_RENDER_Rules -> DL_RENDER","1","2054200","jprice","2026-09-02","0",""
"removed","SM_CobbleStreet_Block_B1395","StaticMeshActor","DL_RENDER DL_OVERLAND","DL_RENDER","/Game/__ExternalActors__/Levels/Overland/Hogsmeade/Streets/LI_HM_Streets_EXT/1/51/6AJQFEC7DAGTRUPFY4YQUK","LV_Overland/Hogsmeade/LI_Hogsmeade/LI_Hogsmeade/Streets/LI_HM_Streets_EXT/SM_CobbleStreet_Block_B1395","F051129E-4987-8322-DD87-32B57019986C","excluded by OutlinerPathsToExclude entry 'LI_Hogsmeade'","DA_RENDER_Rules -> DL_RENDER","1","2054200","jprice","2026-09-02","0",""
"removed","SM_CobbleStreet_Block_B1396","StaticMeshActor","DL_RENDER DL_OVERLAND","DL_RENDER","/Game/__ExternalActors__/Levels/Overland/Hogsmeade/Streets/LI_HM_Streets_EXT/7/5Y/VTEM0VLH2ZBRUOUN1LKND1","LV_Overland/Hogsmeade/LI_Hogsmeade/LI_Hogsmeade/Streets/LI_HM_Streets_EXT/SM_CobbleStreet_Block_B1396","F88EA58B-4BFF-F1A0-6AD9-67A5FCF1C1E4","excluded by OutlinerPathsToExclude entry 'LI_Hogsmeade'","DA_RENDER_Rules -> DL_RENDER","1","2054200","jprice","2026-09-02","0",""
"removed","SM_CobbleStreet_Block_B1397","StaticMeshActor","DL_RENDER DL_OVERLAND","DL_RENDER","/Game/__ExternalActors__/Levels/Overland/Hogsmeade/Streets/LI_HM_Streets_EXT/8/RS/FCA22QXHCT02XGV4KSZ30P","LV_Overland/Hogsmeade/LI_Hogsmeade/LI_Hogsmeade/Streets/LI_HM_Streets_EXT/SM_CobbleStreet_Block_B1397","E436CA0A-488A-DC66-8C01-CB87E814C67E","excluded by OutlinerPathsToExclude entry 'LI_Hogsmeade'","DA_RENDER_Rules -> DL_RENDER","1","2054200","jprice","2026-09-02","0",""
"removed","SM_CobbleStreet_Block_B1398","StaticMeshActor","DL_RENDER DL_OVERLAND","DL_RENDER","/Game/__ExternalActors__/Levels/Overland/Hogsmeade/Streets/LI_HM_Streets_EXT/C/T5/WPZTCG1TAZG6ZZ5KKXDLN3","LV_Overland/Hogsmeade/LI_Hogsmeade/LI_Hogsmeade/Streets/LI_HM_Streets_EXT/SM_CobbleStreet_Block_B1398","F8C9FB2F-4FC3-4A25-FEAD-A4BD6AB3D886","excluded by OutlinerPathsToExclude entry 'LI_Hogsmeade'","DA_RENDER_Rules -> DL_RENDER","1","2054200","jprice","2026-09-02","0",""
"removed","SM_CobbleStreet_Block_B1399","StaticMeshActor","DL_RENDER DL_OVERLAND","DL_RENDER","/Game/__ExternalActors__/Levels/Overland/Hogsmeade/Streets/LI_HM_Streets_EXT/9/UR/W5CZ4EK1EAPUOO0K4KWNAC","LV_Overland/Hogsmeade/LI_Hogsmeade/LI_Hogsmeade/Streets/LI_HM_Streets_EXT/SM_CobbleStreet_Block_B1399","6040A446-4ED3-EA9A-AD83-E18E0679AD3D","excluded by OutlinerPathsToExclude entry 'LI_Hogsmeade'","DA_RENDER_Rules -> DL_RENDER","1","2054200","jprice","2026-09-02","0",""
"removed","SM_CobbleStreet_Block_B1400","StaticMeshActor","DL_RENDER DL_OVERLAND","DL_RENDER","/Game/__ExternalActors__/Levels/Overland/Hogsmeade/Streets/LI_HM_Streets_EXT/2/8W/TF2UX4KCVSEGFAKXA76ZYK","LV_Overland/Hogsmeade/LI_Hogsmeade/LI_Hogsmeade/Streets/LI_HM_Streets_EXT/SM_CobbleStreet_Block_B1400","1208710D-4262-2960-979E-E69AAA17426E","excluded by OutlinerPathsToExclude entry 'LI_Hogsmeade'","DA_RENDER_Rules -> DL_RENDER","1","2054200","jprice","2026-09-02","0",""
"removed","SM_CobbleStreet_Block_B1401","StaticMeshActor","DL_RENDER DL_OVERLAND","DL_RENDER","/Game/__ExternalActors__/Levels/Overland/Hogsmeade/Streets/LI_HM_Streets_EXT/0/C3/4JLA469W3YZ9NK4D89FH28","LV_Overland/Hogsmeade/LI_Hogsmeade/LI_Hogsmeade/Streets/LI_HM_Streets_EXT/SM_CobbleStreet_Block_B1401","4279141B-44FE-4E44-E4A3-A78BBDB3955B","excluded by OutlinerPathsToExclude entry 'LI_Hogsmeade'","DA_RENDER_Rules -> DL_RENDER","1","2054200","jprice","2026-09-02","0",""
"removed","SM_CobbleStreet_Block_B1402","StaticMeshActor","DL_RENDER DL_OVERLAND","DL_RENDER","/Game/__ExternalActors__/Levels/Overland/Hogsmeade/Streets/LI_HM_Streets_EXT/3/NS/7V96C240VRXQ3Y4C27Y7SD","LV_Overland/Hogsmeade/LI_Hogsmeade/LI_Hogsmeade/Streets/LI_HM_Streets_EXT/SM_CobbleStreet_Block_B1402","4F9894AA-49AE-22B0-1604-DB9540E0AFFF","excluded by OutlinerPathsToExclude entry 'LI_Hogsmeade'","DA_RENDER_Rules -> DL_RENDER","1","2054200","jprice","2026-09-02","0",""
"removed","SM_CobbleStreet_Block_B1403","StaticMeshActor","DL_RENDER DL_OVERLAND","DL_RENDER","/Game/__ExternalActors__/Levels/Overland/Hogsmeade/Streets/LI_HM_Streets_EXT/B/EX/I464ET1PWWKFNE06WJR4ES","LV_Overland/Hogsmeade/LI_Hogsmeade/LI_Hogsmeade/Streets/LI_HM_Streets_EXT/SM_CobbleStreet_Block_B1403","61727C2F-4901-CA1C-60A6-A7BB552D71DE","excluded by OutlinerPathsToExclude entry 'LI_Hogsmeade'","DA_RENDER_Rules -> DL_RENDER","1","2054200","jprice","2026-09-02","0",""
"removed","SM_CobbleStreet_Block_B1404","StaticMeshActor","DL_RENDER DL_OVERLAND","DL_RENDER","/Game/__ExternalActors__/Levels/Overland/Hogsmeade/Streets/LI_HM_Streets_EXT/D/3W/WOM0W3TB9XRLQUIBIEZ2ZG","LV_Overland/Hogsmeade/LI_Hogsmeade/LI_Hogsmeade/Streets/LI_HM_Streets_EXT/SM_CobbleStreet_Block_B1404","710649C2-446B-9ED6-C6E0-BCB987EDC43A","excluded by OutlinerPathsToExclude entry 'LI_Hogsmeade'","DA_RENDER_Rules -> DL_RENDER","1","2054200","jprice","2026-09-02","0",""
"removed","SM_CobbleStreet_Block_B1405","StaticMeshActor","DL_RENDER DL_OVERLAND","DL_RENDER","/Game/__ExternalActors__/Levels/Overland/Hogsmeade/Streets/LI_HM_Streets_EXT/C/11/PGAJSCEDRP3DRO9RYRMKP2","LV_Overland/Hogsmeade/LI_Hogsmeade/LI_Hogsmeade/Streets/LI_HM_Streets_EXT/SM_CobbleStreet_Block_B1405","4A500580-4CB8-C99F-F059-07BC31D6AA26","excluded by OutlinerPathsToExclude entry 'LI_Hogsmeade'","DA_RENDER_Rules -> DL_RENDER","1","2054200","jprice","2026-09-02","0",""
"removed","SM_CobbleStreet_Block_B1406","StaticMeshActor","DL_RENDER DL_OVERLAND","DL_RENDER","/Game/__ExternalActors__/Levels/Overland/Hogsmeade/Streets/LI_HM_Streets_EXT/4/LJ/362HMOTDW4YIOVDDTDCZ3S","LV_Overland/Hogsmeade/LI_Hogsmeade/LI_Hogsmeade/Streets/LI_HM_Streets_EXT/SM_CobbleStreet_Block_B1406","17AF6080-4BAA-7683-E9F8-25BEF7B04B0E","excluded by OutlinerPathsToExclude entry 'LI_Hogsmeade'","DA_RENDER_Rules -> DL_RENDER","1","2054200","jprice","2026-09-02","0",""
"removed","SM_CobbleStreet_Block_B1407","StaticMeshActor","DL_RENDER DL_OVERLAND","DL_RENDER","/Game/__ExternalActors__/Levels/Overland/Hogsmeade/Streets/LI_HM_Streets_EXT/1/LH/M8VT7OJQW22CGXW8XZLU1C","LV_Overland/Hogsmeade/LI_Hogsmeade/LI_Hogsmeade/Streets/LI_HM_Streets_EXT/SM_CobbleStreet_Block_B1407","CEA30CF7-4ABA-8140-E9DD-498F51C25E21","excluded by OutlinerPathsToExclude entry 'LI_Hogsmeade'","DA_RENDER_Rules -> DL_RENDER","1","2054200","jprice","2026-09-02","0",""
"removed","SM_CobbleStreet_Block_B1408","StaticMeshActor","DL_RENDER DL_OVERLAND","DL_RENDER","/Game/__ExternalActors__/Levels/Overland/Hogsmeade/Streets/LI_HM_Streets_EXT/3/96/W58ZVXVUHAT5R040ZOOCZ8","LV_Overland/Hogsmeade/LI_Hogsmeade/LI_Hogsmeade/Streets/LI_HM_Streets_EXT/SM_CobbleStreet_Block_B1408","F8129BDC-4426-0D74-D4B1-9EA759D4E14E","excluded by OutlinerPathsToExclude entry 'LI_Hogsmeade'","DA_RENDER_Rules -> DL_RENDER","1","2054200","jprice","2026-09-02","0",""
"removed","SM_CobbleStreet_Block_B1409","StaticMeshActor","DL_RENDER DL_OVERLAND","DL_RENDER","/Game/__ExternalActors__/Levels/Overland/Hogsmeade/Streets/LI_HM_Streets_EXT/9/8T/ZK34WPX4E8JK8V539QR2D8","LV_Overland/Hogsmeade/LI_Hogsmeade/LI_Hogsmeade/Streets/LI_HM_Streets_EXT/SM_CobbleStreet_Block_B1409","2A7BA43C-4318-D07C-723C-EAB9E07E24A0","excluded by OutlinerPathsToExclude entry 'LI_Hogsmeade'","DA_RENDER_Rules -> DL_RENDER","1","2054200","jprice","2026-09-02","0",""
"removed","SM_CobbleStreet_Block_B1410","StaticMeshActor","DL_RENDER DL_OVERLAND","DL_RENDER","/Game/__ExternalActors__/Levels/Overland/Hogsmeade/Streets/LI_HM_Streets_EXT/D/5C/KTGZGP8VHHVLXALHCQL6Y3","LV_Overland/Hogsmeade/LI_Hogsmeade/LI_Hogsmeade/Streets/LI_HM_Streets_EXT/SM_CobbleStreet_Block_B1410","DD134E55-4330-B9E3-CECC-6E87AEB41458","excluded by OutlinerPathsToExclude entry 'LI_Hogsmeade'","DA_RENDER_Rules -> DL_RENDER","1","2054200","jprice","2026-09-02","0",""
"removed","SM_CobbleStreet_Block_B1411","StaticMeshActor","DL_RENDER DL_OVERLAND","DL_RENDER","/Game/__ExternalActors__/Levels/Overland/Hogsmeade/Streets/LI_HM_Streets_EXT/1/EC/9SK9U3DNLBLRXTQ8IGHRBP","LV_Overland/Hogsmeade/LI_Hogsmeade/LI_Hogsmeade/Streets/LI_HM_Streets_EXT/SM_CobbleStreet_Block_B1411","4A1C7746-42F3-C386-89C9-77828D3587B2","excluded by OutlinerPathsToExclude entry 'LI_Hogsmeade'","DA_RENDER_Rules -> DL_RENDER","1","2054200","jprice","2026-09-02","0",""
"removed","SM_CobbleStreet_Block_B1412","StaticMeshActor","DL_RENDER DL_OVERLAND","DL_RENDER","/Game/__ExternalActors__/Levels/Overland/Hogsmeade/Streets/LI_HM_Streets_EXT/4/QG/OFGBCDZGO8ASE6DF5X5GLB","LV_Overland/Hogsmeade/LI_Hogsmeade/LI_Hogsmeade/Streets/LI_HM_Streets_EXT/SM_CobbleStreet_Block_B1412","57DFF390-4CE9-49EB-3608-1FA241F9AF68","excluded by OutlinerPathsToExclude entry 'LI_Hogsmeade'","DA_RENDER_Rules -> DL_RENDER","1","2054200","jprice","2026-09-02","0",""
"removed","SM_CobbleStreet_Block_B1413","StaticMeshActor","DL_RENDER DL_OVERLAND","DL_RENDER","/Game/__ExternalActors__/Levels/Overland/Hogsmeade/Streets/LI_HM_Streets_EXT/0/TV/9TCZS8791PXY88QL3QRW8Y","LV_Overland/Hogsmeade/LI_Hogsmeade/LI_Hogsmeade/Streets/LI_HM_Streets_EXT/SM_CobbleStreet_Block_B1413","8B8B8641-4316-9133-110B-9C8EC7C4801A","excluded by OutlinerPathsToExclude entry 'LI_Hogsmeade'","DA_RENDER_Rules -> DL_RENDER","1","2054200","jprice","2026-09-02","0",""
"removed","SM_CobbleStreet_Block_B1414","StaticMeshActor","DL_RENDER DL_OVERLAND","DL_RENDER","/Game/__ExternalActors__/Levels/Overland/Hogsmeade/Streets/LI_HM_Streets_EXT/A/6B/MUMH8U402NAGIROLV9RGUK","LV_Overland/Hogsmeade/LI_Hogsmeade/LI_Hogsmeade/Streets/LI_HM_Streets_EXT/SM_CobbleStreet_Block_B1414","DEC12539-4260-16B7-F4D0-9C8521D95011","excluded by OutlinerPathsToExclude entry 'LI_Hogsmeade'","DA_RENDER_Rules -> DL_RENDER","1","2054200","jprice","2026-09-02","0",""
"removed","SM_CobbleStreet_Block_B1415","StaticMeshActor","DL_RENDER DL_OVERLAND","DL_RENDER","/Game/__ExternalActors__/Levels/Overland/Hogsmeade/Streets/LI_HM_Streets_EXT/6/J4/ZCAP1LBAFHJ7BZEP97Z1ZN","LV_Overland/Hogsmeade/LI_Hogsmeade/LI_Hogsmeade/Streets/LI_HM_Streets_EXT/SM_CobbleStreet_Block_B1415","7B5FA18B-41AE-F869-C36A-7F8F03BCEB56","excluded by OutlinerPathsToExclude entry 'LI_Hogsmeade'","DA_RENDER_Rules -> DL_RENDER","1","2054200","jprice","2026-09-02","0",""
"removed","SM_CobbleStreet_Block_B1416","StaticMeshActor","DL_RENDER DL_OVERLAND","DL_RENDER","/Game/__ExternalActors__/Levels/Overland/Hogsmeade/Streets/LI_HM_Streets_EXT/3/IK/I3ZPFB3K3WGY8MKHZ736SU","LV_Overland/Hogsmeade/LI_Hogsmeade/LI_Hogsmeade/Streets/LI_HM_Streets_EXT/SM_CobbleStreet_Block_B1416","47955593-4739-2916-5DB6-96914F80525E","excluded by OutlinerPathsToExclude entry 'LI_Hogsmeade'","DA_RENDER_Rules -> DL_RENDER","1","2054200","jprice","2026-09-02","0",""
"removed","SM_CobbleStreet_Block_B1417","StaticMeshActor","DL_RENDER DL_OVERLAND","DL_RENDER","/Game/__ExternalActors__/Levels/Overland/Hogsmeade/Streets/LI_HM_Streets_EXT/E/TV/CAYZCBHOA22WWYOTJK9QFD","LV_Overland/Hogsmeade/LI_Hogsmeade/LI_Hogsmeade/Streets/LI_HM_Streets_EXT/SM_CobbleStreet_Block_B1417","0D50FC32-46A0-C460-110A-C7BF0F39444A","excluded by OutlinerPathsToExclude entry 'LI_Hogsmeade'","DA_RENDER_Rules -> DL_RENDER","1","2054200","jprice","2026-09-02","0",""
"removed","SM_CobbleStreet_Block_B1418","StaticMeshActor","DL_RENDER DL_OVERLAND","DL_RENDER","/Game/__ExternalActors__/Levels/Overland/Hogsmeade/Streets/LI_HM_Streets_EXT/6/UO/KNJSE1E39HUCQHO2G5TY8E","LV_Overland/Hogsmeade/LI_Hogsmeade/LI_Hogsmeade/Streets/LI_HM_Streets_EXT/SM_CobbleStreet_Block_B1418","2E5BB6B0-4A49-6716-B6C1-C5BFBF25C5DE","excluded by OutlinerPathsToExclude entry 'LI_Hogsmeade'","DA_RENDER_Rules -> DL_RENDER","1","2054200","jprice","2026-09-02","0",""
"removed","SM_CobbleStreet_Block_B1419","StaticMeshActor","DL_RENDER DL_OVERLAND","DL_RENDER","/Game/__ExternalActors__/Levels/Overland/Hogsmeade/Streets/LI_HM_Streets_EXT/B/BB/G3UP3JD6LLB7XL2X2WHJWM","LV_Overland/Hogsmeade/LI_Hogsmeade/LI_Hogsmeade/Streets/LI_HM_Streets_EXT/SM_CobbleStreet_Block_B1419","A91018A8-4627-A8FA-F30C-98BF7CDBE503","excluded by OutlinerPathsToExclude entry 'LI_Hogsmeade'","DA_RENDER_Rules -> DL_RENDER","1","2054200","jprice","2026-09-02","0",""
"removed","SM_CobbleStreet_Block_B1420","StaticMeshActor","DL_RENDER DL_OVERLAND","DL_RENDER","/Game/__ExternalActors__/Levels/Overland/Hogsmeade/Streets/LI_HM_Streets_EXT/A/Y1/FXTGGLC128TUSOF1MO7UKM","LV_Overland/Hogsmeade/LI_Hogsmeade/LI_Hogsmeade/Streets/LI_HM_Streets_EXT/SM_CobbleStreet_Block_B1420","B6500A19-4110-F112-2DDD-3D86AE2D1B0A","excluded by OutlinerPathsToExclude entry 'LI_Hogsmeade'","DA_RENDER_Rules -> DL_RENDER","1","2054200","jprice","2026-09-02","0",""
"removed","SM_CobbleStreet_Block_B1421","StaticMeshActor","DL_RENDER DL_OVERLAND","DL_RENDER","/Game/__ExternalActors__/Levels/Overland/Hogsmeade/Streets/LI_HM_Streets_EXT/B/2X/NU69WX93ILLILTNA7KI4QI","LV_Overland/Hogsmeade/LI_Hogsmeade/LI_Hogsmeade/Streets/LI_HM_Streets_EXT/SM_CobbleStreet_Block_B1421","7F6F3509-431D-E5C2-6060-19B43E80896E","excluded by OutlinerPathsToExclude entry 'LI_Hogsmeade'","DA_RENDER_Rules -> DL_RENDER","1","2054200","jprice","2026-09-02","0",""
"removed","SM_CobbleStreet_Block_B1422","StaticMeshActor","DL_RENDER DL_OVERLAND","DL_RENDER","/Game/__ExternalActors__/Levels/Overland/Hogsmeade/Streets/LI_HM_Streets_EXT/B/B1/SOCAY2YCOE4J9Y38ROK9OC","LV_Overland/Hogsmeade/LI_Hogsmeade/LI_Hogsmeade/Streets/LI_HM_Streets_EXT/SM_CobbleStreet_Block_B1422","A109466C-43E6-4531-2DD5-5DBFEF9E664A","excluded by OutlinerPathsToExclude entry 'LI_Hogsmeade'","DA_RENDER_Rules -> DL_RENDER","1","2054200","jprice","2026-09-02","0",""
"removed","SM_CobbleStreet_Block_B1423","StaticMeshActor","DL_RENDER DL_OVERLAND","DL_RENDER","/Game/__ExternalActors__/Levels/Overland/Hogsmeade/Streets/LI_HM_Streets_EXT/6/SH/SFL2N6ILUNFKN30YI0L78I","LV_Overland/Hogsmeade/LI_Hogsmeade/LI_Hogsmeade/Streets/LI_HM_Streets_EXT/SM_CobbleStreet_Block_B1423","A44F77B1-41DA-4520-1D7D-9D81024404F4","excluded by OutlinerPathsToExclude entry 'LI_Hogsmeade'","DA_RENDER_Rules -> DL_RENDER","1","2054200","jprice","2026-09-02","0",""
"removed","SM_CobbleStreet_Block_B1424","StaticMeshActor","DL_RENDER DL_OVERLAND","DL_RENDER","/Game/__ExternalActors__/Levels/Overland/Hogsmeade/Streets/LI_HM_Streets_EXT/6/2U/JVY9KV3YE8GAADZSOBJWDT","LV_Overland/Hogsmeade/LI_Hogsmeade/LI_Hogsmeade/Streets/LI_HM_Streets_EXT/SM_CobbleStreet_Block_B1424","1C303746-4564-DA7C-496B-6A84CD64E3EA","excluded by OutlinerPathsToExclude entry 'LI_Hogsmeade'","DA_RENDER_Rules -> DL_RENDER","1","2054200","jprice","2026-09-02","0",""
"removed","SM_CobbleStreet_Block_B1425","StaticMeshActor","DL_RENDER DL_OVERLAND","DL_RENDER","/Game/__ExternalActors__/Levels/Overland/Hogsmeade/Streets/LI_HM_Streets_EXT/1/00/5ANCBOACB58GUQFXTSVYNK","LV_Overland/Hogsmeade/LI_Hogsmeade/LI_Hogsmeade/Streets/LI_HM_Streets_EXT/SM_CobbleStreet_Block_B1425","8B0686BF-4B5E-6083-3977-2598C7FF1D5C","excluded by OutlinerPathsToExclude entry 'LI_Hogsmeade'","DA_RENDER_Rules -> DL_RENDER","1","2054200","jprice","2026-09-02","0",""
"removed","SM_CobbleStreet_Block_B1426","StaticMeshActor","DL_RENDER DL_OVERLAND","DL_RENDER","/Game/__ExternalActors__/Levels/Overland/Hogsmeade/Streets/LI_HM_Streets_EXT/C/5L/8KZVNPQQ3HVR9LM6UALCML","LV_Overland/Hogsmeade/LI_Hogsmeade/LI_Hogsmeade/Streets/LI_HM_Streets_EXT/SM_CobbleStreet_Block_B1426","61A36F6A-443A-5B88-277B-73A99AF99E7D","excluded by OutlinerPathsToExclude entry 'LI_Hogsmeade'","DA_RENDER_Rules -> DL_RENDER","1","2054200","jprice","2026-09-02","0",""
"removed","SM_CobbleStreet_Block_B1427","StaticMeshActor","DL_RENDER DL_OVERLAND","DL_RENDER","/Game/__ExternalActors__/Levels/Overland/Hogsmeade/Streets/LI_HM_Streets_EXT/E/Q7/2HPTI4E2T1GBGCJPREZM1A","LV_Overland/Hogsmeade/LI_Hogsmeade/LI_Hogsmeade/Streets/LI_HM_Streets_EXT/SM_CobbleStreet_Block_B1427","9250E8B3-4AA7-9E86-B812-60A1CB7E44BD","excluded by OutlinerPathsToExclude entry 'LI_Hogsmeade'","DA_RENDER_Rules -> DL_RENDER","1","2054200","jprice","2026-09-02","0",""
"removed","SM_CobbleStreet_Block_B1428","StaticMeshActor","DL_RENDER DL_OVERLAND","DL_RENDER","/Game/__ExternalActors__/Levels/Overland/Hogsmeade/Streets/LI_HM_Streets_EXT/E/FV/51VCEZ84DX2SHP0J3X81PI","LV_Overland/Hogsmeade/LI_Hogsmeade/LI_Hogsmeade/Streets/LI_HM_Streets_EXT/SM_CobbleStreet_Block_B1428","300AE280-4AF9-A77C-9A33-AC9A451D91E7","excluded by OutlinerPathsToExclude entry 'LI_Hogsmeade'","DA_RENDER_Rules -> DL_RENDER","1","2054200","jprice","2026-09-02","0",""
"removed","SM_CobbleStreet_Block_B1429","StaticMeshActor","DL_RENDER DL_OVERLAND","DL_RENDER","/Game/__ExternalActors__/Levels/Overland/Hogsmeade/Streets/LI_HM_Streets_EXT/6/MM/CXXISDA0LL1FYMYBS1PVA6","LV_Overland/Hogsmeade/LI_Hogsmeade/LI_Hogsmeade/Streets/LI_HM_Streets_EXT/SM_CobbleStreet_Block_B1429","D153BC7C-412A-1EF2-D1B5-BD9A178938B4","excluded by OutlinerPathsToExclude entry 'LI_Hogsmeade'","DA_RENDER_Rules -> DL_RENDER","1","2054200","jprice","2026-09-02","0",""
"removed","SM_CobbleStreet_Block_B1430","StaticMeshActor","DL_RENDER DL_OVERLAND","DL_RENDER","/Game/__ExternalActors__/Levels/Overland/Hogsmeade/Streets/LI_HM_Streets_EXT/7/P4/9K8NKVYEU72203MSI8B9HS","LV_Overland/Hogsmeade/LI_Hogsmeade/LI_Hogsmeade/Streets/LI_HM_Streets_EXT/SM_CobbleStreet_Block_B1430","A137D4D6-4C43-0395-FD25-3B9047A33C48","excluded by OutlinerPathsToExclude entry 'LI_Hogsmeade'","DA_RENDER_Rules -> DL_RENDER","1","2054200","jprice","2026-09-02","0",""
"removed","SM_CobbleStreet_Block_B1431","StaticMeshActor","DL_RENDER DL_OVERLAND","DL_RENDER","/Game/__ExternalActors__/Levels/Overland/Hogsmeade/Streets/LI_HM_Streets_EXT/D/93/OZC0S4BQIO50VRSTC5H2VD","LV_Overland/Hogsmeade/LI_Hogsmeade/LI_Hogsmeade/Streets/LI_HM_Streets_EXT/SM_CobbleStreet_Block_B1431","2F72D0FD-4F3B-55E1-FDB3-878DB2C1DCE5","excluded by OutlinerPathsToExclude entry 'LI_Hogsmeade'","DA_RENDER_Rules -> DL_RENDER","1","2054200","jprice","2026-09-02","0",""
"removed","SM_CobbleStreet_Block_B1432","StaticMeshActor","DL_RENDER DL_OVERLAND","DL_RENDER","/Game/__ExternalActors__/Levels/Overland/Hogsmeade/Streets/LI_HM_Streets_EXT/E/D8/77FHOFZ1F6GI3UDOOTSPGK","LV_Overland/Hogsmeade/LI_Hogsmeade/LI_Hogsmeade/Streets/LI_HM_Streets_EXT/SM_CobbleStreet_Block_B1432","79BBB540-4FD3-5204-AD8C-D785B989DA48","excluded by OutlinerPathsToExclude entry 'LI_Hogsmeade'","DA_RENDER_Rules -> DL_RENDER","1","2054200","jprice","2026-09-02","0",""
"removed","SM_CobbleStreet_Block_B1433","StaticMeshActor","DL_RENDER DL_OVERLAND","DL_RENDER","/Game/__ExternalActors__/Levels/Overland/Hogsmeade/Streets/LI_HM_Streets_EXT/2/OS/NEDGZNVHTX536K11RKJ0X5","LV_Overland/Hogsmeade/LI_Hogsmeade/LI_Hogsmeade/Streets/LI_HM_Streets_EXT/SM_CobbleStreet_Block_B1433","BEF552B2-4090-FD89-130A-76A1A7C59E6B","excluded by OutlinerPathsToExclude entry 'LI_Hogsmeade'","DA_RENDER_Rules -> DL_RENDER","1","2054200","jprice","2026-09-02","0",""
"removed","SM_CobbleStreet_Block_B1434","StaticMeshActor","DL_RENDER DL_OVERLAND","DL_RENDER","/Game/__ExternalActors__/Levels/Overland/Hogsmeade/Streets/LI_HM_Streets_EXT/8/6Q/IPU7UJ0YNCMDS2G4VHV3N2","LV_Overland/Hogsmeade/LI_Hogsmeade/LI_Hogsmeade/Streets/LI_HM_Streets_EXT/SM_CobbleStreet_Block_B1434","D7ABA3CB-485E-420D-628F-1994E03BF402","excluded by OutlinerPathsToExclude entry 'LI_Hogsmeade'","DA_RENDER_Rules -> DL_RENDER","1","2054200","jprice","2026-09-02","0",""
"removed","SM_CobbleStreet_Block_B1435","StaticMeshActor","DL_RENDER DL_OVERLAND","DL_RENDER","/Game/__ExternalActors__/Levels/Overland/Hogsmeade/Streets/LI_HM_Streets_EXT/4/GD/VH0W65Q63BFJ7FDUTD9P3V","LV_Overland/Hogsmeade/LI_Hogsmeade/LI_Hogsmeade/Streets/LI_HM_Streets_EXT/SM_CobbleStreet_Block_B1435","921AADC2-44EE-C493-3C78-4698450F99EA","excluded by OutlinerPathsToExclude entry 'LI_Hogsmeade'","DA_RENDER_Rules -> DL_RENDER","1","2054200","jprice","2026-09-02","0",""
"removed","SM_CobbleStreet_Block_B1436","StaticMeshActor","DL_RENDER DL_OVERLAND","DL_RENDER","/Game/__ExternalActors__/Levels/Overland/Hogsmeade/Streets/LI_HM_Streets_EXT/4/FO/BU0CJ1Q3HDW0E3AGH4A41P","LV_Overland/Hogsmeade/LI_Hogsmeade/LI_Hogsmeade/Streets/LI_HM_Streets_EXT/SM_CobbleStreet_Block_B1436","33468009-430C-C4F8-35A5-A99D62BE18C2","excluded by OutlinerPathsToExclude entry 'LI_Hogsmeade'","DA_RENDER_Rules -> DL_RENDER","1","2054200","jprice","2026-09-02","0",""
"removed","SM_CobbleStreet_Block_B1437","StaticMeshActor","DL_RENDER DL_OVERLAND","DL_RENDER","/Game/__ExternalActors__/Levels/Overland/Hogsmeade/Streets/LI_HM_Streets_EXT/B/NW/ECZYED2UE62Q942VRTQII0","LV_Overland/Hogsmeade/LI_Hogsmeade/LI_Hogsmeade/Streets/LI_HM_Streets_EXT/SM_CobbleStreet_Block_B1437","C611F2FB-4310-940F-5A93-CD9D7C6F46BB","excluded by OutlinerPathsToExclude entry 'LI_Hogsmeade'","DA_RENDER_Rules -> DL_RENDER","1","2054200","jprice","2026-09-02","0",""
"removed","SM_CobbleStreet_Block_B1438","StaticMeshActor","DL_RENDER DL_OVERLAND","DL_RENDER","/Game/__ExternalActors__/Levels/Overland/Hogsmeade/Streets/LI_HM_Streets_EXT/9/RB/LSFCC6CY2V1W7P5CAWTKLH","LV_Overland/Hogsmeade/LI_Hogsmeade/LI_Hogsmeade/Streets/LI_HM_Streets_EXT/SM_CobbleStreet_Block_B1438","3CA4B118-4098-9179-D54E-AAA4852DD852","excluded by OutlinerPathsToExclude entry 'LI_Hogsmeade'","DA_RENDER_Rules -> DL_RENDER","1","2054200","jprice","2026-09-02","0",""
"removed","SM_CobbleStreet_Block_B1439","StaticMeshActor","DL_RENDER DL_OVERLAND","DL_RENDER","/Game/__ExternalActors__/Levels/Overland/Hogsmeade/Streets/LI_HM_Streets_EXT/6/L3/MET0IUEACEC3RCT8R12YIN","LV_Overland/Hogsmeade/LI_Hogsmeade/LI_Hogsmeade/Streets/LI_HM_Streets_EXT/SM_CobbleStreet_Block_B1439","D2AC9E0E-40F6-91F7-3FD7-94B9393023C5","excluded by OutlinerPathsToExclude entry 'LI_Hogsmeade'","DA_RENDER_Rules -> DL_RENDER","1","2054200","jprice","2026-09-02","0",""
"removed","SM_CobbleStreet_Block_B1440","StaticMeshActor","DL_RENDER DL_OVERLAND","DL_RENDER","/Game/__ExternalActors__/Levels/Overland/Hogsmeade/Streets/LI_HM_Streets_EXT/C/DG/PK95DQ8HOL0N4K4MUE36E5","LV_Overland/Hogsmeade/LI_Hogsmeade/LI_Hogsmeade/Streets/LI_HM_Streets_EXT/SM_CobbleStreet_Block_B1440","E12B0556-4C61-7A34-D8A7-59B43C49B027","excluded by OutlinerPathsToExclude entry 'LI_Hogsmeade'","DA_RENDER_Rules -> DL_RENDER","1","2054200","jprice","2026-09-02","0",""
"removed","SM_CobbleStreet_Block_B1441","StaticMeshActor","DL_RENDER DL_OVERLAND","DL_RENDER","/Game/__ExternalActors__/Levels/Overland/Hogsmeade/Streets/LI_HM_Streets_EXT/E/Q1/PJ8HIYS0JJEWNZCQVR6PGC","LV_Overland/Hogsmeade/LI_Hogsmeade/LI_Hogsmeade/Streets/LI_HM_Streets_EXT/SM_CobbleStreet_Block_B1441","82F2F78F-4D64-2C1E-4685-7F8DF4B7E95E","excluded by OutlinerPathsToExclude entry 'LI_Hogsmeade'","DA_RENDER_Rules -> DL_RENDER","1","2054200","jprice","2026-09-02","0",""
"removed","SM_CobbleStreet_Block_B1442","StaticMeshActor","DL_RENDER DL_OVERLAND","DL_RENDER","/Game/__ExternalActors__/Levels/Overland/Hogsmeade/Streets/LI_HM_Streets_EXT/6/AF/1OYKXCJ2JID89WQFVLWA0P","LV_Overland/Hogsmeade/LI_Hogsmeade/LI_Hogsmeade/Streets/LI_HM_Streets_EXT/SM_CobbleStreet_Block_B1442","5009451B-467F-68CA-CA75-1288BDBCDEF9","excluded by OutlinerPathsToExclude entry 'LI_Hogsmeade'","DA_RENDER_Rules -> DL_RENDER","1","2054200","jprice","2026-09-02","0",""
"removed","SM_CobbleStreet_Block_B1443","StaticMeshActor","DL_RENDER DL_OVERLAND","DL_RENDER","/Game/__ExternalActors__/Levels/Overland/Hogsmeade/Streets/LI_HM_Streets_EXT/6/ES/LS7P6G3FBGQ082YZVDTVSI","LV_Overland/Hogsmeade/LI_Hogsmeade/LI_Hogsmeade/Streets/LI_HM_Streets_EXT/SM_CobbleStreet_Block_B1443","73F9255C-457F-88A8-A659-928AE3E66F56","excluded by OutlinerPathsToExclude entry 'LI_Hogsmeade'","DA_RENDER_Rules -> DL_RENDER","1","2054200","jprice","2026-09-02","0",""
"removed","SM_CobbleStreet_Block_B1444","StaticMeshActor","DL_RENDER DL_OVERLAND","DL_RENDER","/Game/__ExternalActors__/Levels/Overland/Hogsmeade/Streets/LI_HM_Streets_EXT/0/8D/3XUH4GHMQNMSGFFXRIVLYI","LV_Overland/Hogsmeade/LI_Hogsmeade/LI_Hogsmeade/Streets/LI_HM_Streets_EXT/SM_CobbleStreet_Block_B1444","A8F89E74-43F1-D503-3DEF-28AAC62AEEF9","excluded by OutlinerPathsToExclude entry 'LI_Hogsmeade'","DA_RENDER_Rules -> DL_RENDER","1","2054200","jprice","2026-09-02","0",""
"removed","SM_CobbleStreet_Block_B1445","StaticMeshActor","DL_RENDER DL_OVERLAND","DL_RENDER","/Game/__ExternalActors__/Levels/Overland/Hogsmeade/Streets/LI_HM_Streets_EXT/6/XE/G0PPTYGTZNNKDUSH9N2EPT","LV_Overland/Hogsmeade/LI_Hogsmeade/LI_Hogsmeade/Streets/LI_HM_Streets_EXT/SM_CobbleStreet_Block_B1445","655B3D14-4F67-B557-8C2D-4184930DDB4E","excluded by OutlinerPathsToExclude entry 'LI_Hogsmeade'","DA_RENDER_Rules -> DL_RENDER","1","2054200","jprice","2026-09-02","0",""
"removed","SM_CobbleStreet_Block_B1446","StaticMeshActor","DL_RENDER DL_OVERLAND","DL_RENDER","/Game/__ExternalActors__/Levels/Overland/Hogsmeade/Streets/LI_HM_Streets_EXT/2/QT/RCZFDCMVG4FKPMUM5ZDO1G","LV_Overland/Hogsmeade/LI_Hogsmeade/LI_Hogsmeade/Streets/LI_HM_Streets_EXT/SM_CobbleStreet_Block_B1446","9412C933-4AD8-2BBD-10B5-3591F89918FA","excluded by OutlinerPathsToExclude entry 'LI_Hogsmeade'","DA_RENDER_Rules -> DL_RENDER","1","2054200","jprice","2026-09-02","0",""
"removed","SM_CobbleStreet_Block_B1447","StaticMeshActor","DL_RENDER DL_OVERLAND","DL_RENDER","/Game/__ExternalActors__/Levels/Overland/Hogsmeade/Streets/LI_HM_Streets_EXT/C/4Z/MX02NWTY13Z67J7ODCIOVU","LV_Overland/Hogsmeade/LI_Hogsmeade/LI_Hogsmeade/Streets/LI_HM_Streets_EXT/SM_CobbleStreet_Block_B1447","BC3428FD-4FDA-99C1-0C4D-A3B0E89BDCAA","excluded by OutlinerPathsToExclude entry 'LI_Hogsmeade'","DA_RENDER_Rules -> DL_RENDER","1","2054200","jprice","2026-09-02","0",""
"removed","SM_CobbleStreet_Block_B1448","StaticMeshActor","DL_RENDER DL_OVERLAND","DL_RENDER","/Game/__ExternalActors__/Levels/Overland/Hogsmeade/Streets/LI_HM_Streets_EXT/F/1S/DZ6ELRGQB83921UVF7I2HW","LV_Overland/Hogsmeade/LI_Hogsmeade/LI_Hogsmeade/Streets/LI_HM_Streets_EXT/SM_CobbleStreet_Block_B1448","CB3296C7-42F2-9FF0-E41D-E8ADCF3A09FD","excluded by OutlinerPathsToExclude entry 'LI_Hogsmeade'","DA_RENDER_Rules -> DL_RENDER","1","2054200","jprice","2026-09-02","0",""
"removed","SM_CobbleStreet_Block_B1449","StaticMeshActor","DL_RENDER DL_OVERLAND","DL_RENDER","/Game/__ExternalActors__/Levels/Overland/Hogsmeade/Streets/LI_HM_Streets_EXT/1/NJ/F7JK8GZS5EE17Q5TZW3PHF","LV_Overland/Hogsmeade/LI_Hogsmeade/LI_Hogsmeade/Streets/LI_HM_Streets_EXT/SM_CobbleStreet_Block_B1449","0A875E53-48F1-7C2B-000A-528A896F6660","excluded by OutlinerPathsToExclude entry 'LI_Hogsmeade'","DA_RENDER_Rules -> DL_RENDER","1","2054200","jprice","2026-09-02","0",""
"removed","SM_CobbleStreet_Block_B1450","StaticMeshActor","DL_RENDER DL_OVERLAND","DL_RENDER","/Game/__ExternalActors__/Levels/Overland/Hogsmeade/Streets/LI_HM_Streets_EXT/E/G5/0ENOMWQIOISUF8AMEBZHAQ","LV_Overland/Hogsmeade/LI_Hogsmeade/LI_Hogsmeade/Streets/LI_HM_Streets_EXT/SM_CobbleStreet_Block_B1450","7660BFBF-4C3A-88DF-036F-D09A0490E59A","excluded by OutlinerPathsToExclude entry 'LI_Hogsmeade'","DA_RENDER_Rules -> DL_RENDER","1","2054200","jprice","2026-09-02","0",""
"removed","SM_CobbleStreet_Block_B1451","StaticMeshActor","DL_RENDER DL_OVERLAND","DL_RENDER","/Game/__ExternalActors__/Levels/Overland/Hogsmeade/Streets/LI_HM_Streets_EXT/A/FZ/55UMJDWGIMGKLLLBM3DP65","LV_Overland/Hogsmeade/LI_Hogsmeade/LI_Hogsmeade/Streets/LI_HM_Streets_EXT/SM_CobbleStreet_Block_B1451","73762C80-4183-2D46-FD53-D5811CE54081","excluded by OutlinerPathsToExclude entry 'LI_Hogsmeade'","DA_RENDER_Rules -> DL_RENDER","1","2054200","jprice","2026-09-02","0",""
"removed","SM_CobbleStreet_Block_B1452","StaticMeshActor","DL_RENDER DL_OVERLAND","DL_RENDER","/Game/__ExternalActors__/Levels/Overland/Hogsmeade/Streets/LI_HM_Streets_EXT/5/FC/V8XITTS2MH58WLHAKLU57W","LV_Overland/Hogsmeade/LI_Hogsmeade/LI_Hogsmeade/Streets/LI_HM_Streets_EXT/SM_CobbleStreet_Block_B1452","EB97055A-4F5F-63BA-338A-DC837AFC10FA","excluded by OutlinerPathsToExclude entry 'LI_Hogsmeade'","DA_RENDER_Rules -> DL_RENDER","1","2054200","jprice","2026-09-02","0",""
"removed","SM_CobbleStreet_Block_B1453","StaticMeshActor","DL_RENDER DL_OVERLAND","DL_RENDER","/Game/__ExternalActors__/Levels/Overland/Hogsmeade/Streets/LI_HM_Streets_EXT/C/K9/RNHRW2DJ2CF5EST2XM52ZF","LV_Overland/Hogsmeade/LI_Hogsmeade/LI_Hogsmeade/Streets/LI_HM_Streets_EXT/SM_CobbleStreet_Block_B1453","B3392E74-4891-2428-D4C0-749ABC8651E8","excluded by OutlinerPathsToExclude entry 'LI_Hogsmeade'","DA_RENDER_Rules -> DL_RENDER","1","2054200","jprice","2026-09-02","0",""
"removed","SM_CobbleStreet_Block_B1454","StaticMeshActor","DL_RENDER DL_OVERLAND","DL_RENDER","/Game/__ExternalActors__/Levels/Overland/Hogsmeade/Streets/LI_HM_Streets_EXT/6/ZS/8FC34U3WJ2SCUTZJ1CNOWF","LV_Overland/Hogsmeade/LI_Hogsmeade/LI_Hogsmeade/Streets/LI_HM_Streets_EXT/SM_CobbleStreet_Block_B1454","33F13D75-432F-2F19-06ED-8C9755FA765F","excluded by OutlinerPathsToExclude entry 'LI_Hogsmeade'","DA_RENDER_Rules -> DL_RENDER","1","2054200","jprice","2026-09-02","0",""
"removed","SM_CobbleStreet_Block_B1455","StaticMeshActor","DL_RENDER DL_OVERLAND","DL_RENDER","/Game/__ExternalActors__/Levels/Overland/Hogsmeade/Streets/LI_HM_Streets_EXT/1/YY/YEAIR7TEIACWGCRLYJE5LA","LV_Overland/Hogsmeade/LI_Hogsmeade/LI_Hogsmeade/Streets/LI_HM_Streets_EXT/SM_CobbleStreet_Block_B1455","76205261-4D1E-8EF2-8979-7C8190D2324F","excluded by OutlinerPathsToExclude entry 'LI_Hogsmeade'","DA_RENDER_Rules -> DL_RENDER","1","2054200","jprice","2026-09-02","0",""
"removed","SM_CobbleStreet_Block_B1456","StaticMeshActor","DL_RENDER DL_OVERLAND","DL_RENDER","/Game/__ExternalActors__/Levels/Overland/Hogsmeade/Streets/LI_HM_Streets_EXT/3/2M/TCSNJ99P1ON0L0SY9ENZOV","LV_Overland/Hogsmeade/LI_Hogsmeade/LI_Hogsmeade/Streets/LI_HM_Streets_EXT/SM_CobbleStreet_Block_B1456","D362AD59-4F3C-B533-1420-6C852B048202","excluded by OutlinerPathsToExclude entry 'LI_Hogsmeade'","DA_RENDER_Rules -> DL_RENDER","1","2054200","jprice","2026-09-02","0",""
"removed","SM_CobbleStreet_Block_B1457","StaticMeshActor","DL_RENDER DL_OVERLAND","DL_RENDER","/Game/__ExternalActors__/Levels/Overland/Hogsmeade/Streets/LI_HM_Streets_EXT/3/BJ/4DOT4F2IS8PNVAQ1DSSGW0","LV_Overland/Hogsmeade/LI_Hogsmeade/LI_Hogsmeade/Streets/LI_HM_Streets_EXT/SM_CobbleStreet_Block_B1457","604E300B-435F-0517-F996-CAB07724D8C0","excluded by OutlinerPathsToExclude entry 'LI_Hogsmeade'","DA_RENDER_Rules -> DL_RENDER","1","2054200","jprice","2026-09-02","0",""
"removed","SM_CobbleStreet_Block_B1458","StaticMeshActor","DL_RENDER DL_OVERLAND","DL_RENDER","/Game/__ExternalActors__/Levels/Overland/Hogsmeade/Streets/LI_HM_Streets_EXT/B/DZ/72AOPAVBIG5XH9MNKK8IJP","LV_Overland/Hogsmeade/LI_Hogsmeade/LI_Hogsmeade/Streets/LI_HM_Streets_EXT/SM_CobbleStreet_Block_B1458","C2CB03DB-41BD-2916-9D77-42AEC7006F42","excluded by OutlinerPathsToExclude entry 'LI_Hogsmeade'","DA_RENDER_Rules -> DL_RENDER","1","2054200","jprice","2026-09-02","0",""
"removed","SM_CobbleStreet_Block_B1459","StaticMeshActor","DL_RENDER DL_OVERLAND","DL_RENDER","/Game/__ExternalActors__/Levels/Overland/Hogsmeade/Streets/LI_HM_Streets_EXT/5/26/TPLJC1WIDVITRZ7BXU1CFS","LV_Overland/Hogsmeade/LI_Hogsmeade/LI_Hogsmeade/Streets/LI_HM_Streets_EXT/SM_CobbleStreet_Block_B1459","EF7F92BE-4E5E-9758-C2D6-C8B15E7CC47A","excluded by OutlinerPathsToExclude entry 'LI_Hogsmeade'","DA_RENDER_Rules -> DL_RENDER","1","2054200","jprice","2026-09-02","0",""
"removed","SM_CobbleStreet_Block_B1460","StaticMeshActor","DL_RENDER DL_OVERLAND","DL_RENDER","/Game/__ExternalActors__/Levels/Overland/Hogsmeade/Streets/LI_HM_Streets_EXT/5/X4/J3RY430FQ6F0SUWJ83C5KJ","LV_Overland/Hogsmeade/LI_Hogsmeade/LI_Hogsmeade/Streets/LI_HM_Streets_EXT/SM_CobbleStreet_Block_B1460","2514AD12-4BAD-2C34-FB3A-12A5C78C01BC","excluded by OutlinerPathsToExclude entry 'LI_Hogsmeade'","DA_RENDER_Rules -> DL_RENDER","1","2054200","jprice","2026-09-02","0",""
"removed","SM_CobbleStreet_Block_B1461","StaticMeshActor","DL_RENDER DL_OVERLAND","DL_RENDER","/Game/__ExternalActors__/Levels/Overland/Hogsmeade/Streets/LI_HM_Streets_EXT/9/S9/UGAL7PFS6YXOF5Z4XOCYVU","LV_Overland/Hogsmeade/LI_Hogsmeade/LI_Hogsmeade/Streets/LI_HM_Streets_EXT/SM_CobbleStreet_Block_B1461","6CDBC448-4694-BDB3-792A-2F8C7B185613","excluded by OutlinerPathsToExclude entry 'LI_Hogsmeade'","DA_RENDER_Rules -> DL_RENDER","1","2054200","jprice","2026-09-02","0",""
"removed","SM_CobbleStreet_Block_B1462","StaticMeshActor","DL_RENDER DL_OVERLAND","DL_RENDER","/Game/__ExternalActors__/Levels/Overland/Hogsmeade/Streets/LI_HM_Streets_EXT/B/N0/1LN3W4IA1VE6XQ9337CDW9","LV_Overland/Hogsmeade/LI_Hogsmeade/LI_Hogsmeade/Streets/LI_HM_Streets_EXT/SM_CobbleStreet_Block_B1462","EAE755BD-4823-843F-18CD-6AB62EA0D13E","excluded by OutlinerPathsToExclude entry 'LI_Hogsmeade'","DA_RENDER_Rules -> DL_RENDER","1","2054200","jprice","2026-09-02","0",""
"removed","SM_CobbleStreet_Block_B1463","StaticMeshActor","DL_RENDER DL_OVERLAND","DL_RENDER","/Game/__ExternalActors__/Levels/Overland/Hogsmeade/Streets/LI_HM_Streets_EXT/5/KG/2APKIET2H8Z52R6IVZHAOL","LV_Overland/Hogsmeade/LI_Hogsmeade/LI_Hogsmeade/Streets/LI_HM_Streets_EXT/SM_CobbleStreet_Block_B1463","B34AAAB8-4FCC-8952-0433-CB8EB3E8EEBE","excluded by OutlinerPathsToExclude entry 'LI_Hogsmeade'","DA_RENDER_Rules -> DL_RENDER","1","2054200","jprice","2026-09-02","0",""
"removed","SM_CobbleStreet_Block_B1464","StaticMeshActor","DL_RENDER DL_OVERLAND","DL_RENDER","/Game/__ExternalActors__/Levels/Overland/Hogsmeade/Streets/LI_HM_Streets_EXT/4/1X/WR7OM2EJ5S5TEUU66L3XQ6","LV_Overland/Hogsmeade/LI_Hogsmeade/LI_Hogsmeade/Streets/LI_HM_Streets_EXT/SM_CobbleStreet_Block_B1464","EFE37839-44D3-5CB7-34C3-5F8018F1CDC3","excluded by OutlinerPathsToExclude entry 'LI_Hogsmeade'","DA_RENDER_Rules -> DL_RENDER","1","2054200","jprice","2026-09-02","0",""
"removed","SM_CobbleStreet_Block_B1465","StaticMeshActor","DL_RENDER DL_OVERLAND","DL_RENDER","/Game/__ExternalActors__/Levels/Overland/Hogsmeade/Streets/LI_HM_Streets_EXT/7/WY/MQY577GJRIZWV79BSG0DHS","LV_Overland/Hogsmeade/LI_Hogsmeade/LI_Hogsmeade/Streets/LI_HM_Streets_EXT/SM_CobbleStreet_Block_B1465","00D3A604-4905-E02B-5BF0-0BB11880FCBC","excluded by OutlinerPathsToExclude entry 'LI_Hogsmeade'","DA_RENDER_Rules -> DL_RENDER","1","2054200","jprice","2026-09-02","0",""
"removed","SM_CobbleStreet_Block_B1466","StaticMeshActor","DL_RENDER DL_OVERLAND","DL_RENDER","/Game/__ExternalActors__/Levels/Overland/Hogsmeade/Streets/LI_HM_Streets_EXT/9/AC/FODCPIBFHQR7O64J9C5WDX","LV_Overland/Hogsmeade/LI_Hogsmeade/LI_Hogsmeade/Streets/LI_HM_Streets_EXT/SM_CobbleStreet_Block_B1466","F2875262-4EE6-AA3B-A899-B9AD5AC252B3","excluded by OutlinerPathsToExclude entry 'LI_Hogsmeade'","DA_RENDER_Rules -> DL_RENDER","1","2054200","jprice","2026-09-02","0",""
"removed","SM_CobbleStreet_Block_B1467","StaticMeshActor","DL_RENDER DL_OVERLAND","DL_RENDER","/Game/__ExternalActors__/Levels/Overland/Hogsmeade/Streets/LI_HM_Streets_EXT/2/P5/ANF03X3J78NG7LQ70F1PMQ","LV_Overland/Hogsmeade/LI_Hogsmeade/LI_Hogsmeade/Streets/LI_HM_Streets_EXT/SM_CobbleStreet_Block_B1467","7F834CCC-4C03-7259-7DB1-A2AD6BDFE4CF","excluded by OutlinerPathsToExclude entry 'LI_Hogsmeade'","DA_RENDER_Rules -> DL_RENDER","1","2054200","jprice","2026-09-02","0",""
"removed","SM_CobbleStreet_Block_B1468","StaticMeshActor","DL_RENDER DL_OVERLAND","DL_RENDER","/Game/__ExternalActors__/Levels/Overland/Hogsmeade/Streets/LI_HM_Streets_EXT/8/VH/V724GW6PIBQ0AR71OPEHZK","LV_Overland/Hogsmeade/LI_Hogsmeade/LI_Hogsmeade/Streets/LI_HM_Streets_EXT/SM_CobbleStreet_Block_B1468","EA98E3B1-4A77-1FEB-952F-6F8B73E4AFF6","excluded by OutlinerPathsToExclude entry 'LI_Hogsmeade'","DA_RENDER_Rules -> DL_RENDER","1","2054200","jprice","2026-09-02","0",""
"removed","SM_CobbleStreet_Block_B1469","StaticMeshActor","DL_RENDER DL_OVERLAND","DL_RENDER","/Game/__ExternalActors__/Levels/Overland/Hogsmeade/Streets/LI_HM_Streets_EXT/5/V7/6DWW70NKWVGV0TU7UJN28L","LV_Overland/Hogsmeade/LI_Hogsmeade/LI_Hogsmeade/Streets/LI_HM_Streets_EXT/SM_CobbleStreet_Block_B1469","8A8602D2-4438-EC21-D5CF-A598B0CFDEC4","excluded by OutlinerPathsToExclude entry 'LI_Hogsmeade'","DA_RENDER_Rules -> DL_RENDER","1","2054200","jprice","2026-09-02","0",""
"removed","SM_CobbleStreet_Block_B1470","StaticMeshActor","DL_RENDER DL_OVERLAND","DL_RENDER","/Game/__ExternalActors__/Levels/Overland/Hogsmeade/Streets/LI_HM_Streets_EXT/3/S7/1QOQQKTJ7KVJ253U1MLCP8","LV_Overland/Hogsmeade/LI_Hogsmeade/LI_Hogsmeade/Streets/LI_HM_Streets_EXT/SM_CobbleStreet_Block_B1470","93D61F7B-419C-978A-509D-719242F95E4A","excluded by OutlinerPathsToExclude entry 'LI_Hogsmeade'","DA_RENDER_Rules -> DL_RENDER","1","2054200","jprice","2026-09-02","0",""
"removed","SM_CobbleStreet_Block_B1471","StaticMeshActor","DL_RENDER DL_OVERLAND","DL_RENDER","/Game/__ExternalActors__/Levels/Overland/Hogsmeade/Streets/LI_HM_Streets_EXT/C/JJ/8DSON9JSYU9R9S8S6MW6BU","LV_Overland/Hogsmeade/LI_Hogsmeade/LI_Hogsmeade/Streets/LI_HM_Streets_EXT/SM_CobbleStreet_Block_B1471","0504EFF5-42E5-62E1-CEDB-1B8106D9B986","excluded by OutlinerPathsToExclude entry 'LI_Hogsmeade'","DA_RENDER_Rules -> DL_RENDER","1","2054200","jprice","2026-09-02","0",""
"removed","SM_CobbleStreet_Block_B1472","StaticMeshActor","DL_RENDER DL_OVERLAND","DL_RENDER","/Game/__ExternalActors__/Levels/Overland/Hogsmeade/Streets/LI_HM_Streets_EXT/5/8J/49VQV34Y7P0YOS2AD2V6E0","LV_Overland/Hogsmeade/LI_Hogsmeade/LI_Hogsmeade/Streets/LI_HM_Streets_EXT/SM_CobbleStreet_Block_B1472","7798F13D-4E2F-EE5B-1259-048CFF0BCB2E","excluded by OutlinerPathsToExclude entry 'LI_Hogsmeade'","DA_RENDER_Rules -> DL_RENDER","1","2054200","jprice","2026-09-02","0",""
"removed","SM_CobbleStreet_Block_B1473","StaticMeshActor","DL_RENDER DL_OVERLAND","DL_RENDER","/Game/__ExternalActors__/Levels/Overland/Hogsmeade/Streets/LI_HM_Streets_EXT/8/98/4J9J4X5LF1GD7ME4E8E5ZL","LV_Overland/Hogsmeade/LI_Hogsmeade/LI_Hogsmeade/Streets/LI_HM_Streets_EXT/SM_CobbleStreet_Block_B1473","2B8BAD2A-4596-710F-1CC6-60B068641CB0","excluded by OutlinerPathsToExclude entry 'LI_Hogsmeade'","DA_RENDER_Rules -> DL_RENDER","1","2054200","jprice","2026-09-02","0",""
"removed","SM_CobbleStreet_Block_B1474","StaticMeshActor","DL_RENDER DL_OVERLAND","DL_RENDER","/Game/__ExternalActors__/Levels/Overland/Hogsmeade/Streets/LI_HM_Streets_EXT/7/8H/MB37A71PEEE7FITKYP8NHU","LV_Overland/Hogsmeade/LI_Hogsmeade/LI_Hogsmeade/Streets/LI_HM_Streets_EXT/SM_CobbleStreet_Block_B1474","FF8A8EC8-4D89-1B18-BC84-A7A36A363F66","excluded by OutlinerPathsToExclude entry 'LI_Hogsmeade'","DA_RENDER_Rules -> DL_RENDER","1","2054200","jprice","2026-09-02","0",""
"removed","SM_CobbleStreet_Block_B1475","StaticMeshActor","DL_RENDER DL_OVERLAND","DL_RENDER","/Game/__ExternalActors__/Levels/Overland/Hogsmeade/Streets/LI_HM_Streets_EXT/A/S6/C7IOEDTNFG3SLH4FFJAYG2","LV_Overland/Hogsmeade/LI_Hogsmeade/LI_Hogsmeade/Streets/LI_HM_Streets_EXT/SM_CobbleStreet_Block_B1475","9D93A7B2-466F-F7D7-A9FF-B3A8372360B8","excluded by OutlinerPathsToExclude entry 'LI_Hogsmeade'","DA_RENDER_Rules -> DL_RENDER","1","2054200","jprice","2026-09-02","0",""
"removed","SM_CobbleStreet_Block_B1476","StaticMeshActor","DL_RENDER DL_OVERLAND","DL_RENDER","/Game/__ExternalActors__/Levels/Overland/Hogsmeade/Streets/LI_HM_Streets_EXT/8/33/27NM785B5EQJJ5G62PR4RH","LV_Overland/Hogsmeade/LI_Hogsmeade/LI_Hogsmeade/Streets/LI_HM_Streets_EXT/SM_CobbleStreet_Block_B1476","E7671421-4ECC-0349-18A9-07A45B6C41E9","excluded by OutlinerPathsToExclude entry 'LI_Hogsmeade'","DA_RENDER_Rules -> DL_RENDER","1","2054200","jprice","2026-09-02","0",""
"removed","SM_CobbleStreet_Block_B1477","StaticMeshActor","DL_RENDER DL_OVERLAND","DL_RENDER","/Game/__ExternalActors__/Levels/Overland/Hogsmeade/Streets/LI_HM_Streets_EXT/7/4V/9UW6IGF9ATZEBLDEZFMNS7","LV_Overland/Hogsmeade/LI_Hogsmeade/LI_Hogsmeade/Streets/LI_HM_Streets_EXT/SM_CobbleStreet_Block_B1477","30B58DAA-4DAE-8BF8-0477-018BE6D06C96","excluded by OutlinerPathsToExclude entry 'LI_Hogsmeade'","DA_RENDER_Rules -> DL_RENDER","1","2054200","jprice","2026-09-02","0",""
"removed","SM_CobbleStreet_Block_B1478","StaticMeshActor","DL_RENDER DL_OVERLAND","DL_RENDER","/Game/__ExternalActors__/Levels/Overland/Hogsmeade/Streets/LI_HM_Streets_EXT/8/1S/E5KWVYKVOPEUW1NW8MJ5RN","LV_Overland/Hogsmeade/LI_Hogsmeade/LI_Hogsmeade/Streets/LI_HM_Streets_EXT/SM_CobbleStreet_Block_B1478","145A7830-447F-ACFD-B308-2CB5F9E7C349","excluded by OutlinerPathsToExclude entry 'LI_Hogsmeade'","DA_RENDER_Rules -> DL_RENDER","1","2072097","jprice","2026-09-15","0",""
"removed","SM_CobbleStreet_Block_B1479","StaticMeshActor","DL_RENDER DL_OVERLAND","DL_RENDER","/Game/__ExternalActors__/Levels/Overland/Hogsmeade/Streets/LI_HM_Streets_EXT/F/3O/3N2GP5E8UHXCQGGQNZFB7X","LV_Overland/Hogsmeade/LI_Hogsmeade/LI_Hogsmeade/Streets/LI_HM_Streets_EXT/SM_CobbleStreet_Block_B1479","1C7619C1-4A5C-C595-6C57-E5B4F43A9B67","excluded by OutlinerPathsToExclude entry 'LI_Hogsmeade'","DA_RENDER_Rules -> DL_RENDER","1","2072097","jprice","2026-09-15","0",""
"removed","SM_CobbleStreet_Block_B1480","StaticMeshActor","DL_RENDER DL_OVERLAND","DL_RENDER","/Game/__ExternalActors__/Levels/Overland/Hogsmeade/Streets/LI_HM_Streets_EXT/2/7N/9VG7QVWKA24WOLL02AA7C4","LV_Overland/Hogsmeade/LI_Hogsmeade/LI_Hogsmeade/Streets/LI_HM_Streets_EXT/SM_CobbleStreet_Block_B1480","D33B7A79-4E4F-0793-7F5B-41B997B61313","excluded by OutlinerPathsToExclude entry 'LI_Hogsmeade'","DA_RENDER_Rules -> DL_RENDER","1","2072097","jprice","2026-09-15","0",""
"removed","SM_CobbleStreet_Block_B1481","StaticMeshActor","DL_RENDER DL_OVERLAND","DL_RENDER","/Game/__ExternalActors__/Levels/Overland/Hogsmeade/Streets/LI_HM_Streets_EXT/9/TX/3FDTMFES2GTXR60FJRHMNV","LV_Overland/Hogsmeade/LI_Hogsmeade/LI_Hogsmeade/Streets/LI_HM_Streets_EXT/SM_CobbleStreet_Block_B1481","C358E355-43FC-1C8F-76F3-EF872347EFBA","excluded by OutlinerPathsToExclude entry 'LI_Hogsmeade'","DA_RENDER_Rules -> DL_RENDER","1","2072097","jprice","2026-09-15","0",""
"removed","SM_CobbleStreet_Block_C1089","StaticMeshActor","DL_RENDER DL_OVERLAND","DL_RENDER","/Game/__ExternalActors__/Levels/Overland/Hogsmeade/Streets/LI_HM_Streets_EXT/9/KA/JB5F9JPWP36ESGGSP4ZQ5T","LV_Overland/Hogsmeade/LI_Hogsmeade/LI_Hogsmeade/Streets/LI_HM_Streets_EXT/SM_CobbleStreet_Block_C1089","F85758FB-43D6-56AB-8C54-68ABAB2E1B5E","excluded by OutlinerPathsToExclude entry 'LI_Hogsmeade'","DA_RENDER_Rules -> DL_RENDER","1","2054200","jprice","2026-09-02","0",""
"removed","SM_CobbleStreet_Block_C1090","StaticMeshActor","DL_RENDER DL_OVERLAND","DL_RENDER","/Game/__ExternalActors__/Levels/Overland/Hogsmeade/Streets/LI_HM_Streets_EXT/7/P8/79FS48DN6UFFYD8IQAT1W3","LV_Overland/Hogsmeade/LI_Hogsmeade/LI_Hogsmeade/Streets/LI_HM_Streets_EXT/SM_CobbleStreet_Block_C1090","055FB960-4355-DC57-D362-2AA0307C3B6E","excluded by OutlinerPathsToExclude entry 'LI_Hogsmeade'","DA_RENDER_Rules -> DL_RENDER","1","2054200","jprice","2026-09-02","0",""
"removed","SM_CobbleStreet_Block_C1092","StaticMeshActor","DL_RENDER DL_OVERLAND","DL_RENDER","/Game/__ExternalActors__/Levels/Overland/Hogsmeade/Streets/LI_HM_Streets_EXT/8/7S/3P67KTXK8M5HQ8FIU7L1PD","LV_Overland/Hogsmeade/LI_Hogsmeade/LI_Hogsmeade/Streets/LI_HM_Streets_EXT/SM_CobbleStreet_Block_C1092","ED939B0A-4A7C-B21A-9091-CFA85BC36D35","excluded by OutlinerPathsToExclude entry 'LI_Hogsmeade'","DA_RENDER_Rules -> DL_RENDER","1","2054200","jprice","2026-09-02","0",""
"removed","SM_CobbleStreet_Block_C1093","StaticMeshActor","DL_RENDER DL_OVERLAND","DL_RENDER","/Game/__ExternalActors__/Levels/Overland/Hogsmeade/Streets/LI_HM_Streets_EXT/C/1C/KVMH94ZHK84I3GAGVLUMVC","LV_Overland/Hogsmeade/LI_Hogsmeade/LI_Hogsmeade/Streets/LI_HM_Streets_EXT/SM_CobbleStreet_Block_C1093","AD37C7B6-4830-9ABD-B67A-AB967D93BD17","excluded by OutlinerPathsToExclude entry 'LI_Hogsmeade'","DA_RENDER_Rules -> DL_RENDER","1","2054200","jprice","2026-09-02","0",""
"removed","SM_CobbleStreet_Block_C1094","StaticMeshActor","DL_RENDER DL_OVERLAND","DL_RENDER","/Game/__ExternalActors__/Levels/Overland/Hogsmeade/Streets/LI_HM_Streets_EXT/0/QD/09CPFAYJNIN8WBIWA4OEYQ","LV_Overland/Hogsmeade/LI_Hogsmeade/LI_Hogsmeade/Streets/LI_HM_Streets_EXT/SM_CobbleStreet_Block_C1094","2DF25C66-4E5C-8FF6-2813-F5AB368EF96D","excluded by OutlinerPathsToExclude entry 'LI_Hogsmeade'","DA_RENDER_Rules -> DL_RENDER","1","2054200","jprice","2026-09-02","0",""
"removed","SM_CobbleStreet_Block_C1095","StaticMeshActor","DL_RENDER DL_OVERLAND","DL_RENDER","/Game/__ExternalActors__/Levels/Overland/Hogsmeade/Streets/LI_HM_Streets_EXT/6/2N/PYLULY4SHHMB15LSXKJ536","LV_Overland/Hogsmeade/LI_Hogsmeade/LI_Hogsmeade/Streets/LI_HM_Streets_EXT/SM_CobbleStreet_Block_C1095","CD77E8EF-4D0D-27C9-CCB5-B388A2EC577E","excluded by OutlinerPathsToExclude entry 'LI_Hogsmeade'","DA_RENDER_Rules -> DL_RENDER","1","2054200","jprice","2026-09-02","0",""
"removed","SM_CobbleStreet_Block_C1096","StaticMeshActor","DL_RENDER DL_OVERLAND","DL_RENDER","/Game/__ExternalActors__/Levels/Overland/Hogsmeade/Streets/LI_HM_Streets_EXT/4/5D/HXPC1VIR5I90O7M5NOWT24","LV_Overland/Hogsmeade/LI_Hogsmeade/LI_Hogsmeade/Streets/LI_HM_Streets_EXT/SM_CobbleStreet_Block_C1096","FA6B9847-4E21-78BA-B17D-529C9EFCF8EB","excluded by OutlinerPathsToExclude entry 'LI_Hogsmeade'","DA_RENDER_Rules -> DL_RENDER","1","2054200","jprice","2026-09-02","0",""
"removed","SM_CobbleStreet_Block_C1097","StaticMeshActor","DL_RENDER DL_OVERLAND","DL_RENDER","/Game/__ExternalActors__/Levels/Overland/Hogsmeade/Streets/LI_HM_Streets_EXT/2/V6/A059ONOD397R52AW1DN9ZL","LV_Overland/Hogsmeade/LI_Hogsmeade/LI_Hogsmeade/Streets/LI_HM_Streets_EXT/SM_CobbleStreet_Block_C1097","264EF448-467D-58DC-9756-1F9A64D170D4","excluded by OutlinerPathsToExclude entry 'LI_Hogsmeade'","DA_RENDER_Rules -> DL_RENDER","1","2054200","jprice","2026-09-02","0",""
"removed","SM_CobbleStreet_Block_C1098","StaticMeshActor","DL_RENDER DL_OVERLAND","DL_RENDER","/Game/__ExternalActors__/Levels/Overland/Hogsmeade/Streets/LI_HM_Streets_EXT/6/3F/0MWUWKI6EL9N1MRDP8CIHM","LV_Overland/Hogsmeade/LI_Hogsmeade/LI_Hogsmeade/Streets/LI_HM_Streets_EXT/SM_CobbleStreet_Block_C1098","92D7930F-494F-A329-5D3F-AAB010D8C0FB","excluded by OutlinerPathsToExclude entry 'LI_Hogsmeade'","DA_RENDER_Rules -> DL_RENDER","1","2054200","jprice","2026-09-02","0",""
"removed","SM_CobbleStreet_Block_C1099","StaticMeshActor","DL_RENDER DL_OVERLAND","DL_RENDER","/Game/__ExternalActors__/Levels/Overland/Hogsmeade/Streets/LI_HM_Streets_EXT/A/3P/N7USDPPLUYTWAU7BVRWPT9","LV_Overland/Hogsmeade/LI_Hogsmeade/LI_Hogsmeade/Streets/LI_HM_Streets_EXT/SM_CobbleStreet_Block_C1099","8D90F81D-4750-E059-FDC8-8C9D8D88B4EA","excluded by OutlinerPathsToExclude entry 'LI_Hogsmeade'","DA_RENDER_Rules -> DL_RENDER","1","2054200","jprice","2026-09-02","0",""
"removed","SM_CobbleStreet_Block_C1100","StaticMeshActor","DL_RENDER DL_OVERLAND","DL_RENDER","/Game/__ExternalActors__/Levels/Overland/Hogsmeade/Streets/LI_HM_Streets_EXT/9/25/UQ9BY9INNVILWTSMQ35OEZ","LV_Overland/Hogsmeade/LI_Hogsmeade/LI_Hogsmeade/Streets/LI_HM_Streets_EXT/SM_CobbleStreet_Block_C1100","CA7008A4-4CD3-1463-B882-EF83D08A3A46","excluded by OutlinerPathsToExclude entry 'LI_Hogsmeade'","DA_RENDER_Rules -> DL_RENDER","1","2054200","jprice","2026-09-02","0",""
"removed","SM_CobbleStreet_Block_C1101","StaticMeshActor","DL_RENDER DL_OVERLAND","DL_RENDER","/Game/__ExternalActors__/Levels/Overland/Hogsmeade/Streets/LI_HM_Streets_EXT/E/EG/2BALCZ6KHTL7IWDK3E958V","LV_Overland/Hogsmeade/LI_Hogsmeade/LI_Hogsmeade/Streets/LI_HM_Streets_EXT/SM_CobbleStreet_Block_C1101","E3726B2E-4390-BC92-5C6E-A68064F6B844","excluded by OutlinerPathsToExclude entry 'LI_Hogsmeade'","DA_RENDER_Rules -> DL_RENDER","1","2054200","jprice","2026-09-02","0",""
"removed","SM_CobbleStreet_Block_C1102","StaticMeshActor","DL_RENDER DL_OVERLAND","DL_RENDER","/Game/__ExternalActors__/Levels/Overland/Hogsmeade/Streets/LI_HM_Streets_EXT/1/FK/OZW1TEDM44B9FXEKPHDUYG","LV_Overland/Hogsmeade/LI_Hogsmeade/LI_Hogsmeade/Streets/LI_HM_Streets_EXT/SM_CobbleStreet_Block_C1102","AA446414-4648-9512-FC5E-53BCCBF8474B","excluded by OutlinerPathsToExclude entry 'LI_Hogsmeade'","DA_RENDER_Rules -> DL_RENDER","1","2054200","jprice","2026-09-02","0",""
"removed","SM_CobbleStreet_Block_C1103","StaticMeshActor","DL_RENDER DL_OVERLAND","DL_RENDER","/Game/__ExternalActors__/Levels/Overland/Hogsmeade/Streets/LI_HM_Streets_EXT/7/9H/26SZWSCSEU1KACAT61MSMU","LV_Overland/Hogsmeade/LI_Hogsmeade/LI_Hogsmeade/Streets/LI_HM_Streets_EXT/SM_CobbleStreet_Block_C1103","E30BF7C4-4479-E5C9-7355-68A0D6620EA6","excluded by OutlinerPathsToExclude entry 'LI_Hogsmeade'","DA_RENDER_Rules -> DL_RENDER","1","2054200","jprice","2026-09-02","0",""
"removed","SM_CobbleStreet_Block_C1104","StaticMeshActor","DL_RENDER DL_OVERLAND","DL_RENDER","/Game/__ExternalActors__/Levels/Overland/Hogsmeade/Streets/LI_HM_Streets_EXT/3/8Q/QG1GM6SOUU5T46P7QOF4JG","LV_Overland/Hogsmeade/LI_Hogsmeade/LI_Hogsmeade/Streets/LI_HM_Streets_EXT/SM_CobbleStreet_Block_C1104","A9173FC3-4CB8-6C8A-FBC3-C0BF991438E3","excluded by OutlinerPathsToExclude entry 'LI_Hogsmeade'","DA_RENDER_Rules -> DL_RENDER","1","2054200","jprice","2026-09-02","0",""
"removed","SM_CobbleStreet_Block_C1105","StaticMeshActor","DL_RENDER DL_OVERLAND","DL_RENDER","/Game/__ExternalActors__/Levels/Overland/Hogsmeade/Streets/LI_HM_Streets_EXT/8/4J/4N2MGW5TDPFECGJVRQQVO0","LV_Overland/Hogsmeade/LI_Hogsmeade/LI_Hogsmeade/Streets/LI_HM_Streets_EXT/SM_CobbleStreet_Block_C1105","4042FDA7-456C-5EBB-8AF5-E6BC00237A36","excluded by OutlinerPathsToExclude entry 'LI_Hogsmeade'","DA_RENDER_Rules -> DL_RENDER","1","2054200","jprice","2026-09-02","0",""
"removed","SM_CobbleStreet_Block_C1129","StaticMeshActor","DL_RENDER DL_OVERLAND","DL_RENDER","/Game/__ExternalActors__/Levels/Overland/Hogsmeade/Streets/LI_HM_Streets_EXT/2/AQ/M5TDFFPGUQCZAZD81VGEQM","LV_Overland/Hogsmeade/LI_Hogsmeade/LI_Hogsmeade/Streets/LI_HM_Streets_EXT/SM_CobbleStreet_Block_C1129","66F44591-4132-BBE5-3138-50938FE47949","excluded by OutlinerPathsToExclude entry 'LI_Hogsmeade'","DA_RENDER_Rules -> DL_RENDER","1","2054200","jprice","2026-09-02","0",""
"removed","SM_CobbleStreet_Block_C1138","StaticMeshActor","DL_RENDER DL_OVERLAND","DL_RENDER","/Game/__ExternalActors__/Levels/Overland/Hogsmeade/Streets/LI_HM_Streets_EXT/0/BJ/O419WN9ZQEZT263D6DLK3Q","LV_Overland/Hogsmeade/LI_Hogsmeade/LI_Hogsmeade/Streets/LI_HM_Streets_EXT/SM_CobbleStreet_Block_C1138","F6A52798-42D9-B46C-6622-5BBAEA186B68","excluded by OutlinerPathsToExclude entry 'LI_Hogsmeade'","DA_RENDER_Rules -> DL_RENDER","1","2054200","jprice","2026-09-02","0",""
"removed","SM_CobbleStreet_Block_C1139","StaticMeshActor","DL_RENDER DL_OVERLAND","DL_RENDER","/Game/__ExternalActors__/Levels/Overland/Hogsmeade/Streets/LI_HM_Streets_EXT/A/AX/FJMCJ2LJFWTU6WEWK5H9Z1","LV_Overland/Hogsmeade/LI_Hogsmeade/LI_Hogsmeade/Streets/LI_HM_Streets_EXT/SM_CobbleStreet_Block_C1139","DFE9B70F-4929-565C-A46A-7B98FAF0CCE1","excluded by OutlinerPathsToExclude entry 'LI_Hogsmeade'","DA_RENDER_Rules -> DL_RENDER","1","2054200","jprice","2026-09-02","0",""
"removed","SM_CobbleStreet_Block_C1142","StaticMeshActor","DL_RENDER DL_OVERLAND","DL_RENDER","/Game/__ExternalActors__/Levels/Overland/Hogsmeade/Streets/LI_HM_Streets_EXT/1/2B/8N2RAGP5VYKA9B3KPR3RS0","LV_Overland/Hogsmeade/LI_Hogsmeade/LI_Hogsmeade/Streets/LI_HM_Streets_EXT/SM_CobbleStreet_Block_C1142","69714CAB-446D-4EBF-CD15-018EDACF8767","excluded by OutlinerPathsToExclude entry 'LI_Hogsmeade'","DA_RENDER_Rules -> DL_RENDER","1","2054200","jprice","2026-09-02","0",""
"removed","SM_CobbleStreet_Block_C1143","StaticMeshActor","DL_RENDER DL_OVERLAND","DL_RENDER","/Game/__ExternalActors__/Levels/Overland/Hogsmeade/Streets/LI_HM_Streets_EXT/2/S6/46B5DSXZ63755NE0XELVDR","LV_Overland/Hogsmeade/LI_Hogsmeade/LI_Hogsmeade/Streets/LI_HM_Streets_EXT/SM_CobbleStreet_Block_C1143","641E12D2-44C1-38BC-71A6-68AFFFA9A407","excluded by OutlinerPathsToExclude entry 'LI_Hogsmeade'","DA_RENDER_Rules -> DL_RENDER","1","2054200","jprice","2026-09-02","0",""
"removed","SM_CobbleStreet_Block_C1144","StaticMeshActor","DL_RENDER DL_OVERLAND","DL_RENDER","/Game/__ExternalActors__/Levels/Overland/Hogsmeade/Streets/LI_HM_Streets_EXT/1/ZQ/FGCVJBV5QFEB7LJH96MBZC","LV_Overland/Hogsmeade/LI_Hogsmeade/LI_Hogsmeade/Streets/LI_HM_Streets_EXT/SM_CobbleStreet_Block_C1144","87D928B8-4572-89AD-75A2-4C8FAF69A749","excluded by OutlinerPathsToExclude entry 'LI_Hogsmeade'","DA_RENDER_Rules -> DL_RENDER","1","2054200","jprice","2026-09-02","0",""
"removed","SM_CobbleStreet_Block_C1145","StaticMeshActor","DL_RENDER DL_OVERLAND","DL_RENDER","/Game/__ExternalActors__/Levels/Overland/Hogsmeade/Streets/LI_HM_Streets_EXT/4/WP/TK6Z51FVBSJBVMFEG0UV35","LV_Overland/Hogsmeade/LI_Hogsmeade/LI_Hogsmeade/Streets/LI_HM_Streets_EXT/SM_CobbleStreet_Block_C1145","0F999D32-4F2E-D549-8E7D-FBA1AAA6597A","excluded by OutlinerPathsToExclude entry 'LI_Hogsmeade'","DA_RENDER_Rules -> DL_RENDER","1","2054200","jprice","2026-09-02","0",""
"removed","SM_CobbleStreet_Block_C1146","StaticMeshActor","DL_RENDER DL_OVERLAND","DL_RENDER","/Game/__ExternalActors__/Levels/Overland/Hogsmeade/Streets/LI_HM_Streets_EXT/1/TJ/DOHMY7SCX081ON3DCDK3IY","LV_Overland/Hogsmeade/LI_Hogsmeade/LI_Hogsmeade/Streets/LI_HM_Streets_EXT/SM_CobbleStreet_Block_C1146","50B8A23E-4298-569D-2F0C-349B091DD414","excluded by OutlinerPathsToExclude entry 'LI_Hogsmeade'","DA_RENDER_Rules -> DL_RENDER","1","2054200","jprice","2026-09-02","0",""
"removed","SM_CobbleStreet_Block_C1147","StaticMeshActor","DL_RENDER DL_OVERLAND","DL_RENDER","/Game/__ExternalActors__/Levels/Overland/Hogsmeade/Streets/LI_HM_Streets_EXT/C/T9/8M4CYDJA95EFY7G06JQ825","LV_Overland/Hogsmeade/LI_Hogsmeade/LI_Hogsmeade/Streets/LI_HM_Streets_EXT/SM_CobbleStreet_Block_C1147","2C6D6DC7-4C29-8B4F-BA7F-6F945D17B3F0","excluded by OutlinerPathsToExclude entry 'LI_Hogsmeade'","DA_RENDER_Rules -> DL_RENDER","1","2054200","jprice","2026-09-02","0",""
"removed","SM_CobbleStreet_Block_C1148","StaticMeshActor","DL_RENDER DL_OVERLAND","DL_RENDER","/Game/__ExternalActors__/Levels/Overland/Hogsmeade/Streets/LI_HM_Streets_EXT/D/WJ/8PRP1T69ZZ2JCWX8R19QGN","LV_Overland/Hogsmeade/LI_Hogsmeade/LI_Hogsmeade/Streets/LI_HM_Streets_EXT/SM_CobbleStreet_Block_C1148","D684CBF4-4098-FA13-04CA-1AA2D1FC06B8","excluded by OutlinerPathsToExclude entry 'LI_Hogsmeade'","DA_RENDER_Rules -> DL_RENDER","1","2054200","jprice","2026-09-02","0",""
"removed","SM_CobbleStreet_Block_C1149","StaticMeshActor","DL_RENDER DL_OVERLAND","DL_RENDER","/Game/__ExternalActors__/Levels/Overland/Hogsmeade/Streets/LI_HM_Streets_EXT/8/42/RS0GZH24OMFKI6NIIOY3HD","LV_Overland/Hogsmeade/LI_Hogsmeade/LI_Hogsmeade/Streets/LI_HM_Streets_EXT/SM_CobbleStreet_Block_C1149","2BEB5FB8-4C60-098E-BD76-898669B9F36B","excluded by OutlinerPathsToExclude entry 'LI_Hogsmeade'","DA_RENDER_Rules -> DL_RENDER","1","2054200","jprice","2026-09-02","0",""
"removed","SM_CobbleStreet_Block_C1150","StaticMeshActor","DL_RENDER DL_OVERLAND","DL_RENDER","/Game/__ExternalActors__/Levels/Overland/Hogsmeade/Streets/LI_HM_Streets_EXT/6/NC/12ICJUOD61K14NQ29TS2AK","LV_Overland/Hogsmeade/LI_Hogsmeade/LI_Hogsmeade/Streets/LI_HM_Streets_EXT/SM_CobbleStreet_Block_C1150","A8E46D16-4C41-B0C1-B951-649E69F8BCF1","excluded by OutlinerPathsToExclude entry 'LI_Hogsmeade'","DA_RENDER_Rules -> DL_RENDER","1","2054200","jprice","2026-09-02","0",""
"removed","SM_CobbleStreet_Block_C1151","StaticMeshActor","DL_RENDER DL_OVERLAND","DL_RENDER","/Game/__ExternalActors__/Levels/Overland/Hogsmeade/Streets/LI_HM_Streets_EXT/4/8U/07JLUXT0PCGEIQPHKGG74R","LV_Overland/Hogsmeade/LI_Hogsmeade/LI_Hogsmeade/Streets/LI_HM_Streets_EXT/SM_CobbleStreet_Block_C1151","7EECB011-41B1-5298-B0B7-7E8857F540A4","excluded by OutlinerPathsToExclude entry 'LI_Hogsmeade'","DA_RENDER_Rules -> DL_RENDER","1","2054200","jprice","2026-09-02","0",""
"removed","SM_CobbleStreet_Block_C1152","StaticMeshActor","DL_RENDER DL_OVERLAND","DL_RENDER","/Game/__ExternalActors__/Levels/Overland/Hogsmeade/Streets/LI_HM_Streets_EXT/C/7A/ECNWVSJLNJMYU83HHSBMUS","LV_Overland/Hogsmeade/LI_Hogsmeade/LI_Hogsmeade/Streets/LI_HM_Streets_EXT/SM_CobbleStreet_Block_C1152","E15D38E9-494C-8BA1-0A2E-778D03EC8679","excluded by OutlinerPathsToExclude entry 'LI_Hogsmeade'","DA_RENDER_Rules -> DL_RENDER","1","2054200","jprice","2026-09-02","0",""
"removed","SM_CobbleStreet_Block_C1153","StaticMeshActor","DL_RENDER DL_OVERLAND","DL_RENDER","/Game/__ExternalActors__/Levels/Overland/Hogsmeade/Streets/LI_HM_Streets_EXT/1/FX/CAQIAS4RBMNFU7HYFWIGXN","LV_Overland/Hogsmeade/LI_Hogsmeade/LI_Hogsmeade/Streets/LI_HM_Streets_EXT/SM_CobbleStreet_Block_C1153","F2CA727B-4B66-E282-DF1E-CFB05B773522","excluded by OutlinerPathsToExclude entry 'LI_Hogsmeade'","DA_RENDER_Rules -> DL_RENDER","1","2054200","jprice","2026-09-02","0",""
"removed","SM_CobbleStreet_Block_C1154","StaticMeshActor","DL_RENDER DL_OVERLAND","DL_RENDER","/Game/__ExternalActors__/Levels/Overland/Hogsmeade/Streets/LI_HM_Streets_EXT/8/M6/94994Z40AJQOV2RD7QJY21","LV_Overland/Hogsmeade/LI_Hogsmeade/LI_Hogsmeade/Streets/LI_HM_Streets_EXT/SM_CobbleStreet_Block_C1154","FDF1CE24-4A44-1CA1-395B-3E9AA01E3DC8","excluded by OutlinerPathsToExclude entry 'LI_Hogsmeade'","DA_RENDER_Rules -> DL_RENDER","1","2054200","jprice","2026-09-02","0",""
"removed","SM_CobbleStreet_Block_C1155","StaticMeshActor","DL_RENDER DL_OVERLAND","DL_RENDER","/Game/__ExternalActors__/Levels/Overland/Hogsmeade/Streets/LI_HM_Streets_EXT/D/PK/6GT3W2CXF3UL98VP7N1C3W","LV_Overland/Hogsmeade/LI_Hogsmeade/LI_Hogsmeade/Streets/LI_HM_Streets_EXT/SM_CobbleStreet_Block_C1155","DDEDDC5E-438E-76B2-8AEC-48B7794C142B","excluded by OutlinerPathsToExclude entry 'LI_Hogsmeade'","DA_RENDER_Rules -> DL_RENDER","1","2054200","jprice","2026-09-02","0",""
"removed","SM_CobbleStreet_Block_C1156","StaticMeshActor","DL_RENDER DL_OVERLAND","DL_RENDER","/Game/__ExternalActors__/Levels/Overland/Hogsmeade/Streets/LI_HM_Streets_EXT/C/VO/CRPAFPNP6BWOIVJVNG18YT","LV_Overland/Hogsmeade/LI_Hogsmeade/LI_Hogsmeade/Streets/LI_HM_Streets_EXT/SM_CobbleStreet_Block_C1156","16718F58-42DA-4B49-DB64-B7B4C9AEBB01","excluded by OutlinerPathsToExclude entry 'LI_Hogsmeade'","DA_RENDER_Rules -> DL_RENDER","1","2054200","jprice","2026-09-02","0",""
"removed","SM_CobbleStreet_Block_C1157","StaticMeshActor","DL_RENDER DL_OVERLAND","DL_RENDER","/Game/__ExternalActors__/Levels/Overland/Hogsmeade/Streets/LI_HM_Streets_EXT/4/ZY/0AOIEWTGMDL4VE12PAWY3A","LV_Overland/Hogsmeade/LI_Hogsmeade/LI_Hogsmeade/Streets/LI_HM_Streets_EXT/SM_CobbleStreet_Block_C1157","1D7AAA5C-4F27-EBCF-EEC1-98BCBD6D08F2","excluded by OutlinerPathsToExclude entry 'LI_Hogsmeade'","DA_RENDER_Rules -> DL_RENDER","1","2054200","jprice","2026-09-02","0",""
"removed","SM_CobbleStreet_Block_C1158","StaticMeshActor","DL_RENDER DL_OVERLAND","DL_RENDER","/Game/__ExternalActors__/Levels/Overland/Hogsmeade/Streets/LI_HM_Streets_EXT/3/HI/G2KSC0LR8CZWC0CCILDPEO","LV_Overland/Hogsmeade/LI_Hogsmeade/LI_Hogsmeade/Streets/LI_HM_Streets_EXT/SM_CobbleStreet_Block_C1158","915359DC-4997-F101-5C17-D1828368BD0A","excluded by OutlinerPathsToExclude entry 'LI_Hogsmeade'","DA_RENDER_Rules -> DL_RENDER","1","2054200","jprice","2026-09-02","0",""
"removed","SM_CobbleStreet_Block_C1159","StaticMeshActor","DL_RENDER DL_OVERLAND","DL_RENDER","/Game/__ExternalActors__/Levels/Overland/Hogsmeade/Streets/LI_HM_Streets_EXT/D/M1/W5L23YTEJ9RRONVKSLE90F","LV_Overland/Hogsmeade/LI_Hogsmeade/LI_Hogsmeade/Streets/LI_HM_Streets_EXT/SM_CobbleStreet_Block_C1159","76F312D8-41CC-2B7C-C60B-27AA3878B549","excluded by OutlinerPathsToExclude entry 'LI_Hogsmeade'","DA_RENDER_Rules -> DL_RENDER","1","2054200","jprice","2026-09-02","0",""
"removed","SM_CobbleStreet_Block_C1160","StaticMeshActor","DL_RENDER DL_OVERLAND","DL_RENDER","/Game/__ExternalActors__/Levels/Overland/Hogsmeade/Streets/LI_HM_Streets_EXT/4/RX/FC6VFW39UGQP4XZG99AGK7","LV_Overland/Hogsmeade/LI_Hogsmeade/LI_Hogsmeade/Streets/LI_HM_Streets_EXT/SM_CobbleStreet_Block_C1160","F4F630A6-494E-FE64-79C1-7F8ACBD58BF3","excluded by OutlinerPathsToExclude entry 'LI_Hogsmeade'","DA_RENDER_Rules -> DL_RENDER","1","2054200","jprice","2026-09-02","0",""
"removed","SM_CobbleStreet_Block_C1161","StaticMeshActor","DL_RENDER DL_OVERLAND","DL_RENDER","/Game/__ExternalActors__/Levels/Overland/Hogsmeade/Streets/LI_HM_Streets_EXT/7/W7/L771DN8R3XR57VX860Z9JO","LV_Overland/Hogsmeade/LI_Hogsmeade/LI_Hogsmeade/Streets/LI_HM_Streets_EXT/SM_CobbleStreet_Block_C1161","3811E627-4A7F-5958-5620-FF9B0C6FB208","excluded by OutlinerPathsToExclude entry 'LI_Hogsmeade'","DA_RENDER_Rules -> DL_RENDER","1","2054200","jprice","2026-09-02","0",""
"removed","SM_CobbleStreet_Block_C1162","StaticMeshActor","DL_RENDER DL_OVERLAND","DL_RENDER","/Game/__ExternalActors__/Levels/Overland/Hogsmeade/Streets/LI_HM_Streets_EXT/6/EH/7GAPWSCZS8UVNBD6JSUHRT","LV_Overland/Hogsmeade/LI_Hogsmeade/LI_Hogsmeade/Streets/LI_HM_Streets_EXT/SM_CobbleStreet_Block_C1162","E56952F5-41B5-458F-4CE7-E58C831767B9","excluded by OutlinerPathsToExclude entry 'LI_Hogsmeade'","DA_RENDER_Rules -> DL_RENDER","1","2054200","jprice","2026-09-02","0",""
"removed","SM_CobbleStreet_Block_C1163","StaticMeshActor","DL_RENDER DL_OVERLAND","DL_RENDER","/Game/__ExternalActors__/Levels/Overland/Hogsmeade/Streets/LI_HM_Streets_EXT/5/SH/UQIE3LYQNSTPUJW14I2X92","LV_Overland/Hogsmeade/LI_Hogsmeade/LI_Hogsmeade/Streets/LI_HM_Streets_EXT/SM_CobbleStreet_Block_C1163","EEDBCC16-4019-0CA2-B188-968490BEDAC2","excluded by OutlinerPathsToExclude entry 'LI_Hogsmeade'","DA_RENDER_Rules -> DL_RENDER","1","2054200","jprice","2026-09-02","0",""
"removed","SM_CobbleStreet_Block_C1164","StaticMeshActor","DL_RENDER DL_OVERLAND","DL_RENDER","/Game/__ExternalActors__/Levels/Overland/Hogsmeade/Streets/LI_HM_Streets_EXT/D/C3/PQL4SS9ZQM9HCU4JUDARW1","LV_Overland/Hogsmeade/LI_Hogsmeade/LI_Hogsmeade/Streets/LI_HM_Streets_EXT/SM_CobbleStreet_Block_C1164","9ECEC122-404F-99C0-68DA-DD9553C23980","excluded by OutlinerPathsToExclude entry 'LI_Hogsmeade'","DA_RENDER_Rules -> DL_RENDER","1","2054200","jprice","2026-09-02","0",""
"removed","SM_CobbleStreet_Block_C1165","StaticMeshActor","DL_RENDER DL_OVERLAND","DL_RENDER","/Game/__ExternalActors__/Levels/Overland/Hogsmeade/Streets/LI_HM_Streets_EXT/9/HP/AQ187ZYYRPVDUUKDNR2Z3X","LV_Overland/Hogsmeade/LI_Hogsmeade/LI_Hogsmeade/Streets/LI_HM_Streets_EXT/SM_CobbleStreet_Block_C1165","AC588575-4EC8-5277-13EA-5CAF2A2FD3C8","excluded by OutlinerPathsToExclude entry 'LI_Hogsmeade'","DA_RENDER_Rules -> DL_RENDER","1","2054200","jprice","2026-09-02","0",""
"removed","SM_CobbleStreet_Block_C1166","StaticMeshActor","DL_RENDER DL_OVERLAND","DL_RENDER","/Game/__ExternalActors__/Levels/Overland/Hogsmeade/Streets/LI_HM_Streets_EXT/7/XE/YSF0TWMKUB58240FZOR7VU","LV_Overland/Hogsmeade/LI_Hogsmeade/LI_Hogsmeade/Streets/LI_HM_Streets_EXT/SM_CobbleStreet_Block_C1166","9110FC87-4B7A-F240-136E-90B15C8CC188","excluded by OutlinerPathsToExclude entry 'LI_Hogsmeade'","DA_RENDER_Rules -> DL_RENDER","1","2054200","jprice","2026-09-02","0",""
"removed","SM_CobbleStreet_Block_C1167","StaticMeshActor","DL_RENDER DL_OVERLAND","DL_RENDER","/Game/__ExternalActors__/Levels/Overland/Hogsmeade/Streets/LI_HM_Streets_EXT/E/IK/12GIXP85LA866PMD4M6A1M","LV_Overland/Hogsmeade/LI_Hogsmeade/LI_Hogsmeade/Streets/LI_HM_Streets_EXT/SM_CobbleStreet_Block_C1167","17D01459-45F8-03CD-B86B-0084598862B5","excluded by OutlinerPathsToExclude entry 'LI_Hogsmeade'","DA_RENDER_Rules -> DL_RENDER","1","2054200","jprice","2026-09-02","0",""
"removed","SM_CobbleStreet_Block_C1168","StaticMeshActor","DL_RENDER DL_OVERLAND","DL_RENDER","/Game/__ExternalActors__/Levels/Overland/Hogsmeade/Streets/LI_HM_Streets_EXT/2/G2/YCDJIP0GML8TS3GD3HSZ9O","LV_Overland/Hogsmeade/LI_Hogsmeade/LI_Hogsmeade/Streets/LI_HM_Streets_EXT/SM_CobbleStreet_Block_C1168","F86B2F9F-4EA1-0ACE-CF86-BCA23FF780C2","excluded by OutlinerPathsToExclude entry 'LI_Hogsmeade'","DA_RENDER_Rules -> DL_RENDER","1","2054200","jprice","2026-09-02","0",""
"removed","SM_CobbleStreet_Block_C1169","StaticMeshActor","DL_RENDER DL_OVERLAND","DL_RENDER","/Game/__ExternalActors__/Levels/Overland/Hogsmeade/Streets/LI_HM_Streets_EXT/9/1F/KNZXBJT9X032N3P79NBMIC","LV_Overland/Hogsmeade/LI_Hogsmeade/LI_Hogsmeade/Streets/LI_HM_Streets_EXT/SM_CobbleStreet_Block_C1169","9BD0BAE6-43FE-A5A9-5290-4782924D0CA6","excluded by OutlinerPathsToExclude entry 'LI_Hogsmeade'","DA_RENDER_Rules -> DL_RENDER","1","2054200","jprice","2026-09-02","0",""
"removed","SM_CobbleStreet_Block_C1170","StaticMeshActor","DL_RENDER DL_OVERLAND","DL_RENDER","/Game/__ExternalActors__/Levels/Overland/Hogsmeade/Streets/LI_HM_Streets_EXT/B/YE/Y9LODHYN0XWP611345WBKU","LV_Overland/Hogsmeade/LI_Hogsmeade/LI_Hogsmeade/Streets/LI_HM_Streets_EXT/SM_CobbleStreet_Block_C1170","16CDE050-4190-980F-0314-2588EEF8D930","excluded by OutlinerPathsToExclude entry 'LI_Hogsmeade'","DA_RENDER_Rules -> DL_RENDER","1","2054200","jprice","2026-09-02","0",""
"removed","SM_CobbleStreet_Block_C1171","StaticMeshActor","DL_RENDER DL_OVERLAND","DL_RENDER","/Game/__ExternalActors__/Levels/Overland/Hogsmeade/Streets/LI_HM_Streets_EXT/9/2G/B6K5I8H7LA2W0FB7B29BFI","LV_Overland/Hogsmeade/LI_Hogsmeade/LI_Hogsmeade/Streets/LI_HM_Streets_EXT/SM_CobbleStreet_Block_C1171","F9DB7431-4390-E7A7-9F71-2188D2557E73","excluded by OutlinerPathsToExclude entry 'LI_Hogsmeade'","DA_RENDER_Rules -> DL_RENDER","1","2054200","jprice","2026-09-02","0",""
"removed","SM_CobbleStreet_Block_C1172","StaticMeshActor","DL_RENDER DL_OVERLAND","DL_RENDER","/Game/__ExternalActors__/Levels/Overland/Hogsmeade/Streets/LI_HM_Streets_EXT/D/HK/Q735P7VG9DMNBSM14UASKJ","LV_Overland/Hogsmeade/LI_Hogsmeade/LI_Hogsmeade/Streets/LI_HM_Streets_EXT/SM_CobbleStreet_Block_C1172","B4400053-4BE1-5E12-A645-0DAD78C80059","excluded by OutlinerPathsToExclude entry 'LI_Hogsmeade'","DA_RENDER_Rules -> DL_RENDER","1","2054200","jprice","2026-09-02","0",""
"removed","SM_CobbleStreet_Block_C1173","StaticMeshActor","DL_RENDER DL_OVERLAND","DL_RENDER","/Game/__ExternalActors__/Levels/Overland/Hogsmeade/Streets/LI_HM_Streets_EXT/2/GP/L1ULW78LOCCWBF97MNHO84","LV_Overland/Hogsmeade/LI_Hogsmeade/LI_Hogsmeade/Streets/LI_HM_Streets_EXT/SM_CobbleStreet_Block_C1173","846A573E-4857-31DE-51A5-CFBDB8F504E6","excluded by OutlinerPathsToExclude entry 'LI_Hogsmeade'","DA_RENDER_Rules -> DL_RENDER","1","2054200","jprice","2026-09-02","0",""
"removed","SM_CobbleStreet_Block_C1174","StaticMeshActor","DL_RENDER DL_OVERLAND","DL_RENDER","/Game/__ExternalActors__/Levels/Overland/Hogsmeade/Streets/LI_HM_Streets_EXT/4/9A/SC14P7MUACJ3ITD4K379Q8","LV_Overland/Hogsmeade/LI_Hogsmeade/LI_Hogsmeade/Streets/LI_HM_Streets_EXT/SM_CobbleStreet_Block_C1174","A13E4F0A-4CA9-778E-0668-99BFF28F0228","excluded by OutlinerPathsToExclude entry 'LI_Hogsmeade'","DA_RENDER_Rules -> DL_RENDER","1","2054200","jprice","2026-09-02","0",""
"removed","SM_CobbleStreet_Block_C1175","StaticMeshActor","DL_RENDER DL_OVERLAND","DL_RENDER","/Game/__ExternalActors__/Levels/Overland/Hogsmeade/Streets/LI_HM_Streets_EXT/E/DD/7Q1B9TNO8G77Y15MYS3BQ7","LV_Overland/Hogsmeade/LI_Hogsmeade/LI_Hogsmeade/Streets/LI_HM_Streets_EXT/SM_CobbleStreet_Block_C1175","17FBB077-4174-A28E-1E74-C683606BBA5E","excluded by OutlinerPathsToExclude entry 'LI_Hogsmeade'","DA_RENDER_Rules -> DL_RENDER","1","2054200","jprice","2026-09-02","0",""
"removed","SM_CobbleStreet_Block_C1176","StaticMeshActor","DL_RENDER DL_OVERLAND","DL_RENDER","/Game/__ExternalActors__/Levels/Overland/Hogsmeade/Streets/LI_HM_Streets_EXT/9/DC/JUU2ZQ3A4L2653ISCUV3LL","LV_Overland/Hogsmeade/LI_Hogsmeade/LI_Hogsmeade/Streets/LI_HM_Streets_EXT/SM_CobbleStreet_Block_C1176","1794C08C-43F1-DEA5-523D-A8A3E54AD202","excluded by OutlinerPathsToExclude entry 'LI_Hogsmeade'","DA_RENDER_Rules -> DL_RENDER","1","2054200","jprice","2026-09-02","0",""
"removed","SM_CobbleStreet_Block_C1177","StaticMeshActor","DL_RENDER DL_OVERLAND","DL_RENDER","/Game/__ExternalActors__/Levels/Overland/Hogsmeade/Streets/LI_HM_Streets_EXT/E/HE/2EGPGXIE63JFE0LVCHCXMY","LV_Overland/Hogsmeade/LI_Hogsmeade/LI_Hogsmeade/Streets/LI_HM_Streets_EXT/SM_CobbleStreet_Block_C1177","3F11AA83-44C9-172E-8053-038CB137113E","excluded by OutlinerPathsToExclude entry 'LI_Hogsmeade'","DA_RENDER_Rules -> DL_RENDER","1","2054200","jprice","2026-09-02","0",""
"removed","SM_CobbleStreet_Block_C1178","StaticMeshActor","DL_RENDER DL_OVERLAND","DL_RENDER","/Game/__ExternalActors__/Levels/Overland/Hogsmeade/Streets/LI_HM_Streets_EXT/2/B0/8OWYFZXW8ONM8GO1J1H0IE","LV_Overland/Hogsmeade/LI_Hogsmeade/LI_Hogsmeade/Streets/LI_HM_Streets_EXT/SM_CobbleStreet_Block_C1178","4628A93D-4CE2-05AA-8788-1B85BC693DCF","excluded by OutlinerPathsToExclude entry 'LI_Hogsmeade'","DA_RENDER_Rules -> DL_RENDER","1","2054200","jprice","2026-09-02","0",""
"removed","SM_CobbleStreet_Block_C1179","StaticMeshActor","DL_RENDER DL_OVERLAND","DL_RENDER","/Game/__ExternalActors__/Levels/Overland/Hogsmeade/Streets/LI_HM_Streets_EXT/A/T2/XKTBO4THU3LT9Z3V5EDV86","LV_Overland/Hogsmeade/LI_Hogsmeade/LI_Hogsmeade/Streets/LI_HM_Streets_EXT/SM_CobbleStreet_Block_C1179","38B2A6A4-4432-86B8-0BD8-D8BFECAF1F07","excluded by OutlinerPathsToExclude entry 'LI_Hogsmeade'","DA_RENDER_Rules -> DL_RENDER","1","2054200","jprice","2026-09-02","0",""
"removed","SM_CobbleStreet_Block_C1180","StaticMeshActor","DL_RENDER DL_OVERLAND","DL_RENDER","/Game/__ExternalActors__/Levels/Overland/Hogsmeade/Streets/LI_HM_Streets_EXT/B/B3/NTJYO625YCXPWKM9I0W5BI","LV_Overland/Hogsmeade/LI_Hogsmeade/LI_Hogsmeade/Streets/LI_HM_Streets_EXT/SM_CobbleStreet_Block_C1180","A87A7F8C-43DA-9BED-2E8F-EABF2D437885","excluded by OutlinerPathsToExclude entry 'LI_Hogsmeade'","DA_RENDER_Rules -> DL_RENDER","1","2054200","jprice","2026-09-02","0",""
"removed","SM_CobbleStreet_Block_C1181","StaticMeshActor","DL_RENDER DL_OVERLAND","DL_RENDER","/Game/__ExternalActors__/Levels/Overland/Hogsmeade/Streets/LI_HM_Streets_EXT/1/WF/962FIQIQSOG3V7Q4D7E7FM","LV_Overland/Hogsmeade/LI_Hogsmeade/LI_Hogsmeade/Streets/LI_HM_Streets_EXT/SM_CobbleStreet_Block_C1181","F45D0536-423E-06AE-B410-EDA8A7D07804","excluded by OutlinerPathsToExclude entry 'LI_Hogsmeade'","DA_RENDER_Rules -> DL_RENDER","1","2054200","jprice","2026-09-02","0",""
"removed","SM_CobbleStreet_Block_C1182","StaticMeshActor","DL_RENDER DL_OVERLAND","DL_RENDER","/Game/__ExternalActors__/Levels/Overland/Hogsmeade/Streets/LI_HM_Streets_EXT/4/10/PL9HYVASQUIXCCA3CL6DY2","LV_Overland/Hogsmeade/LI_Hogsmeade/LI_Hogsmeade/Streets/LI_HM_Streets_EXT/SM_CobbleStreet_Block_C1182","655B0780-447D-1254-4EF5-6493DA2F0A59","excluded by OutlinerPathsToExclude entry 'LI_Hogsmeade'","DA_RENDER_Rules -> DL_RENDER","1","2054200","jprice","2026-09-02","0",""
"removed","SM_CobbleStreet_Block_C1183","StaticMeshActor","DL_RENDER DL_OVERLAND","DL_RENDER","/Game/__ExternalActors__/Levels/Overland/Hogsmeade/Streets/LI_HM_Streets_EXT/A/OJ/NT3TM14A6FI54F3NZD265E","LV_Overland/Hogsmeade/LI_Hogsmeade/LI_Hogsmeade/Streets/LI_HM_Streets_EXT/SM_CobbleStreet_Block_C1183","055F20D6-4720-466C-4F65-27AFDD2FC105","excluded by OutlinerPathsToExclude entry 'LI_Hogsmeade'","DA_RENDER_Rules -> DL_RENDER","1","2054200","jprice","2026-09-02","0",""
"removed","SM_CobbleStreet_Block_C1184","StaticMeshActor","DL_RENDER DL_OVERLAND","DL_RENDER","/Game/__ExternalActors__/Levels/Overland/Hogsmeade/Streets/LI_HM_Streets_EXT/3/4L/157XQ1D15X0218KTIZOT6X","LV_Overland/Hogsmeade/LI_Hogsmeade/LI_Hogsmeade/Streets/LI_HM_Streets_EXT/SM_CobbleStreet_Block_C1184","A39A0D14-43B1-3022-048A-48AFD6951A70","excluded by OutlinerPathsToExclude entry 'LI_Hogsmeade'","DA_RENDER_Rules -> DL_RENDER","1","2054200","jprice","2026-09-02","0",""
"removed","SM_CobbleStreet_Block_C1185","StaticMeshActor","DL_RENDER DL_OVERLAND","DL_RENDER","/Game/__ExternalActors__/Levels/Overland/Hogsmeade/Streets/LI_HM_Streets_EXT/5/QX/VJI5KDAYWWG3QVMNKZNDWF","LV_Overland/Hogsmeade/LI_Hogsmeade/LI_Hogsmeade/Streets/LI_HM_Streets_EXT/SM_CobbleStreet_Block_C1185","E8E74E4E-4B6E-B01D-17C8-96BA85F9E539","excluded by OutlinerPathsToExclude entry 'LI_Hogsmeade'","DA_RENDER_Rules -> DL_RENDER","1","2054200","jprice","2026-09-02","0",""
"removed","SM_CobbleStreet_Block_C1186","StaticMeshActor","DL_RENDER DL_OVERLAND","DL_RENDER","/Game/__ExternalActors__/Levels/Overland/Hogsmeade/Streets/LI_HM_Streets_EXT/1/2X/VBKWEICF2MAPRSMZ30EC6K","LV_Overland/Hogsmeade/LI_Hogsmeade/LI_Hogsmeade/Streets/LI_HM_Streets_EXT/SM_CobbleStreet_Block_C1186","842377AE-4DAE-72CB-2048-79B24CCF9729","excluded by OutlinerPathsToExclude entry 'LI_Hogsmeade'","DA_RENDER_Rules -> DL_RENDER","1","2054200","jprice","2026-09-02","0",""
"removed","SM_CobbleStreet_Block_C1187","StaticMeshActor","DL_RENDER DL_OVERLAND","DL_RENDER","/Game/__ExternalActors__/Levels/Overland/Hogsmeade/Streets/LI_HM_Streets_EXT/C/K5/BSGD7LUZTYRGXM521C7HSW","LV_Overland/Hogsmeade/LI_Hogsmeade/LI_Hogsmeade/Streets/LI_HM_Streets_EXT/SM_CobbleStreet_Block_C1187","3F2DA3B6-4274-CDA9-DD2C-28A5DBD147A1","excluded by OutlinerPathsToExclude entry 'LI_Hogsmeade'","DA_RENDER_Rules -> DL_RENDER","1","2054200","jprice","2026-09-02","0",""
"removed","SM_CobbleStreet_Block_C1188","StaticMeshActor","DL_RENDER DL_OVERLAND","DL_RENDER","/Game/__ExternalActors__/Levels/Overland/Hogsmeade/Streets/LI_HM_Streets_EXT/2/JD/1D2977U4YC3GUM8L3W7YHL","LV_Overland/Hogsmeade/LI_Hogsmeade/LI_Hogsmeade/Streets/LI_HM_Streets_EXT/SM_CobbleStreet_Block_C1188","556CE056-4904-C7D3-6596-EAAD371A52D9","excluded by OutlinerPathsToExclude entry 'LI_Hogsmeade'","DA_RENDER_Rules -> DL_RENDER","1","2054200","jprice","2026-09-02","0",""
"removed","SM_CobbleStreet_Block_C1189","StaticMeshActor","DL_RENDER DL_OVERLAND","DL_RENDER","/Game/__ExternalActors__/Levels/Overland/Hogsmeade/Streets/LI_HM_Streets_EXT/8/P4/HXBKJQDT11RF1CUEQX2BCX","LV_Overland/Hogsmeade/LI_Hogsmeade/LI_Hogsmeade/Streets/LI_HM_Streets_EXT/SM_CobbleStreet_Block_C1189","5529F9B9-4F11-10DF-5796-E4ACA458C387","excluded by OutlinerPathsToExclude entry 'LI_Hogsmeade'","DA_RENDER_Rules -> DL_RENDER","1","2054200","jprice","2026-09-02","0",""
"removed","SM_CobbleStreet_Block_C1190","StaticMeshActor","DL_RENDER DL_OVERLAND","DL_RENDER","/Game/__ExternalActors__/Levels/Overland/Hogsmeade/Streets/LI_HM_Streets_EXT/A/PT/YGDBFHDOJQQA3F10SUQOE4","LV_Overland/Hogsmeade/LI_Hogsmeade/LI_Hogsmeade/Streets/LI_HM_Streets_EXT/SM_CobbleStreet_Block_C1190","732F91A1-4BEE-238D-73E6-F6805D51B525","excluded by OutlinerPathsToExclude entry 'LI_Hogsmeade'","DA_RENDER_Rules -> DL_RENDER","1","2054200","jprice","2026-09-02","0",""
"removed","SM_CobbleStreet_Block_C1191","StaticMeshActor","DL_RENDER DL_OVERLAND","DL_RENDER","/Game/__ExternalActors__/Levels/Overland/Hogsmeade/Streets/LI_HM_Streets_EXT/7/AL/Q2AZ2FAB3LER92VCYAAV46","LV_Overland/Hogsmeade/LI_Hogsmeade/LI_Hogsmeade/Streets/LI_HM_Streets_EXT/SM_CobbleStreet_Block_C1191","2D1EB2FC-4578-441F-14A9-8D9790BEA707","excluded by OutlinerPathsToExclude entry 'LI_Hogsmeade'","DA_RENDER_Rules -> DL_RENDER","1","2054200","jprice","2026-09-02","0",""
"removed","SM_CobbleStreet_Block_C1192","StaticMeshActor","DL_RENDER DL_OVERLAND","DL_RENDER","/Game/__ExternalActors__/Levels/Overland/Hogsmeade/Streets/LI_HM_Streets_EXT/6/PE/L32LNK9TP12RY7S2VF3ZX6","LV_Overland/Hogsmeade/LI_Hogsmeade/LI_Hogsmeade/Streets/LI_HM_Streets_EXT/SM_CobbleStreet_Block_C1192","44C40A8A-43EF-A2CB-3D25-069AAA6B31F8","excluded by OutlinerPathsToExclude entry 'LI_Hogsmeade'","DA_RENDER_Rules -> DL_RENDER","1","2072097","jprice","2026-09-15","0",""
"removed","SM_CobbleStreet_Block_C1193","StaticMeshActor","DL_RENDER DL_OVERLAND","DL_RENDER","/Game/__ExternalActors__/Levels/Overland/Hogsmeade/Streets/LI_HM_Streets_EXT/B/CD/N7KC9DTIPT910HZ19LIXZB","LV_Overland/Hogsmeade/LI_Hogsmeade/LI_Hogsmeade/Streets/LI_HM_Streets_EXT/SM_CobbleStreet_Block_C1193","0091401E-40D0-D5B0-0A00-8C8364993A8A","excluded by OutlinerPathsToExclude entry 'LI_Hogsmeade'","DA_RENDER_Rules -> DL_RENDER","1","2072097","jprice","2026-09-15","0",""
"removed","SM_CobbleStreet_Block_C1194","StaticMeshActor","DL_RENDER DL_OVERLAND","DL_RENDER","/Game/__ExternalActors__/Levels/Overland/Hogsmeade/Streets/LI_HM_Streets_EXT/D/9C/07CWZSY1QY7GIS3TIEBZB7","LV_Overland/Hogsmeade/LI_Hogsmeade/LI_Hogsmeade/Streets/LI_HM_Streets_EXT/SM_CobbleStreet_Block_C1194","75AEADF2-4C82-9FB1-87F6-2C88C5F2725E","excluded by OutlinerPathsToExclude entry 'LI_Hogsmeade'","DA_RENDER_Rules -> DL_RENDER","1","2072097","jprice","2026-09-15","0",""
"removed","SM_CobbleStreet_Block_C1195","StaticMeshActor","DL_RENDER DL_OVERLAND","DL_RENDER","/Game/__ExternalActors__/Levels/Overland/Hogsmeade/Streets/LI_HM_Streets_EXT/2/R6/ZM7EDEB4WSRMTROYJIGUK8","LV_Overland/Hogsmeade/LI_Hogsmeade/LI_Hogsmeade/Streets/LI_HM_Streets_EXT/SM_CobbleStreet_Block_C1195","08A18481-4B3B-4506-FBB5-2F9BDBE1950F","excluded by OutlinerPathsToExclude entry 'LI_Hogsmeade'","DA_RENDER_Rules -> DL_RENDER","1","2072097","jprice","2026-09-15","0",""
"removed","SM_CobbleStreet_Block_C1196","StaticMeshActor","DL_RENDER DL_OVERLAND","DL_RENDER","/Game/__ExternalActors__/Levels/Overland/Hogsmeade/Streets/LI_HM_Streets_EXT/3/XM/AH4O47AJR4J06HW5WDVEEM","LV_Overland/Hogsmeade/LI_Hogsmeade/LI_Hogsmeade/Streets/LI_HM_Streets_EXT/SM_CobbleStreet_Block_C1196","407D496A-4EB8-DF94-FD7B-3FA541FAF19E","excluded by OutlinerPathsToExclude entry 'LI_Hogsmeade'","DA_RENDER_Rules -> DL_RENDER","1","2072097","jprice","2026-09-15","0",""
"removed","SM_CobbleStreet_Block_C1197","StaticMeshActor","DL_RENDER DL_OVERLAND","DL_RENDER","/Game/__ExternalActors__/Levels/Overland/Hogsmeade/Streets/LI_HM_Streets_EXT/C/B9/C4D8XQV1ZCSLYAVMTTCCQA","LV_Overland/Hogsmeade/LI_Hogsmeade/LI_Hogsmeade/Streets/LI_HM_Streets_EXT/SM_CobbleStreet_Block_C1197","048A9E5D-4B92-2ADC-D09F-69AF4528B75E","excluded by OutlinerPathsToExclude entry 'LI_Hogsmeade'","DA_RENDER_Rules -> DL_RENDER","1","2054200","jprice","2026-09-02","0",""
"removed","SM_CobbleStreet_Block_C1198","StaticMeshActor","DL_RENDER DL_OVERLAND","DL_RENDER","/Game/__ExternalActors__/Levels/Overland/Hogsmeade/Streets/LI_HM_Streets_EXT/C/6I/UMEHNZUOH3NRY3X8AO5FFY","LV_Overland/Hogsmeade/LI_Hogsmeade/LI_Hogsmeade/Streets/LI_HM_Streets_EXT/SM_CobbleStreet_Block_C1198","BFADA078-453C-9C76-58F6-258820BAB610","excluded by OutlinerPathsToExclude entry 'LI_Hogsmeade'","DA_RENDER_Rules -> DL_RENDER","1","2054200","jprice","2026-09-02","0",""
"removed","SM_CobbleStreet_Block_C1199","StaticMeshActor","DL_RENDER DL_OVERLAND","DL_RENDER","/Game/__ExternalActors__/Levels/Overland/Hogsmeade/Streets/LI_HM_Streets_EXT/6/3L/IOJQ8QXTMIFQHS4DO0DYTV","LV_Overland/Hogsmeade/LI_Hogsmeade/LI_Hogsmeade/Streets/LI_HM_Streets_EXT/SM_CobbleStreet_Block_C1199","FBF18DBD-4E3D-B836-88C7-C8A4FEBBB017","excluded by OutlinerPathsToExclude entry 'LI_Hogsmeade'","DA_RENDER_Rules -> DL_RENDER","1","2054200","jprice","2026-09-02","0",""
"removed","SM_CobbleStreet_Block_C1200","StaticMeshActor","DL_RENDER DL_OVERLAND","DL_RENDER","/Game/__ExternalActors__/Levels/Overland/Hogsmeade/Streets/LI_HM_Streets_EXT/0/DA/OGJA1522D3ARAZSQJDBKVA","LV_Overland/Hogsmeade/LI_Hogsmeade/LI_Hogsmeade/Streets/LI_HM_Streets_EXT/SM_CobbleStreet_Block_C1200","F5C2A584-4C9C-10CA-98B3-EE85FCA6C4E6","excluded by OutlinerPathsToExclude entry 'LI_Hogsmeade'","DA_RENDER_Rules -> DL_RENDER","1","2054200","jprice","2026-09-02","0",""
"removed","SM_CobbleStreet_Block_C1201","StaticMeshActor","DL_RENDER DL_OVERLAND","DL_RENDER","/Game/__ExternalActors__/Levels/Overland/Hogsmeade/Streets/LI_HM_Streets_EXT/8/5P/W9M3K7RQCN7GWT515LALBX","LV_Overland/Hogsmeade/LI_Hogsmeade/LI_Hogsmeade/Streets/LI_HM_Streets_EXT/SM_CobbleStreet_Block_C1201","CC18AE78-4B09-E0C4-B014-058E41315D5C","excluded by OutlinerPathsToExclude entry 'LI_Hogsmeade'","DA_RENDER_Rules -> DL_RENDER","1","2054200","jprice","2026-09-02","0",""
"removed","SM_CobbleStreet_Block_C1202","StaticMeshActor","DL_RENDER DL_OVERLAND","DL_RENDER","/Game/__ExternalActors__/Levels/Overland/Hogsmeade/Streets/LI_HM_Streets_EXT/2/YH/HWC056GGRGZ9Q74W9FVVQI","LV_Overland/Hogsmeade/LI_Hogsmeade/LI_Hogsmeade/Streets/LI_HM_Streets_EXT/SM_CobbleStreet_Block_C1202","FC8818FF-4950-A326-CEC9-BFBB22D7E793","excluded by OutlinerPathsToExclude entry 'LI_Hogsmeade'","DA_RENDER_Rules -> DL_RENDER","1","2054200","jprice","2026-09-02","0",""
"removed","SM_CobbleStreet_Block_C1203","StaticMeshActor","DL_RENDER DL_OVERLAND","DL_RENDER","/Game/__ExternalActors__/Levels/Overland/Hogsmeade/Streets/LI_HM_Streets_EXT/5/ZT/XXULTK4RJW3HU3B5N5QWJ3","LV_Overland/Hogsmeade/LI_Hogsmeade/LI_Hogsmeade/Streets/LI_HM_Streets_EXT/SM_CobbleStreet_Block_C1203","9832CA71-4035-2555-CCE5-BABD4B669EE3","excluded by OutlinerPathsToExclude entry 'LI_Hogsmeade'","DA_RENDER_Rules -> DL_RENDER","1","2054200","jprice","2026-09-02","0",""
"removed","SM_CobbleStreet_Block_C1204","StaticMeshActor","DL_RENDER DL_OVERLAND","DL_RENDER","/Game/__ExternalActors__/Levels/Overland/Hogsmeade/Streets/LI_HM_Streets_EXT/1/4R/R30JZ9NHNGLQ0KVOF5FGUJ","LV_Overland/Hogsmeade/LI_Hogsmeade/LI_Hogsmeade/Streets/LI_HM_Streets_EXT/SM_CobbleStreet_Block_C1204","F45FA773-4659-5FEA-CE5A-F7ADEDD4C0FF","excluded by OutlinerPathsToExclude entry 'LI_Hogsmeade'","DA_RENDER_Rules -> DL_RENDER","1","2054200","jprice","2026-09-02","0",""
"removed","SM_CobbleStreet_Block_C1205","StaticMeshActor","DL_RENDER DL_OVERLAND","DL_RENDER","/Game/__ExternalActors__/Levels/Overland/Hogsmeade/Streets/LI_HM_Streets_EXT/A/M1/863BC7DH2SEM3QJTXQWXKK","LV_Overland/Hogsmeade/LI_Hogsmeade/LI_Hogsmeade/Streets/LI_HM_Streets_EXT/SM_CobbleStreet_Block_C1205","78A1F56A-4B09-B3FD-8B7A-C2AF81385694","excluded by OutlinerPathsToExclude entry 'LI_Hogsmeade'","DA_RENDER_Rules -> DL_RENDER","1","2054200","jprice","2026-09-02","0",""
"removed","SM_CobbleStreet_Block_C1206","StaticMeshActor","DL_RENDER DL_OVERLAND","DL_RENDER","/Game/__ExternalActors__/Levels/Overland/Hogsmeade/Streets/LI_HM_Streets_EXT/2/UV/8LBGGF7C7WSRRWAJK8IKVG","LV_Overland/Hogsmeade/LI_Hogsmeade/LI_Hogsmeade/Streets/LI_HM_Streets_EXT/SM_CobbleStreet_Block_C1206","27AACF48-4771-93C3-2237-5D9791B2F4BB","excluded by OutlinerPathsToExclude entry 'LI_Hogsmeade'","DA_RENDER_Rules -> DL_RENDER","1","2054200","jprice","2026-09-02","0",""
"removed","SM_CobbleStreet_Block_C1207","StaticMeshActor","DL_RENDER DL_OVERLAND","DL_RENDER","/Game/__ExternalActors__/Levels/Overland/Hogsmeade/Streets/LI_HM_Streets_EXT/D/Y3/0ROH34E4PZC0OP0VNJAXGE","LV_Overland/Hogsmeade/LI_Hogsmeade/LI_Hogsmeade/Streets/LI_HM_Streets_EXT/SM_CobbleStreet_Block_C1207","F852F012-437F-407F-6837-D0B77B7E143B","excluded by OutlinerPathsToExclude entry 'LI_Hogsmeade'","DA_RENDER_Rules -> DL_RENDER","1","2054200","jprice","2026-09-02","0",""
"removed","SM_CobbleStreet_Block_C1208","StaticMeshActor","DL_RENDER DL_OVERLAND","DL_RENDER","/Game/__ExternalActors__/Levels/Overland/Hogsmeade/Streets/LI_HM_Streets_EXT/5/1K/3S0RO3X5QU4FT4OPQ9H1I8","LV_Overland/Hogsmeade/LI_Hogsmeade/LI_Hogsmeade/Streets/LI_HM_Streets_EXT/SM_CobbleStreet_Block_C1208","45C41184-4152-890B-03D5-089A95347D44","excluded by OutlinerPathsToExclude entry 'LI_Hogsmeade'","DA_RENDER_Rules -> DL_RENDER","1","2054200","jprice","2026-09-02","0",""
"removed","SM_CobbleStreet_Block_C1209","StaticMeshActor","DL_RENDER DL_OVERLAND","DL_RENDER","/Game/__ExternalActors__/Levels/Overland/Hogsmeade/Streets/LI_HM_Streets_EXT/3/8D/4WXQYCIDI3ZIH21WFFJ59V","LV_Overland/Hogsmeade/LI_Hogsmeade/LI_Hogsmeade/Streets/LI_HM_Streets_EXT/SM_CobbleStreet_Block_C1209","201AD0F8-4180-9852-3A39-D38A7AEC85E6","excluded by OutlinerPathsToExclude entry 'LI_Hogsmeade'","DA_RENDER_Rules -> DL_RENDER","1","2054200","jprice","2026-09-02","0",""
"removed","SM_CobbleStreet_Block_C1210","StaticMeshActor","DL_RENDER DL_OVERLAND","DL_RENDER","/Game/__ExternalActors__/Levels/Overland/Hogsmeade/Streets/LI_HM_Streets_EXT/7/VB/95V71HQLIL6IT1FSQQIU8J","LV_Overland/Hogsmeade/LI_Hogsmeade/LI_Hogsmeade/Streets/LI_HM_Streets_EXT/SM_CobbleStreet_Block_C1210","FDD17C0F-4572-7191-BFDC-2BB4E532E537","excluded by OutlinerPathsToExclude entry 'LI_Hogsmeade'","DA_RENDER_Rules -> DL_RENDER","1","2054200","jprice","2026-09-02","0",""
"removed","SM_CobbleStreet_Block_C1211","StaticMeshActor","DL_RENDER DL_OVERLAND","DL_RENDER","/Game/__ExternalActors__/Levels/Overland/Hogsmeade/Streets/LI_HM_Streets_EXT/9/CO/AY3EOILQZY48HH2JGA93WO","LV_Overland/Hogsmeade/LI_Hogsmeade/LI_Hogsmeade/Streets/LI_HM_Streets_EXT/SM_CobbleStreet_Block_C1211","FBF1CFF8-4DB6-118C-FC90-8BBD07F1B03D","excluded by OutlinerPathsToExclude entry 'LI_Hogsmeade'","DA_RENDER_Rules -> DL_RENDER","1","2054200","jprice","2026-09-02","0",""
"removed","SM_CobbleStreet_Block_C1212","StaticMeshActor","DL_RENDER DL_OVERLAND","DL_RENDER","/Game/__ExternalActors__/Levels/Overland/Hogsmeade/Streets/LI_HM_Streets_EXT/5/FI/2J5S4NQ8MZW5HCWLP280T5","LV_Overland/Hogsmeade/LI_Hogsmeade/LI_Hogsmeade/Streets/LI_HM_Streets_EXT/SM_CobbleStreet_Block_C1212","2F724436-40AD-FDDE-F971-FF872E6E67EF","excluded by OutlinerPathsToExclude entry 'LI_Hogsmeade'","DA_RENDER_Rules -> DL_RENDER","1","2054200","jprice","2026-09-02","0",""
"removed","SM_CobbleStreet_Block_C1213","StaticMeshActor","DL_RENDER DL_OVERLAND","DL_RENDER","/Game/__ExternalActors__/Levels/Overland/Hogsmeade/Streets/LI_HM_Streets_EXT/D/QT/OWOKDQMJD5K8TOLUBX0E85","LV_Overland/Hogsmeade/LI_Hogsmeade/LI_Hogsmeade/Streets/LI_HM_Streets_EXT/SM_CobbleStreet_Block_C1213","5260D245-4A19-63C4-9AD9-168453D40283","excluded by OutlinerPathsToExclude entry 'LI_Hogsmeade'","DA_RENDER_Rules -> DL_RENDER","1","2054200","jprice","2026-09-02","0",""
"removed","SM_CobbleStreet_Block_C1214","StaticMeshActor","DL_RENDER DL_OVERLAND","DL_RENDER","/Game/__ExternalActors__/Levels/Overland/Hogsmeade/Streets/LI_HM_Streets_EXT/2/4R/4KXCXRQGCZ14ZJ0CJL4M8H","LV_Overland/Hogsmeade/LI_Hogsmeade/LI_Hogsmeade/Streets/LI_HM_Streets_EXT/SM_CobbleStreet_Block_C1214","8013F342-4C5F-ECF5-4DB1-7780B1BFAD0D","excluded by OutlinerPathsToExclude entry 'LI_Hogsmeade'","DA_RENDER_Rules -> DL_RENDER","1","2054200","jprice","2026-09-02","0",""
"removed","SM_CobbleStreet_Block_C1215","StaticMeshActor","DL_RENDER DL_OVERLAND","DL_RENDER","/Game/__ExternalActors__/Levels/Overland/Hogsmeade/Streets/LI_HM_Streets_EXT/E/XD/BLNEED27R8RQ1ZBZ09G19A","LV_Overland/Hogsmeade/LI_Hogsmeade/LI_Hogsmeade/Streets/LI_HM_Streets_EXT/SM_CobbleStreet_Block_C1215","A7A7CD3F-40E3-C97D-8A83-7DB292659065","excluded by OutlinerPathsToExclude entry 'LI_Hogsmeade'","DA_RENDER_Rules -> DL_RENDER","1","2054200","jprice","2026-09-02","0",""
"removed","SM_CobbleStreet_Block_C1216","StaticMeshActor","DL_RENDER DL_OVERLAND","DL_RENDER","/Game/__ExternalActors__/Levels/Overland/Hogsmeade/Streets/LI_HM_Streets_EXT/B/VH/G59ST3WIRHM46GVG2VXD89","LV_Overland/Hogsmeade/LI_Hogsmeade/LI_Hogsmeade/Streets/LI_HM_Streets_EXT/SM_CobbleStreet_Block_C1216","DECC2DE8-466F-08A5-76EF-F4B7F75E7163","excluded by OutlinerPathsToExclude entry 'LI_Hogsmeade'","DA_RENDER_Rules -> DL_RENDER","1","2054200","jprice","2026-09-02","0",""
"removed","SM_CobbleStreet_Block_C1217","StaticMeshActor","DL_RENDER DL_OVERLAND","DL_RENDER","/Game/__ExternalActors__/Levels/Overland/Hogsmeade/Streets/LI_HM_Streets_EXT/C/B2/M6HM2UGK84PAKUN15LZZKS","LV_Overland/Hogsmeade/LI_Hogsmeade/LI_Hogsmeade/Streets/LI_HM_Streets_EXT/SM_CobbleStreet_Block_C1217","5473C77E-4CE4-0DC9-A93B-D1B3849438F8","excluded by OutlinerPathsToExclude entry 'LI_Hogsmeade'","DA_RENDER_Rules -> DL_RENDER","1","2054200","jprice","2026-09-02","0",""
"removed","SM_CobbleStreet_Block_C1218","StaticMeshActor","DL_RENDER DL_OVERLAND","DL_RENDER","/Game/__ExternalActors__/Levels/Overland/Hogsmeade/Streets/LI_HM_Streets_EXT/D/2L/OQDIRNKTLY48B9FTPDP4HF","LV_Overland/Hogsmeade/LI_Hogsmeade/LI_Hogsmeade/Streets/LI_HM_Streets_EXT/SM_CobbleStreet_Block_C1218","F9F03F56-4418-FC00-8D2C-D8A6E3F15C67","excluded by OutlinerPathsToExclude entry 'LI_Hogsmeade'","DA_RENDER_Rules -> DL_RENDER","1","2054200","jprice","2026-09-02","0",""
"removed","SM_CobbleStreet_Block_C1219","StaticMeshActor","DL_RENDER DL_OVERLAND","DL_RENDER","/Game/__ExternalActors__/Levels/Overland/Hogsmeade/Streets/LI_HM_Streets_EXT/C/NW/FYPDJQXFIC8RX8D4H4P2J7","LV_Overland/Hogsmeade/LI_Hogsmeade/LI_Hogsmeade/Streets/LI_HM_Streets_EXT/SM_CobbleStreet_Block_C1219","6B7EB253-4FC6-651D-763E-2BAC5B084F9D","excluded by OutlinerPathsToExclude entry 'LI_Hogsmeade'","DA_RENDER_Rules -> DL_RENDER","1","2054200","jprice","2026-09-02","0",""
"removed","SM_CobbleStreet_Block_C1220","StaticMeshActor","DL_RENDER DL_OVERLAND","DL_RENDER","/Game/__ExternalActors__/Levels/Overland/Hogsmeade/Streets/LI_HM_Streets_EXT/A/IO/53QAR0FVY6W7WIWCIDAOV8","LV_Overland/Hogsmeade/LI_Hogsmeade/LI_Hogsmeade/Streets/LI_HM_Streets_EXT/SM_CobbleStreet_Block_C1220","74EDAFE6-41B4-2932-2287-C390520F7A6E","excluded by OutlinerPathsToExclude entry 'LI_Hogsmeade'","DA_RENDER_Rules -> DL_RENDER","1","2054200","jprice","2026-09-02","0",""
"removed","SM_CobbleStreet_Block_C1221","StaticMeshActor","DL_RENDER DL_OVERLAND","DL_RENDER","/Game/__ExternalActors__/Levels/Overland/Hogsmeade/Streets/LI_HM_Streets_EXT/5/1F/ZD9363GVJCI0PN6XQ9R15O","LV_Overland/Hogsmeade/LI_Hogsmeade/LI_Hogsmeade/Streets/LI_HM_Streets_EXT/SM_CobbleStreet_Block_C1221","E0A01824-4715-205A-98C6-649E6297C26D","excluded by OutlinerPathsToExclude entry 'LI_Hogsmeade'","DA_RENDER_Rules -> DL_RENDER","1","2054200","jprice","2026-09-02","0",""
"removed","SM_CobbleStreet_Block_C1222","StaticMeshActor","DL_RENDER DL_OVERLAND","DL_RENDER","/Game/__ExternalActors__/Levels/Overland/Hogsmeade/Streets/LI_HM_Streets_EXT/2/8L/6OXDYVVPEIEXAER07WMT4G","LV_Overland/Hogsmeade/LI_Hogsmeade/LI_Hogsmeade/Streets/LI_HM_Streets_EXT/SM_CobbleStreet_Block_C1222","2590B6BD-46A8-C93B-AC87-73BA6782452D","excluded by OutlinerPathsToExclude entry 'LI_Hogsmeade'","DA_RENDER_Rules -> DL_RENDER","1","2054200","jprice","2026-09-02","0",""
"removed","SM_CobbleStreet_Block_C1223","StaticMeshActor","DL_RENDER DL_OVERLAND","DL_RENDER","/Game/__ExternalActors__/Levels/Overland/Hogsmeade/Streets/LI_HM_Streets_EXT/6/HN/UFVSW5PRI8KQYY8KA3EWDS","LV_Overland/Hogsmeade/LI_Hogsmeade/LI_Hogsmeade/Streets/LI_HM_Streets_EXT/SM_CobbleStreet_Block_C1223","7D6AD8A8-4485-9B15-9AE8-D8AF7996D69F","excluded by OutlinerPathsToExclude entry 'LI_Hogsmeade'","DA_RENDER_Rules -> DL_RENDER","1","2054200","jprice","2026-09-02","0",""
"removed","SM_CobbleStreet_Block_C1224","StaticMeshActor","DL_RENDER DL_OVERLAND","DL_RENDER","/Game/__ExternalActors__/Levels/Overland/Hogsmeade/Streets/LI_HM_Streets_EXT/4/H8/8T45XNAEAD26J9JS2IU3OM","LV_Overland/Hogsmeade/LI_Hogsmeade/LI_Hogsmeade/Streets/LI_HM_Streets_EXT/SM_CobbleStreet_Block_C1224","A21DDF28-48F1-89BE-5F2B-EA94DBC668F6","excluded by OutlinerPathsToExclude entry 'LI_Hogsmeade'","DA_RENDER_Rules -> DL_RENDER","1","2054200","jprice","2026-09-02","0",""
"removed","SM_CobbleStreet_Block_C1225","StaticMeshActor","DL_RENDER DL_OVERLAND","DL_RENDER","/Game/__ExternalActors__/Levels/Overland/Hogsmeade/Streets/LI_HM_Streets_EXT/9/CE/VPUDIHE4H6CYGM3QUPDGJJ","LV_Overland/Hogsmeade/LI_Hogsmeade/LI_Hogsmeade/Streets/LI_HM_Streets_EXT/SM_CobbleStreet_Block_C1225","067AE57A-4FCB-AFE9-01E1-B6882A572AB7","excluded by OutlinerPathsToExclude entry 'LI_Hogsmeade'","DA_RENDER_Rules -> DL_RENDER","1","2054200","jprice","2026-09-02","0",""
"removed","SM_CobbleStreet_Block_C1226","StaticMeshActor","DL_RENDER DL_OVERLAND","DL_RENDER","/Game/__ExternalActors__/Levels/Overland/Hogsmeade/Streets/LI_HM_Streets_EXT/5/CK/P3HJV9K70RU7F1N2G0N6SV","LV_Overland/Hogsmeade/LI_Hogsmeade/LI_Hogsmeade/Streets/LI_HM_Streets_EXT/SM_CobbleStreet_Block_C1226","DCA8F73B-45D6-30A3-D80E-7388FF5AC69B","excluded by OutlinerPathsToExclude entry 'LI_Hogsmeade'","DA_RENDER_Rules -> DL_RENDER","1","2054200","jprice","2026-09-02","0",""
"removed","SM_CobbleStreet_Block_C1227","StaticMeshActor","DL_RENDER DL_OVERLAND","DL_RENDER","/Game/__ExternalActors__/Levels/Overland/Hogsmeade/Streets/LI_HM_Streets_EXT/A/3Q/PHMWOS3PNZZNNT42KZ8ZHN","LV_Overland/Hogsmeade/LI_Hogsmeade/LI_Hogsmeade/Streets/LI_HM_Streets_EXT/SM_CobbleStreet_Block_C1227","D8603662-4300-F90F-C987-40A759059BBC","excluded by OutlinerPathsToExclude entry 'LI_Hogsmeade'","DA_RENDER_Rules -> DL_RENDER","1","2054200","jprice","2026-09-02","0",""
"removed","SM_CobbleStreet_Block_C1228","StaticMeshActor","DL_RENDER DL_OVERLAND","DL_RENDER","/Game/__ExternalActors__/Levels/Overland/Hogsmeade/Streets/LI_HM_Streets_EXT/E/G7/XKQQ2OY2YHQUUX25OB3WFB","LV_Overland/Hogsmeade/LI_Hogsmeade/LI_Hogsmeade/Streets/LI_HM_Streets_EXT/SM_CobbleStreet_Block_C1228","9BBE0677-4A71-14F9-AB24-3B8109BD04FE","excluded by OutlinerPathsToExclude entry 'LI_Hogsmeade'","DA_RENDER_Rules -> DL_RENDER","1","2054200","jprice","2026-09-02","0",""
"removed","SM_CobbleStreet_Block_C1229","StaticMeshActor","DL_RENDER DL_OVERLAND","DL_RENDER","/Game/__ExternalActors__/Levels/Overland/Hogsmeade/Streets/LI_HM_Streets_EXT/E/BC/WQKJFK8VDWL4RQKT1G2YJQ","LV_Overland/Hogsmeade/LI_Hogsmeade/LI_Hogsmeade/Streets/LI_HM_Streets_EXT/SM_CobbleStreet_Block_C1229","14728AEB-44DC-7F76-6551-9CA0EB7D2D6A","excluded by OutlinerPathsToExclude entry 'LI_Hogsmeade'","DA_RENDER_Rules -> DL_RENDER","1","2054200","jprice","2026-09-02","0",""
"removed","SM_CobbleStreet_Block_C1230","StaticMeshActor","DL_RENDER DL_OVERLAND","DL_RENDER","/Game/__ExternalActors__/Levels/Overland/Hogsmeade/Streets/LI_HM_Streets_EXT/E/OF/5VPHWM9779D54SA866R01C","LV_Overland/Hogsmeade/LI_Hogsmeade/LI_Hogsmeade/Streets/LI_HM_Streets_EXT/SM_CobbleStreet_Block_C1230","4876CA9A-43E1-11ED-31E8-3C8FEE9423CE","excluded by OutlinerPathsToExclude entry 'LI_Hogsmeade'","DA_RENDER_Rules -> DL_RENDER","1","2054200","jprice","2026-09-02","0",""
"removed","SM_CobbleStreet_Block_C1231","StaticMeshActor","DL_RENDER DL_OVERLAND","DL_RENDER","/Game/__ExternalActors__/Levels/Overland/Hogsmeade/Streets/LI_HM_Streets_EXT/0/QP/0SAP86NDPIHT4JUGNVAUB3","LV_Overland/Hogsmeade/LI_Hogsmeade/LI_Hogsmeade/Streets/LI_HM_Streets_EXT/SM_CobbleStreet_Block_C1231","58C1654C-4723-AAEA-D672-F3AB3BF5C1AE","excluded by OutlinerPathsToExclude entry 'LI_Hogsmeade'","DA_RENDER_Rules -> DL_RENDER","1","2054200","jprice","2026-09-02","0",""
"removed","SM_CobbleStreet_Block_C1232","StaticMeshActor","DL_RENDER DL_OVERLAND","DL_RENDER","/Game/__ExternalActors__/Levels/Overland/Hogsmeade/Streets/LI_HM_Streets_EXT/3/GV/NLLSINXHMQEZ52WDEDWUVM","LV_Overland/Hogsmeade/LI_Hogsmeade/LI_Hogsmeade/Streets/LI_HM_Streets_EXT/SM_CobbleStreet_Block_C1232","64D30DE9-42BA-9A2E-AA1E-2A87762FD29E","excluded by OutlinerPathsToExclude entry 'LI_Hogsmeade'","DA_RENDER_Rules -> DL_RENDER","1","2054200","jprice","2026-09-02","0",""
"removed","SM_CobbleStreet_Block_C1233","StaticMeshActor","DL_RENDER DL_OVERLAND","DL_RENDER","/Game/__ExternalActors__/Levels/Overland/Hogsmeade/Streets/LI_HM_Streets_EXT/C/CI/VBE627NFBBMHLZBROJ128P","LV_Overland/Hogsmeade/LI_Hogsmeade/LI_Hogsmeade/Streets/LI_HM_Streets_EXT/SM_CobbleStreet_Block_C1233","EE3D8655-4953-43DA-7A6F-33ABB6C514BA","excluded by OutlinerPathsToExclude entry 'LI_Hogsmeade'","DA_RENDER_Rules -> DL_RENDER","1","2054200","jprice","2026-09-02","0",""
"removed","SM_CobbleStreet_Block_C1234","StaticMeshActor","DL_RENDER DL_OVERLAND","DL_RENDER","/Game/__ExternalActors__/Levels/Overland/Hogsmeade/Streets/LI_HM_Streets_EXT/B/1U/FOQJWD4NMWRLY9XZWWCSE2","LV_Overland/Hogsmeade/LI_Hogsmeade/LI_Hogsmeade/Streets/LI_HM_Streets_EXT/SM_CobbleStreet_Block_C1234","E565E199-4FDE-1DF5-3B25-23B11ABA09B8","excluded by OutlinerPathsToExclude entry 'LI_Hogsmeade'","DA_RENDER_Rules -> DL_RENDER","1","2054200","jprice","2026-09-02","0",""
"removed","SM_CobbleStreet_Block_C1235","StaticMeshActor","DL_RENDER DL_OVERLAND","DL_RENDER","/Game/__ExternalActors__/Levels/Overland/Hogsmeade/Streets/LI_HM_Streets_EXT/D/21/4NOLVWUNPA115RW34CR1P4","LV_Overland/Hogsmeade/LI_Hogsmeade/LI_Hogsmeade/Streets/LI_HM_Streets_EXT/SM_CobbleStreet_Block_C1235","2C329025-4AA8-79BC-FB67-5A99ED97B105","excluded by OutlinerPathsToExclude entry 'LI_Hogsmeade'","DA_RENDER_Rules -> DL_RENDER","1","2054200","jprice","2026-09-02","0",""
"removed","SM_CobbleStreet_Block_C1236","StaticMeshActor","DL_RENDER DL_OVERLAND","DL_RENDER","/Game/__ExternalActors__/Levels/Overland/Hogsmeade/Streets/LI_HM_Streets_EXT/8/CV/HXL3Q6XNREE9IRGSSV7ZTO","LV_Overland/Hogsmeade/LI_Hogsmeade/LI_Hogsmeade/Streets/LI_HM_Streets_EXT/SM_CobbleStreet_Block_C1236","92890AE5-4717-FA49-24C2-069FAFEB2956","excluded by OutlinerPathsToExclude entry 'LI_Hogsmeade'","DA_RENDER_Rules -> DL_RENDER","1","2054200","jprice","2026-09-02","0",""
"removed","SM_CobbleStreet_Block_C1237","StaticMeshActor","DL_RENDER DL_OVERLAND","DL_RENDER","/Game/__ExternalActors__/Levels/Overland/Hogsmeade/Streets/LI_HM_Streets_EXT/5/I0/JDPGJ2HQ3KWD1HGA3HNQMY","LV_Overland/Hogsmeade/LI_Hogsmeade/LI_Hogsmeade/Streets/LI_HM_Streets_EXT/SM_CobbleStreet_Block_C1237","1C25727D-4E45-C030-24E5-74B217D3C8EC","excluded by OutlinerPathsToExclude entry 'LI_Hogsmeade'","DA_RENDER_Rules -> DL_RENDER","1","2054200","jprice","2026-09-02","0",""
"removed","SM_CobbleStreet_Block_C1238","StaticMeshActor","DL_RENDER DL_OVERLAND","DL_RENDER","/Game/__ExternalActors__/Levels/Overland/Hogsmeade/Streets/LI_HM_Streets_EXT/1/BH/PIP182137NORD2COKNGGCF","LV_Overland/Hogsmeade/LI_Hogsmeade/LI_Hogsmeade/Streets/LI_HM_Streets_EXT/SM_CobbleStreet_Block_C1238","5DF0383F-44B6-FC70-4A9F-D4A8732C73A4","excluded by OutlinerPathsToExclude entry 'LI_Hogsmeade'","DA_RENDER_Rules -> DL_RENDER","1","2054200","jprice","2026-09-02","0",""
"removed","SM_CobbleStreet_Block_C1239","StaticMeshActor","DL_RENDER DL_OVERLAND","DL_RENDER","/Game/__ExternalActors__/Levels/Overland/Hogsmeade/Streets/LI_HM_Streets_EXT/E/TG/LZUBWP5XYD6PI2WOR565SF","LV_Overland/Hogsmeade/LI_Hogsmeade/LI_Hogsmeade/Streets/LI_HM_Streets_EXT/SM_CobbleStreet_Block_C1239","A9638D24-45AF-AEAE-B11E-538A63927056","excluded by OutlinerPathsToExclude entry 'LI_Hogsmeade'","DA_RENDER_Rules -> DL_RENDER","1","2054200","jprice","2026-09-02","0",""
"removed","SM_CobbleStreet_Block_C1240","StaticMeshActor","DL_RENDER DL_OVERLAND","DL_RENDER","/Game/__ExternalActors__/Levels/Overland/Hogsmeade/Streets/LI_HM_Streets_EXT/E/37/C41SFZA7SBZJ7EOM3AGS6R","LV_Overland/Hogsmeade/LI_Hogsmeade/LI_Hogsmeade/Streets/LI_HM_Streets_EXT/SM_CobbleStreet_Block_C1240","F33EF786-4FEE-B138-09E4-AAA5069C036A","excluded by OutlinerPathsToExclude entry 'LI_Hogsmeade'","DA_RENDER_Rules -> DL_RENDER","1","2054200","jprice","2026-09-02","0",""
"removed","SM_CobbleStreet_Block_C1241","StaticMeshActor","DL_RENDER DL_OVERLAND","DL_RENDER","/Game/__ExternalActors__/Levels/Overland/Hogsmeade/Streets/LI_HM_Streets_EXT/A/OP/6V5GSNQRSIRZOWL615FZLK","LV_Overland/Hogsmeade/LI_Hogsmeade/LI_Hogsmeade/Streets/LI_HM_Streets_EXT/SM_CobbleStreet_Block_C1241","1BE1954B-42BA-1E33-D1F7-CBA85466CFC7","excluded by OutlinerPathsToExclude entry 'LI_Hogsmeade'","DA_RENDER_Rules -> DL_RENDER","1","2054200","jprice","2026-09-02","0",""
"removed","SM_CobbleStreet_Block_C1242","StaticMeshActor","DL_RENDER DL_OVERLAND","DL_RENDER","/Game/__ExternalActors__/Levels/Overland/Hogsmeade/Streets/LI_HM_Streets_EXT/1/AN/P40LTY8R9VTF08W9M4FG13","LV_Overland/Hogsmeade/LI_Hogsmeade/LI_Hogsmeade/Streets/LI_HM_Streets_EXT/SM_CobbleStreet_Block_C1242","9AE6EA1B-41EB-8021-49F8-5A8AA2D122FD","excluded by OutlinerPathsToExclude entry 'LI_Hogsmeade'","DA_RENDER_Rules -> DL_RENDER","1","2054200","jprice","2026-09-02","0",""
"removed","SM_CobbleStreet_Block_C1243","StaticMeshActor","DL_RENDER DL_OVERLAND","DL_RENDER","/Game/__ExternalActors__/Levels/Overland/Hogsmeade/Streets/LI_HM_Streets_EXT/5/81/SQ035SV47JPESYFRTUM9LJ","LV_Overland/Hogsmeade/LI_Hogsmeade/LI_Hogsmeade/Streets/LI_HM_Streets_EXT/SM_CobbleStreet_Block_C1243","B34EF904-4C6F-EE02-0D73-96B1DD60AE96","excluded by OutlinerPathsToExclude entry 'LI_Hogsmeade'","DA_RENDER_Rules -> DL_RENDER","1","2054200","jprice","2026-09-02","0",""
"removed","SM_CobbleStreet_Block_C1244","StaticMeshActor","DL_RENDER DL_OVERLAND","DL_RENDER","/Game/__ExternalActors__/Levels/Overland/Hogsmeade/Streets/LI_HM_Streets_EXT/E/7E/D7SNCOIVNWQD6F62NBRAMX","LV_Overland/Hogsmeade/LI_Hogsmeade/LI_Hogsmeade/Streets/LI_HM_Streets_EXT/SM_CobbleStreet_Block_C1244","BB0325E9-4512-D939-7E7B-97A8081D5E0C","excluded by OutlinerPathsToExclude entry 'LI_Hogsmeade'","DA_RENDER_Rules -> DL_RENDER","1","2054200","jprice","2026-09-02","0",""
"removed","SM_CobbleStreet_Block_C1245","StaticMeshActor","DL_RENDER DL_OVERLAND","DL_RENDER","/Game/__ExternalActors__/Levels/Overland/Hogsmeade/Streets/LI_HM_Streets_EXT/2/X6/CMVMK4GVEI66HFZ07MJFR4","LV_Overland/Hogsmeade/LI_Hogsmeade/LI_Hogsmeade/Streets/LI_HM_Streets_EXT/SM_CobbleStreet_Block_C1245","1ABE4BD0-4B2E-DBA1-9CC8-CBA73232EF12","excluded by OutlinerPathsToExclude entry 'LI_Hogsmeade'","DA_RENDER_Rules -> DL_RENDER","1","2054200","jprice","2026-09-02","0",""
"removed","SM_CobbleStreet_Block_C1246","StaticMeshActor","DL_RENDER DL_OVERLAND","DL_RENDER","/Game/__ExternalActors__/Levels/Overland/Hogsmeade/Streets/LI_HM_Streets_EXT/1/LV/Q20IQFRAYKC5S7Q7F0DRXW","LV_Overland/Hogsmeade/LI_Hogsmeade/LI_Hogsmeade/Streets/LI_HM_Streets_EXT/SM_CobbleStreet_Block_C1246","BD7745AB-46DE-C84D-4018-C7B22B512C62","excluded by OutlinerPathsToExclude entry 'LI_Hogsmeade'","DA_RENDER_Rules -> DL_RENDER","1","2054200","jprice","2026-09-02","0",""
"removed","SM_CobbleStreet_Block_C1247","StaticMeshActor","DL_RENDER DL_OVERLAND","DL_RENDER","/Game/__ExternalActors__/Levels/Overland/Hogsmeade/Streets/LI_HM_Streets_EXT/C/5Y/7H3ZO79AO6L2IFOZ95OTX8","LV_Overland/Hogsmeade/LI_Hogsmeade/LI_Hogsmeade/Streets/LI_HM_Streets_EXT/SM_CobbleStreet_Block_C1247","C0AA9078-4F73-9F75-6A8A-C588320BFCF3","excluded by OutlinerPathsToExclude entry 'LI_Hogsmeade'","DA_RENDER_Rules -> DL_RENDER","1","2054200","jprice","2026-09-02","0",""
"removed","SM_CobbleStreet_Block_C1248","StaticMeshActor","DL_RENDER DL_OVERLAND","DL_RENDER","/Game/__ExternalActors__/Levels/Overland/Hogsmeade/Streets/LI_HM_Streets_EXT/C/KZ/9635HSWDH6UT5QINEHUTL1","LV_Overland/Hogsmeade/LI_Hogsmeade/LI_Hogsmeade/Streets/LI_HM_Streets_EXT/SM_CobbleStreet_Block_C1248","65871ADA-453C-F64C-3625-D6B7AC4F29AC","excluded by OutlinerPathsToExclude entry 'LI_Hogsmeade'","DA_RENDER_Rules -> DL_RENDER","1","2054200","jprice","2026-09-02","0",""
"removed","SM_CobbleStreet_Block_C1249","StaticMeshActor","DL_RENDER DL_OVERLAND","DL_RENDER","/Game/__ExternalActors__/Levels/Overland/Hogsmeade/Streets/LI_HM_Streets_EXT/E/AF/DV4S5JAKM88EG5IEJ8TRC4","LV_Overland/Hogsmeade/LI_Hogsmeade/LI_Hogsmeade/Streets/LI_HM_Streets_EXT/SM_CobbleStreet_Block_C1249","C756E71D-42F7-6242-16DA-47BA269B2007","excluded by OutlinerPathsToExclude entry 'LI_Hogsmeade'","DA_RENDER_Rules -> DL_RENDER","1","2054200","jprice","2026-09-02","0",""
"removed","SM_CobbleStreet_Block_C1250","StaticMeshActor","DL_RENDER DL_OVERLAND","DL_RENDER","/Game/__ExternalActors__/Levels/Overland/Hogsmeade/Streets/LI_HM_Streets_EXT/0/MQ/0V62M5WKL999BGALB6K1BC","LV_Overland/Hogsmeade/LI_Hogsmeade/LI_Hogsmeade/Streets/LI_HM_Streets_EXT/SM_CobbleStreet_Block_C1250","62EFE440-4A5E-1B0D-62DA-2CB35C20F0CF","excluded by OutlinerPathsToExclude entry 'LI_Hogsmeade'","DA_RENDER_Rules -> DL_RENDER","1","2054200","jprice","2026-09-02","0",""
"removed","SM_CobbleStreet_Block_C1251","StaticMeshActor","DL_RENDER DL_OVERLAND","DL_RENDER","/Game/__ExternalActors__/Levels/Overland/Hogsmeade/Streets/LI_HM_Streets_EXT/D/BQ/TIK9I1ZYXT0GOAA3CF38JI","LV_Overland/Hogsmeade/LI_Hogsmeade/LI_Hogsmeade/Streets/LI_HM_Streets_EXT/SM_CobbleStreet_Block_C1251","8914822A-48E4-1477-4EED-ADA8704301A6","excluded by OutlinerPathsToExclude entry 'LI_Hogsmeade'","DA_RENDER_Rules -> DL_RENDER","1","2054200","jprice","2026-09-02","0",""
"removed","SM_CobbleStreet_Block_C1252","StaticMeshActor","DL_RENDER DL_OVERLAND","DL_RENDER","/Game/__ExternalActors__/Levels/Overland/Hogsmeade/Streets/LI_HM_Streets_EXT/8/OP/O8VZKKHJQVUK67SAWXFZOC","LV_Overland/Hogsmeade/LI_Hogsmeade/LI_Hogsmeade/Streets/LI_HM_Streets_EXT/SM_CobbleStreet_Block_C1252","B6A83A78-4D87-4041-1D95-5C809265B66D","excluded by OutlinerPathsToExclude entry 'LI_Hogsmeade'","DA_RENDER_Rules -> DL_RENDER","1","2054200","jprice","2026-09-02","0",""
"removed","SM_CobbleStreet_Block_C1253","StaticMeshActor","DL_RENDER DL_OVERLAND","DL_RENDER","/Game/__ExternalActors__/Levels/Overland/Hogsmeade/Streets/LI_HM_Streets_EXT/C/6G/MFVO8MRBEVJZUE5VU0ORII","LV_Overland/Hogsmeade/LI_Hogsmeade/LI_Hogsmeade/Streets/LI_HM_Streets_EXT/SM_CobbleStreet_Block_C1253","FC29D39D-4A67-4339-A9F5-E0B4F0B6BF21","excluded by OutlinerPathsToExclude entry 'LI_Hogsmeade'","DA_RENDER_Rules -> DL_RENDER","1","2054200","jprice","2026-09-02","0",""
"removed","SM_CobbleStreet_Block_C1254","StaticMeshActor","DL_RENDER DL_OVERLAND","DL_RENDER","/Game/__ExternalActors__/Levels/Overland/Hogsmeade/Streets/LI_HM_Streets_EXT/6/XR/JLA84XI5KZVPCDU2LO6WJH","LV_Overland/Hogsmeade/LI_Hogsmeade/LI_Hogsmeade/Streets/LI_HM_Streets_EXT/SM_CobbleStreet_Block_C1254","32B84A45-4B27-D5AD-B9E3-6AB1988A1B70","excluded by OutlinerPathsToExclude entry 'LI_Hogsmeade'","DA_RENDER_Rules -> DL_RENDER","1","2054200","jprice","2026-09-02","0",""
"removed","SM_CobbleStreet_Block_C1255","StaticMeshActor","DL_RENDER DL_OVERLAND","DL_RENDER","/Game/__ExternalActors__/Levels/Overland/Hogsmeade/Streets/LI_HM_Streets_EXT/E/H4/MHD43DVZ8QUFRQG0ASVC8Z","LV_Overland/Hogsmeade/LI_Hogsmeade/LI_Hogsmeade/Streets/LI_HM_Streets_EXT/SM_CobbleStreet_Block_C1255","A96985A1-416C-BFA2-6E0E-C8AF315DAE8B","excluded by OutlinerPathsToExclude entry 'LI_Hogsmeade'","DA_RENDER_Rules -> DL_RENDER","1","2054200","jprice","2026-09-02","0",""
"removed","SM_CobbleStreet_Block_C1256","StaticMeshActor","DL_RENDER DL_OVERLAND","DL_RENDER","/Game/__ExternalActors__/Levels/Overland/Hogsmeade/Streets/LI_HM_Streets_EXT/0/HZ/UTIQMPSQ4KS8I438UH7P0D","LV_Overland/Hogsmeade/LI_Hogsmeade/LI_Hogsmeade/Streets/LI_HM_Streets_EXT/SM_CobbleStreet_Block_C1256","C4BF1963-4CC8-9E6F-BAC3-009EA6F9686F","excluded by OutlinerPathsToExclude entry 'LI_Hogsmeade'","DA_RENDER_Rules -> DL_RENDER","1","2054200","jprice","2026-09-02","0",""
"removed","SM_CobbleStreet_Block_C1257","StaticMeshActor","DL_RENDER DL_OVERLAND","DL_RENDER","/Game/__ExternalActors__/Levels/Overland/Hogsmeade/Streets/LI_HM_Streets_EXT/C/JT/Q1C617GR7YQRLK4CYG2BTP","LV_Overland/Hogsmeade/LI_Hogsmeade/LI_Hogsmeade/Streets/LI_HM_Streets_EXT/SM_CobbleStreet_Block_C1257","A75E6668-444D-0582-F9EF-39AA2637805B","excluded by OutlinerPathsToExclude entry 'LI_Hogsmeade'","DA_RENDER_Rules -> DL_RENDER","1","2054200","jprice","2026-09-02","0",""
"removed","SM_CobbleStreet_Block_C1258","StaticMeshActor","DL_RENDER DL_OVERLAND","DL_RENDER","/Game/__ExternalActors__/Levels/Overland/Hogsmeade/Streets/LI_HM_Streets_EXT/D/J7/OM4DCR83RI801XVPPQJ3PR","LV_Overland/Hogsmeade/LI_Hogsmeade/LI_Hogsmeade/Streets/LI_HM_Streets_EXT/SM_CobbleStreet_Block_C1258","D2439907-4E79-E010-ECEA-AB99F21E3796","excluded by OutlinerPathsToExclude entry 'LI_Hogsmeade'","DA_RENDER_Rules -> DL_RENDER","1","2054200","jprice","2026-09-02","0",""
"removed","SM_CobbleStreet_Block_C1259","StaticMeshActor","DL_RENDER DL_OVERLAND","DL_RENDER","/Game/__ExternalActors__/Levels/Overland/Hogsmeade/Streets/LI_HM_Streets_EXT/D/L0/8NA8VUXBW820MWSZQNX8OY","LV_Overland/Hogsmeade/LI_Hogsmeade/LI_Hogsmeade/Streets/LI_HM_Streets_EXT/SM_CobbleStreet_Block_C1259","8228E11D-434E-2A06-4748-ABA9F91671C5","excluded by OutlinerPathsToExclude entry 'LI_Hogsmeade'","DA_RENDER_Rules -> DL_RENDER","1","2054200","jprice","2026-09-02","0",""
"removed","SM_CobbleStreet_Block_C1260","StaticMeshActor","DL_RENDER DL_OVERLAND","DL_RENDER","/Game/__ExternalActors__/Levels/Overland/Hogsmeade/Streets/LI_HM_Streets_EXT/2/UJ/RWQAVAUPIWG0Y550ZFMH1W","LV_Overland/Hogsmeade/LI_Hogsmeade/LI_Hogsmeade/Streets/LI_HM_Streets_EXT/SM_CobbleStreet_Block_C1260","BED7D293-4B3A-EF92-06F0-6EA1A9D5A13F","excluded by OutlinerPathsToExclude entry 'LI_Hogsmeade'","DA_RENDER_Rules -> DL_RENDER","1","2054200","jprice","2026-09-02","0",""
"removed","SM_CobbleStreet_Block_C1261","StaticMeshActor","DL_RENDER DL_OVERLAND","DL_RENDER","/Game/__ExternalActors__/Levels/Overland/Hogsmeade/Streets/LI_HM_Streets_EXT/2/H3/8SSYQ94960UCYHUJUKYLRP","LV_Overland/Hogsmeade/LI_Hogsmeade/LI_Hogsmeade/Streets/LI_HM_Streets_EXT/SM_CobbleStreet_Block_C1261","7DC97C27-4F59-C4CE-04A8-499278B8CD78","excluded by OutlinerPathsToExclude entry 'LI_Hogsmeade'","DA_RENDER_Rules -> DL_RENDER","1","2054200","jprice","2026-09-02","0",""
"removed","SM_CobbleStreet_Block_C1262","StaticMeshActor","DL_RENDER DL_OVERLAND","DL_RENDER","/Game/__ExternalActors__/Levels/Overland/Hogsmeade/Streets/LI_HM_Streets_EXT/E/0G/8I057O0AWURKCG0LMGFGH6","LV_Overland/Hogsmeade/LI_Hogsmeade/LI_Hogsmeade/Streets/LI_HM_Streets_EXT/SM_CobbleStreet_Block_C1262","F1D615BC-40D5-5BDE-4665-EABCAF7EE4F8","excluded by OutlinerPathsToExclude entry 'LI_Hogsmeade'","DA_RENDER_Rules -> DL_RENDER","1","2054200","jprice","2026-09-02","0",""
"removed","SM_CobbleStreet_Block_C1263","StaticMeshActor","DL_RENDER DL_OVERLAND","DL_RENDER","/Game/__ExternalActors__/Levels/Overland/Hogsmeade/Streets/LI_HM_Streets_EXT/B/29/UDZ62MIWB219BQKHL2RM0W","LV_Overland/Hogsmeade/LI_Hogsmeade/LI_Hogsmeade/Streets/LI_HM_Streets_EXT/SM_CobbleStreet_Block_C1263","56C128E4-4EA6-193F-DC07-05BDA532AFA1","excluded by OutlinerPathsToExclude entry 'LI_Hogsmeade'","DA_RENDER_Rules -> DL_RENDER","1","2054200","jprice","2026-09-02","0",""
"removed","SM_CobbleStreet_Block_C1264","StaticMeshActor","DL_RENDER DL_OVERLAND","DL_RENDER","/Game/__ExternalActors__/Levels/Overland/Hogsmeade/Streets/LI_HM_Streets_EXT/7/8R/PA7XXOH2MY8LG7P3358C9K","LV_Overland/Hogsmeade/LI_Hogsmeade/LI_Hogsmeade/Streets/LI_HM_Streets_EXT/SM_CobbleStreet_Block_C1264","9E143D04-4915-8D0E-3C3F-328353761669","excluded by OutlinerPathsToExclude entry 'LI_Hogsmeade'","DA_RENDER_Rules -> DL_RENDER","1","2054200","jprice","2026-09-02","0",""
"removed","SM_CobbleStreet_Block_C1265","StaticMeshActor","DL_RENDER DL_OVERLAND","DL_RENDER","/Game/__ExternalActors__/Levels/Overland/Hogsmeade/Streets/LI_HM_Streets_EXT/0/QT/KH481F65SSJJVN0AOVMKQS","LV_Overland/Hogsmeade/LI_Hogsmeade/LI_Hogsmeade/Streets/LI_HM_Streets_EXT/SM_CobbleStreet_Block_C1265","27EBA94C-420D-442B-BB59-788D2BE9080B","excluded by OutlinerPathsToExclude entry 'LI_Hogsmeade'","DA_RENDER_Rules -> DL_RENDER","1","2054200","jprice","2026-09-02","0",""
"removed","SM_CobbleStreet_Block_C1266","StaticMeshActor","DL_RENDER DL_OVERLAND","DL_RENDER","/Game/__ExternalActors__/Levels/Overland/Hogsmeade/Streets/LI_HM_Streets_EXT/6/8Q/A6B8LCPPAI5ZUCXUXX6OO5","LV_Overland/Hogsmeade/LI_Hogsmeade/LI_Hogsmeade/Streets/LI_HM_Streets_EXT/SM_CobbleStreet_Block_C1266","0C251E9D-4DBC-AEC3-9B21-64B7E63D2587","excluded by OutlinerPathsToExclude entry 'LI_Hogsmeade'","DA_RENDER_Rules -> DL_RENDER","1","2054200","jprice","2026-09-02","0",""
"removed","SM_CobbleStreet_Block_C1267","StaticMeshActor","DL_RENDER DL_OVERLAND","DL_RENDER","/Game/__ExternalActors__/Levels/Overland/Hogsmeade/Streets/LI_HM_Streets_EXT/4/26/METV8NKXLANFD8WV0P5RQS","LV_Overland/Hogsmeade/LI_Hogsmeade/LI_Hogsmeade/Streets/LI_HM_Streets_EXT/SM_CobbleStreet_Block_C1267","4A73718B-4606-E826-38C4-7CB2722EC939","excluded by OutlinerPathsToExclude entry 'LI_Hogsmeade'","DA_RENDER_Rules -> DL_RENDER","1","2054200","jprice","2026-09-02","0",""
"removed","SM_CobbleStreet_Block_C1268","StaticMeshActor","DL_RENDER DL_OVERLAND","DL_RENDER","/Game/__ExternalActors__/Levels/Overland/Hogsmeade/Streets/LI_HM_Streets_EXT/2/72/SJ2V0DGJROFIHDNXCDQ1ZF","LV_Overland/Hogsmeade/LI_Hogsmeade/LI_Hogsmeade/Streets/LI_HM_Streets_EXT/SM_CobbleStreet_Block_C1268","A11CEE5A-46D6-C7C1-2E81-9D83AA4B1150","excluded by OutlinerPathsToExclude entry 'LI_Hogsmeade'","DA_RENDER_Rules -> DL_RENDER","1","2054200","jprice","2026-09-02","0",""
"removed","SM_CobbleStreet_Block_C1269","StaticMeshActor","DL_RENDER DL_OVERLAND","DL_RENDER","/Game/__ExternalActors__/Levels/Overland/Hogsmeade/Streets/LI_HM_Streets_EXT/5/6Y/9Q9F71M5EMED3NBO2LVYDO","LV_Overland/Hogsmeade/LI_Hogsmeade/LI_Hogsmeade/Streets/LI_HM_Streets_EXT/SM_CobbleStreet_Block_C1269","3BB6A9D0-4721-E564-374E-B59BA1C662A7","excluded by OutlinerPathsToExclude entry 'LI_Hogsmeade'","DA_RENDER_Rules -> DL_RENDER","1","2054200","jprice","2026-09-02","0",""
"removed","SM_CobbleStreet_Block_C1270","StaticMeshActor","DL_RENDER DL_OVERLAND","DL_RENDER","/Game/__ExternalActors__/Levels/Overland/Hogsmeade/Streets/LI_HM_Streets_EXT/1/9N/GMNHG9LTNAL27C8BNDC6PP","LV_Overland/Hogsmeade/LI_Hogsmeade/LI_Hogsmeade/Streets/LI_HM_Streets_EXT/SM_CobbleStreet_Block_C1270","CC5DF1D3-45F6-581A-A6B4-4C8291C25585","excluded by OutlinerPathsToExclude entry 'LI_Hogsmeade'","DA_RENDER_Rules -> DL_RENDER","1","2054200","jprice","2026-09-02","0",""
"removed","SM_CobbleStreet_Block_C1271","StaticMeshActor","DL_RENDER DL_OVERLAND","DL_RENDER","/Game/__ExternalActors__/Levels/Overland/Hogsmeade/Streets/LI_HM_Streets_EXT/2/SR/TVC0U9YWCOT3YH29QUBXGS","LV_Overland/Hogsmeade/LI_Hogsmeade/LI_Hogsmeade/Streets/LI_HM_Streets_EXT/SM_CobbleStreet_Block_C1271","C4871D7A-4170-1C04-DAE6-6982D42EE9C2","excluded by OutlinerPathsToExclude entry 'LI_Hogsmeade'","DA_RENDER_Rules -> DL_RENDER","1","2054200","jprice","2026-09-02","0",""
"removed","SM_CobbleStreet_Block_C1272","StaticMeshActor","DL_RENDER DL_OVERLAND","DL_RENDER","/Game/__ExternalActors__/Levels/Overland/Hogsmeade/Streets/LI_HM_Streets_EXT/3/MS/4HVVGJ70X0YZO2NBIEOVGF","LV_Overland/Hogsmeade/LI_Hogsmeade/LI_Hogsmeade/Streets/LI_HM_Streets_EXT/SM_CobbleStreet_Block_C1272","7EB804D2-4DDE-78D6-4D18-9BBA9296D385","excluded by OutlinerPathsToExclude entry 'LI_Hogsmeade'","DA_RENDER_Rules -> DL_RENDER","1","2054200","jprice","2026-09-02","0",""
"removed","SM_CobbleStreet_Block_C1273","StaticMeshActor","DL_RENDER DL_OVERLAND","DL_RENDER","/Game/__ExternalActors__/Levels/Overland/Hogsmeade/Streets/LI_HM_Streets_EXT/8/Z4/2YSH7OTI5A6ENTTLWBVHPW","LV_Overland/Hogsmeade/LI_Hogsmeade/LI_Hogsmeade/Streets/LI_HM_Streets_EXT/SM_CobbleStreet_Block_C1273","D6A25EAE-4D25-D784-19A0-989A4A57F3C0","excluded by OutlinerPathsToExclude entry 'LI_Hogsmeade'","DA_RENDER_Rules -> DL_RENDER","1","2054200","jprice","2026-09-02","0",""
"removed","SM_CobbleStreet_Block_C1274","StaticMeshActor","DL_RENDER DL_OVERLAND","DL_RENDER","/Game/__ExternalActors__/Levels/Overland/Hogsmeade/Streets/LI_HM_Streets_EXT/E/03/F7KQXUY8PTGJN8KLBLMQWI","LV_Overland/Hogsmeade/LI_Hogsmeade/LI_Hogsmeade/Streets/LI_HM_Streets_EXT/SM_CobbleStreet_Block_C1274","ED87491D-415F-8A1D-D695-37AE3B464626","excluded by OutlinerPathsToExclude entry 'LI_Hogsmeade'","DA_RENDER_Rules -> DL_RENDER","1","2054200","jprice","2026-09-02","0",""
"removed","SM_CobbleStreet_Block_C1275","StaticMeshActor","DL_RENDER DL_OVERLAND","DL_RENDER","/Game/__ExternalActors__/Levels/Overland/Hogsmeade/Streets/LI_HM_Streets_EXT/3/KB/J4H0H3DYUE3FMUY40DVVG4","LV_Overland/Hogsmeade/LI_Hogsmeade/LI_Hogsmeade/Streets/LI_HM_Streets_EXT/SM_CobbleStreet_Block_C1275","F11DC2DA-4FF4-E634-94E3-15841BA654A2","excluded by OutlinerPathsToExclude entry 'LI_Hogsmeade'","DA_RENDER_Rules -> DL_RENDER","1","2054200","jprice","2026-09-02","0",""
"removed","SM_CobbleStreet_Block_C1276","StaticMeshActor","DL_RENDER DL_OVERLAND","DL_RENDER","/Game/__ExternalActors__/Levels/Overland/Hogsmeade/Streets/LI_HM_Streets_EXT/8/DT/S9G01S7ZR7SLTNDKOTSRV4","LV_Overland/Hogsmeade/LI_Hogsmeade/LI_Hogsmeade/Streets/LI_HM_Streets_EXT/SM_CobbleStreet_Block_C1276","47319FFE-433E-4060-5CFB-1B842273F737","excluded by OutlinerPathsToExclude entry 'LI_Hogsmeade'","DA_RENDER_Rules -> DL_RENDER","1","2054200","jprice","2026-09-02","0",""
"removed","SM_CobbleStreet_Block_C1277","StaticMeshActor","DL_RENDER DL_OVERLAND","DL_RENDER","/Game/__ExternalActors__/Levels/Overland/Hogsmeade/Streets/LI_HM_Streets_EXT/5/64/X2Y0MY7C5M5YHPF8BTUNQM","LV_Overland/Hogsmeade/LI_Hogsmeade/LI_Hogsmeade/Streets/LI_HM_Streets_EXT/SM_CobbleStreet_Block_C1277","76D58B5A-4C57-31F4-7750-3EBF0E1333D8","excluded by OutlinerPathsToExclude entry 'LI_Hogsmeade'","DA_RENDER_Rules -> DL_RENDER","1","2054200","jprice","2026-09-02","0",""
"removed","SM_CobbleStreet_Block_C1278","StaticMeshActor","DL_RENDER DL_OVERLAND","DL_RENDER","/Game/__ExternalActors__/Levels/Overland/Hogsmeade/Streets/LI_HM_Streets_EXT/4/2R/4ZMN5VPBJDGUXX7B0PP6YP","LV_Overland/Hogsmeade/LI_Hogsmeade/LI_Hogsmeade/Streets/LI_HM_Streets_EXT/SM_CobbleStreet_Block_C1278","4EFFDBE0-4FCF-27C6-9327-768764D47221","excluded by OutlinerPathsToExclude entry 'LI_Hogsmeade'","DA_RENDER_Rules -> DL_RENDER","1","2054200","jprice","2026-09-02","0",""
"removed","SM_CobbleStreet_Block_C1279","StaticMeshActor","DL_RENDER DL_OVERLAND","DL_RENDER","/Game/__ExternalActors__/Levels/Overland/Hogsmeade/Streets/LI_HM_Streets_EXT/9/8U/F1MB5QBORSCKZ33Q208R6O","LV_Overland/Hogsmeade/LI_Hogsmeade/LI_Hogsmeade/Streets/LI_HM_Streets_EXT/SM_CobbleStreet_Block_C1279","CBEE0F5E-4B87-44AF-CA94-50846E7078F3","excluded by OutlinerPathsToExclude entry 'LI_Hogsmeade'","DA_RENDER_Rules -> DL_RENDER","1","2054200","jprice","2026-09-02","0",""
"removed","SM_CobbleStreet_Block_C1280","StaticMeshActor","DL_RENDER DL_OVERLAND","DL_RENDER","/Game/__ExternalActors__/Levels/Overland/Hogsmeade/Streets/LI_HM_Streets_EXT/4/Z6/OF7Y8J0T5X0AT6G5D4HTW5","LV_Overland/Hogsmeade/LI_Hogsmeade/LI_Hogsmeade/Streets/LI_HM_Streets_EXT/SM_CobbleStreet_Block_C1280","D2DC8257-426C-F46D-1C80-9AAEA4636D06","excluded by OutlinerPathsToExclude entry 'LI_Hogsmeade'","DA_RENDER_Rules -> DL_RENDER","1","2054200","jprice","2026-09-02","0",""
"removed","SM_CobbleStreet_Block_C1281","StaticMeshActor","DL_RENDER DL_OVERLAND","DL_RENDER","/Game/__ExternalActors__/Levels/Overland/Hogsmeade/Streets/LI_HM_Streets_EXT/2/N5/IVJNFCTIRGJSX3YTWY8DBN","LV_Overland/Hogsmeade/LI_Hogsmeade/LI_Hogsmeade/Streets/LI_HM_Streets_EXT/SM_CobbleStreet_Block_C1281","E85DC840-493B-6A12-D557-18A12FBFF0A1","excluded by OutlinerPathsToExclude entry 'LI_Hogsmeade'","DA_RENDER_Rules -> DL_RENDER","1","2054200","jprice","2026-09-02","0",""
"removed","SM_CobbleStreet_Block_C1282","StaticMeshActor","DL_RENDER DL_OVERLAND","DL_RENDER","/Game/__ExternalActors__/Levels/Overland/Hogsmeade/Streets/LI_HM_Streets_EXT/1/6U/UA76OI0LNKJ2YINP1778WJ","LV_Overland/Hogsmeade/LI_Hogsmeade/LI_Hogsmeade/Streets/LI_HM_Streets_EXT/SM_CobbleStreet_Block_C1282","652280BB-48EB-0567-60CC-058BF7217A81","excluded by OutlinerPathsToExclude entry 'LI_Hogsmeade'","DA_RENDER_Rules -> DL_RENDER","1","2054200","jprice","2026-09-02","0",""
"removed","SM_CobbleStreet_Block_C1283","StaticMeshActor","DL_RENDER DL_OVERLAND","DL_RENDER","/Game/__ExternalActors__/Levels/Overland/Hogsmeade/Streets/LI_HM_Streets_EXT/B/K3/F58PQNKG2BA88U6W27QJQI","LV_Overland/Hogsmeade/LI_Hogsmeade/LI_Hogsmeade/Streets/LI_HM_Streets_EXT/SM_CobbleStreet_Block_C1283","BC5AC295-45DC-70F5-8E5A-089DD3E8C215","excluded by OutlinerPathsToExclude entry 'LI_Hogsmeade'","DA_RENDER_Rules -> DL_RENDER","1","2054200","jprice","2026-09-02","0",""
"removed","SM_CobbleStreet_Block_C1284","StaticMeshActor","DL_RENDER DL_OVERLAND","DL_RENDER","/Game/__ExternalActors__/Levels/Overland/Hogsmeade/Streets/LI_HM_Streets_EXT/9/71/3M3JUAPKFCS97GGMV9JBZU","LV_Overland/Hogsmeade/LI_Hogsmeade/LI_Hogsmeade/Streets/LI_HM_Streets_EXT/SM_CobbleStreet_Block_C1284","7DE57672-4038-55C1-ECE5-6CB78F6BE97C","excluded by OutlinerPathsToExclude entry 'LI_Hogsmeade'","DA_RENDER_Rules -> DL_RENDER","1","2054200","jprice","2026-09-02","0",""
"removed","SM_CobbleStreet_Block_C1285","StaticMeshActor","DL_RENDER DL_OVERLAND","DL_RENDER","/Game/__ExternalActors__/Levels/Overland/Hogsmeade/Streets/LI_HM_Streets_EXT/3/R5/OPUA4KDUY24N3COSDZ5SMM","LV_Overland/Hogsmeade/LI_Hogsmeade/LI_Hogsmeade/Streets/LI_HM_Streets_EXT/SM_CobbleStreet_Block_C1285","0CEC1234-44BA-FACA-E646-7BBF243E9167","excluded by OutlinerPathsToExclude entry 'LI_Hogsmeade'","DA_RENDER_Rules -> DL_RENDER","1","2054200","jprice","2026-09-02","0",""
"removed","SM_CobbleStreet_Block_C1286","StaticMeshActor","DL_RENDER DL_OVERLAND","DL_RENDER","/Game/__ExternalActors__/Levels/Overland/Hogsmeade/Streets/LI_HM_Streets_EXT/8/32/CYSUAE6FYMR8U9E8GQOFW8","LV_Overland/Hogsmeade/LI_Hogsmeade/LI_Hogsmeade/Streets/LI_HM_Streets_EXT/SM_CobbleStreet_Block_C1286","BBB3A796-45E5-6C61-9450-5FBF39EF388C","excluded by OutlinerPathsToExclude entry 'LI_Hogsmeade'","DA_RENDER_Rules -> DL_RENDER","1","2054200","jprice","2026-09-02","0",""
"removed","SM_CobbleStreet_Block_C1287","StaticMeshActor","DL_RENDER DL_OVERLAND","DL_RENDER","/Game/__ExternalActors__/Levels/Overland/Hogsmeade/Streets/LI_HM_Streets_EXT/A/8E/RZUWJSNNFG2O60S1QH2SIZ","LV_Overland/Hogsmeade/LI_Hogsmeade/LI_Hogsmeade/Streets/LI_HM_Streets_EXT/SM_CobbleStreet_Block_C1287","D4F13331-48EF-E8BA-7D36-8293EBCDA7B0","excluded by OutlinerPathsToExclude entry 'LI_Hogsmeade'","DA_RENDER_Rules -> DL_RENDER","1","2054200","jprice","2026-09-02","0",""
"removed","SM_CobbleStreet_Block_C1288","StaticMeshActor","DL_RENDER DL_OVERLAND","DL_RENDER","/Game/__ExternalActors__/Levels/Overland/Hogsmeade/Streets/LI_HM_Streets_EXT/4/ZY/CZWRWTMHVX0PC3KD0BGZDE","LV_Overland/Hogsmeade/LI_Hogsmeade/LI_Hogsmeade/Streets/LI_HM_Streets_EXT/SM_CobbleStreet_Block_C1288","D735EB24-4586-E5A9-6CC1-65B545461077","excluded by OutlinerPathsToExclude entry 'LI_Hogsmeade'","DA_RENDER_Rules -> DL_RENDER","1","2054200","jprice","2026-09-02","0",""
"removed","SM_CobbleStreet_Block_C1289","StaticMeshActor","DL_RENDER DL_OVERLAND","DL_RENDER","/Game/__ExternalActors__/Levels/Overland/Hogsmeade/Streets/LI_HM_Streets_EXT/7/4O/PER7PCAAGOWLDZKFZTB56X","LV_Overland/Hogsmeade/LI_Hogsmeade/LI_Hogsmeade/Streets/LI_HM_Streets_EXT/SM_CobbleStreet_Block_C1289","5767DEF8-4B33-D65D-9A26-F38F5963281A","excluded by OutlinerPathsToExclude entry 'LI_Hogsmeade'","DA_RENDER_Rules -> DL_RENDER","1","2072097","jprice","2026-09-15","0",""
"removed","SM_CobbleStreet_Block_D1803","StaticMeshActor","DL_RENDER DL_OVERLAND","DL_RENDER","/Game/__ExternalActors__/Levels/Overland/Hogsmeade/Streets/LI_HM_Streets_EXT/2/J1/IYWXOZTEWGGVVBWI5QD2UH","LV_Overland/Hogsmeade/LI_Hogsmeade/LI_Hogsmeade/Streets/LI_HM_Streets_EXT/SM_CobbleStreet_Block_D1803","64912B7F-4757-D080-1B17-38B9D75310F1","excluded by OutlinerPathsToExclude entry 'LI_Hogsmeade'","DA_RENDER_Rules -> DL_RENDER","1","2054200","jprice","2026-09-02","0",""
"removed","SM_CobbleStreet_Block_D1804","StaticMeshActor","DL_RENDER DL_OVERLAND","DL_RENDER","/Game/__ExternalActors__/Levels/Overland/Hogsmeade/Streets/LI_HM_Streets_EXT/8/2S/LRDPSBD675G5BUIW14205L","LV_Overland/Hogsmeade/LI_Hogsmeade/LI_Hogsmeade/Streets/LI_HM_Streets_EXT/SM_CobbleStreet_Block_D1804","9B4AF865-4509-FBBB-94AA-128274E5B381","excluded by OutlinerPathsToExclude entry 'LI_Hogsmeade'","DA_RENDER_Rules -> DL_RENDER","1","2054200","jprice","2026-09-02","0",""
"removed","SM_CobbleStreet_Block_D1813","StaticMeshActor","DL_RENDER DL_OVERLAND","DL_RENDER","/Game/__ExternalActors__/Levels/Overland/Hogsmeade/Streets/LI_HM_Streets_EXT/2/J1/TCDEAD8WE1H0VTE7UIRSE6","LV_Overland/Hogsmeade/LI_Hogsmeade/LI_Hogsmeade/Streets/LI_HM_Streets_EXT/SM_CobbleStreet_Block_D1813","D32E1487-495D-BCE8-EEC6-89A67B6676A3","excluded by OutlinerPathsToExclude entry 'LI_Hogsmeade'","DA_RENDER_Rules -> DL_RENDER","1","2054200","jprice","2026-09-02","0",""
"removed","SM_CobbleStreet_Block_D1817","StaticMeshActor","DL_RENDER DL_OVERLAND","DL_RENDER","/Game/__ExternalActors__/Levels/Overland/Hogsmeade/Streets/LI_HM_Streets_EXT/A/UY/TTMK91TFKWZ4X2BN6TIYTT","LV_Overland/Hogsmeade/LI_Hogsmeade/LI_Hogsmeade/Streets/LI_HM_Streets_EXT/SM_CobbleStreet_Block_D1817","4AF69725-4488-445C-50E0-5584C2C404E5","excluded by OutlinerPathsToExclude entry 'LI_Hogsmeade'","DA_RENDER_Rules -> DL_RENDER","1","2054200","jprice","2026-09-02","0",""
"removed","SM_CobbleStreet_Block_D1818","StaticMeshActor","DL_RENDER DL_OVERLAND","DL_RENDER","/Game/__ExternalActors__/Levels/Overland/Hogsmeade/Streets/LI_HM_Streets_EXT/C/L7/L9W572XRV8R9N50EB35SKS","LV_Overland/Hogsmeade/LI_Hogsmeade/LI_Hogsmeade/Streets/LI_HM_Streets_EXT/SM_CobbleStreet_Block_D1818","6FB06F34-4F7D-AC8F-A2B2-7CB131015B6C","excluded by OutlinerPathsToExclude entry 'LI_Hogsmeade'","DA_RENDER_Rules -> DL_RENDER","1","2054200","jprice","2026-09-02","0",""
"removed","SM_CobbleStreet_Block_D1819","StaticMeshActor","DL_RENDER DL_OVERLAND","DL_RENDER","/Game/__ExternalActors__/Levels/Overland/Hogsmeade/Streets/LI_HM_Streets_EXT/C/H5/5W8ZX116X9LF5D94RHDG32","LV_Overland/Hogsmeade/LI_Hogsmeade/LI_Hogsmeade/Streets/LI_HM_Streets_EXT/SM_CobbleStreet_Block_D1819","D5C03B2E-49B6-9D35-833B-D1923364DF03","excluded by OutlinerPathsToExclude entry 'LI_Hogsmeade'","DA_RENDER_Rules -> DL_RENDER","1","2054200","jprice","2026-09-02","0",""
"removed","SM_CobbleStreet_Block_D1820","StaticMeshActor","DL_RENDER DL_OVERLAND","DL_RENDER","/Game/__ExternalActors__/Levels/Overland/Hogsmeade/Streets/LI_HM_Streets_EXT/C/9G/9U7N1RVQPA384RW081N3DX","LV_Overland/Hogsmeade/LI_Hogsmeade/LI_Hogsmeade/Streets/LI_HM_Streets_EXT/SM_CobbleStreet_Block_D1820","FD78DC1D-466E-8534-5B0F-118D843AE1FA","excluded by OutlinerPathsToExclude entry 'LI_Hogsmeade'","DA_RENDER_Rules -> DL_RENDER","1","2054200","jprice","2026-09-02","0",""
"removed","SM_CobbleStreet_Block_D1821","StaticMeshActor","DL_RENDER DL_OVERLAND","DL_RENDER","/Game/__ExternalActors__/Levels/Overland/Hogsmeade/Streets/LI_HM_Streets_EXT/B/6E/UTOZ20CMR713LB23KTP69E","LV_Overland/Hogsmeade/LI_Hogsmeade/LI_Hogsmeade/Streets/LI_HM_Streets_EXT/SM_CobbleStreet_Block_D1821","10AAFDC6-401E-0326-6337-F1A16E82896C","excluded by OutlinerPathsToExclude entry 'LI_Hogsmeade'","DA_RENDER_Rules -> DL_RENDER","1","2054200","jprice","2026-09-02","0",""
"removed","SM_CobbleStreet_Block_D1822","StaticMeshActor","DL_RENDER DL_OVERLAND","DL_RENDER","/Game/__ExternalActors__/Levels/Overland/Hogsmeade/Streets/LI_HM_Streets_EXT/D/1P/DLL9SCDTT7TMX7MXPUPR27","LV_Overland/Hogsmeade/LI_Hogsmeade/LI_Hogsmeade/Streets/LI_HM_Streets_EXT/SM_CobbleStreet_Block_D1822","082C8ED5-4392-06B5-C6F6-97AC4FBEEDB9","excluded by OutlinerPathsToExclude entry 'LI_Hogsmeade'","DA_RENDER_Rules -> DL_RENDER","1","2054200","jprice","2026-09-02","0",""
"removed","SM_CobbleStreet_Block_D1823","StaticMeshActor","DL_RENDER DL_OVERLAND","DL_RENDER","/Game/__ExternalActors__/Levels/Overland/Hogsmeade/Streets/LI_HM_Streets_EXT/8/A3/39FK3DIR6EHAH92XA3VZEF","LV_Overland/Hogsmeade/LI_Hogsmeade/LI_Hogsmeade/Streets/LI_HM_Streets_EXT/SM_CobbleStreet_Block_D1823","21D3A939-40D8-1C6B-BE14-14891FC6D704","excluded by OutlinerPathsToExclude entry 'LI_Hogsmeade'","DA_RENDER_Rules -> DL_RENDER","1","2054200","jprice","2026-09-02","0",""
"removed","SM_CobbleStreet_Block_D1824","StaticMeshActor","DL_RENDER DL_OVERLAND","DL_RENDER","/Game/__ExternalActors__/Levels/Overland/Hogsmeade/Streets/LI_HM_Streets_EXT/5/U1/V9Z05Z4XKLM6Z0JG2YK5RV","LV_Overland/Hogsmeade/LI_Hogsmeade/LI_Hogsmeade/Streets/LI_HM_Streets_EXT/SM_CobbleStreet_Block_D1824","B85EA6FD-49CD-1DAD-C0A5-759AACDCFFAA","excluded by OutlinerPathsToExclude entry 'LI_Hogsmeade'","DA_RENDER_Rules -> DL_RENDER","1","2054200","jprice","2026-09-02","0",""
"removed","SM_CobbleStreet_Block_D1825","StaticMeshActor","DL_RENDER DL_OVERLAND","DL_RENDER","/Game/__ExternalActors__/Levels/Overland/Hogsmeade/Streets/LI_HM_Streets_EXT/7/HN/HYH66N4NWYLAXUH4Q4M96M","LV_Overland/Hogsmeade/LI_Hogsmeade/LI_Hogsmeade/Streets/LI_HM_Streets_EXT/SM_CobbleStreet_Block_D1825","3930C4B5-4E33-FFED-149F-489616A63FC9","excluded by OutlinerPathsToExclude entry 'LI_Hogsmeade'","DA_RENDER_Rules -> DL_RENDER","1","2054200","jprice","2026-09-02","0",""
"removed","SM_CobbleStreet_Block_D1826","StaticMeshActor","DL_RENDER DL_OVERLAND","DL_RENDER","/Game/__ExternalActors__/Levels/Overland/Hogsmeade/Streets/LI_HM_Streets_EXT/6/YR/A9HCS24GEDGDZZA5GHXW5J","LV_Overland/Hogsmeade/LI_Hogsmeade/LI_Hogsmeade/Streets/LI_HM_Streets_EXT/SM_CobbleStreet_Block_D1826","EDD8D6A0-4F61-9EBE-90CE-48B433A6ECF9","excluded by OutlinerPathsToExclude entry 'LI_Hogsmeade'","DA_RENDER_Rules -> DL_RENDER","1","2054200","jprice","2026-09-02","0",""
"removed","SM_CobbleStreet_Block_D1827","StaticMeshActor","DL_RENDER DL_OVERLAND","DL_RENDER","/Game/__ExternalActors__/Levels/Overland/Hogsmeade/Streets/LI_HM_Streets_EXT/2/QA/6S8JQPOOL138BPZ3WZ3UUY","LV_Overland/Hogsmeade/LI_Hogsmeade/LI_Hogsmeade/Streets/LI_HM_Streets_EXT/SM_CobbleStreet_Block_D1827","E2B86C67-474A-9C52-D822-DB8C160DC4C7","excluded by OutlinerPathsToExclude entry 'LI_Hogsmeade'","DA_RENDER_Rules -> DL_RENDER","1","2054200","jprice","2026-09-02","0",""
"removed","SM_CobbleStreet_Block_D1828","StaticMeshActor","DL_RENDER DL_OVERLAND","DL_RENDER","/Game/__ExternalActors__/Levels/Overland/Hogsmeade/Streets/LI_HM_Streets_EXT/C/T9/E21FS4WC1WOMLT0RZ4KDKX","LV_Overland/Hogsmeade/LI_Hogsmeade/LI_Hogsmeade/Streets/LI_HM_Streets_EXT/SM_CobbleStreet_Block_D1828","B1103C37-494A-84FA-1578-C0BE3CD031A3","excluded by OutlinerPathsToExclude entry 'LI_Hogsmeade'","DA_RENDER_Rules -> DL_RENDER","1","2054200","jprice","2026-09-02","0",""
"removed","SM_CobbleStreet_Block_D1829","StaticMeshActor","DL_RENDER DL_OVERLAND","DL_RENDER","/Game/__ExternalActors__/Levels/Overland/Hogsmeade/Streets/LI_HM_Streets_EXT/7/VU/JHO9CFHZDZ8C8F5265MZKE","LV_Overland/Hogsmeade/LI_Hogsmeade/LI_Hogsmeade/Streets/LI_HM_Streets_EXT/SM_CobbleStreet_Block_D1829","B00632B1-40FD-60D1-F73D-3C9536B0CB52","excluded by OutlinerPathsToExclude entry 'LI_Hogsmeade'","DA_RENDER_Rules -> DL_RENDER","1","2054200","jprice","2026-09-02","0",""
"removed","SM_CobbleStreet_Block_D1830","StaticMeshActor","DL_RENDER DL_OVERLAND","DL_RENDER","/Game/__ExternalActors__/Levels/Overland/Hogsmeade/Streets/LI_HM_Streets_EXT/9/3H/U3XYLPH7B0Z9DMHXGWK00H","LV_Overland/Hogsmeade/LI_Hogsmeade/LI_Hogsmeade/Streets/LI_HM_Streets_EXT/SM_CobbleStreet_Block_D1830","9CEB1042-422E-AE09-18CD-4885BD643D50","excluded by OutlinerPathsToExclude entry 'LI_Hogsmeade'","DA_RENDER_Rules -> DL_RENDER","1","2054200","jprice","2026-09-02","0",""
"removed","SM_CobbleStreet_Block_D1831","StaticMeshActor","DL_RENDER DL_OVERLAND","DL_RENDER","/Game/__ExternalActors__/Levels/Overland/Hogsmeade/Streets/LI_HM_Streets_EXT/7/D7/B32S3DEWGSHV6GSQ5M1TTF","LV_Overland/Hogsmeade/LI_Hogsmeade/LI_Hogsmeade/Streets/LI_HM_Streets_EXT/SM_CobbleStreet_Block_D1831","FD8B7B99-441B-C474-173E-A1906C2C4E03","excluded by OutlinerPathsToExclude entry 'LI_Hogsmeade'","DA_RENDER_Rules -> DL_RENDER","1","2054200","jprice","2026-09-02","0",""
"removed","SM_CobbleStreet_Block_D1832","StaticMeshActor","DL_RENDER DL_OVERLAND","DL_RENDER","/Game/__ExternalActors__/Levels/Overland/Hogsmeade/Streets/LI_HM_Streets_EXT/1/4Q/L5XFXDTIBOA2M54C9JVVIM","LV_Overland/Hogsmeade/LI_Hogsmeade/LI_Hogsmeade/Streets/LI_HM_Streets_EXT/SM_CobbleStreet_Block_D1832","8999D1BE-4ADB-472F-2D52-35A985B381F2","excluded by OutlinerPathsToExclude entry 'LI_Hogsmeade'","DA_RENDER_Rules -> DL_RENDER","1","2054200","jprice","2026-09-02","0",""
"removed","SM_CobbleStreet_Block_D1833","StaticMeshActor","DL_RENDER DL_OVERLAND","DL_RENDER","/Game/__ExternalActors__/Levels/Overland/Hogsmeade/Streets/LI_HM_Streets_EXT/7/NF/TW78KGEAEZ7HU3G8UNLDBH","LV_Overland/Hogsmeade/LI_Hogsmeade/LI_Hogsmeade/Streets/LI_HM_Streets_EXT/SM_CobbleStreet_Block_D1833","2640D1D3-4A4C-292C-AA24-D1B44F24A794","excluded by OutlinerPathsToExclude entry 'LI_Hogsmeade'","DA_RENDER_Rules -> DL_RENDER","1","2054200","jprice","2026-09-02","0",""
"removed","SM_CobbleStreet_Block_D1834","StaticMeshActor","DL_RENDER DL_OVERLAND","DL_RENDER","/Game/__ExternalActors__/Levels/Overland/Hogsmeade/Streets/LI_HM_Streets_EXT/4/4S/51FR7TD4V0ACSZLOQCHW6E","LV_Overland/Hogsmeade/LI_Hogsmeade/LI_Hogsmeade/Streets/LI_HM_Streets_EXT/SM_CobbleStreet_Block_D1834","5DEC9E35-4266-C5AC-7B6C-D4B53735E227","excluded by OutlinerPathsToExclude entry 'LI_Hogsmeade'","DA_RENDER_Rules -> DL_RENDER","1","2054200","jprice","2026-09-02","0",""
"removed","SM_CobbleStreet_Block_D1835","StaticMeshActor","DL_RENDER DL_OVERLAND","DL_RENDER","/Game/__ExternalActors__/Levels/Overland/Hogsmeade/Streets/LI_HM_Streets_EXT/2/FT/O8I817DT6A86O32OK36B61","LV_Overland/Hogsmeade/LI_Hogsmeade/LI_Hogsmeade/Streets/LI_HM_Streets_EXT/SM_CobbleStreet_Block_D1835","BCAB642F-44B3-CD5D-DC89-46B61EFC8C9B","excluded by OutlinerPathsToExclude entry 'LI_Hogsmeade'","DA_RENDER_Rules -> DL_RENDER","1","2054200","jprice","2026-09-02","0",""
"removed","SM_CobbleStreet_Block_D1836","StaticMeshActor","DL_RENDER DL_OVERLAND","DL_RENDER","/Game/__ExternalActors__/Levels/Overland/Hogsmeade/Streets/LI_HM_Streets_EXT/4/ZI/B7P5MYOBYKENHY4Q7EYVTN","LV_Overland/Hogsmeade/LI_Hogsmeade/LI_Hogsmeade/Streets/LI_HM_Streets_EXT/SM_CobbleStreet_Block_D1836","38E00578-4AC4-9B5B-2376-9EB9033496F1","excluded by OutlinerPathsToExclude entry 'LI_Hogsmeade'","DA_RENDER_Rules -> DL_RENDER","1","2054200","jprice","2026-09-02","0",""
"removed","SM_CobbleStreet_Block_D1837","StaticMeshActor","DL_RENDER DL_OVERLAND","DL_RENDER","/Game/__ExternalActors__/Levels/Overland/Hogsmeade/Streets/LI_HM_Streets_EXT/1/6O/TXZE3Z0HNER5FO7X9QNO4I","LV_Overland/Hogsmeade/LI_Hogsmeade/LI_Hogsmeade/Streets/LI_HM_Streets_EXT/SM_CobbleStreet_Block_D1837","73222205-4177-6388-A612-7A90E95B03BF","excluded by OutlinerPathsToExclude entry 'LI_Hogsmeade'","DA_RENDER_Rules -> DL_RENDER","1","2054200","jprice","2026-09-02","0",""
"removed","SM_CobbleStreet_Block_D1838","StaticMeshActor","DL_RENDER DL_OVERLAND","DL_RENDER","/Game/__ExternalActors__/Levels/Overland/Hogsmeade/Streets/LI_HM_Streets_EXT/D/VF/EWJYCLHE2JGORNBS6U3HM4","LV_Overland/Hogsmeade/LI_Hogsmeade/LI_Hogsmeade/Streets/LI_HM_Streets_EXT/SM_CobbleStreet_Block_D1838","06645FBF-4959-DD6F-C7D5-EA87373E9D7A","excluded by OutlinerPathsToExclude entry 'LI_Hogsmeade'","DA_RENDER_Rules -> DL_RENDER","1","2054200","jprice","2026-09-02","0",""
"removed","SM_CobbleStreet_Block_D1839","StaticMeshActor","DL_RENDER DL_OVERLAND","DL_RENDER","/Game/__ExternalActors__/Levels/Overland/Hogsmeade/Streets/LI_HM_Streets_EXT/6/60/8VEBLC1AW77323ECJB2WVZ","LV_Overland/Hogsmeade/LI_Hogsmeade/LI_Hogsmeade/Streets/LI_HM_Streets_EXT/SM_CobbleStreet_Block_D1839","93A60F72-4FFE-E6EA-D4C8-75BB9555E7BF","excluded by OutlinerPathsToExclude entry 'LI_Hogsmeade'","DA_RENDER_Rules -> DL_RENDER","1","2054200","jprice","2026-09-02","0",""
"removed","SM_CobbleStreet_Block_D1840","StaticMeshActor","DL_RENDER DL_OVERLAND","DL_RENDER","/Game/__ExternalActors__/Levels/Overland/Hogsmeade/Streets/LI_HM_Streets_EXT/0/EM/IXB1NYPOVEPDR9FXCVYG27","LV_Overland/Hogsmeade/LI_Hogsmeade/LI_Hogsmeade/Streets/LI_HM_Streets_EXT/SM_CobbleStreet_Block_D1840","8BEA0982-42FB-A388-74FE-1B9E2235098D","excluded by OutlinerPathsToExclude entry 'LI_Hogsmeade'","DA_RENDER_Rules -> DL_RENDER","1","2054200","jprice","2026-09-02","0",""
"removed","SM_CobbleStreet_Block_D1841","StaticMeshActor","DL_RENDER DL_OVERLAND","DL_RENDER","/Game/__ExternalActors__/Levels/Overland/Hogsmeade/Streets/LI_HM_Streets_EXT/A/D1/83OCEJCZBVKTDCWY6UDUND","LV_Overland/Hogsmeade/LI_Hogsmeade/LI_Hogsmeade/Streets/LI_HM_Streets_EXT/SM_CobbleStreet_Block_D1841","E9952FB0-4B40-336A-567E-28843FED85FD","excluded by OutlinerPathsToExclude entry 'LI_Hogsmeade'","DA_RENDER_Rules -> DL_RENDER","1","2054200","jprice","2026-09-02","0",""
"removed","SM_CobbleStreet_Block_D1842","StaticMeshActor","DL_RENDER DL_OVERLAND","DL_RENDER","/Game/__ExternalActors__/Levels/Overland/Hogsmeade/Streets/LI_HM_Streets_EXT/E/MT/FM4D1ZNETSDE08KHSHAI0P","LV_Overland/Hogsmeade/LI_Hogsmeade/LI_Hogsmeade/Streets/LI_HM_Streets_EXT/SM_CobbleStreet_Block_D1842","BE3EEFC0-4AE4-002C-1071-FBAC2D4E09A0","excluded by OutlinerPathsToExclude entry 'LI_Hogsmeade'","DA_RENDER_Rules -> DL_RENDER","1","2054200","jprice","2026-09-02","0",""
"removed","SM_CobbleStreet_Block_D1843","StaticMeshActor","DL_RENDER DL_OVERLAND","DL_RENDER","/Game/__ExternalActors__/Levels/Overland/Hogsmeade/Streets/LI_HM_Streets_EXT/7/3X/4N594YL76K7S3KC2ACYGWL","LV_Overland/Hogsmeade/LI_Hogsmeade/LI_Hogsmeade/Streets/LI_HM_Streets_EXT/SM_CobbleStreet_Block_D1843","35AAD52C-4ACE-9FC2-1966-32A0626A2871","excluded by OutlinerPathsToExclude entry 'LI_Hogsmeade'","DA_RENDER_Rules -> DL_RENDER","1","2054200","jprice","2026-09-02","0",""
"removed","SM_CobbleStreet_Block_D1844","StaticMeshActor","DL_RENDER DL_OVERLAND","DL_RENDER","/Game/__ExternalActors__/Levels/Overland/Hogsmeade/Streets/LI_HM_Streets_EXT/9/SC/FMR88348BE0GTBTNT4XUL0","LV_Overland/Hogsmeade/LI_Hogsmeade/LI_Hogsmeade/Streets/LI_HM_Streets_EXT/SM_CobbleStreet_Block_D1844","91682CDA-464C-7E2E-9C61-36AC4A4D8C9C","excluded by OutlinerPathsToExclude entry 'LI_Hogsmeade'","DA_RENDER_Rules -> DL_RENDER","1","2054200","jprice","2026-09-02","0",""
"removed","SM_CobbleStreet_Block_D1845","StaticMeshActor","DL_RENDER DL_OVERLAND","DL_RENDER","/Game/__ExternalActors__/Levels/Overland/Hogsmeade/Streets/LI_HM_Streets_EXT/9/T8/6N5TDRXXCPDK9BXU0HPLIM","LV_Overland/Hogsmeade/LI_Hogsmeade/LI_Hogsmeade/Streets/LI_HM_Streets_EXT/SM_CobbleStreet_Block_D1845","ADDF3B86-41BB-3BF8-1B9B-AF8D8FF8B17D","excluded by OutlinerPathsToExclude entry 'LI_Hogsmeade'","DA_RENDER_Rules -> DL_RENDER","1","2054200","jprice","2026-09-02","0",""
"removed","SM_CobbleStreet_Block_D1846","StaticMeshActor","DL_RENDER DL_OVERLAND","DL_RENDER","/Game/__ExternalActors__/Levels/Overland/Hogsmeade/Streets/LI_HM_Streets_EXT/1/U0/CVV94DKSXHEQQL1RFMIEGH","LV_Overland/Hogsmeade/LI_Hogsmeade/LI_Hogsmeade/Streets/LI_HM_Streets_EXT/SM_CobbleStreet_Block_D1846","0707B7A1-4650-183A-315B-A3B146D3E85D","excluded by OutlinerPathsToExclude entry 'LI_Hogsmeade'","DA_RENDER_Rules -> DL_RENDER","1","2054200","jprice","2026-09-02","0",""
"removed","SM_CobbleStreet_Block_D1847","StaticMeshActor","DL_RENDER DL_OVERLAND","DL_RENDER","/Game/__ExternalActors__/Levels/Overland/Hogsmeade/Streets/LI_HM_Streets_EXT/C/WU/SNS89WVTG647TUULWLMIB6","LV_Overland/Hogsmeade/LI_Hogsmeade/LI_Hogsmeade/Streets/LI_HM_Streets_EXT/SM_CobbleStreet_Block_D1847","0AD90715-4116-BCB4-15B5-A1A87943F6DE","excluded by OutlinerPathsToExclude entry 'LI_Hogsmeade'","DA_RENDER_Rules -> DL_RENDER","1","2054200","jprice","2026-09-02","0",""
"removed","SM_CobbleStreet_Block_D1848","StaticMeshActor","DL_RENDER DL_OVERLAND","DL_RENDER","/Game/__ExternalActors__/Levels/Overland/Hogsmeade/Streets/LI_HM_Streets_EXT/A/Z2/7JWPELPCBNKCI7I3MUZ1H9","LV_Overland/Hogsmeade/LI_Hogsmeade/LI_Hogsmeade/Streets/LI_HM_Streets_EXT/SM_CobbleStreet_Block_D1848","1C5B7600-447F-058A-9147-42BFEF8B6361","excluded by OutlinerPathsToExclude entry 'LI_Hogsmeade'","DA_RENDER_Rules -> DL_RENDER","1","2054200","jprice","2026-09-02","0",""
"removed","SM_CobbleStreet_Block_D1849","StaticMeshActor","DL_RENDER DL_OVERLAND","DL_RENDER","/Game/__ExternalActors__/Levels/Overland/Hogsmeade/Streets/LI_HM_Streets_EXT/4/N0/TMZFM6A5LXKLYX0EIYTWX5","LV_Overland/Hogsmeade/LI_Hogsmeade/LI_Hogsmeade/Streets/LI_HM_Streets_EXT/SM_CobbleStreet_Block_D1849","52E67481-42E7-B913-6DB8-1D9D6A2B4CFF","excluded by OutlinerPathsToExclude entry 'LI_Hogsmeade'","DA_RENDER_Rules -> DL_RENDER","1","2054200","jprice","2026-09-02","0",""
"removed","SM_CobbleStreet_Block_D1850","StaticMeshActor","DL_RENDER DL_OVERLAND","DL_RENDER","/Game/__ExternalActors__/Levels/Overland/Hogsmeade/Streets/LI_HM_Streets_EXT/E/W3/LJHN7QK0160ZEZWSXJ9VWO","LV_Overland/Hogsmeade/LI_Hogsmeade/LI_Hogsmeade/Streets/LI_HM_Streets_EXT/SM_CobbleStreet_Block_D1850","39DDBBD3-4E57-DA15-E55C-E29A7A973818","excluded by OutlinerPathsToExclude entry 'LI_Hogsmeade'","DA_RENDER_Rules -> DL_RENDER","1","2054200","jprice","2026-09-02","0",""
"removed","SM_CobbleStreet_Block_D1851","StaticMeshActor","DL_RENDER DL_OVERLAND","DL_RENDER","/Game/__ExternalActors__/Levels/Overland/Hogsmeade/Streets/LI_HM_Streets_EXT/4/AR/OQR4IPNEQQ7EGRG8USYMVD","LV_Overland/Hogsmeade/LI_Hogsmeade/LI_Hogsmeade/Streets/LI_HM_Streets_EXT/SM_CobbleStreet_Block_D1851","3DB6363F-4B61-1A45-3149-D49641B6F0DE","excluded by OutlinerPathsToExclude entry 'LI_Hogsmeade'","DA_RENDER_Rules -> DL_RENDER","1","2054200","jprice","2026-09-02","0",""
"removed","SM_CobbleStreet_Block_D1852","StaticMeshActor","DL_RENDER DL_OVERLAND","DL_RENDER","/Game/__ExternalActors__/Levels/Overland/Hogsmeade/Streets/LI_HM_Streets_EXT/7/ZM/U7G4Q0SSZL5V0WWWCKBT6V","LV_Overland/Hogsmeade/LI_Hogsmeade/LI_Hogsmeade/Streets/LI_HM_Streets_EXT/SM_CobbleStreet_Block_D1852","6727EE7D-4FE0-41D3-4302-ED824CC32DC1","excluded by OutlinerPathsToExclude entry 'LI_Hogsmeade'","DA_RENDER_Rules -> DL_RENDER","1","2054200","jprice","2026-09-02","0",""
"removed","SM_CobbleStreet_Block_D1853","StaticMeshActor","DL_RENDER DL_OVERLAND","DL_RENDER","/Game/__ExternalActors__/Levels/Overland/Hogsmeade/Streets/LI_HM_Streets_EXT/0/OS/GMBCALVNJZGTG6S9M491Y9","LV_Overland/Hogsmeade/LI_Hogsmeade/LI_Hogsmeade/Streets/LI_HM_Streets_EXT/SM_CobbleStreet_Block_D1853","1B7CA4E2-4C8D-9039-FADC-48930FD9CF7D","excluded by OutlinerPathsToExclude entry 'LI_Hogsmeade'","DA_RENDER_Rules -> DL_RENDER","1","2054200","jprice","2026-09-02","0",""
"removed","SM_CobbleStreet_Block_D1854","StaticMeshActor","DL_RENDER DL_OVERLAND","DL_RENDER","/Game/__ExternalActors__/Levels/Overland/Hogsmeade/Streets/LI_HM_Streets_EXT/6/GT/9O7C57HSXSYA3AAGPN34S1","LV_Overland/Hogsmeade/LI_Hogsmeade/LI_Hogsmeade/Streets/LI_HM_Streets_EXT/SM_CobbleStreet_Block_D1854","C4C11502-46FC-E47F-E757-299888574D04","excluded by OutlinerPathsToExclude entry 'LI_Hogsmeade'","DA_RENDER_Rules -> DL_RENDER","1","2054200","jprice","2026-09-02","0",""
"removed","SM_CobbleStreet_Block_D1855","StaticMeshActor","DL_RENDER DL_OVERLAND","DL_RENDER","/Game/__ExternalActors__/Levels/Overland/Hogsmeade/Streets/LI_HM_Streets_EXT/3/N6/V4EJ237F4HXR3KF8XXLO5N","LV_Overland/Hogsmeade/LI_Hogsmeade/LI_Hogsmeade/Streets/LI_HM_Streets_EXT/SM_CobbleStreet_Block_D1855","F8B306E6-4A26-4C05-ECD3-5EA6C3FDC935","excluded by OutlinerPathsToExclude entry 'LI_Hogsmeade'","DA_RENDER_Rules -> DL_RENDER","1","2054200","jprice","2026-09-02","0",""
"removed","SM_CobbleStreet_Block_D1856","StaticMeshActor","DL_RENDER DL_OVERLAND","DL_RENDER","/Game/__ExternalActors__/Levels/Overland/Hogsmeade/Streets/LI_HM_Streets_EXT/1/8D/U9544S3CYA5DUBVBWW9TC2","LV_Overland/Hogsmeade/LI_Hogsmeade/LI_Hogsmeade/Streets/LI_HM_Streets_EXT/SM_CobbleStreet_Block_D1856","C2663157-4064-5F42-D161-FDB5F975E457","excluded by OutlinerPathsToExclude entry 'LI_Hogsmeade'","DA_RENDER_Rules -> DL_RENDER","1","2054200","jprice","2026-09-02","0",""
"removed","SM_CobbleStreet_Block_D1857","StaticMeshActor","DL_RENDER DL_OVERLAND","DL_RENDER","/Game/__ExternalActors__/Levels/Overland/Hogsmeade/Streets/LI_HM_Streets_EXT/0/R3/JOEJND9ON5W4C6ENZ8IYTJ","LV_Overland/Hogsmeade/LI_Hogsmeade/LI_Hogsmeade/Streets/LI_HM_Streets_EXT/SM_CobbleStreet_Block_D1857","EEE51945-42FA-4FEC-A727-F8B9436F1DDC","excluded by OutlinerPathsToExclude entry 'LI_Hogsmeade'","DA_RENDER_Rules -> DL_RENDER","1","2054200","jprice","2026-09-02","0",""
"removed","SM_CobbleStreet_Block_D1858","StaticMeshActor","DL_RENDER DL_OVERLAND","DL_RENDER","/Game/__ExternalActors__/Levels/Overland/Hogsmeade/Streets/LI_HM_Streets_EXT/0/FW/TS7AU4WHANUNJAQ5YL09H0","LV_Overland/Hogsmeade/LI_Hogsmeade/LI_Hogsmeade/Streets/LI_HM_Streets_EXT/SM_CobbleStreet_Block_D1858","67DE197C-4060-69DC-724F-999DE19DB352","excluded by OutlinerPathsToExclude entry 'LI_Hogsmeade'","DA_RENDER_Rules -> DL_RENDER","1","2054200","jprice","2026-09-02","0",""
"removed","SM_CobbleStreet_Block_D1859","StaticMeshActor","DL_RENDER DL_OVERLAND","DL_RENDER","/Game/__ExternalActors__/Levels/Overland/Hogsmeade/Streets/LI_HM_Streets_EXT/9/W7/NQJ0HCS5W7249YHZ8LA3OZ","LV_Overland/Hogsmeade/LI_Hogsmeade/LI_Hogsmeade/Streets/LI_HM_Streets_EXT/SM_CobbleStreet_Block_D1859","A3B9D2CC-4F64-1D9E-5665-68B06C60D2D0","excluded by OutlinerPathsToExclude entry 'LI_Hogsmeade'","DA_RENDER_Rules -> DL_RENDER","1","2054200","jprice","2026-09-02","0",""
"removed","SM_CobbleStreet_Block_D1860","StaticMeshActor","DL_RENDER DL_OVERLAND","DL_RENDER","/Game/__ExternalActors__/Levels/Overland/Hogsmeade/Streets/LI_HM_Streets_EXT/8/YT/3GPG5K5QBEODD4ZJCM6R8O","LV_Overland/Hogsmeade/LI_Hogsmeade/LI_Hogsmeade/Streets/LI_HM_Streets_EXT/SM_CobbleStreet_Block_D1860","200021ED-4A67-8782-B2CB-BDB9687DABE4","excluded by OutlinerPathsToExclude entry 'LI_Hogsmeade'","DA_RENDER_Rules -> DL_RENDER","1","2054200","jprice","2026-09-02","0",""
"removed","SM_CobbleStreet_Block_D1861","StaticMeshActor","DL_RENDER DL_OVERLAND","DL_RENDER","/Game/__ExternalActors__/Levels/Overland/Hogsmeade/Streets/LI_HM_Streets_EXT/F/36/YOJRKPE1C14THLLODND6MZ","LV_Overland/Hogsmeade/LI_Hogsmeade/LI_Hogsmeade/Streets/LI_HM_Streets_EXT/SM_CobbleStreet_Block_D1861","3205AFE9-430A-5107-4E52-DDB842796333","excluded by OutlinerPathsToExclude entry 'LI_Hogsmeade'","DA_RENDER_Rules -> DL_RENDER","1","2054200","jprice","2026-09-02","0",""
"removed","SM_CobbleStreet_Block_D1862","StaticMeshActor","DL_RENDER DL_OVERLAND","DL_RENDER","/Game/__ExternalActors__/Levels/Overland/Hogsmeade/Streets/LI_HM_Streets_EXT/0/7Y/BSCZHM0MY6M7QN644L6FYV","LV_Overland/Hogsmeade/LI_Hogsmeade/LI_Hogsmeade/Streets/LI_HM_Streets_EXT/SM_CobbleStreet_Block_D1862","3A7E0B13-4EFE-1893-ABA4-F8B80A06F561","excluded by OutlinerPathsToExclude entry 'LI_Hogsmeade'","DA_RENDER_Rules -> DL_RENDER","1","2054200","jprice","2026-09-02","0",""
"removed","SM_CobbleStreet_Block_D1863","StaticMeshActor","DL_RENDER DL_OVERLAND","DL_RENDER","/Game/__ExternalActors__/Levels/Overland/Hogsmeade/Streets/LI_HM_Streets_EXT/D/KE/47RFRCLWXEKEUHTT8S1PJ6","LV_Overland/Hogsmeade/LI_Hogsmeade/LI_Hogsmeade/Streets/LI_HM_Streets_EXT/SM_CobbleStreet_Block_D1863","6BD0C8C0-4BAE-2B15-B24E-34BE4EC7FEF1","excluded by OutlinerPathsToExclude entry 'LI_Hogsmeade'","DA_RENDER_Rules -> DL_RENDER","1","2054200","jprice","2026-09-02","0",""
"removed","SM_CobbleStreet_Block_D1864","StaticMeshActor","DL_RENDER DL_OVERLAND","DL_RENDER","/Game/__ExternalActors__/Levels/Overland/Hogsmeade/Streets/LI_HM_Streets_EXT/E/MG/FCNUNL0TGCTZNT15YVI73T","LV_Overland/Hogsmeade/LI_Hogsmeade/LI_Hogsmeade/Streets/LI_HM_Streets_EXT/SM_CobbleStreet_Block_D1864","EA473B37-448A-4255-4DCB-03B8DFED4E65","excluded by OutlinerPathsToExclude entry 'LI_Hogsmeade'","DA_RENDER_Rules -> DL_RENDER","1","2054200","jprice","2026-09-02","0",""
"removed","SM_CobbleStreet_Block_D1865","StaticMeshActor","DL_RENDER DL_OVERLAND","DL_RENDER","/Game/__ExternalActors__/Levels/Overland/Hogsmeade/Streets/LI_HM_Streets_EXT/8/58/VXA1TJ86ORASBCWYDN40RN","LV_Overland/Hogsmeade/LI_Hogsmeade/LI_Hogsmeade/Streets/LI_HM_Streets_EXT/SM_CobbleStreet_Block_D1865","811472CA-41AE-6DB4-4866-58BA6DE960A5","excluded by OutlinerPathsToExclude entry 'LI_Hogsmeade'","DA_RENDER_Rules -> DL_RENDER","1","2054200","jprice","2026-09-02","0",""
"removed","SM_CobbleStreet_Block_D1866","StaticMeshActor","DL_RENDER DL_OVERLAND","DL_RENDER","/Game/__ExternalActors__/Levels/Overland/Hogsmeade/Streets/LI_HM_Streets_EXT/8/SC/6LO2LXS558EF3YCAKP8ALQ","LV_Overland/Hogsmeade/LI_Hogsmeade/LI_Hogsmeade/Streets/LI_HM_Streets_EXT/SM_CobbleStreet_Block_D1866","D55AD3CF-42AD-E71C-10CE-88866E70E048","excluded by OutlinerPathsToExclude entry 'LI_Hogsmeade'","DA_RENDER_Rules -> DL_RENDER","1","2072097","jprice","2026-09-15","0",""
"removed","SM_CobbleStreet_Block_D1867","StaticMeshActor","DL_RENDER DL_OVERLAND","DL_RENDER","/Game/__ExternalActors__/Levels/Overland/Hogsmeade/Streets/LI_HM_Streets_EXT/D/7O/YNBSXVQY9MBJ8QT1X11M81","LV_Overland/Hogsmeade/LI_Hogsmeade/LI_Hogsmeade/Streets/LI_HM_Streets_EXT/SM_CobbleStreet_Block_D1867","3A9C9DAD-4F4E-95FC-6D53-F7A3ED343031","excluded by OutlinerPathsToExclude entry 'LI_Hogsmeade'","DA_RENDER_Rules -> DL_RENDER","1","2072097","jprice","2026-09-15","0",""
"removed","SM_CobbleStreet_Block_D1868","StaticMeshActor","DL_RENDER DL_OVERLAND","DL_RENDER","/Game/__ExternalActors__/Levels/Overland/Hogsmeade/Streets/LI_HM_Streets_EXT/7/SW/DJLE5RH9XWA9KI5S79WYYZ","LV_Overland/Hogsmeade/LI_Hogsmeade/LI_Hogsmeade/Streets/LI_HM_Streets_EXT/SM_CobbleStreet_Block_D1868","5913CF86-41B0-1508-58C4-C08FB63EDD45","excluded by OutlinerPathsToExclude entry 'LI_Hogsmeade'","DA_RENDER_Rules -> DL_RENDER","1","2054200","jprice","2026-09-02","0",""
"removed","SM_CobbleStreet_Block_D1869","StaticMeshActor","DL_RENDER DL_OVERLAND","DL_RENDER","/Game/__ExternalActors__/Levels/Overland/Hogsmeade/Streets/LI_HM_Streets_EXT/1/IL/0CK0380SDGXWGZZSCWPNXR","LV_Overland/Hogsmeade/LI_Hogsmeade/LI_Hogsmeade/Streets/LI_HM_Streets_EXT/SM_CobbleStreet_Block_D1869","BCC42D21-4CA5-EEF7-F4DC-77972F068959","excluded by OutlinerPathsToExclude entry 'LI_Hogsmeade'","DA_RENDER_Rules -> DL_RENDER","1","2054200","jprice","2026-09-02","0",""
"removed","SM_CobbleStreet_Block_D1870","StaticMeshActor","DL_RENDER DL_OVERLAND","DL_RENDER","/Game/__ExternalActors__/Levels/Overland/Hogsmeade/Streets/LI_HM_Streets_EXT/A/1S/2GWFQIK6MLXRJ9N4EJ8R27","LV_Overland/Hogsmeade/LI_Hogsmeade/LI_Hogsmeade/Streets/LI_HM_Streets_EXT/SM_CobbleStreet_Block_D1870","E09CCCEA-4FD9-D645-065D-27A565253722","excluded by OutlinerPathsToExclude entry 'LI_Hogsmeade'","DA_RENDER_Rules -> DL_RENDER","1","2054200","jprice","2026-09-02","0",""
"removed","SM_CobbleStreet_Block_D1871","StaticMeshActor","DL_RENDER DL_OVERLAND","DL_RENDER","/Game/__ExternalActors__/Levels/Overland/Hogsmeade/Streets/LI_HM_Streets_EXT/D/SQ/LBVP9IKGJYGNEEFBUDPJ4L","LV_Overland/Hogsmeade/LI_Hogsmeade/LI_Hogsmeade/Streets/LI_HM_Streets_EXT/SM_CobbleStreet_Block_D1871","DC877F32-4058-B1C6-455C-C99D43F3CC6B","excluded by OutlinerPathsToExclude entry 'LI_Hogsmeade'","DA_RENDER_Rules -> DL_RENDER","1","2054200","jprice","2026-09-02","0",""
"removed","SM_CobbleStreet_Block_D1872","StaticMeshActor","DL_RENDER DL_OVERLAND","DL_RENDER","/Game/__ExternalActors__/Levels/Overland/Hogsmeade/Streets/LI_HM_Streets_EXT/6/4O/N62EI29QU1DPJQHHUR9F4L","LV_Overland/Hogsmeade/LI_Hogsmeade/LI_Hogsmeade/Streets/LI_HM_Streets_EXT/SM_CobbleStreet_Block_D1872","0844FC3C-4A7A-9383-C2D1-91AEF6771AA5","excluded by OutlinerPathsToExclude entry 'LI_Hogsmeade'","DA_RENDER_Rules -> DL_RENDER","1","2054200","jprice","2026-09-02","0",""
"removed","SM_CobbleStreet_Block_D1873","StaticMeshActor","DL_RENDER DL_OVERLAND","DL_RENDER","/Game/__ExternalActors__/Levels/Overland/Hogsmeade/Streets/LI_HM_Streets_EXT/E/W4/2YBY3TDCQQRAF4ZBNTGL79","LV_Overland/Hogsmeade/LI_Hogsmeade/LI_Hogsmeade/Streets/LI_HM_Streets_EXT/SM_CobbleStreet_Block_D1873","D1E7596E-4E3C-14F7-E8E1-00A6EAFDA701","excluded by OutlinerPathsToExclude entry 'LI_Hogsmeade'","DA_RENDER_Rules -> DL_RENDER","1","2054200","jprice","2026-09-02","0",""
"removed","SM_CobbleStreet_Block_D1874","StaticMeshActor","DL_RENDER DL_OVERLAND","DL_RENDER","/Game/__ExternalActors__/Levels/Overland/Hogsmeade/Streets/LI_HM_Streets_EXT/C/YG/I33N2RWT3Y8Y2K5AXQWF9J","LV_Overland/Hogsmeade/LI_Hogsmeade/LI_Hogsmeade/Streets/LI_HM_Streets_EXT/SM_CobbleStreet_Block_D1874","4D88A3E6-4C0F-873B-DDEE-188BA894DA15","excluded by OutlinerPathsToExclude entry 'LI_Hogsmeade'","DA_RENDER_Rules -> DL_RENDER","1","2054200","jprice","2026-09-02","0",""
"removed","SM_CobbleStreet_Block_D1875","StaticMeshActor","DL_RENDER DL_OVERLAND","DL_RENDER","/Game/__ExternalActors__/Levels/Overland/Hogsmeade/Streets/LI_HM_Streets_EXT/D/F4/LDORMBIJXVO4CR8FK2SB74","LV_Overland/Hogsmeade/LI_Hogsmeade/LI_Hogsmeade/Streets/LI_HM_Streets_EXT/SM_CobbleStreet_Block_D1875","267F7FF0-4BD1-3935-BFE3-E3A62654A3D9","excluded by OutlinerPathsToExclude entry 'LI_Hogsmeade'","DA_RENDER_Rules -> DL_RENDER","1","2054200","jprice","2026-09-02","0",""
"removed","SM_CobbleStreet_Block_D1876","StaticMeshActor","DL_RENDER DL_OVERLAND","DL_RENDER","/Game/__ExternalActors__/Levels/Overland/Hogsmeade/Streets/LI_HM_Streets_EXT/4/2J/HF2A3DWCUIB8XHAY3YMLQF","LV_Overland/Hogsmeade/LI_Hogsmeade/LI_Hogsmeade/Streets/LI_HM_Streets_EXT/SM_CobbleStreet_Block_D1876","CA9A6C26-4184-A66F-80B8-F1908E9FB7AB","excluded by OutlinerPathsToExclude entry 'LI_Hogsmeade'","DA_RENDER_Rules -> DL_RENDER","1","2054200","jprice","2026-09-02","0",""
"removed","SM_CobbleStreet_Block_D1877","StaticMeshActor","DL_RENDER DL_OVERLAND","DL_RENDER","/Game/__ExternalActors__/Levels/Overland/Hogsmeade/Streets/LI_HM_Streets_EXT/3/X1/VSF64T06NIQHMAXK62XZ2C","LV_Overland/Hogsmeade/LI_Hogsmeade/LI_Hogsmeade/Streets/LI_HM_Streets_EXT/SM_CobbleStreet_Block_D1877","809D287E-4AB4-3A5C-EB61-2180AF4AF2FF","excluded by OutlinerPathsToExclude entry 'LI_Hogsmeade'","DA_RENDER_Rules -> DL_RENDER","1","2054200","jprice","2026-09-02","0",""
"removed","SM_CobbleStreet_Block_D1878","StaticMeshActor","DL_RENDER DL_OVERLAND","DL_RENDER","/Game/__ExternalActors__/Levels/Overland/Hogsmeade/Streets/LI_HM_Streets_EXT/4/LK/2SVO5WDE1NEHUA1QW7G0VM","LV_Overland/Hogsmeade/LI_Hogsmeade/LI_Hogsmeade/Streets/LI_HM_Streets_EXT/SM_CobbleStreet_Block_D1878","E95F9BEB-42E6-051E-22FF-49AA24DA1B45","excluded by OutlinerPathsToExclude entry 'LI_Hogsmeade'","DA_RENDER_Rules -> DL_RENDER","1","2054200","jprice","2026-09-02","0",""
"removed","SM_CobbleStreet_Block_D1879","StaticMeshActor","DL_RENDER DL_OVERLAND","DL_RENDER","/Game/__ExternalActors__/Levels/Overland/Hogsmeade/Streets/LI_HM_Streets_EXT/3/6B/DOJZE0EI8F6T94HYJS94PM","LV_Overland/Hogsmeade/LI_Hogsmeade/LI_Hogsmeade/Streets/LI_HM_Streets_EXT/SM_CobbleStreet_Block_D1879","7F40A37C-49CA-7DC3-294F-EABA60034AEF","excluded by OutlinerPathsToExclude entry 'LI_Hogsmeade'","DA_RENDER_Rules -> DL_RENDER","1","2054200","jprice","2026-09-02","0",""
"removed","SM_CobbleStreet_Block_D1880","StaticMeshActor","DL_RENDER DL_OVERLAND","DL_RENDER","/Game/__ExternalActors__/Levels/Overland/Hogsmeade/Streets/LI_HM_Streets_EXT/2/6P/ALVUXAFIYQIYER15MPE6C5","LV_Overland/Hogsmeade/LI_Hogsmeade/LI_Hogsmeade/Streets/LI_HM_Streets_EXT/SM_CobbleStreet_Block_D1880","19E3A459-4F4E-C7DC-7005-2C9C98704274","excluded by OutlinerPathsToExclude entry 'LI_Hogsmeade'","DA_RENDER_Rules -> DL_RENDER","1","2054200","jprice","2026-09-02","0",""
"removed","SM_CobbleStreet_Block_D1881","StaticMeshActor","DL_RENDER DL_OVERLAND","DL_RENDER","/Game/__ExternalActors__/Levels/Overland/Hogsmeade/Streets/LI_HM_Streets_EXT/3/XG/X0A4ANNN8B25YWBWN8UQHQ","LV_Overland/Hogsmeade/LI_Hogsmeade/LI_Hogsmeade/Streets/LI_HM_Streets_EXT/SM_CobbleStreet_Block_D1881","09FF6D79-4C4A-E25E-FB73-948125EC569F","excluded by OutlinerPathsToExclude entry 'LI_Hogsmeade'","DA_RENDER_Rules -> DL_RENDER","1","2054200","jprice","2026-09-02","0",""
"removed","SM_CobbleStreet_Block_D1882","StaticMeshActor","DL_RENDER DL_OVERLAND","DL_RENDER","/Game/__ExternalActors__/Levels/Overland/Hogsmeade/Streets/LI_HM_Streets_EXT/B/39/B6G11U3RO6YI18BPEBTZS2","LV_Overland/Hogsmeade/LI_Hogsmeade/LI_Hogsmeade/Streets/LI_HM_Streets_EXT/SM_CobbleStreet_Block_D1882","230D5B8A-48C8-5795-4431-C8A81AC97EC0","excluded by OutlinerPathsToExclude entry 'LI_Hogsmeade'","DA_RENDER_Rules -> DL_RENDER","1","2054200","jprice","2026-09-02","0",""
"removed","SM_CobbleStreet_Block_D1883","StaticMeshActor","DL_RENDER DL_OVERLAND","DL_RENDER","/Game/__ExternalActors__/Levels/Overland/Hogsmeade/Streets/LI_HM_Streets_EXT/7/2X/MXGECFWUNDF65ZS2EY02TN","LV_Overland/Hogsmeade/LI_Hogsmeade/LI_Hogsmeade/Streets/LI_HM_Streets_EXT/SM_CobbleStreet_Block_D1883","2F439D13-45CC-A5A0-1021-CBADBFF303F5","excluded by OutlinerPathsToExclude entry 'LI_Hogsmeade'","DA_RENDER_Rules -> DL_RENDER","1","2072097","jprice","2026-09-15","0",""
"removed","SM_CobbleStreet_Block_D1884","StaticMeshActor","DL_RENDER DL_OVERLAND","DL_RENDER","/Game/__ExternalActors__/Levels/Overland/Hogsmeade/Streets/LI_HM_Streets_EXT/C/72/VRP7UKYKENZAWL0WYK59SY","LV_Overland/Hogsmeade/LI_Hogsmeade/LI_Hogsmeade/Streets/LI_HM_Streets_EXT/SM_CobbleStreet_Block_D1884","BA535314-43C5-4159-0C14-A0AD55228DD3","excluded by OutlinerPathsToExclude entry 'LI_Hogsmeade'","DA_RENDER_Rules -> DL_RENDER","1","2072097","jprice","2026-09-15","0",""
"removed","SM_CobbleStreet_Block_D1885","StaticMeshActor","DL_RENDER DL_OVERLAND","DL_RENDER","/Game/__ExternalActors__/Levels/Overland/Hogsmeade/Streets/LI_HM_Streets_EXT/0/9C/8ZZEQTCB5QVXTOOUM3L55W","LV_Overland/Hogsmeade/LI_Hogsmeade/LI_Hogsmeade/Streets/LI_HM_Streets_EXT/SM_CobbleStreet_Block_D1885","84CF33DE-471C-F98F-6BC4-7083EB47E756","excluded by OutlinerPathsToExclude entry 'LI_Hogsmeade'","DA_RENDER_Rules -> DL_RENDER","1","2072097","jprice","2026-09-15","0",""
"removed","SM_CobbleStreet_Block_D1886","StaticMeshActor","DL_RENDER DL_OVERLAND","DL_RENDER","/Game/__ExternalActors__/Levels/Overland/Hogsmeade/Streets/LI_HM_Streets_EXT/A/YF/8LBI3LG7ICKKOSWZ3HM607","LV_Overland/Hogsmeade/LI_Hogsmeade/LI_Hogsmeade/Streets/LI_HM_Streets_EXT/SM_CobbleStreet_Block_D1886","B0DEE72B-4C57-F105-040B-9290F556BCEC","excluded by OutlinerPathsToExclude entry 'LI_Hogsmeade'","DA_RENDER_Rules -> DL_RENDER","1","2072097","jprice","2026-09-15","0",""
"removed","SM_CobbleStreet_Block_D1889","StaticMeshActor","DL_RENDER DL_OVERLAND","DL_RENDER","/Game/__ExternalActors__/Levels/Overland/Hogsmeade/Streets/LI_HM_Streets_EXT/4/VA/415NQA4UZ2WFA00YYFRRFC","LV_Overland/Hogsmeade/LI_Hogsmeade/LI_Hogsmeade/Streets/LI_HM_Streets_EXT/SM_CobbleStreet_Block_D1889","B6D77179-4F74-1E35-5762-5E994C9DA4AF","excluded by OutlinerPathsToExclude entry 'LI_Hogsmeade'","DA_RENDER_Rules -> DL_RENDER","1","2054200","jprice","2026-09-02","0",""
"removed","SM_CobbleStreet_Block_D1890","StaticMeshActor","DL_RENDER DL_OVERLAND","DL_RENDER","/Game/__ExternalActors__/Levels/Overland/Hogsmeade/Streets/LI_HM_Streets_EXT/5/JB/I07H1DQHVB0NDV5CAE8SOD","LV_Overland/Hogsmeade/LI_Hogsmeade/LI_Hogsmeade/Streets/LI_HM_Streets_EXT/SM_CobbleStreet_Block_D1890","0575652B-425B-85C8-AEE8-9185EB85C590","excluded by OutlinerPathsToExclude entry 'LI_Hogsmeade'","DA_RENDER_Rules -> DL_RENDER","1","2054200","jprice","2026-09-02","0",""
"removed","SM_CobbleStreet_Block_D1891","StaticMeshActor","DL_RENDER DL_OVERLAND","DL_RENDER","/Game/__ExternalActors__/Levels/Overland/Hogsmeade/Streets/LI_HM_Streets_EXT/7/CJ/YUPH80GU38H0FBNFDY9ZGW","LV_Overland/Hogsmeade/LI_Hogsmeade/LI_Hogsmeade/Streets/LI_HM_Streets_EXT/SM_CobbleStreet_Block_D1891","C6613216-445E-0A2D-C956-9E9AE24A95EA","excluded by OutlinerPathsToExclude entry 'LI_Hogsmeade'","DA_RENDER_Rules -> DL_RENDER","1","2054200","jprice","2026-09-02","0",""
"removed","SM_CobbleStreet_Block_D1892","StaticMeshActor","DL_RENDER DL_OVERLAND","DL_RENDER","/Game/__ExternalActors__/Levels/Overland/Hogsmeade/Streets/LI_HM_Streets_EXT/E/CW/ODOR7DEPNMPNPTBJ4HFI9Z","LV_Overland/Hogsmeade/LI_Hogsmeade/LI_Hogsmeade/Streets/LI_HM_Streets_EXT/SM_CobbleStreet_Block_D1892","260DF1B5-4C89-9755-46A9-03B4A87E5AE9","excluded by OutlinerPathsToExclude entry 'LI_Hogsmeade'","DA_RENDER_Rules -> DL_RENDER","1","2054200","jprice","2026-09-02","0",""
"removed","SM_CobbleStreet_Block_D1893","StaticMeshActor","DL_RENDER DL_OVERLAND","DL_RENDER","/Game/__ExternalActors__/Levels/Overland/Hogsmeade/Streets/LI_HM_Streets_EXT/A/C6/8PGJ73JZ7OT0W214XZLXQM","LV_Overland/Hogsmeade/LI_Hogsmeade/LI_Hogsmeade/Streets/LI_HM_Streets_EXT/SM_CobbleStreet_Block_D1893","01B1B5D0-4D97-9E11-9C25-1A847B123424","excluded by OutlinerPathsToExclude entry 'LI_Hogsmeade'","DA_RENDER_Rules -> DL_RENDER","1","2054200","jprice","2026-09-02","0",""
"removed","SM_CobbleStreet_Block_D1894","StaticMeshActor","DL_RENDER DL_OVERLAND","DL_RENDER","/Game/__ExternalActors__/Levels/Overland/Hogsmeade/Streets/LI_HM_Streets_EXT/4/CH/NYAHTY4BHYAEQJAWFOFFRI","LV_Overland/Hogsmeade/LI_Hogsmeade/LI_Hogsmeade/Streets/LI_HM_Streets_EXT/SM_CobbleStreet_Block_D1894","B0E44B55-4D74-DE09-D95D-D287BE9AE0F7","excluded by OutlinerPathsToExclude entry 'LI_Hogsmeade'","DA_RENDER_Rules -> DL_RENDER","1","2054200","jprice","2026-09-02","0",""
"removed","SM_CobbleStreet_Block_D1895","StaticMeshActor","DL_RENDER DL_OVERLAND","DL_RENDER","/Game/__ExternalActors__/Levels/Overland/Hogsmeade/Streets/LI_HM_Streets_EXT/1/KE/GIBHD9IO5GF0LQHR5HX0P8","LV_Overland/Hogsmeade/LI_Hogsmeade/LI_Hogsmeade/Streets/LI_HM_Streets_EXT/SM_CobbleStreet_Block_D1895","B87AD207-4472-2074-A42A-D189F7665C52","excluded by OutlinerPathsToExclude entry 'LI_Hogsmeade'","DA_RENDER_Rules -> DL_RENDER","1","2054200","jprice","2026-09-02","0",""
"removed","SM_CobbleStreet_Block_D1896","StaticMeshActor","DL_RENDER DL_OVERLAND","DL_RENDER","/Game/__ExternalActors__/Levels/Overland/Hogsmeade/Streets/LI_HM_Streets_EXT/9/V0/ZM3YQH2OV4QQZLPLYIKFZ3","LV_Overland/Hogsmeade/LI_Hogsmeade/LI_Hogsmeade/Streets/LI_HM_Streets_EXT/SM_CobbleStreet_Block_D1896","103DE85C-4639-9C04-163E-D8BAE0A744BF","excluded by OutlinerPathsToExclude entry 'LI_Hogsmeade'","DA_RENDER_Rules -> DL_RENDER","1","2054200","jprice","2026-09-02","0",""
"removed","SM_CobbleStreet_Block_D1897","StaticMeshActor","DL_RENDER DL_OVERLAND","DL_RENDER","/Game/__ExternalActors__/Levels/Overland/Hogsmeade/Streets/LI_HM_Streets_EXT/9/DZ/721AJFSWPID2PF4VYI0WVZ","LV_Overland/Hogsmeade/LI_Hogsmeade/LI_Hogsmeade/Streets/LI_HM_Streets_EXT/SM_CobbleStreet_Block_D1897","D2DB4CC5-4A42-58BB-03DF-88B256E87FF1","excluded by OutlinerPathsToExclude entry 'LI_Hogsmeade'","DA_RENDER_Rules -> DL_RENDER","1","2054200","jprice","2026-09-02","0",""
"removed","SM_CobbleStreet_Block_D1898","StaticMeshActor","DL_RENDER DL_OVERLAND","DL_RENDER","/Game/__ExternalActors__/Levels/Overland/Hogsmeade/Streets/LI_HM_Streets_EXT/B/8N/F3WOSKRBRTKR1L7IY07VXG","LV_Overland/Hogsmeade/LI_Hogsmeade/LI_Hogsmeade/Streets/LI_HM_Streets_EXT/SM_CobbleStreet_Block_D1898","5F72072B-40EB-7828-6356-6DB30ED602E5","excluded by OutlinerPathsToExclude entry 'LI_Hogsmeade'","DA_RENDER_Rules -> DL_RENDER","1","2054200","jprice","2026-09-02","0",""
"removed","SM_CobbleStreet_Block_D1899","StaticMeshActor","DL_RENDER DL_OVERLAND","DL_RENDER","/Game/__ExternalActors__/Levels/Overland/Hogsmeade/Streets/LI_HM_Streets_EXT/A/VZ/Z9COSQM9GH82R811CC1B0Q","LV_Overland/Hogsmeade/LI_Hogsmeade/LI_Hogsmeade/Streets/LI_HM_Streets_EXT/SM_CobbleStreet_Block_D1899","39D09D15-4832-997A-5CC3-BB9654A17CB7","excluded by OutlinerPathsToExclude entry 'LI_Hogsmeade'","DA_RENDER_Rules -> DL_RENDER","1","2054200","jprice","2026-09-02","0",""
"removed","SM_CobbleStreet_Block_D1900","StaticMeshActor","DL_RENDER DL_OVERLAND","DL_RENDER","/Game/__ExternalActors__/Levels/Overland/Hogsmeade/Streets/LI_HM_Streets_EXT/9/PC/ODECF4BJS8TTP6B5WM27CJ","LV_Overland/Hogsmeade/LI_Hogsmeade/LI_Hogsmeade/Streets/LI_HM_Streets_EXT/SM_CobbleStreet_Block_D1900","B0B40F31-4740-B002-B936-A08D6AAA715E","excluded by OutlinerPathsToExclude entry 'LI_Hogsmeade'","DA_RENDER_Rules -> DL_RENDER","1","2054200","jprice","2026-09-02","0",""
"removed","SM_CobbleStreet_Block_D1901","StaticMeshActor","DL_RENDER DL_OVERLAND","DL_RENDER","/Game/__ExternalActors__/Levels/Overland/Hogsmeade/Streets/LI_HM_Streets_EXT/B/O6/2I4YTDY5LQJFG0ZHHX5Z0H","LV_Overland/Hogsmeade/LI_Hogsmeade/LI_Hogsmeade/Streets/LI_HM_Streets_EXT/SM_CobbleStreet_Block_D1901","8A859C7D-4131-01AC-78D4-B79A7589FE25","excluded by OutlinerPathsToExclude entry 'LI_Hogsmeade'","DA_RENDER_Rules -> DL_RENDER","1","2054200","jprice","2026-09-02","0",""
"removed","SM_CobbleStreet_Block_D1902","StaticMeshActor","DL_RENDER DL_OVERLAND","DL_RENDER","/Game/__ExternalActors__/Levels/Overland/Hogsmeade/Streets/LI_HM_Streets_EXT/1/XS/G68Y042HYU7PDI50IWQK3Y","LV_Overland/Hogsmeade/LI_Hogsmeade/LI_Hogsmeade/Streets/LI_HM_Streets_EXT/SM_CobbleStreet_Block_D1902","A97096C5-4F09-8319-5932-D292C6114A80","excluded by OutlinerPathsToExclude entry 'LI_Hogsmeade'","DA_RENDER_Rules -> DL_RENDER","1","2054200","jprice","2026-09-02","0",""
"removed","SM_CobbleStreet_Block_D1903","StaticMeshActor","DL_RENDER DL_OVERLAND","DL_RENDER","/Game/__ExternalActors__/Levels/Overland/Hogsmeade/Streets/LI_HM_Streets_EXT/C/NV/3EFBBMNH91D3NU7LZP5UIQ","LV_Overland/Hogsmeade/LI_Hogsmeade/LI_Hogsmeade/Streets/LI_HM_Streets_EXT/SM_CobbleStreet_Block_D1903","21ACB1A6-4DCB-7478-7215-07BA99EB20CB","excluded by OutlinerPathsToExclude entry 'LI_Hogsmeade'","DA_RENDER_Rules -> DL_RENDER","1","2054200","jprice","2026-09-02","0",""
"removed","SM_CobbleStreet_Block_D1904","StaticMeshActor","DL_RENDER DL_OVERLAND","DL_RENDER","/Game/__ExternalActors__/Levels/Overland/Hogsmeade/Streets/LI_HM_Streets_EXT/0/WS/WRLPG0SHPEK70VVR3JCPZ9","LV_Overland/Hogsmeade/LI_Hogsmeade/LI_Hogsmeade/Streets/LI_HM_Streets_EXT/SM_CobbleStreet_Block_D1904","7BD343FE-4616-E4B8-87A5-ABAEFC287D55","excluded by OutlinerPathsToExclude entry 'LI_Hogsmeade'","DA_RENDER_Rules -> DL_RENDER","1","2054200","jprice","2026-09-02","0",""
"removed","SM_CobbleStreet_Block_D1905","StaticMeshActor","DL_RENDER DL_OVERLAND","DL_RENDER","/Game/__ExternalActors__/Levels/Overland/Hogsmeade/Streets/LI_HM_Streets_EXT/C/CV/10R6P826YYX3C1KSWGL16V","LV_Overland/Hogsmeade/LI_Hogsmeade/LI_Hogsmeade/Streets/LI_HM_Streets_EXT/SM_CobbleStreet_Block_D1905","B1A9822B-4419-D04E-6F32-5FBA821CE021","excluded by OutlinerPathsToExclude entry 'LI_Hogsmeade'","DA_RENDER_Rules -> DL_RENDER","1","2054200","jprice","2026-09-02","0",""
"removed","SM_CobbleStreet_Block_D1906","StaticMeshActor","DL_RENDER DL_OVERLAND","DL_RENDER","/Game/__ExternalActors__/Levels/Overland/Hogsmeade/Streets/LI_HM_Streets_EXT/4/17/ZUOM7JSIZ321HBXYZ97U09","LV_Overland/Hogsmeade/LI_Hogsmeade/LI_Hogsmeade/Streets/LI_HM_Streets_EXT/SM_CobbleStreet_Block_D1906","5B72419A-4DAD-B706-433D-178AA8F42BAE","excluded by OutlinerPathsToExclude entry 'LI_Hogsmeade'","DA_RENDER_Rules -> DL_RENDER","1","2054200","jprice","2026-09-02","0",""
"removed","SM_CobbleStreet_Block_D1907","StaticMeshActor","DL_RENDER DL_OVERLAND","DL_RENDER","/Game/__ExternalActors__/Levels/Overland/Hogsmeade/Streets/LI_HM_Streets_EXT/6/0F/ZPEMAD0QAJH6TQYV1GD3IX","LV_Overland/Hogsmeade/LI_Hogsmeade/LI_Hogsmeade/Streets/LI_HM_Streets_EXT/SM_CobbleStreet_Block_D1907","19B609A0-415F-9846-2C9B-A5BE9A439E4D","excluded by OutlinerPathsToExclude entry 'LI_Hogsmeade'","DA_RENDER_Rules -> DL_RENDER","1","2054200","jprice","2026-09-02","0",""
"removed","SM_CobbleStreet_Block_D1908","StaticMeshActor","DL_RENDER DL_OVERLAND","DL_RENDER","/Game/__ExternalActors__/Levels/Overland/Hogsmeade/Streets/LI_HM_Streets_EXT/B/GA/GLNFL9WZBGHEGI4RPUCIV1","LV_Overland/Hogsmeade/LI_Hogsmeade/LI_Hogsmeade/Streets/LI_HM_Streets_EXT/SM_CobbleStreet_Block_D1908","CCA7EA39-433C-9D23-3426-4390D183363B","excluded by OutlinerPathsToExclude entry 'LI_Hogsmeade'","DA_RENDER_Rules -> DL_RENDER","1","2054200","jprice","2026-09-02","0",""
"removed","SM_CobbleStreet_Block_D1909","StaticMeshActor","DL_RENDER DL_OVERLAND","DL_RENDER","/Game/__ExternalActors__/Levels/Overland/Hogsmeade/Streets/LI_HM_Streets_EXT/6/NV/3E1DVQT4RQ7BKSL4QRF17B","LV_Overland/Hogsmeade/LI_Hogsmeade/LI_Hogsmeade/Streets/LI_HM_Streets_EXT/SM_CobbleStreet_Block_D1909","86C2ADC8-4507-944C-F7E8-2996A99E8B22","excluded by OutlinerPathsToExclude entry 'LI_Hogsmeade'","DA_RENDER_Rules -> DL_RENDER","1","2054200","jprice","2026-09-02","0",""
"removed","SM_CobbleStreet_Block_D1910","StaticMeshActor","DL_RENDER DL_OVERLAND","DL_RENDER","/Game/__ExternalActors__/Levels/Overland/Hogsmeade/Streets/LI_HM_Streets_EXT/B/VG/D21UG8XMKNPDX2N05EPCZS","LV_Overland/Hogsmeade/LI_Hogsmeade/LI_Hogsmeade/Streets/LI_HM_Streets_EXT/SM_CobbleStreet_Block_D1910","05326D96-40F2-5B2A-E9A3-89B785DD6064","excluded by OutlinerPathsToExclude entry 'LI_Hogsmeade'","DA_RENDER_Rules -> DL_RENDER","1","2054200","jprice","2026-09-02","0",""
"removed","SM_CobbleStreet_Block_D1911","StaticMeshActor","DL_RENDER DL_OVERLAND","DL_RENDER","/Game/__ExternalActors__/Levels/Overland/Hogsmeade/Streets/LI_HM_Streets_EXT/3/PJ/W5LL7ST1CNTZXJE78AZRXJ","LV_Overland/Hogsmeade/LI_Hogsmeade/LI_Hogsmeade/Streets/LI_HM_Streets_EXT/SM_CobbleStreet_Block_D1911","B6562A87-406C-988A-AEB5-31A9A7B1EC5C","excluded by OutlinerPathsToExclude entry 'LI_Hogsmeade'","DA_RENDER_Rules -> DL_RENDER","1","2054200","jprice","2026-09-02","0",""
"removed","SM_CobbleStreet_Block_D1912","StaticMeshActor","DL_RENDER DL_OVERLAND","DL_RENDER","/Game/__ExternalActors__/Levels/Overland/Hogsmeade/Streets/LI_HM_Streets_EXT/4/5L/WR77B2IOG3IJ2PRI7JV36A","LV_Overland/Hogsmeade/LI_Hogsmeade/LI_Hogsmeade/Streets/LI_HM_Streets_EXT/SM_CobbleStreet_Block_D1912","13D61C8A-420E-7376-3F4A-67AB9250447C","excluded by OutlinerPathsToExclude entry 'LI_Hogsmeade'","DA_RENDER_Rules -> DL_RENDER","1","2054200","jprice","2026-09-02","0",""
"removed","SM_CobbleStreet_Block_D1913","StaticMeshActor","DL_RENDER DL_OVERLAND","DL_RENDER","/Game/__ExternalActors__/Levels/Overland/Hogsmeade/Streets/LI_HM_Streets_EXT/0/QB/WQIHTPNQ5W2L1C5LG6F1SA","LV_Overland/Hogsmeade/LI_Hogsmeade/LI_Hogsmeade/Streets/LI_HM_Streets_EXT/SM_CobbleStreet_Block_D1913","E0800764-43E8-5C9B-07F7-EF982D9CEFD2","excluded by OutlinerPathsToExclude entry 'LI_Hogsmeade'","DA_RENDER_Rules -> DL_RENDER","1","2054200","jprice","2026-09-02","0",""
"removed","SM_CobbleStreet_Block_D1914","StaticMeshActor","DL_RENDER DL_OVERLAND","DL_RENDER","/Game/__ExternalActors__/Levels/Overland/Hogsmeade/Streets/LI_HM_Streets_EXT/0/Z0/M50TGVAZQAM199973ZK0WZ","LV_Overland/Hogsmeade/LI_Hogsmeade/LI_Hogsmeade/Streets/LI_HM_Streets_EXT/SM_CobbleStreet_Block_D1914","B11D021F-4F65-AD6B-8E9B-52BE947C28C8","excluded by OutlinerPathsToExclude entry 'LI_Hogsmeade'","DA_RENDER_Rules -> DL_RENDER","1","2054200","jprice","2026-09-02","0",""
"removed","SM_CobbleStreet_Block_D1915","StaticMeshActor","DL_RENDER DL_OVERLAND","DL_RENDER","/Game/__ExternalActors__/Levels/Overland/Hogsmeade/Streets/LI_HM_Streets_EXT/A/6Z/RIGHOR7S5PVV6U4YQ24GEE","LV_Overland/Hogsmeade/LI_Hogsmeade/LI_Hogsmeade/Streets/LI_HM_Streets_EXT/SM_CobbleStreet_Block_D1915","D0440CC9-43CA-3C4D-7E66-72B75B000ACF","excluded by OutlinerPathsToExclude entry 'LI_Hogsmeade'","DA_RENDER_Rules -> DL_RENDER","1","2054200","jprice","2026-09-02","0",""
"removed","SM_CobbleStreet_Block_D1916","StaticMeshActor","DL_RENDER DL_OVERLAND","DL_RENDER","/Game/__ExternalActors__/Levels/Overland/Hogsmeade/Streets/LI_HM_Streets_EXT/6/1H/WV3IYXABM3OFCWCOMF1ACY","LV_Overland/Hogsmeade/LI_Hogsmeade/LI_Hogsmeade/Streets/LI_HM_Streets_EXT/SM_CobbleStreet_Block_D1916","5A380BBF-4740-3C2C-641C-2EA692C78C0C","excluded by OutlinerPathsToExclude entry 'LI_Hogsmeade'","DA_RENDER_Rules -> DL_RENDER","1","2054200","jprice","2026-09-02","0",""
"removed","SM_CobbleStreet_Block_D1917","StaticMeshActor","DL_RENDER DL_OVERLAND","DL_RENDER","/Game/__ExternalActors__/Levels/Overland/Hogsmeade/Streets/LI_HM_Streets_EXT/E/CF/0SQSLPA1YENCQM3OUU3FM5","LV_Overland/Hogsmeade/LI_Hogsmeade/LI_Hogsmeade/Streets/LI_HM_Streets_EXT/SM_CobbleStreet_Block_D1917","A69A6D41-401C-D9C5-2F10-D58F7CF1679D","excluded by OutlinerPathsToExclude entry 'LI_Hogsmeade'","DA_RENDER_Rules -> DL_RENDER","1","2054200","jprice","2026-09-02","0",""
"removed","SM_CobbleStreet_Block_D1918","StaticMeshActor","DL_RENDER DL_OVERLAND","DL_RENDER","/Game/__ExternalActors__/Levels/Overland/Hogsmeade/Streets/LI_HM_Streets_EXT/1/D4/1U8U36IDATOJA0LSLGK0DO","LV_Overland/Hogsmeade/LI_Hogsmeade/LI_Hogsmeade/Streets/LI_HM_Streets_EXT/SM_CobbleStreet_Block_D1918","1D209A60-418F-6BF9-E0DF-4F8F72A2D0C6","excluded by OutlinerPathsToExclude entry 'LI_Hogsmeade'","DA_RENDER_Rules -> DL_RENDER","1","2054200","jprice","2026-09-02","0",""
"removed","SM_CobbleStreet_Block_D1919","StaticMeshActor","DL_RENDER DL_OVERLAND","DL_RENDER","/Game/__ExternalActors__/Levels/Overland/Hogsmeade/Streets/LI_HM_Streets_EXT/D/JW/F67L2BYCBRZ9FPUBKGRYKA","LV_Overland/Hogsmeade/LI_Hogsmeade/LI_Hogsmeade/Streets/LI_HM_Streets_EXT/SM_CobbleStreet_Block_D1919","52E27628-480A-FEE8-9C1A-38A87A10B80F","excluded by OutlinerPathsToExclude entry 'LI_Hogsmeade'","DA_RENDER_Rules -> DL_RENDER","1","2054200","jprice","2026-09-02","0",""
"removed","SM_CobbleStreet_Block_D1920","StaticMeshActor","DL_RENDER DL_OVERLAND","DL_RENDER","/Game/__ExternalActors__/Levels/Overland/Hogsmeade/Streets/LI_HM_Streets_EXT/1/SA/IBLTW327U5WI8GS0VN2ILT","LV_Overland/Hogsmeade/LI_Hogsmeade/LI_Hogsmeade/Streets/LI_HM_Streets_EXT/SM_CobbleStreet_Block_D1920","20E3FB34-4D11-8943-B85E-AC88EB569A60","excluded by OutlinerPathsToExclude entry 'LI_Hogsmeade'","DA_RENDER_Rules -> DL_RENDER","1","2054200","jprice","2026-09-02","0",""
"removed","SM_CobbleStreet_Block_D1921","StaticMeshActor","DL_RENDER DL_OVERLAND","DL_RENDER","/Game/__ExternalActors__/Levels/Overland/Hogsmeade/Streets/LI_HM_Streets_EXT/0/FR/T80RKIXEPN6J75UN2QO6KJ","LV_Overland/Hogsmeade/LI_Hogsmeade/LI_Hogsmeade/Streets/LI_HM_Streets_EXT/SM_CobbleStreet_Block_D1921","ADC1D725-4F39-05DB-4DB7-419C624037FD","excluded by OutlinerPathsToExclude entry 'LI_Hogsmeade'","DA_RENDER_Rules -> DL_RENDER","1","2054200","jprice","2026-09-02","0",""
"removed","SM_CobbleStreet_Block_D1922","StaticMeshActor","DL_RENDER DL_OVERLAND","DL_RENDER","/Game/__ExternalActors__/Levels/Overland/Hogsmeade/Streets/LI_HM_Streets_EXT/0/0I/R08VXVZAVVN4IMVHYT7SH9","LV_Overland/Hogsmeade/LI_Hogsmeade/LI_Hogsmeade/Streets/LI_HM_Streets_EXT/SM_CobbleStreet_Block_D1922","12ABE2ED-4EEC-0A0C-FF8A-5CBCE49DC321","excluded by OutlinerPathsToExclude entry 'LI_Hogsmeade'","DA_RENDER_Rules -> DL_RENDER","1","2054200","jprice","2026-09-02","0",""
"removed","SM_CobbleStreet_Block_D1923","StaticMeshActor","DL_RENDER DL_OVERLAND","DL_RENDER","/Game/__ExternalActors__/Levels/Overland/Hogsmeade/Streets/LI_HM_Streets_EXT/D/TT/YTIJT7IJUZXBIZLAQNV0QV","LV_Overland/Hogsmeade/LI_Hogsmeade/LI_Hogsmeade/Streets/LI_HM_Streets_EXT/SM_CobbleStreet_Block_D1923","4070C0BD-49FE-2B87-DFEB-A0A9A2E3CEC2","excluded by OutlinerPathsToExclude entry 'LI_Hogsmeade'","DA_RENDER_Rules -> DL_RENDER","1","2054200","jprice","2026-09-02","0",""
"removed","SM_CobbleStreet_Block_D1924","StaticMeshActor","DL_RENDER DL_OVERLAND","DL_RENDER","/Game/__ExternalActors__/Levels/Overland/Hogsmeade/Streets/LI_HM_Streets_EXT/C/7K/KBB0RGZHWNZKHBIDH4MUKR","LV_Overland/Hogsmeade/LI_Hogsmeade/LI_Hogsmeade/Streets/LI_HM_Streets_EXT/SM_CobbleStreet_Block_D1924","ED778D8A-493D-8281-0EF4-C4832DD53FAE","excluded by OutlinerPathsToExclude entry 'LI_Hogsmeade'","DA_RENDER_Rules -> DL_RENDER","1","2054200","jprice","2026-09-02","0",""
"removed","SM_CobbleStreet_Block_D1925","StaticMeshActor","DL_RENDER DL_OVERLAND","DL_RENDER","/Game/__ExternalActors__/Levels/Overland/Hogsmeade/Streets/LI_HM_Streets_EXT/7/VH/D19SYJ2GYVVRBNH353VXEQ","LV_Overland/Hogsmeade/LI_Hogsmeade/LI_Hogsmeade/Streets/LI_HM_Streets_EXT/SM_CobbleStreet_Block_D1925","2EB1E308-448C-9D99-6031-DDB263F782EE","excluded by OutlinerPathsToExclude entry 'LI_Hogsmeade'","DA_RENDER_Rules -> DL_RENDER","1","2054200","jprice","2026-09-02","0",""
"removed","SM_CobbleStreet_Block_D1926","StaticMeshActor","DL_RENDER DL_OVERLAND","DL_RENDER","/Game/__ExternalActors__/Levels/Overland/Hogsmeade/Streets/LI_HM_Streets_EXT/E/MG/AOTWZZGJM9OJCFMP1B1RQS","LV_Overland/Hogsmeade/LI_Hogsmeade/LI_Hogsmeade/Streets/LI_HM_Streets_EXT/SM_CobbleStreet_Block_D1926","333170DF-48A3-7E7D-1C73-8DBD1E19C66C","excluded by OutlinerPathsToExclude entry 'LI_Hogsmeade'","DA_RENDER_Rules -> DL_RENDER","1","2054200","jprice","2026-09-02","0",""
"removed","SM_CobbleStreet_Block_D1927","StaticMeshActor","DL_RENDER DL_OVERLAND","DL_RENDER","/Game/__ExternalActors__/Levels/Overland/Hogsmeade/Streets/LI_HM_Streets_EXT/2/TO/K5BBJEB7NEF1ZMHJODDF4G","LV_Overland/Hogsmeade/LI_Hogsmeade/LI_Hogsmeade/Streets/LI_HM_Streets_EXT/SM_CobbleStreet_Block_D1927","27F24F0C-434B-0A29-DEAC-81B0624A7F6E","excluded by OutlinerPathsToExclude entry 'LI_Hogsmeade'","DA_RENDER_Rules -> DL_RENDER","1","2054200","jprice","2026-09-02","0",""
"removed","SM_CobbleStreet_Block_D1928","StaticMeshActor","DL_RENDER DL_OVERLAND","DL_RENDER","/Game/__ExternalActors__/Levels/Overland/Hogsmeade/Streets/LI_HM_Streets_EXT/0/PC/5CRLBV91XKULZ419D17GIL","LV_Overland/Hogsmeade/LI_Hogsmeade/LI_Hogsmeade/Streets/LI_HM_Streets_EXT/SM_CobbleStreet_Block_D1928","E33C2FE6-4BC6-5823-7E3A-58B685B2AA94","excluded by OutlinerPathsToExclude entry 'LI_Hogsmeade'","DA_RENDER_Rules -> DL_RENDER","1","2054200","jprice","2026-09-02","0",""
"removed","SM_CobbleStreet_Block_D1929","StaticMeshActor","DL_RENDER DL_OVERLAND","DL_RENDER","/Game/__ExternalActors__/Levels/Overland/Hogsmeade/Streets/LI_HM_Streets_EXT/5/BA/XAGMPLX02EL19HORVD29MH","LV_Overland/Hogsmeade/LI_Hogsmeade/LI_Hogsmeade/Streets/LI_HM_Streets_EXT/SM_CobbleStreet_Block_D1929","C5B135F5-4A6C-D5E6-C1A9-4DA68ADDCF01","excluded by OutlinerPathsToExclude entry 'LI_Hogsmeade'","DA_RENDER_Rules -> DL_RENDER","1","2054200","jprice","2026-09-02","0",""
"removed","SM_CobbleStreet_Block_D1930","StaticMeshActor","DL_RENDER DL_OVERLAND","DL_RENDER","/Game/__ExternalActors__/Levels/Overland/Hogsmeade/Streets/LI_HM_Streets_EXT/D/Y1/KURAOILZMAGT7W5HUR2I8J","LV_Overland/Hogsmeade/LI_Hogsmeade/LI_Hogsmeade/Streets/LI_HM_Streets_EXT/SM_CobbleStreet_Block_D1930","73E0D1F5-466F-EADE-D7F1-EFAF2C03C431","excluded by OutlinerPathsToExclude entry 'LI_Hogsmeade'","DA_RENDER_Rules -> DL_RENDER","1","2054200","jprice","2026-09-02","0",""
"removed","SM_CobbleStreet_Block_D1931","StaticMeshActor","DL_RENDER DL_OVERLAND","DL_RENDER","/Game/__ExternalActors__/Levels/Overland/Hogsmeade/Streets/LI_HM_Streets_EXT/9/O9/DI4QF1YE8SLFAAI2C3RATP","LV_Overland/Hogsmeade/LI_Hogsmeade/LI_Hogsmeade/Streets/LI_HM_Streets_EXT/SM_CobbleStreet_Block_D1931","0BD8FE1A-4824-0E55-E6F0-8B946A67675A","excluded by OutlinerPathsToExclude entry 'LI_Hogsmeade'","DA_RENDER_Rules -> DL_RENDER","1","2054200","jprice","2026-09-02","0",""
"removed","SM_CobbleStreet_Block_D1932","StaticMeshActor","DL_RENDER DL_OVERLAND","DL_RENDER","/Game/__ExternalActors__/Levels/Overland/Hogsmeade/Streets/LI_HM_Streets_EXT/9/GP/I1IHI7WDJZ20ABTYT5BGN7","LV_Overland/Hogsmeade/LI_Hogsmeade/LI_Hogsmeade/Streets/LI_HM_Streets_EXT/SM_CobbleStreet_Block_D1932","723AB577-49D2-1F38-4C68-1084AC39B856","excluded by OutlinerPathsToExclude entry 'LI_Hogsmeade'","DA_RENDER_Rules -> DL_RENDER","1","2054200","jprice","2026-09-02","0",""
"removed","SM_CobbleStreet_Block_D1933","StaticMeshActor","DL_RENDER DL_OVERLAND","DL_RENDER","/Game/__ExternalActors__/Levels/Overland/Hogsmeade/Streets/LI_HM_Streets_EXT/4/HN/SBSEIJZU7KD9VNXTWBMOXA","LV_Overland/Hogsmeade/LI_Hogsmeade/LI_Hogsmeade/Streets/LI_HM_Streets_EXT/SM_CobbleStreet_Block_D1933","888FC988-4364-7749-B677-E7B7D3518A56","excluded by OutlinerPathsToExclude entry 'LI_Hogsmeade'","DA_RENDER_Rules -> DL_RENDER","1","2054200","jprice","2026-09-02","0",""
"removed","SM_CobbleStreet_Block_D1934","StaticMeshActor","DL_RENDER DL_OVERLAND","DL_RENDER","/Game/__ExternalActors__/Levels/Overland/Hogsmeade/Streets/LI_HM_Streets_EXT/D/IY/7XHAJP0908MQFBONVLBWEJ","LV_Overland/Hogsmeade/LI_Hogsmeade/LI_Hogsmeade/Streets/LI_HM_Streets_EXT/SM_CobbleStreet_Block_D1934","B336C3D3-4B29-67F4-FA0C-9494FEF2126D","excluded by OutlinerPathsToExclude entry 'LI_Hogsmeade'","DA_RENDER_Rules -> DL_RENDER","1","2054200","jprice","2026-09-02","0",""
"removed","SM_CobbleStreet_Block_D1935","StaticMeshActor","DL_RENDER DL_OVERLAND","DL_RENDER","/Game/__ExternalActors__/Levels/Overland/Hogsmeade/Streets/LI_HM_Streets_EXT/3/LX/8PADDD3L22R7TP4JIA81H2","LV_Overland/Hogsmeade/LI_Hogsmeade/LI_Hogsmeade/Streets/LI_HM_Streets_EXT/SM_CobbleStreet_Block_D1935","DF663FD3-460E-AB09-E441-5DBF0796BFC1","excluded by OutlinerPathsToExclude entry 'LI_Hogsmeade'","DA_RENDER_Rules -> DL_RENDER","1","2054200","jprice","2026-09-02","0",""
"removed","SM_CobbleStreet_Block_D1936","StaticMeshActor","DL_RENDER DL_OVERLAND","DL_RENDER","/Game/__ExternalActors__/Levels/Overland/Hogsmeade/Streets/LI_HM_Streets_EXT/A/CB/GTAIJ1QYGB4GPNGK6R1SRL","LV_Overland/Hogsmeade/LI_Hogsmeade/LI_Hogsmeade/Streets/LI_HM_Streets_EXT/SM_CobbleStreet_Block_D1936","7C91DEC0-438F-6D83-0407-9DBD235B7AD9","excluded by OutlinerPathsToExclude entry 'LI_Hogsmeade'","DA_RENDER_Rules -> DL_RENDER","1","2054200","jprice","2026-09-02","0",""
"removed","SM_CobbleStreet_Block_D1937","StaticMeshActor","DL_RENDER DL_OVERLAND","DL_RENDER","/Game/__ExternalActors__/Levels/Overland/Hogsmeade/Streets/LI_HM_Streets_EXT/9/9T/FF4SZQA8Y3WOQTN2SM1GGS","LV_Overland/Hogsmeade/LI_Hogsmeade/LI_Hogsmeade/Streets/LI_HM_Streets_EXT/SM_CobbleStreet_Block_D1937","AD2D2CC6-495D-A6C9-BFFC-D6BF553CABD5","excluded by OutlinerPathsToExclude entry 'LI_Hogsmeade'","DA_RENDER_Rules -> DL_RENDER","1","2054200","jprice","2026-09-02","0",""
"removed","SM_CobbleStreet_Block_D1938","StaticMeshActor","DL_RENDER DL_OVERLAND","DL_RENDER","/Game/__ExternalActors__/Levels/Overland/Hogsmeade/Streets/LI_HM_Streets_EXT/5/HE/2YCXRJY5BIO11BJ32ACKTA","LV_Overland/Hogsmeade/LI_Hogsmeade/LI_Hogsmeade/Streets/LI_HM_Streets_EXT/SM_CobbleStreet_Block_D1938","7B8D0570-4F44-AACC-C2A4-FD803CFABD19","excluded by OutlinerPathsToExclude entry 'LI_Hogsmeade'","DA_RENDER_Rules -> DL_RENDER","1","2054200","jprice","2026-09-02","0",""
"removed","SM_CobbleStreet_Block_D1939","StaticMeshActor","DL_RENDER DL_OVERLAND","DL_RENDER","/Game/__ExternalActors__/Levels/Overland/Hogsmeade/Streets/LI_HM_Streets_EXT/7/A6/9SV7EBAUCXBIZTN0A5B5CX","LV_Overland/Hogsmeade/LI_Hogsmeade/LI_Hogsmeade/Streets/LI_HM_Streets_EXT/SM_CobbleStreet_Block_D1939","4D17B606-41CC-8AAA-77D5-108E1EC00DC9","excluded by OutlinerPathsToExclude entry 'LI_Hogsmeade'","DA_RENDER_Rules -> DL_RENDER","1","2054200","jprice","2026-09-02","0",""
"removed","SM_CobbleStreet_Block_D1940","StaticMeshActor","DL_RENDER DL_OVERLAND","DL_RENDER","/Game/__ExternalActors__/Levels/Overland/Hogsmeade/Streets/LI_HM_Streets_EXT/6/7D/Z8W3X3X9ZCJ80OD9JV5Q0K","LV_Overland/Hogsmeade/LI_Hogsmeade/LI_Hogsmeade/Streets/LI_HM_Streets_EXT/SM_CobbleStreet_Block_D1940","BF291ED6-4DDF-ABF6-DB45-D892576BF182","excluded by OutlinerPathsToExclude entry 'LI_Hogsmeade'","DA_RENDER_Rules -> DL_RENDER","1","2054200","jprice","2026-09-02","0",""
"removed","SM_CobbleStreet_Block_D1941","StaticMeshActor","DL_RENDER DL_OVERLAND","DL_RENDER","/Game/__ExternalActors__/Levels/Overland/Hogsmeade/Streets/LI_HM_Streets_EXT/3/LR/QVVM5JZSK5MT80UGM4KRCW","LV_Overland/Hogsmeade/LI_Hogsmeade/LI_Hogsmeade/Streets/LI_HM_Streets_EXT/SM_CobbleStreet_Block_D1941","97FC97E7-4489-B2E3-FAC7-B2AA4FE25F17","excluded by OutlinerPathsToExclude entry 'LI_Hogsmeade'","DA_RENDER_Rules -> DL_RENDER","1","2054200","jprice","2026-09-02","0",""
"removed","SM_CobbleStreet_Block_D1942","StaticMeshActor","DL_RENDER DL_OVERLAND","DL_RENDER","/Game/__ExternalActors__/Levels/Overland/Hogsmeade/Streets/LI_HM_Streets_EXT/7/1C/UNU9SZ9QXVXAM2DH3TKBP9","LV_Overland/Hogsmeade/LI_Hogsmeade/LI_Hogsmeade/Streets/LI_HM_Streets_EXT/SM_CobbleStreet_Block_D1942","26020699-4312-0143-2563-A38AB9506D78","excluded by OutlinerPathsToExclude entry 'LI_Hogsmeade'","DA_RENDER_Rules -> DL_RENDER","1","2054200","jprice","2026-09-02","0",""
"removed","SM_CobbleStreet_Block_D1943","StaticMeshActor","DL_RENDER DL_OVERLAND","DL_RENDER","/Game/__ExternalActors__/Levels/Overland/Hogsmeade/Streets/LI_HM_Streets_EXT/1/JK/2BIVAWBOIZ74BHECBKMGIX","LV_Overland/Hogsmeade/LI_Hogsmeade/LI_Hogsmeade/Streets/LI_HM_Streets_EXT/SM_CobbleStreet_Block_D1943","661CC565-4567-30CD-E513-FC86A71BDE91","excluded by OutlinerPathsToExclude entry 'LI_Hogsmeade'","DA_RENDER_Rules -> DL_RENDER","1","2054200","jprice","2026-09-02","0",""
"removed","SM_CobbleStreet_Block_D1944","StaticMeshActor","DL_RENDER DL_OVERLAND","DL_RENDER","/Game/__ExternalActors__/Levels/Overland/Hogsmeade/Streets/LI_HM_Streets_EXT/7/DQ/7RXLDAPACVLCSAPD986UBK","LV_Overland/Hogsmeade/LI_Hogsmeade/LI_Hogsmeade/Streets/LI_HM_Streets_EXT/SM_CobbleStreet_Block_D1944","272B1032-4FF6-F707-BA1D-A19A4267E5DB","excluded by OutlinerPathsToExclude entry 'LI_Hogsmeade'","DA_RENDER_Rules -> DL_RENDER","1","2054200","jprice","2026-09-02","0",""
"removed","SM_CobbleStreet_Block_D1945","StaticMeshActor","DL_RENDER DL_OVERLAND","DL_RENDER","/Game/__ExternalActors__/Levels/Overland/Hogsmeade/Streets/LI_HM_Streets_EXT/5/YP/OMTW1YK5GY3MYZSE0M9TU6","LV_Overland/Hogsmeade/LI_Hogsmeade/LI_Hogsmeade/Streets/LI_HM_Streets_EXT/SM_CobbleStreet_Block_D1945","600F3985-4920-C067-77A8-A3A99CD85ABF","excluded by OutlinerPathsToExclude entry 'LI_Hogsmeade'","DA_RENDER_Rules -> DL_RENDER","1","2054200","jprice","2026-09-02","0",""
"removed","SM_CobbleStreet_Block_D1946","StaticMeshActor","DL_RENDER DL_OVERLAND","DL_RENDER","/Game/__ExternalActors__/Levels/Overland/Hogsmeade/Streets/LI_HM_Streets_EXT/4/OG/6VZ7M00UR9S45KWRQ330QK","LV_Overland/Hogsmeade/LI_Hogsmeade/LI_Hogsmeade/Streets/LI_HM_Streets_EXT/SM_CobbleStreet_Block_D1946","F717AF08-4523-FF95-BE87-1E8666455B84","excluded by OutlinerPathsToExclude entry 'LI_Hogsmeade'","DA_RENDER_Rules -> DL_RENDER","1","2054200","jprice","2026-09-02","0",""
"removed","SM_CobbleStreet_Block_D1947","StaticMeshActor","DL_RENDER DL_OVERLAND","DL_RENDER","/Game/__ExternalActors__/Levels/Overland/Hogsmeade/Streets/LI_HM_Streets_EXT/1/DX/H1AUF9VZNWPEMDZ5MNR84V","LV_Overland/Hogsmeade/LI_Hogsmeade/LI_Hogsmeade/Streets/LI_HM_Streets_EXT/SM_CobbleStreet_Block_D1947","4D3482F0-430A-98B8-128E-34BC0DE80717","excluded by OutlinerPathsToExclude entry 'LI_Hogsmeade'","DA_RENDER_Rules -> DL_RENDER","1","2054200","jprice","2026-09-02","0",""
"removed","SM_CobbleStreet_Block_D1948","StaticMeshActor","DL_RENDER DL_OVERLAND","DL_RENDER","/Game/__ExternalActors__/Levels/Overland/Hogsmeade/Streets/LI_HM_Streets_EXT/7/AR/UPFIA9W0WVZ41T9J6FOJ3U","LV_Overland/Hogsmeade/LI_Hogsmeade/LI_Hogsmeade/Streets/LI_HM_Streets_EXT/SM_CobbleStreet_Block_D1948","4A0D4A4B-46F5-8AE0-1D8C-218046B83037","excluded by OutlinerPathsToExclude entry 'LI_Hogsmeade'","DA_RENDER_Rules -> DL_RENDER","1","2054200","jprice","2026-09-02","0",""
"removed","SM_CobbleStreet_Block_D1949","StaticMeshActor","DL_RENDER DL_OVERLAND","DL_RENDER","/Game/__ExternalActors__/Levels/Overland/Hogsmeade/Streets/LI_HM_Streets_EXT/A/ZT/IMEPFFHHI5890SQWFILHMQ","LV_Overland/Hogsmeade/LI_Hogsmeade/LI_Hogsmeade/Streets/LI_HM_Streets_EXT/SM_CobbleStreet_Block_D1949","8D6C5921-4AD8-1FCE-53B0-F99F7ED4F30D","excluded by OutlinerPathsToExclude entry 'LI_Hogsmeade'","DA_RENDER_Rules -> DL_RENDER","1","2054200","jprice","2026-09-02","0",""
"removed","SM_CobbleStreet_Block_D1950","StaticMeshActor","DL_RENDER DL_OVERLAND","DL_RENDER","/Game/__ExternalActors__/Levels/Overland/Hogsmeade/Streets/LI_HM_Streets_EXT/6/G2/R8Q006FVZKKS4M897RFDS2","LV_Overland/Hogsmeade/LI_Hogsmeade/LI_Hogsmeade/Streets/LI_HM_Streets_EXT/SM_CobbleStreet_Block_D1950","E89A9E68-4739-4621-F852-8CB66229049E","excluded by OutlinerPathsToExclude entry 'LI_Hogsmeade'","DA_RENDER_Rules -> DL_RENDER","1","2054200","jprice","2026-09-02","0",""
"removed","SM_CobbleStreet_Block_D1951","StaticMeshActor","DL_RENDER DL_OVERLAND","DL_RENDER","/Game/__ExternalActors__/Levels/Overland/Hogsmeade/Streets/LI_HM_Streets_EXT/2/7O/LFE4OZYHIA637DXS740PU7","LV_Overland/Hogsmeade/LI_Hogsmeade/LI_Hogsmeade/Streets/LI_HM_Streets_EXT/SM_CobbleStreet_Block_D1951","F4ED16E8-45EB-F40F-25B4-608E0266A1D7","excluded by OutlinerPathsToExclude entry 'LI_Hogsmeade'","DA_RENDER_Rules -> DL_RENDER","1","2054200","jprice","2026-09-02","0",""
"removed","SM_CobbleStreet_Block_D1952","StaticMeshActor","DL_RENDER DL_OVERLAND","DL_RENDER","/Game/__ExternalActors__/Levels/Overland/Hogsmeade/Streets/LI_HM_Streets_EXT/4/PK/GTD4MCFJ5WD71YQ24L0DKA","LV_Overland/Hogsmeade/LI_Hogsmeade/LI_Hogsmeade/Streets/LI_HM_Streets_EXT/SM_CobbleStreet_Block_D1952","38080B50-452B-ED05-F2A6-97BF80DC1999","excluded by OutlinerPathsToExclude entry 'LI_Hogsmeade'","DA_RENDER_Rules -> DL_RENDER","1","2054200","jprice","2026-09-02","0",""
"removed","SM_CobbleStreet_Block_D1953","StaticMeshActor","DL_RENDER DL_OVERLAND","DL_RENDER","/Game/__ExternalActors__/Levels/Overland/Hogsmeade/Streets/LI_HM_Streets_EXT/5/OS/1XVIHX8F3CLKRWAKU1Z59J","LV_Overland/Hogsmeade/LI_Hogsmeade/LI_Hogsmeade/Streets/LI_HM_Streets_EXT/SM_CobbleStreet_Block_D1953","9A2C7EF5-4EC2-05A4-3E57-139E53457719","excluded by OutlinerPathsToExclude entry 'LI_Hogsmeade'","DA_RENDER_Rules -> DL_RENDER","1","2054200","jprice","2026-09-02","0",""
"removed","SM_CobbleStreet_Block_D1954","StaticMeshActor","DL_RENDER DL_OVERLAND","DL_RENDER","/Game/__ExternalActors__/Levels/Overland/Hogsmeade/Streets/LI_HM_Streets_EXT/8/AV/NUU4E1M2MLC9K8KBXUJ6SQ","LV_Overland/Hogsmeade/LI_Hogsmeade/LI_Hogsmeade/Streets/LI_HM_Streets_EXT/SM_CobbleStreet_Block_D1954","27CA7C25-4038-CF9A-43F0-239F27EBE5AF","excluded by OutlinerPathsToExclude entry 'LI_Hogsmeade'","DA_RENDER_Rules -> DL_RENDER","1","2054200","jprice","2026-09-02","0",""
"removed","SM_CobbleStreet_Block_D1955","StaticMeshActor","DL_RENDER DL_OVERLAND","DL_RENDER","/Game/__ExternalActors__/Levels/Overland/Hogsmeade/Streets/LI_HM_Streets_EXT/7/PA/1OJQ4OOUA71EP11K4WQ32H","LV_Overland/Hogsmeade/LI_Hogsmeade/LI_Hogsmeade/Streets/LI_HM_Streets_EXT/SM_CobbleStreet_Block_D1955","4EE0D1AE-4A18-A470-C7A0-8FB27441D153","excluded by OutlinerPathsToExclude entry 'LI_Hogsmeade'","DA_RENDER_Rules -> DL_RENDER","1","2054200","jprice","2026-09-02","0",""
"removed","SM_CobbleStreet_Block_D1956","StaticMeshActor","DL_RENDER DL_OVERLAND","DL_RENDER","/Game/__ExternalActors__/Levels/Overland/Hogsmeade/Streets/LI_HM_Streets_EXT/5/Q7/NTPWR1R4UTTUYQH9P6SV58","LV_Overland/Hogsmeade/LI_Hogsmeade/LI_Hogsmeade/Streets/LI_HM_Streets_EXT/SM_CobbleStreet_Block_D1956","13748824-4099-3FA9-8904-BCB6C7F8844E","excluded by OutlinerPathsToExclude entry 'LI_Hogsmeade'","DA_RENDER_Rules -> DL_RENDER","1","2054200","jprice","2026-09-02","0",""
"removed","SM_CobbleStreet_Block_D1957","StaticMeshActor","DL_RENDER DL_OVERLAND","DL_RENDER","/Game/__ExternalActors__/Levels/Overland/Hogsmeade/Streets/LI_HM_Streets_EXT/4/RG/K6IU4139CIVR3Z4VQT6U61","LV_Overland/Hogsmeade/LI_Hogsmeade/LI_Hogsmeade/Streets/LI_HM_Streets_EXT/SM_CobbleStreet_Block_D1957","58DF7C15-4C94-09B8-4553-AF977E76C1C6","excluded by OutlinerPathsToExclude entry 'LI_Hogsmeade'","DA_RENDER_Rules -> DL_RENDER","1","2054200","jprice","2026-09-02","0",""
"removed","SM_CobbleStreet_Block_D1958","StaticMeshActor","DL_RENDER DL_OVERLAND","DL_RENDER","/Game/__ExternalActors__/Levels/Overland/Hogsmeade/Streets/LI_HM_Streets_EXT/4/PG/0KGXXIIPTD3P4T01L2E3X2","LV_Overland/Hogsmeade/LI_Hogsmeade/LI_Hogsmeade/Streets/LI_HM_Streets_EXT/SM_CobbleStreet_Block_D1958","50CF9E01-4781-2260-4D95-9795484FA62D","excluded by OutlinerPathsToExclude entry 'LI_Hogsmeade'","DA_RENDER_Rules -> DL_RENDER","1","2054200","jprice","2026-09-02","0",""
"removed","SM_CobbleStreet_Block_D1959","StaticMeshActor","DL_RENDER DL_OVERLAND","DL_RENDER","/Game/__ExternalActors__/Levels/Overland/Hogsmeade/Streets/LI_HM_Streets_EXT/3/EX/KMR57NCKZMZHSKSHS5UWI5","LV_Overland/Hogsmeade/LI_Hogsmeade/LI_Hogsmeade/Streets/LI_HM_Streets_EXT/SM_CobbleStreet_Block_D1959","70D67BF5-4894-BB31-E6DC-F18DA9921E37","excluded by OutlinerPathsToExclude entry 'LI_Hogsmeade'","DA_RENDER_Rules -> DL_RENDER","1","2054200","jprice","2026-09-02","0",""
"removed","SM_CobbleStreet_Block_D1960","StaticMeshActor","DL_RENDER DL_OVERLAND","DL_RENDER","/Game/__ExternalActors__/Levels/Overland/Hogsmeade/Streets/LI_HM_Streets_EXT/7/GV/7BW5G9H3MHRWYQX52F0YEQ","LV_Overland/Hogsmeade/LI_Hogsmeade/LI_Hogsmeade/Streets/LI_HM_Streets_EXT/SM_CobbleStreet_Block_D1960","1EA2287E-4AE7-026A-EB37-E9BAEAD1FAA8","excluded by OutlinerPathsToExclude entry 'LI_Hogsmeade'","DA_RENDER_Rules -> DL_RENDER","1","2054200","jprice","2026-09-02","0",""
"removed","SM_CobbleStreet_Block_D1961","StaticMeshActor","DL_RENDER DL_OVERLAND","DL_RENDER","/Game/__ExternalActors__/Levels/Overland/Hogsmeade/Streets/LI_HM_Streets_EXT/4/AE/QDWHIYSPHMJEE97L9Q49PD","LV_Overland/Hogsmeade/LI_Hogsmeade/LI_Hogsmeade/Streets/LI_HM_Streets_EXT/SM_CobbleStreet_Block_D1961","E3D95DDA-4EA3-FDC7-E932-9CB7809A6595","excluded by OutlinerPathsToExclude entry 'LI_Hogsmeade'","DA_RENDER_Rules -> DL_RENDER","1","2054200","jprice","2026-09-02","0",""
"removed","SM_CobbleStreet_Block_D1962","StaticMeshActor","DL_RENDER DL_OVERLAND","DL_RENDER","/Game/__ExternalActors__/Levels/Overland/Hogsmeade/Streets/LI_HM_Streets_EXT/8/O6/5CXJ1J4BKUK49OV000OBFY","LV_Overland/Hogsmeade/LI_Hogsmeade/LI_Hogsmeade/Streets/LI_HM_Streets_EXT/SM_CobbleStreet_Block_D1962","302EBF7A-4C99-7BFF-3D9F-D7BFC3613DFF","excluded by OutlinerPathsToExclude entry 'LI_Hogsmeade'","DA_RENDER_Rules -> DL_RENDER","1","2054200","jprice","2026-09-02","0",""
"removed","SM_CobbleStreet_Block_D1963","StaticMeshActor","DL_RENDER DL_OVERLAND","DL_RENDER","/Game/__ExternalActors__/Levels/Overland/Hogsmeade/Streets/LI_HM_Streets_EXT/3/S7/GE6N53K76ZNARH8Y8ARJJA","LV_Overland/Hogsmeade/LI_Hogsmeade/LI_Hogsmeade/Streets/LI_HM_Streets_EXT/SM_CobbleStreet_Block_D1963","2252DB56-4397-7EBB-EB4D-A7BCF12413A3","excluded by OutlinerPathsToExclude entry 'LI_Hogsmeade'","DA_RENDER_Rules -> DL_RENDER","1","2054200","jprice","2026-09-02","0",""
"removed","SM_CobbleStreet_Block_D1964","StaticMeshActor","DL_RENDER DL_OVERLAND","DL_RENDER","/Game/__ExternalActors__/Levels/Overland/Hogsmeade/Streets/LI_HM_Streets_EXT/1/D5/0G2N3XP6S9Y557DI9LNTX3","LV_Overland/Hogsmeade/LI_Hogsmeade/LI_Hogsmeade/Streets/LI_HM_Streets_EXT/SM_CobbleStreet_Block_D1964","E3BA6885-44A6-9BF2-6377-C8BE047F2B95","excluded by OutlinerPathsToExclude entry 'LI_Hogsmeade'","DA_RENDER_Rules -> DL_RENDER","1","2054200","jprice","2026-09-02","0",""
"removed","SM_CobbleStreet_Block_D1965","StaticMeshActor","DL_RENDER DL_OVERLAND","DL_RENDER","/Game/__ExternalActors__/Levels/Overland/Hogsmeade/Streets/LI_HM_Streets_EXT/1/AA/F9ANKN64RHFRO8ZWVYC43S","LV_Overland/Hogsmeade/LI_Hogsmeade/LI_Hogsmeade/Streets/LI_HM_Streets_EXT/SM_CobbleStreet_Block_D1965","4EA9D24F-40AA-4443-ED48-05ACA6F142F5","excluded by OutlinerPathsToExclude entry 'LI_Hogsmeade'","DA_RENDER_Rules -> DL_RENDER","1","2054200","jprice","2026-09-02","0",""
"removed","SM_CobbleStreet_Block_D1966","StaticMeshActor","DL_RENDER DL_OVERLAND","DL_RENDER","/Game/__ExternalActors__/Levels/Overland/Hogsmeade/Streets/LI_HM_Streets_EXT/D/9Z/BGIJUESIG6BL2ENKUX28Q5","LV_Overland/Hogsmeade/LI_Hogsmeade/LI_Hogsmeade/Streets/LI_HM_Streets_EXT/SM_CobbleStreet_Block_D1966","54B7F2CC-479A-21D2-0FDB-C6B9D167A3B3","excluded by OutlinerPathsToExclude entry 'LI_Hogsmeade'","DA_RENDER_Rules -> DL_RENDER","1","2054200","jprice","2026-09-02","0",""
"removed","SM_CobbleStreet_Block_D1967","StaticMeshActor","DL_RENDER DL_OVERLAND","DL_RENDER","/Game/__ExternalActors__/Levels/Overland/Hogsmeade/Streets/LI_HM_Streets_EXT/A/LF/LEBPBIVYONUC2JI99DVYBP","LV_Overland/Hogsmeade/LI_Hogsmeade/LI_Hogsmeade/Streets/LI_HM_Streets_EXT/SM_CobbleStreet_Block_D1967","98176177-4CF8-6CB4-4960-52A3F94C6FC3","excluded by OutlinerPathsToExclude entry 'LI_Hogsmeade'","DA_RENDER_Rules -> DL_RENDER","1","2054200","jprice","2026-09-02","0",""
"removed","SM_CobbleStreet_Block_D1968","StaticMeshActor","DL_RENDER DL_OVERLAND","DL_RENDER","/Game/__ExternalActors__/Levels/Overland/Hogsmeade/Streets/LI_HM_Streets_EXT/7/NO/A61CWHMWQN1YHMNWJIHEO9","LV_Overland/Hogsmeade/LI_Hogsmeade/LI_Hogsmeade/Streets/LI_HM_Streets_EXT/SM_CobbleStreet_Block_D1968","DDAFD2CA-4290-F75D-B04D-9A98A0C79C77","excluded by OutlinerPathsToExclude entry 'LI_Hogsmeade'","DA_RENDER_Rules -> DL_RENDER","1","2054200","jprice","2026-09-02","0",""
"removed","SM_CobbleStreet_Block_D1969","StaticMeshActor","DL_RENDER DL_OVERLAND","DL_RENDER","/Game/__ExternalActors__/Levels/Overland/Hogsmeade/Streets/LI_HM_Streets_EXT/5/6V/CL7ENAET9GXASBZXFC5BLO","LV_Overland/Hogsmeade/LI_Hogsmeade/LI_Hogsmeade/Streets/LI_HM_Streets_EXT/SM_CobbleStreet_Block_D1969","59D0140A-4981-0820-F779-91B5DE8DF363","excluded by OutlinerPathsToExclude entry 'LI_Hogsmeade'","DA_RENDER_Rules -> DL_RENDER","1","2054200","jprice","2026-09-02","0",""
"removed","SM_CobbleStreet_Block_D1970","StaticMeshActor","DL_RENDER DL_OVERLAND","DL_RENDER","/Game/__ExternalActors__/Levels/Overland/Hogsmeade/Streets/LI_HM_Streets_EXT/A/1P/TXWEGRARM3EZ0QYD1GEBGS","LV_Overland/Hogsmeade/LI_Hogsmeade/LI_Hogsmeade/Streets/LI_HM_Streets_EXT/SM_CobbleStreet_Block_D1970","65FABCA8-41DD-17B8-4FC1-C98B21D61F6F","excluded by OutlinerPathsToExclude entry 'LI_Hogsmeade'","DA_RENDER_Rules -> DL_RENDER","1","2054200","jprice","2026-09-02","0",""
"removed","SM_CobbleStreet_Block_D1971","StaticMeshActor","DL_RENDER DL_OVERLAND","DL_RENDER","/Game/__ExternalActors__/Levels/Overland/Hogsmeade/Streets/LI_HM_Streets_EXT/0/8D/LB9E93S0CTYJXNJLNG9F30","LV_Overland/Hogsmeade/LI_Hogsmeade/LI_Hogsmeade/Streets/LI_HM_Streets_EXT/SM_CobbleStreet_Block_D1971","0D39FE05-4E34-B250-34FD-0FA4C3A9942D","excluded by OutlinerPathsToExclude entry 'LI_Hogsmeade'","DA_RENDER_Rules -> DL_RENDER","1","2054200","jprice","2026-09-02","0",""
"removed","SM_CobbleStreet_Block_D1972","StaticMeshActor","DL_RENDER DL_OVERLAND","DL_RENDER","/Game/__ExternalActors__/Levels/Overland/Hogsmeade/Streets/LI_HM_Streets_EXT/3/PG/9ITD4VG5FSSDVGXJ0Z8M74","LV_Overland/Hogsmeade/LI_Hogsmeade/LI_Hogsmeade/Streets/LI_HM_Streets_EXT/SM_CobbleStreet_Block_D1972","2ED7976E-457C-65F9-4752-048C00E5AB27","excluded by OutlinerPathsToExclude entry 'LI_Hogsmeade'","DA_RENDER_Rules -> DL_RENDER","1","2054200","jprice","2026-09-02","0",""
"removed","SM_CobbleStreet_Block_D1973","StaticMeshActor","DL_RENDER DL_OVERLAND","DL_RENDER","/Game/__ExternalActors__/Levels/Overland/Hogsmeade/Streets/LI_HM_Streets_EXT/A/BA/HY0JVXWU0VT9RQ5A7TI37F","LV_Overland/Hogsmeade/LI_Hogsmeade/LI_Hogsmeade/Streets/LI_HM_Streets_EXT/SM_CobbleStreet_Block_D1973","B95B6420-4A47-6160-A80A-44A4DDDE1A08","excluded by OutlinerPathsToExclude entry 'LI_Hogsmeade'","DA_RENDER_Rules -> DL_RENDER","1","2054200","jprice","2026-09-02","0",""
"removed","SM_CobbleStreet_Block_D1974","StaticMeshActor","DL_RENDER DL_OVERLAND","DL_RENDER","/Game/__ExternalActors__/Levels/Overland/Hogsmeade/Streets/LI_HM_Streets_EXT/6/SD/BEIDZDV7NOP7FQGZGW66F3","LV_Overland/Hogsmeade/LI_Hogsmeade/LI_Hogsmeade/Streets/LI_HM_Streets_EXT/SM_CobbleStreet_Block_D1974","7D0D0CDB-479E-A6DE-7845-B18C613D92C1","excluded by OutlinerPathsToExclude entry 'LI_Hogsmeade'","DA_RENDER_Rules -> DL_RENDER","1","2054200","jprice","2026-09-02","0",""
"removed","SM_CobbleStreet_Block_D1975","StaticMeshActor","DL_RENDER DL_OVERLAND","DL_RENDER","/Game/__ExternalActors__/Levels/Overland/Hogsmeade/Streets/LI_HM_Streets_EXT/0/S5/4H1VBWTJILLYF8LRW41IGT","LV_Overland/Hogsmeade/LI_Hogsmeade/LI_Hogsmeade/Streets/LI_HM_Streets_EXT/SM_CobbleStreet_Block_D1975","7140A9F3-4B73-C839-1F08-52B159180925","excluded by OutlinerPathsToExclude entry 'LI_Hogsmeade'","DA_RENDER_Rules -> DL_RENDER","1","2054200","jprice","2026-09-02","0",""
"removed","SM_CobbleStreet_Block_D1976","StaticMeshActor","DL_RENDER DL_OVERLAND","DL_RENDER","/Game/__ExternalActors__/Levels/Overland/Hogsmeade/Streets/LI_HM_Streets_EXT/7/T6/SZSYWWQ5LRH0BZVS6LJSQJ","LV_Overland/Hogsmeade/LI_Hogsmeade/LI_Hogsmeade/Streets/LI_HM_Streets_EXT/SM_CobbleStreet_Block_D1976","8D78A284-4A1C-9D75-08A6-E883FE261C9D","excluded by OutlinerPathsToExclude entry 'LI_Hogsmeade'","DA_RENDER_Rules -> DL_RENDER","1","2054200","jprice","2026-09-02","0",""
"removed","SM_CobbleStreet_Block_D1977","StaticMeshActor","DL_RENDER DL_OVERLAND","DL_RENDER","/Game/__ExternalActors__/Levels/Overland/Hogsmeade/Streets/LI_HM_Streets_EXT/5/SY/NKCAQYD0A4GYUG8HHA0EQB","LV_Overland/Hogsmeade/LI_Hogsmeade/LI_Hogsmeade/Streets/LI_HM_Streets_EXT/SM_CobbleStreet_Block_D1977","4B8F070B-4AA2-1E64-D899-63AA8F0374EF","excluded by OutlinerPathsToExclude entry 'LI_Hogsmeade'","DA_RENDER_Rules -> DL_RENDER","1","2054200","jprice","2026-09-02","0",""
"removed","SM_CobbleStreet_Block_D1978","StaticMeshActor","DL_RENDER DL_OVERLAND","DL_RENDER","/Game/__ExternalActors__/Levels/Overland/Hogsmeade/Streets/LI_HM_Streets_EXT/C/FC/9IIOY383KKWG81LFVKY6KH","LV_Overland/Hogsmeade/LI_Hogsmeade/LI_Hogsmeade/Streets/LI_HM_Streets_EXT/SM_CobbleStreet_Block_D1978","8342581E-457E-0FC6-BAC5-A08EFA6B94E7","excluded by OutlinerPathsToExclude entry 'LI_Hogsmeade'","DA_RENDER_Rules -> DL_RENDER","1","2054200","jprice","2026-09-02","0",""
"removed","SM_CobbleStreet_Block_E1145","StaticMeshActor","DL_RENDER DL_OVERLAND","DL_RENDER","/Game/__ExternalActors__/Levels/Overland/Hogsmeade/Streets/LI_HM_Streets_EXT/6/2L/EI1AYPC8C8S1VH09D5QRGZ","LV_Overland/Hogsmeade/LI_Hogsmeade/LI_Hogsmeade/Streets/LI_HM_Streets_EXT/SM_CobbleStreet_Block_E1145","F6F619DB-47FC-9775-4A71-2C87CA781FA3","excluded by OutlinerPathsToExclude entry 'LI_Hogsmeade'","DA_RENDER_Rules -> DL_RENDER","1","2054200","jprice","2026-09-02","0",""
"removed","SM_CobbleStreet_Block_E1146","StaticMeshActor","DL_RENDER DL_OVERLAND","DL_RENDER","/Game/__ExternalActors__/Levels/Overland/Hogsmeade/Streets/LI_HM_Streets_EXT/7/F9/9OXCGWNQH00M7QR591S2KL","LV_Overland/Hogsmeade/LI_Hogsmeade/LI_Hogsmeade/Streets/LI_HM_Streets_EXT/SM_CobbleStreet_Block_E1146","6579A41D-4656-FD7D-B11D-5F9452BE18EF","excluded by OutlinerPathsToExclude entry 'LI_Hogsmeade'","DA_RENDER_Rules -> DL_RENDER","1","2054200","jprice","2026-09-02","0",""
"removed","SM_CobbleStreet_Block_E1147","StaticMeshActor","DL_RENDER DL_OVERLAND","DL_RENDER","/Game/__ExternalActors__/Levels/Overland/Hogsmeade/Streets/LI_HM_Streets_EXT/A/ZN/SML7VLRXZP0LNEQQERIT2L","LV_Overland/Hogsmeade/LI_Hogsmeade/LI_Hogsmeade/Streets/LI_HM_Streets_EXT/SM_CobbleStreet_Block_E1147","ECB68D60-48F5-72A4-FA11-E5AF256251D0","excluded by OutlinerPathsToExclude entry 'LI_Hogsmeade'","DA_RENDER_Rules -> DL_RENDER","1","2054200","jprice","2026-09-02","0",""
"removed","SM_CobbleStreet_Block_E1148","StaticMeshActor","DL_RENDER DL_OVERLAND","DL_RENDER","/Game/__ExternalActors__/Levels/Overland/Hogsmeade/Streets/LI_HM_Streets_EXT/D/TY/L7AFC0OV33YJBNAKXU4VAE","LV_Overland/Hogsmeade/LI_Hogsmeade/LI_Hogsmeade/Streets/LI_HM_Streets_EXT/SM_CobbleStreet_Block_E1148","F9673242-45D7-DA1F-272B-64BEAF52B16A","excluded by OutlinerPathsToExclude entry 'LI_Hogsmeade'","DA_RENDER_Rules -> DL_RENDER","1","2054200","jprice","2026-09-02","0",""
"removed","SM_CobbleStreet_Block_E1149","StaticMeshActor","DL_RENDER DL_OVERLAND","DL_RENDER","/Game/__ExternalActors__/Levels/Overland/Hogsmeade/Streets/LI_HM_Streets_EXT/C/3B/KD0TVOENDQB5Q57YH3XEF4","LV_Overland/Hogsmeade/LI_Hogsmeade/LI_Hogsmeade/Streets/LI_HM_Streets_EXT/SM_CobbleStreet_Block_E1149","C0B5640C-4B49-5968-3744-15811D4C818D","excluded by OutlinerPathsToExclude entry 'LI_Hogsmeade'","DA_RENDER_Rules -> DL_RENDER","1","2054200","jprice","2026-09-02","0",""
"removed","SM_CobbleStreet_Block_E1150","StaticMeshActor","DL_RENDER DL_OVERLAND","DL_RENDER","/Game/__ExternalActors__/Levels/Overland/Hogsmeade/Streets/LI_HM_Streets_EXT/3/ZJ/DDLSCL1EN3S9T6A0QI3K8F","LV_Overland/Hogsmeade/LI_Hogsmeade/LI_Hogsmeade/Streets/LI_HM_Streets_EXT/SM_CobbleStreet_Block_E1150","05223456-47B0-DE96-D6DC-32A5FE8EA4E1","excluded by OutlinerPathsToExclude entry 'LI_Hogsmeade'","DA_RENDER_Rules -> DL_RENDER","1","2054200","jprice","2026-09-02","0",""
"removed","SM_CobbleStreet_Block_E1151","StaticMeshActor","DL_RENDER DL_OVERLAND","DL_RENDER","/Game/__ExternalActors__/Levels/Overland/Hogsmeade/Streets/LI_HM_Streets_EXT/1/JC/XB9WYAWBP9NKU7TZGZ9T23","LV_Overland/Hogsmeade/LI_Hogsmeade/LI_Hogsmeade/Streets/LI_HM_Streets_EXT/SM_CobbleStreet_Block_E1151","5E645353-4CF8-EF20-08FE-6FB13311F9BE","excluded by OutlinerPathsToExclude entry 'LI_Hogsmeade'","DA_RENDER_Rules -> DL_RENDER","1","2054200","jprice","2026-09-02","0",""
"removed","SM_CobbleStreet_Block_E1152","StaticMeshActor","DL_RENDER DL_OVERLAND","DL_RENDER","/Game/__ExternalActors__/Levels/Overland/Hogsmeade/Streets/LI_HM_Streets_EXT/8/YP/I0V2W0BGUE96L71YKJXYP1","LV_Overland/Hogsmeade/LI_Hogsmeade/LI_Hogsmeade/Streets/LI_HM_Streets_EXT/SM_CobbleStreet_Block_E1152","B9EC6FDC-48D3-20FE-B51A-42BC4575E3F7","excluded by OutlinerPathsToExclude entry 'LI_Hogsmeade'","DA_RENDER_Rules -> DL_RENDER","1","2054200","jprice","2026-09-02","0",""
"removed","SM_CobbleStreet_Block_E1153","StaticMeshActor","DL_RENDER DL_OVERLAND","DL_RENDER","/Game/__ExternalActors__/Levels/Overland/Hogsmeade/Streets/LI_HM_Streets_EXT/2/93/HJDDJZU0N9O70ZE2XL9YF4","LV_Overland/Hogsmeade/LI_Hogsmeade/LI_Hogsmeade/Streets/LI_HM_Streets_EXT/SM_CobbleStreet_Block_E1153","3724541C-4403-5D97-1FD7-029A359A80F0","excluded by OutlinerPathsToExclude entry 'LI_Hogsmeade'","DA_RENDER_Rules -> DL_RENDER","1","2054200","jprice","2026-09-02","0",""
"removed","SM_CobbleStreet_Block_E1154","StaticMeshActor","DL_RENDER DL_OVERLAND","DL_RENDER","/Game/__ExternalActors__/Levels/Overland/Hogsmeade/Streets/LI_HM_Streets_EXT/0/L6/HYZFFW3I1LQCIGHIDYGI2P","LV_Overland/Hogsmeade/LI_Hogsmeade/LI_Hogsmeade/Streets/LI_HM_Streets_EXT/SM_CobbleStreet_Block_E1154","BB0FC47A-46B0-AF9B-6837-BA87912CAC16","excluded by OutlinerPathsToExclude entry 'LI_Hogsmeade'","DA_RENDER_Rules -> DL_RENDER","1","2054200","jprice","2026-09-02","0",""
"removed","SM_CobbleStreet_Block_E1155","StaticMeshActor","DL_RENDER DL_OVERLAND","DL_RENDER","/Game/__ExternalActors__/Levels/Overland/Hogsmeade/Streets/LI_HM_Streets_EXT/E/CX/H583YWIIW4S13Y9A1BA6AH","LV_Overland/Hogsmeade/LI_Hogsmeade/LI_Hogsmeade/Streets/LI_HM_Streets_EXT/SM_CobbleStreet_Block_E1155","55BA0BFB-4432-2768-4711-729B3E78FC6C","excluded by OutlinerPathsToExclude entry 'LI_Hogsmeade'","DA_RENDER_Rules -> DL_RENDER","1","2054200","jprice","2026-09-02","0",""
"removed","SM_CobbleStreet_Block_E1156","StaticMeshActor","DL_RENDER DL_OVERLAND","DL_RENDER","/Game/__ExternalActors__/Levels/Overland/Hogsmeade/Streets/LI_HM_Streets_EXT/5/X2/R7GO5IAUEBCI272HELW18X","LV_Overland/Hogsmeade/LI_Hogsmeade/LI_Hogsmeade/Streets/LI_HM_Streets_EXT/SM_CobbleStreet_Block_E1156","554331C8-4F85-EC76-5573-E4B86D7463FF","excluded by OutlinerPathsToExclude entry 'LI_Hogsmeade'","DA_RENDER_Rules -> DL_RENDER","1","2054200","jprice","2026-09-02","0",""
"removed","SM_CobbleStreet_Block_E1157","StaticMeshActor","DL_RENDER DL_OVERLAND","DL_RENDER","/Game/__ExternalActors__/Levels/Overland/Hogsmeade/Streets/LI_HM_Streets_EXT/A/29/GHI4NSFG9CINWJNKQFCQ8U","LV_Overland/Hogsmeade/LI_Hogsmeade/LI_Hogsmeade/Streets/LI_HM_Streets_EXT/SM_CobbleStreet_Block_E1157","413FFAF0-4C3D-758B-9D97-8EB5EBCF1A68","excluded by OutlinerPathsToExclude entry 'LI_Hogsmeade'","DA_RENDER_Rules -> DL_RENDER","1","2054200","jprice","2026-09-02","0",""
"removed","SM_CobbleStreet_Block_E1158","StaticMeshActor","DL_RENDER DL_OVERLAND","DL_RENDER","/Game/__ExternalActors__/Levels/Overland/Hogsmeade/Streets/LI_HM_Streets_EXT/3/A2/F52RYVJABZTU34ZW9YRXVE","LV_Overland/Hogsmeade/LI_Hogsmeade/LI_Hogsmeade/Streets/LI_HM_Streets_EXT/SM_CobbleStreet_Block_E1158","249CB03C-4C0B-9776-2834-6B81BE9A4A92","excluded by OutlinerPathsToExclude entry 'LI_Hogsmeade'","DA_RENDER_Rules -> DL_RENDER","1","2054200","jprice","2026-09-02","0",""
"removed","SM_CobbleStreet_Block_E1159","StaticMeshActor","DL_RENDER DL_OVERLAND","DL_RENDER","/Game/__ExternalActors__/Levels/Overland/Hogsmeade/Streets/LI_HM_Streets_EXT/E/RS/C6UG5YOCAB3CF7HYQAN0GF","LV_Overland/Hogsmeade/LI_Hogsmeade/LI_Hogsmeade/Streets/LI_HM_Streets_EXT/SM_CobbleStreet_Block_E1159","7AE70FBA-4BDD-978F-6E78-26B859CD1457","excluded by OutlinerPathsToExclude entry 'LI_Hogsmeade'","DA_RENDER_Rules -> DL_RENDER","1","2054200","jprice","2026-09-02","0",""
"removed","SM_CobbleStreet_Block_E1160","StaticMeshActor","DL_RENDER DL_OVERLAND","DL_RENDER","/Game/__ExternalActors__/Levels/Overland/Hogsmeade/Streets/LI_HM_Streets_EXT/5/JZ/RUYM0FJK5Z424JY51R40NG","LV_Overland/Hogsmeade/LI_Hogsmeade/LI_Hogsmeade/Streets/LI_HM_Streets_EXT/SM_CobbleStreet_Block_E1160","749113A8-47A3-8059-9787-FA99C6CDCE56","excluded by OutlinerPathsToExclude entry 'LI_Hogsmeade'","DA_RENDER_Rules -> DL_RENDER","1","2054200","jprice","2026-09-02","0",""
"removed","SM_CobbleStreet_Block_E1161","StaticMeshActor","DL_RENDER DL_OVERLAND","DL_RENDER","/Game/__ExternalActors__/Levels/Overland/Hogsmeade/Streets/LI_HM_Streets_EXT/7/WS/4WQYPQ7JCGFHPJ4EGPUO0M","LV_Overland/Hogsmeade/LI_Hogsmeade/LI_Hogsmeade/Streets/LI_HM_Streets_EXT/SM_CobbleStreet_Block_E1161","ECC74D81-4600-B275-D175-659FE6AC543E","excluded by OutlinerPathsToExclude entry 'LI_Hogsmeade'","DA_RENDER_Rules -> DL_RENDER","1","2054200","jprice","2026-09-02","0",""
"removed","SM_CobbleStreet_Block_E1162","StaticMeshActor","DL_RENDER DL_OVERLAND","DL_RENDER","/Game/__ExternalActors__/Levels/Overland/Hogsmeade/Streets/LI_HM_Streets_EXT/E/8S/8Q1J1A0IL13RGX709ICI4X","LV_Overland/Hogsmeade/LI_Hogsmeade/LI_Hogsmeade/Streets/LI_HM_Streets_EXT/SM_CobbleStreet_Block_E1162","8FDA6890-4F2C-CAEF-7596-3BB3E7646CE8","excluded by OutlinerPathsToExclude entry 'LI_Hogsmeade'","DA_RENDER_Rules -> DL_RENDER","1","2054200","jprice","2026-09-02","0",""
"removed","SM_CobbleStreet_Block_E1163","StaticMeshActor","DL_RENDER DL_OVERLAND","DL_RENDER","/Game/__ExternalActors__/Levels/Overland/Hogsmeade/Streets/LI_HM_Streets_EXT/9/WZ/6VMBJL5X3LTIQZOON5NF6U","LV_Overland/Hogsmeade/LI_Hogsmeade/LI_Hogsmeade/Streets/LI_HM_Streets_EXT/SM_CobbleStreet_Block_E1163","8B22B624-4FB0-E0A8-DD36-058F369816BA","excluded by OutlinerPathsToExclude entry 'LI_Hogsmeade'","DA_RENDER_Rules -> DL_RENDER","1","2054200","jprice","2026-09-02","0",""
"removed","SM_CobbleStreet_Block_E1187","StaticMeshActor","DL_RENDER DL_OVERLAND","DL_RENDER","/Game/__ExternalActors__/Levels/Overland/Hogsmeade/Streets/LI_HM_Streets_EXT/2/VJ/JXXPYGEIZ8MH5OS3DOL5JY","LV_Overland/Hogsmeade/LI_Hogsmeade/LI_Hogsmeade/Streets/LI_HM_Streets_EXT/SM_CobbleStreet_Block_E1187","EA9A77A1-47B5-CFA0-E8BE-D082FA1B2FC9","excluded by OutlinerPathsToExclude entry 'LI_Hogsmeade'","DA_RENDER_Rules -> DL_RENDER","1","2054200","jprice","2026-09-02","0",""
"removed","SM_CobbleStreet_Block_E1196","StaticMeshActor","DL_RENDER DL_OVERLAND","DL_RENDER","/Game/__ExternalActors__/Levels/Overland/Hogsmeade/Streets/LI_HM_Streets_EXT/6/BO/DFCDTFPUQCQTKS39PC9LBC","LV_Overland/Hogsmeade/LI_Hogsmeade/LI_Hogsmeade/Streets/LI_HM_Streets_EXT/SM_CobbleStreet_Block_E1196","320AE9C6-4879-3BD9-E427-AEAE2F021342","excluded by OutlinerPathsToExclude entry 'LI_Hogsmeade'","DA_RENDER_Rules -> DL_RENDER","1","2054200","jprice","2026-09-02","0",""
"removed","SM_CobbleStreet_Block_E1200","StaticMeshActor","DL_RENDER DL_OVERLAND","DL_RENDER","/Game/__ExternalActors__/Levels/Overland/Hogsmeade/Streets/LI_HM_Streets_EXT/6/5V/EB5K54V5AY0IDXAD7I26NW","LV_Overland/Hogsmeade/LI_Hogsmeade/LI_Hogsmeade/Streets/LI_HM_Streets_EXT/SM_CobbleStreet_Block_E1200","05E5CABD-4B70-84FC-1C87-19AE4D2279F7","excluded by OutlinerPathsToExclude entry 'LI_Hogsmeade'","DA_RENDER_Rules -> DL_RENDER","1","2054200","jprice","2026-09-02","0",""
"removed","SM_CobbleStreet_Block_E1201","StaticMeshActor","DL_RENDER DL_OVERLAND","DL_RENDER","/Game/__ExternalActors__/Levels/Overland/Hogsmeade/Streets/LI_HM_Streets_EXT/3/FD/93O7EKJG3WQS5CARWZEIWD","LV_Overland/Hogsmeade/LI_Hogsmeade/LI_Hogsmeade/Streets/LI_HM_Streets_EXT/SM_CobbleStreet_Block_E1201","E3BAB0B3-43CD-1A2F-6A4C-D082E6E50089","excluded by OutlinerPathsToExclude entry 'LI_Hogsmeade'","DA_RENDER_Rules -> DL_RENDER","1","2054200","jprice","2026-09-02","0",""
"removed","SM_CobbleStreet_Block_E1202","StaticMeshActor","DL_RENDER DL_OVERLAND","DL_RENDER","/Game/__ExternalActors__/Levels/Overland/Hogsmeade/Streets/LI_HM_Streets_EXT/1/X7/3I9YFVUYM8TIRLAUBZRD8H","LV_Overland/Hogsmeade/LI_Hogsmeade/LI_Hogsmeade/Streets/LI_HM_Streets_EXT/SM_CobbleStreet_Block_E1202","C524273F-4E80-E640-DBAF-488E4770E5BC","excluded by OutlinerPathsToExclude entry 'LI_Hogsmeade'","DA_RENDER_Rules -> DL_RENDER","1","2054200","jprice","2026-09-02","0",""
"removed","SM_CobbleStreet_Block_E1203","StaticMeshActor","DL_RENDER DL_OVERLAND","DL_RENDER","/Game/__ExternalActors__/Levels/Overland/Hogsmeade/Streets/LI_HM_Streets_EXT/8/VQ/CULSYON2QUUWLC9N8IFFFC","LV_Overland/Hogsmeade/LI_Hogsmeade/LI_Hogsmeade/Streets/LI_HM_Streets_EXT/SM_CobbleStreet_Block_E1203","B9C55858-4B34-954B-2F22-1DB01D1271D6","excluded by OutlinerPathsToExclude entry 'LI_Hogsmeade'","DA_RENDER_Rules -> DL_RENDER","1","2054200","jprice","2026-09-02","0",""
"removed","SM_CobbleStreet_Block_E1204","StaticMeshActor","DL_RENDER DL_OVERLAND","DL_RENDER","/Game/__ExternalActors__/Levels/Overland/Hogsmeade/Streets/LI_HM_Streets_EXT/0/I9/KXR8CLQDN311S4YOTB15ZY","LV_Overland/Hogsmeade/LI_Hogsmeade/LI_Hogsmeade/Streets/LI_HM_Streets_EXT/SM_CobbleStreet_Block_E1204","12EACEBE-4361-2168-2CD9-158C3766CF74","excluded by OutlinerPathsToExclude entry 'LI_Hogsmeade'","DA_RENDER_Rules -> DL_RENDER","1","2054200","jprice","2026-09-02","0",""
"removed","SM_CobbleStreet_Block_E1205","StaticMeshActor","DL_RENDER DL_OVERLAND","DL_RENDER","/Game/__ExternalActors__/Levels/Overland/Hogsmeade/Streets/LI_HM_Streets_EXT/A/0H/Z80J2UWABRV50H0RMJRT6P","LV_Overland/Hogsmeade/LI_Hogsmeade/LI_Hogsmeade/Streets/LI_HM_Streets_EXT/SM_CobbleStreet_Block_E1205","C667BA51-4932-79D8-01FE-C2BADEC5807A","excluded by OutlinerPathsToExclude entry 'LI_Hogsmeade'","DA_RENDER_Rules -> DL_RENDER","1","2054200","jprice","2026-09-02","0",""
"removed","SM_CobbleStreet_Block_E1206","StaticMeshActor","DL_RENDER DL_OVERLAND","DL_RENDER","/Game/__ExternalActors__/Levels/Overland/Hogsmeade/Streets/LI_HM_Streets_EXT/1/8A/4BBNSIAN7GX77ZM08PRQHL","LV_Overland/Hogsmeade/LI_Hogsmeade/LI_Hogsmeade/Streets/LI_HM_Streets_EXT/SM_CobbleStreet_Block_E1206","002AAB50-4D88-52D7-0CDE-7A8FE08DC580","excluded by OutlinerPathsToExclude entry 'LI_Hogsmeade'","DA_RENDER_Rules -> DL_RENDER","1","2054200","jprice","2026-09-02","0",""
"removed","SM_CobbleStreet_Block_E1207","StaticMeshActor","DL_RENDER DL_OVERLAND","DL_RENDER","/Game/__ExternalActors__/Levels/Overland/Hogsmeade/Streets/LI_HM_Streets_EXT/E/W7/ZPCIGPJY5VS9U39GPEWAB5","LV_Overland/Hogsmeade/LI_Hogsmeade/LI_Hogsmeade/Streets/LI_HM_Streets_EXT/SM_CobbleStreet_Block_E1207","A9B4CE1A-44E5-A95C-CABB-2C9BFF206901","excluded by OutlinerPathsToExclude entry 'LI_Hogsmeade'","DA_RENDER_Rules -> DL_RENDER","1","2054200","jprice","2026-09-02","0",""
"removed","SM_CobbleStreet_Block_E1208","StaticMeshActor","DL_RENDER DL_OVERLAND","DL_RENDER","/Game/__ExternalActors__/Levels/Overland/Hogsmeade/Streets/LI_HM_Streets_EXT/6/JH/Q1JGNGXY6ZG792HFXV74OY","LV_Overland/Hogsmeade/LI_Hogsmeade/LI_Hogsmeade/Streets/LI_HM_Streets_EXT/SM_CobbleStreet_Block_E1208","92DC52A0-4D88-991B-744B-E4B5B79F659D","excluded by OutlinerPathsToExclude entry 'LI_Hogsmeade'","DA_RENDER_Rules -> DL_RENDER","1","2054200","jprice","2026-09-02","0",""
"removed","SM_CobbleStreet_Block_E1209","StaticMeshActor","DL_RENDER DL_OVERLAND","DL_RENDER","/Game/__ExternalActors__/Levels/Overland/Hogsmeade/Streets/LI_HM_Streets_EXT/B/09/VCKL49HV8NE2ABXTGBP95S","LV_Overland/Hogsmeade/LI_Hogsmeade/LI_Hogsmeade/Streets/LI_HM_Streets_EXT/SM_CobbleStreet_Block_E1209","6BB1B4D4-4935-8066-9159-A68AD99B1FB2","excluded by OutlinerPathsToExclude entry 'LI_Hogsmeade'","DA_RENDER_Rules -> DL_RENDER","1","2054200","jprice","2026-09-02","0",""
"removed","SM_CobbleStreet_Block_E1210","StaticMeshActor","DL_RENDER DL_OVERLAND","DL_RENDER","/Game/__ExternalActors__/Levels/Overland/Hogsmeade/Streets/LI_HM_Streets_EXT/D/TE/15WUO7PXQGDD2Q0FI2TFIS","LV_Overland/Hogsmeade/LI_Hogsmeade/LI_Hogsmeade/Streets/LI_HM_Streets_EXT/SM_CobbleStreet_Block_E1210","33B84AD8-4FAE-79BA-5C07-FCB2D45F636C","excluded by OutlinerPathsToExclude entry 'LI_Hogsmeade'","DA_RENDER_Rules -> DL_RENDER","1","2054200","jprice","2026-09-02","0",""
"removed","SM_CobbleStreet_Block_E1211","StaticMeshActor","DL_RENDER DL_OVERLAND","DL_RENDER","/Game/__ExternalActors__/Levels/Overland/Hogsmeade/Streets/LI_HM_Streets_EXT/9/Y1/OQZL9RCK7C1U6JFTO21LSQ","LV_Overland/Hogsmeade/LI_Hogsmeade/LI_Hogsmeade/Streets/LI_HM_Streets_EXT/SM_CobbleStreet_Block_E1211","088756C3-4E03-559F-65B4-F09AE2E318B4","excluded by OutlinerPathsToExclude entry 'LI_Hogsmeade'","DA_RENDER_Rules -> DL_RENDER","1","2054200","jprice","2026-09-02","0",""
"removed","SM_CobbleStreet_Block_E1212","StaticMeshActor","DL_RENDER DL_OVERLAND","DL_RENDER","/Game/__ExternalActors__/Levels/Overland/Hogsmeade/Streets/LI_HM_Streets_EXT/C/50/C31L22P4IDIK0TFUDYX5Y2","LV_Overland/Hogsmeade/LI_Hogsmeade/LI_Hogsmeade/Streets/LI_HM_Streets_EXT/SM_CobbleStreet_Block_E1212","FC73E82F-4CD5-0881-D282-3FAD25C0671E","excluded by OutlinerPathsToExclude entry 'LI_Hogsmeade'","DA_RENDER_Rules -> DL_RENDER","1","2054200","jprice","2026-09-02","0",""
"removed","SM_CobbleStreet_Block_E1213","StaticMeshActor","DL_RENDER DL_OVERLAND","DL_RENDER","/Game/__ExternalActors__/Levels/Overland/Hogsmeade/Streets/LI_HM_Streets_EXT/3/CK/GFG7GBRJ7EH2H5Z8S9FZ8H","LV_Overland/Hogsmeade/LI_Hogsmeade/LI_Hogsmeade/Streets/LI_HM_Streets_EXT/SM_CobbleStreet_Block_E1213","FCE11E5A-44F5-53C5-1C98-10A9E0B5D90D","excluded by OutlinerPathsToExclude entry 'LI_Hogsmeade'","DA_RENDER_Rules -> DL_RENDER","1","2054200","jprice","2026-09-02","0",""
"removed","SM_CobbleStreet_Block_E1214","StaticMeshActor","DL_RENDER DL_OVERLAND","DL_RENDER","/Game/__ExternalActors__/Levels/Overland/Hogsmeade/Streets/LI_HM_Streets_EXT/4/FV/U2P5FNJ385LZI0KGCYIHPI","LV_Overland/Hogsmeade/LI_Hogsmeade/LI_Hogsmeade/Streets/LI_HM_Streets_EXT/SM_CobbleStreet_Block_E1214","1F358831-4129-95BE-7510-5CBF4B027FC5","excluded by OutlinerPathsToExclude entry 'LI_Hogsmeade'","DA_RENDER_Rules -> DL_RENDER","1","2054200","jprice","2026-09-02","0",""
"removed","SM_CobbleStreet_Block_E1215","StaticMeshActor","DL_RENDER DL_OVERLAND","DL_RENDER","/Game/__ExternalActors__/Levels/Overland/Hogsmeade/Streets/LI_HM_Streets_EXT/0/OL/30KALSHAYERWQB6ZFSXR9V","LV_Overland/Hogsmeade/LI_Hogsmeade/LI_Hogsmeade/Streets/LI_HM_Streets_EXT/SM_CobbleStreet_Block_E1215","EF087645-4AF6-C143-F944-F182860A9F5C","excluded by OutlinerPathsToExclude entry 'LI_Hogsmeade'","DA_RENDER_Rules -> DL_RENDER","1","2054200","jprice","2026-09-02","0",""
"removed","SM_CobbleStreet_Block_E1216","StaticMeshActor","DL_RENDER DL_OVERLAND","DL_RENDER","/Game/__ExternalActors__/Levels/Overland/Hogsmeade/Streets/LI_HM_Streets_EXT/B/4U/J1KCMQX2H6O98UZN8XH7A8","LV_Overland/Hogsmeade/LI_Hogsmeade/LI_Hogsmeade/Streets/LI_HM_Streets_EXT/SM_CobbleStreet_Block_E1216","79514871-41B9-13AA-148C-51940D852BD6","excluded by OutlinerPathsToExclude entry 'LI_Hogsmeade'","DA_RENDER_Rules -> DL_RENDER","1","2054200","jprice","2026-09-02","0",""
"removed","SM_CobbleStreet_Block_E1217","StaticMeshActor","DL_RENDER DL_OVERLAND","DL_RENDER","/Game/__ExternalActors__/Levels/Overland/Hogsmeade/Streets/LI_HM_Streets_EXT/2/J8/45AKRE7P2191T2PAY6TRNH","LV_Overland/Hogsmeade/LI_Hogsmeade/LI_Hogsmeade/Streets/LI_HM_Streets_EXT/SM_CobbleStreet_Block_E1217","F89A4F02-4AF4-55F7-F13A-35BAB19D9E03","excluded by OutlinerPathsToExclude entry 'LI_Hogsmeade'","DA_RENDER_Rules -> DL_RENDER","1","2054200","jprice","2026-09-02","0",""
"removed","SM_CobbleStreet_Block_E1218","StaticMeshActor","DL_RENDER DL_OVERLAND","DL_RENDER","/Game/__ExternalActors__/Levels/Overland/Hogsmeade/Streets/LI_HM_Streets_EXT/6/YP/ZU0RHYEDRJEADHXWQS02JV","LV_Overland/Hogsmeade/LI_Hogsmeade/LI_Hogsmeade/Streets/LI_HM_Streets_EXT/SM_CobbleStreet_Block_E1218","B7121961-4F8C-CAD0-3CBB-BFAAFF0AAB9D","excluded by OutlinerPathsToExclude entry 'LI_Hogsmeade'","DA_RENDER_Rules -> DL_RENDER","1","2054200","jprice","2026-09-02","0",""
"removed","SM_CobbleStreet_Block_E1219","StaticMeshActor","DL_RENDER DL_OVERLAND","DL_RENDER","/Game/__ExternalActors__/Levels/Overland/Hogsmeade/Streets/LI_HM_Streets_EXT/B/5X/S35OXORSCDKYEVG1I4SJ22","LV_Overland/Hogsmeade/LI_Hogsmeade/LI_Hogsmeade/Streets/LI_HM_Streets_EXT/SM_CobbleStreet_Block_E1219","74020259-48EB-CA9D-166A-BEAA78F6CDEC","excluded by OutlinerPathsToExclude entry 'LI_Hogsmeade'","DA_RENDER_Rules -> DL_RENDER","1","2054200","jprice","2026-09-02","0",""
"removed","SM_CobbleStreet_Block_E1220","StaticMeshActor","DL_RENDER DL_OVERLAND","DL_RENDER","/Game/__ExternalActors__/Levels/Overland/Hogsmeade/Streets/LI_HM_Streets_EXT/C/4E/2OST99S7XY56B882778PMT","LV_Overland/Hogsmeade/LI_Hogsmeade/LI_Hogsmeade/Streets/LI_HM_Streets_EXT/SM_CobbleStreet_Block_E1220","D4492706-4EEA-98E8-3B49-2D96BCBB98BB","excluded by OutlinerPathsToExclude entry 'LI_Hogsmeade'","DA_RENDER_Rules -> DL_RENDER","1","2054200","jprice","2026-09-02","0",""
"removed","SM_CobbleStreet_Block_E1221","StaticMeshActor","DL_RENDER DL_OVERLAND","DL_RENDER","/Game/__ExternalActors__/Levels/Overland/Hogsmeade/Streets/LI_HM_Streets_EXT/E/NO/WKKZQ3Q0VW8VAYG3YGEZLU","LV_Overland/Hogsmeade/LI_Hogsmeade/LI_Hogsmeade/Streets/LI_HM_Streets_EXT/SM_CobbleStreet_Block_E1221","3F73418E-487F-3FF5-05CC-ED9D50DBF23E","excluded by OutlinerPathsToExclude entry 'LI_Hogsmeade'","DA_RENDER_Rules -> DL_RENDER","1","2054200","jprice","2026-09-02","0",""
"removed","SM_CobbleStreet_Block_E1222","StaticMeshActor","DL_RENDER DL_OVERLAND","DL_RENDER","/Game/__ExternalActors__/Levels/Overland/Hogsmeade/Streets/LI_HM_Streets_EXT/2/N1/ZCLNUT8N0AJO2QM8TV6Z0A","LV_Overland/Hogsmeade/LI_Hogsmeade/LI_Hogsmeade/Streets/LI_HM_Streets_EXT/SM_CobbleStreet_Block_E1222","8EC0D1AC-42EF-26AC-68AF-BFB83108C09A","excluded by OutlinerPathsToExclude entry 'LI_Hogsmeade'","DA_RENDER_Rules -> DL_RENDER","1","2054200","jprice","2026-09-02","0",""
"removed","SM_CobbleStreet_Block_E1223","StaticMeshActor","DL_RENDER DL_OVERLAND","DL_RENDER","/Game/__ExternalActors__/Levels/Overland/Hogsmeade/Streets/LI_HM_Streets_EXT/9/Z4/49QDC5NUOGSU55M4FWFJ15","LV_Overland/Hogsmeade/LI_Hogsmeade/LI_Hogsmeade/Streets/LI_HM_Streets_EXT/SM_CobbleStreet_Block_E1223","8941F13F-496B-0F05-E2DD-8F9E0E236909","excluded by OutlinerPathsToExclude entry 'LI_Hogsmeade'","DA_RENDER_Rules -> DL_RENDER","1","2054200","jprice","2026-09-02","0",""
"removed","SM_CobbleStreet_Block_E1224","StaticMeshActor","DL_RENDER DL_OVERLAND","DL_RENDER","/Game/__ExternalActors__/Levels/Overland/Hogsmeade/Streets/LI_HM_Streets_EXT/2/8J/EV5P8BGARIW4ATVGY5MYYK","LV_Overland/Hogsmeade/LI_Hogsmeade/LI_Hogsmeade/Streets/LI_HM_Streets_EXT/SM_CobbleStreet_Block_E1224","E35C9471-4840-EF79-79EF-7A8A05622674","excluded by OutlinerPathsToExclude entry 'LI_Hogsmeade'","DA_RENDER_Rules -> DL_RENDER","1","2054200","jprice","2026-09-02","0",""
"removed","SM_CobbleStreet_Block_E1225","StaticMeshActor","DL_RENDER DL_OVERLAND","DL_RENDER","/Game/__ExternalActors__/Levels/Overland/Hogsmeade/Streets/LI_HM_Streets_EXT/C/0L/D6MY9BQVJVVAX83VY283OQ","LV_Overland/Hogsmeade/LI_Hogsmeade/LI_Hogsmeade/Streets/LI_HM_Streets_EXT/SM_CobbleStreet_Block_E1225","FEB4FB62-4E30-CC5C-60B0-19A655927515","excluded by OutlinerPathsToExclude entry 'LI_Hogsmeade'","DA_RENDER_Rules -> DL_RENDER","1","2054200","jprice","2026-09-02","0",""
"removed","SM_CobbleStreet_Block_E1226","StaticMeshActor","DL_RENDER DL_OVERLAND","DL_RENDER","/Game/__ExternalActors__/Levels/Overland/Hogsmeade/Streets/LI_HM_Streets_EXT/B/RO/E8D7TZ55U017BRMZTHRK5H","LV_Overland/Hogsmeade/LI_Hogsmeade/LI_Hogsmeade/Streets/LI_HM_Streets_EXT/SM_CobbleStreet_Block_E1226","E0A23476-41F5-0CF5-1ED5-478F5E8B4E72","excluded by OutlinerPathsToExclude entry 'LI_Hogsmeade'","DA_RENDER_Rules -> DL_RENDER","1","2054200","jprice","2026-09-02","0",""
"removed","SM_CobbleStreet_Block_E1227","StaticMeshActor","DL_RENDER DL_OVERLAND","DL_RENDER","/Game/__ExternalActors__/Levels/Overland/Hogsmeade/Streets/LI_HM_Streets_EXT/B/A9/TPCHUML5HB0QPZJ5AKM8PM","LV_Overland/Hogsmeade/LI_Hogsmeade/LI_Hogsmeade/Streets/LI_HM_Streets_EXT/SM_CobbleStreet_Block_E1227","0BF96492-4D7B-7760-994F-C1BB231025C9","excluded by OutlinerPathsToExclude entry 'LI_Hogsmeade'","DA_RENDER_Rules -> DL_RENDER","1","2054200","jprice","2026-09-02","0",""
"removed","SM_CobbleStreet_Block_E1228","StaticMeshActor","DL_RENDER DL_OVERLAND","DL_RENDER","/Game/__ExternalActors__/Levels/Overland/Hogsmeade/Streets/LI_HM_Streets_EXT/2/BJ/LJ11SREBG43BES93H6VQBE","LV_Overland/Hogsmeade/LI_Hogsmeade/LI_Hogsmeade/Streets/LI_HM_Streets_EXT/SM_CobbleStreet_Block_E1228","93726FB0-468C-96E9-C1D4-0D8DE5576B24","excluded by OutlinerPathsToExclude entry 'LI_Hogsmeade'","DA_RENDER_Rules -> DL_RENDER","1","2054200","jprice","2026-09-02","0",""
"removed","SM_CobbleStreet_Block_E1229","StaticMeshActor","DL_RENDER DL_OVERLAND","DL_RENDER","/Game/__ExternalActors__/Levels/Overland/Hogsmeade/Streets/LI_HM_Streets_EXT/E/PG/DB3VGGD9OT4UU41NRR63Y9","LV_Overland/Hogsmeade/LI_Hogsmeade/LI_Hogsmeade/Streets/LI_HM_Streets_EXT/SM_CobbleStreet_Block_E1229","947F3327-4042-BDF4-11BA-37B295A8CB19","excluded by OutlinerPathsToExclude entry 'LI_Hogsmeade'","DA_RENDER_Rules -> DL_RENDER","1","2054200","jprice","2026-09-02","0",""
"removed","SM_CobbleStreet_Block_E1230","StaticMeshActor","DL_RENDER DL_OVERLAND","DL_RENDER","/Game/__ExternalActors__/Levels/Overland/Hogsmeade/Streets/LI_HM_Streets_EXT/4/TW/V00HSILEARLF8RLVDAYKQK","LV_Overland/Hogsmeade/LI_Hogsmeade/LI_Hogsmeade/Streets/LI_HM_Streets_EXT/SM_CobbleStreet_Block_E1230","8E6F512E-4357-0215-B95E-ADBD31C6320A","excluded by OutlinerPathsToExclude entry 'LI_Hogsmeade'","DA_RENDER_Rules -> DL_RENDER","1","2054200","jprice","2026-09-02","0",""
"removed","SM_CobbleStreet_Block_E1231","StaticMeshActor","DL_RENDER DL_OVERLAND","DL_RENDER","/Game/__ExternalActors__/Levels/Overland/Hogsmeade/Streets/LI_HM_Streets_EXT/D/H1/LIE4I3M2D0NWJ75A9TEHP0","LV_Overland/Hogsmeade/LI_Hogsmeade/LI_Hogsmeade/Streets/LI_HM_Streets_EXT/SM_CobbleStreet_Block_E1231","4EC993DC-4FB5-4617-BD26-F1B1CD36ED1C","excluded by OutlinerPathsToExclude entry 'LI_Hogsmeade'","DA_RENDER_Rules -> DL_RENDER","1","2054200","jprice","2026-09-02","0",""
"removed","SM_CobbleStreet_Block_E1232","StaticMeshActor","DL_RENDER DL_OVERLAND","DL_RENDER","/Game/__ExternalActors__/Levels/Overland/Hogsmeade/Streets/LI_HM_Streets_EXT/4/NT/9O5PA2ZVY1P9K8WDTJK9UU","LV_Overland/Hogsmeade/LI_Hogsmeade/LI_Hogsmeade/Streets/LI_HM_Streets_EXT/SM_CobbleStreet_Block_E1232","FA092BEE-4AD4-DE23-A00C-FBA4087CAA38","excluded by OutlinerPathsToExclude entry 'LI_Hogsmeade'","DA_RENDER_Rules -> DL_RENDER","1","2054200","jprice","2026-09-02","0",""
"removed","SM_CobbleStreet_Block_E1233","StaticMeshActor","DL_RENDER DL_OVERLAND","DL_RENDER","/Game/__ExternalActors__/Levels/Overland/Hogsmeade/Streets/LI_HM_Streets_EXT/9/Q4/N670M1LEKN373SYLHAZSXP","LV_Overland/Hogsmeade/LI_Hogsmeade/LI_Hogsmeade/Streets/LI_HM_Streets_EXT/SM_CobbleStreet_Block_E1233","E50BB503-44D1-A670-D6C3-FFBC7D91930A","excluded by OutlinerPathsToExclude entry 'LI_Hogsmeade'","DA_RENDER_Rules -> DL_RENDER","1","2054200","jprice","2026-09-02","0",""
"removed","SM_CobbleStreet_Block_E1234","StaticMeshActor","DL_RENDER DL_OVERLAND","DL_RENDER","/Game/__ExternalActors__/Levels/Overland/Hogsmeade/Streets/LI_HM_Streets_EXT/B/UO/K9LRLDT4L6NFWT9FDFS2AV","LV_Overland/Hogsmeade/LI_Hogsmeade/LI_Hogsmeade/Streets/LI_HM_Streets_EXT/SM_CobbleStreet_Block_E1234","A391AC6F-44C3-A4CF-D9FF-5BAD2736ACC0","excluded by OutlinerPathsToExclude entry 'LI_Hogsmeade'","DA_RENDER_Rules -> DL_RENDER","1","2054200","jprice","2026-09-02","0",""
"removed","SM_CobbleStreet_Block_E1235","StaticMeshActor","DL_RENDER DL_OVERLAND","DL_RENDER","/Game/__ExternalActors__/Levels/Overland/Hogsmeade/Streets/LI_HM_Streets_EXT/4/VY/7QX3YWA3SJRAW8AAAZ6KXW","LV_Overland/Hogsmeade/LI_Hogsmeade/LI_Hogsmeade/Streets/LI_HM_Streets_EXT/SM_CobbleStreet_Block_E1235","D080F32D-4045-E437-EB38-099350293136","excluded by OutlinerPathsToExclude entry 'LI_Hogsmeade'","DA_RENDER_Rules -> DL_RENDER","1","2054200","jprice","2026-09-02","0",""
"removed","SM_CobbleStreet_Block_E1236","StaticMeshActor","DL_RENDER DL_OVERLAND","DL_RENDER","/Game/__ExternalActors__/Levels/Overland/Hogsmeade/Streets/LI_HM_Streets_EXT/B/P5/GB3STH0QZM7WHVCRSWEX1W","LV_Overland/Hogsmeade/LI_Hogsmeade/LI_Hogsmeade/Streets/LI_HM_Streets_EXT/SM_CobbleStreet_Block_E1236","139118B3-4CFA-9F95-9670-D781B8A83831","excluded by OutlinerPathsToExclude entry 'LI_Hogsmeade'","DA_RENDER_Rules -> DL_RENDER","1","2054200","jprice","2026-09-02","0",""
"removed","SM_CobbleStreet_Block_E1237","StaticMeshActor","DL_RENDER DL_OVERLAND","DL_RENDER","/Game/__ExternalActors__/Levels/Overland/Hogsmeade/Streets/LI_HM_Streets_EXT/2/1F/C7PLFYZLD5I8MQFCV76B9Z","LV_Overland/Hogsmeade/LI_Hogsmeade/LI_Hogsmeade/Streets/LI_HM_Streets_EXT/SM_CobbleStreet_Block_E1237","4AA165CD-4FDE-7612-CC53-9E9D54C43AFB","excluded by OutlinerPathsToExclude entry 'LI_Hogsmeade'","DA_RENDER_Rules -> DL_RENDER","1","2054200","jprice","2026-09-02","0",""
"removed","SM_CobbleStreet_Block_E1238","StaticMeshActor","DL_RENDER DL_OVERLAND","DL_RENDER","/Game/__ExternalActors__/Levels/Overland/Hogsmeade/Streets/LI_HM_Streets_EXT/B/AT/QRTSIS2G3LGGPQYIDZ59JX","LV_Overland/Hogsmeade/LI_Hogsmeade/LI_Hogsmeade/Streets/LI_HM_Streets_EXT/SM_CobbleStreet_Block_E1238","9C26A320-466B-A32D-6BAB-6F890DF7E0A2","excluded by OutlinerPathsToExclude entry 'LI_Hogsmeade'","DA_RENDER_Rules -> DL_RENDER","1","2054200","jprice","2026-09-02","0",""
"removed","SM_CobbleStreet_Block_E1239","StaticMeshActor","DL_RENDER DL_OVERLAND","DL_RENDER","/Game/__ExternalActors__/Levels/Overland/Hogsmeade/Streets/LI_HM_Streets_EXT/B/OJ/RS5QXZTYAMQER69G1FVUGL","LV_Overland/Hogsmeade/LI_Hogsmeade/LI_Hogsmeade/Streets/LI_HM_Streets_EXT/SM_CobbleStreet_Block_E1239","C66F1D0F-4001-EB85-1946-E68E5C8D5F9D","excluded by OutlinerPathsToExclude entry 'LI_Hogsmeade'","DA_RENDER_Rules -> DL_RENDER","1","2054200","jprice","2026-09-02","0",""
"removed","SM_CobbleStreet_Block_E1240","StaticMeshActor","DL_RENDER DL_OVERLAND","DL_RENDER","/Game/__ExternalActors__/Levels/Overland/Hogsmeade/Streets/LI_HM_Streets_EXT/D/J1/V8365OIFA15150PZF8316F","LV_Overland/Hogsmeade/LI_Hogsmeade/LI_Hogsmeade/Streets/LI_HM_Streets_EXT/SM_CobbleStreet_Block_E1240","948C0537-4B4E-904F-552E-6EBBA4798656","excluded by OutlinerPathsToExclude entry 'LI_Hogsmeade'","DA_RENDER_Rules -> DL_RENDER","1","2054200","jprice","2026-09-02","0",""
"removed","SM_CobbleStreet_Block_E1241","StaticMeshActor","DL_RENDER DL_OVERLAND","DL_RENDER","/Game/__ExternalActors__/Levels/Overland/Hogsmeade/Streets/LI_HM_Streets_EXT/5/V3/KEGCZL7XKEN1ZVEE1AJP94","LV_Overland/Hogsmeade/LI_Hogsmeade/LI_Hogsmeade/Streets/LI_HM_Streets_EXT/SM_CobbleStreet_Block_E1241","C43E3B15-4BD8-13C2-25ED-2DA72B58E539","excluded by OutlinerPathsToExclude entry 'LI_Hogsmeade'","DA_RENDER_Rules -> DL_RENDER","1","2054200","jprice","2026-09-02","0",""
"removed","SM_CobbleStreet_Block_E1242","StaticMeshActor","DL_RENDER DL_OVERLAND","DL_RENDER","/Game/__ExternalActors__/Levels/Overland/Hogsmeade/Streets/LI_HM_Streets_EXT/8/0A/FI6ZFV1W5JTPPY6XTCXREL","LV_Overland/Hogsmeade/LI_Hogsmeade/LI_Hogsmeade/Streets/LI_HM_Streets_EXT/SM_CobbleStreet_Block_E1242","882332ED-481C-B0F9-932C-C99AF17CE030","excluded by OutlinerPathsToExclude entry 'LI_Hogsmeade'","DA_RENDER_Rules -> DL_RENDER","1","2054200","jprice","2026-09-02","0",""
"removed","SM_CobbleStreet_Block_E1243","StaticMeshActor","DL_RENDER DL_OVERLAND","DL_RENDER","/Game/__ExternalActors__/Levels/Overland/Hogsmeade/Streets/LI_HM_Streets_EXT/2/RQ/JW7178BXKH8Y0C91Y001EJ","LV_Overland/Hogsmeade/LI_Hogsmeade/LI_Hogsmeade/Streets/LI_HM_Streets_EXT/SM_CobbleStreet_Block_E1243","7E210F3C-47E8-6D6D-D89B-4184E9FC69A8","excluded by OutlinerPathsToExclude entry 'LI_Hogsmeade'","DA_RENDER_Rules -> DL_RENDER","1","2054200","jprice","2026-09-02","0",""
"removed","SM_CobbleStreet_Block_E1244","StaticMeshActor","DL_RENDER DL_OVERLAND","DL_RENDER","/Game/__ExternalActors__/Levels/Overland/Hogsmeade/Streets/LI_HM_Streets_EXT/6/0W/HY7M3Z71N69RFIM4S2KAPP","LV_Overland/Hogsmeade/LI_Hogsmeade/LI_Hogsmeade/Streets/LI_HM_Streets_EXT/SM_CobbleStreet_Block_E1244","DE7C90A4-4448-4546-03C6-029602A0F0BD","excluded by OutlinerPathsToExclude entry 'LI_Hogsmeade'","DA_RENDER_Rules -> DL_RENDER","1","2054200","jprice","2026-09-02","0",""
"removed","SM_CobbleStreet_Block_E1245","StaticMeshActor","DL_RENDER DL_OVERLAND","DL_RENDER","/Game/__ExternalActors__/Levels/Overland/Hogsmeade/Streets/LI_HM_Streets_EXT/7/3Y/AJVRD23SRA0006R4OWQ958","LV_Overland/Hogsmeade/LI_Hogsmeade/LI_Hogsmeade/Streets/LI_HM_Streets_EXT/SM_CobbleStreet_Block_E1245","BC34C070-4FB5-8B15-ACEF-C299BC5010B9","excluded by OutlinerPathsToExclude entry 'LI_Hogsmeade'","DA_RENDER_Rules -> DL_RENDER","1","2054200","jprice","2026-09-02","0",""
"removed","SM_CobbleStreet_Block_E1246","StaticMeshActor","DL_RENDER DL_OVERLAND","DL_RENDER","/Game/__ExternalActors__/Levels/Overland/Hogsmeade/Streets/LI_HM_Streets_EXT/B/5H/VK67DGNFCLDHJBOYPH5NOJ","LV_Overland/Hogsmeade/LI_Hogsmeade/LI_Hogsmeade/Streets/LI_HM_Streets_EXT/SM_CobbleStreet_Block_E1246","82469118-4CE0-0C26-9588-CE9E4F9D851B","excluded by OutlinerPathsToExclude entry 'LI_Hogsmeade'","DA_RENDER_Rules -> DL_RENDER","1","2054200","jprice","2026-09-02","0",""
"removed","SM_CobbleStreet_Block_E1247","StaticMeshActor","DL_RENDER DL_OVERLAND","DL_RENDER","/Game/__ExternalActors__/Levels/Overland/Hogsmeade/Streets/LI_HM_Streets_EXT/5/89/U2CTVQGZB3UUAQ8A9JX8VG","LV_Overland/Hogsmeade/LI_Hogsmeade/LI_Hogsmeade/Streets/LI_HM_Streets_EXT/SM_CobbleStreet_Block_E1247","BE9194F9-40C3-C1D1-DE6B-ABA8DE4ADCF3","excluded by OutlinerPathsToExclude entry 'LI_Hogsmeade'","DA_RENDER_Rules -> DL_RENDER","1","2054200","jprice","2026-09-02","0",""
"removed","SM_CobbleStreet_Block_E1248","StaticMeshActor","DL_RENDER DL_OVERLAND","DL_RENDER","/Game/__ExternalActors__/Levels/Overland/Hogsmeade/Streets/LI_HM_Streets_EXT/0/VY/6ACIFACJMW2D7NIBWTOFTO","LV_Overland/Hogsmeade/LI_Hogsmeade/LI_Hogsmeade/Streets/LI_HM_Streets_EXT/SM_CobbleStreet_Block_E1248","8AA3A8C6-4C76-53D3-BD6D-979B8124D1DE","excluded by OutlinerPathsToExclude entry 'LI_Hogsmeade'","DA_RENDER_Rules -> DL_RENDER","1","2054200","jprice","2026-09-02","0",""
"removed","SM_CobbleStreet_Block_E1249","StaticMeshActor","DL_RENDER DL_OVERLAND","DL_RENDER","/Game/__ExternalActors__/Levels/Overland/Hogsmeade/Streets/LI_HM_Streets_EXT/A/P1/M7GFZSZZNUOMRP709F6A7X","LV_Overland/Hogsmeade/LI_Hogsmeade/LI_Hogsmeade/Streets/LI_HM_Streets_EXT/SM_CobbleStreet_Block_E1249","28F18C66-4213-2F0B-13C5-1B99ECB077C9","excluded by OutlinerPathsToExclude entry 'LI_Hogsmeade'","DA_RENDER_Rules -> DL_RENDER","1","2054200","jprice","2026-09-02","0",""
"removed","SM_CobbleStreet_Block_E1250","StaticMeshActor","DL_RENDER DL_OVERLAND","DL_RENDER","/Game/__ExternalActors__/Levels/Overland/Hogsmeade/Streets/LI_HM_Streets_EXT/B/PH/X7SAK6YE6FIUZHM1CHCW03","LV_Overland/Hogsmeade/LI_Hogsmeade/LI_Hogsmeade/Streets/LI_HM_Streets_EXT/SM_CobbleStreet_Block_E1250","C5C557F9-4AED-9795-DB20-7CBECDFB8FEF","excluded by OutlinerPathsToExclude entry 'LI_Hogsmeade'","DA_RENDER_Rules -> DL_RENDER","1","2054200","jprice","2026-09-02","0",""
"removed","SM_CobbleStreet_Block_E1251","StaticMeshActor","DL_RENDER DL_OVERLAND","DL_RENDER","/Game/__ExternalActors__/Levels/Overland/Hogsmeade/Streets/LI_HM_Streets_EXT/2/YS/4ISH21M9SELQ70FC8I8IH1","LV_Overland/Hogsmeade/LI_Hogsmeade/LI_Hogsmeade/Streets/LI_HM_Streets_EXT/SM_CobbleStreet_Block_E1251","C26F60BF-4B3F-ECA6-BFD4-64AEB0F0C5FC","excluded by OutlinerPathsToExclude entry 'LI_Hogsmeade'","DA_RENDER_Rules -> DL_RENDER","1","2054200","jprice","2026-09-02","0",""
"removed","SM_CobbleStreet_Block_E1252","StaticMeshActor","DL_RENDER DL_OVERLAND","DL_RENDER","/Game/__ExternalActors__/Levels/Overland/Hogsmeade/Streets/LI_HM_Streets_EXT/4/UG/JTPGQQS2GGGX4DGMKW1TTU","LV_Overland/Hogsmeade/LI_Hogsmeade/LI_Hogsmeade/Streets/LI_HM_Streets_EXT/SM_CobbleStreet_Block_E1252","3762D461-4089-55E5-1231-DB90B737D5E6","excluded by OutlinerPathsToExclude entry 'LI_Hogsmeade'","DA_RENDER_Rules -> DL_RENDER","1","2054200","jprice","2026-09-02","0",""
"removed","SM_CobbleStreet_Block_E1253","StaticMeshActor","DL_RENDER DL_OVERLAND","DL_RENDER","/Game/__ExternalActors__/Levels/Overland/Hogsmeade/Streets/LI_HM_Streets_EXT/E/NZ/OK9KHWA9G8DOE3A7Q8Q21G","LV_Overland/Hogsmeade/LI_Hogsmeade/LI_Hogsmeade/Streets/LI_HM_Streets_EXT/SM_CobbleStreet_Block_E1253","C78C2568-4C5F-C77B-C34A-E9921FBBB9DC","excluded by OutlinerPathsToExclude entry 'LI_Hogsmeade'","DA_RENDER_Rules -> DL_RENDER","1","2064180","jprice","2026-09-10","0",""
"removed","SM_CobbleStreet_Block_E1254","StaticMeshActor","DL_RENDER DL_OVERLAND","DL_RENDER","/Game/__ExternalActors__/Levels/Overland/Hogsmeade/Streets/LI_HM_Streets_EXT/8/KC/A3Q7K9RTUNSQWXW42WL612","LV_Overland/Hogsmeade/LI_Hogsmeade/LI_Hogsmeade/Streets/LI_HM_Streets_EXT/SM_CobbleStreet_Block_E1254","3DC5736E-41BA-15F8-992E-0CABA7ED1DBE","excluded by OutlinerPathsToExclude entry 'LI_Hogsmeade'","DA_RENDER_Rules -> DL_RENDER","1","2072097","jprice","2026-09-15","0",""
"removed","SM_CobbleStreet_Block_E1255","StaticMeshActor","DL_RENDER DL_OVERLAND","DL_RENDER","/Game/__ExternalActors__/Levels/Overland/Hogsmeade/Streets/LI_HM_Streets_EXT/A/EQ/OV14RJSJ3OIJNSOYN661FW","LV_Overland/Hogsmeade/LI_Hogsmeade/LI_Hogsmeade/Streets/LI_HM_Streets_EXT/SM_CobbleStreet_Block_E1255","0464D0B3-47D4-3EBE-6A2E-B283932E2E36","excluded by OutlinerPathsToExclude entry 'LI_Hogsmeade'","DA_RENDER_Rules -> DL_RENDER","1","2072097","jprice","2026-09-15","0",""
"removed","SM_CobbleStreet_Block_E1256","StaticMeshActor","DL_RENDER DL_OVERLAND","DL_RENDER","/Game/__ExternalActors__/Levels/Overland/Hogsmeade/Streets/LI_HM_Streets_EXT/8/OG/HQ675LR9ID45NNH623N6D2","LV_Overland/Hogsmeade/LI_Hogsmeade/LI_Hogsmeade/Streets/LI_HM_Streets_EXT/SM_CobbleStreet_Block_E1256","BE0BD11E-4BDA-6CC0-64AC-02BEB264D9E5","excluded by OutlinerPathsToExclude entry 'LI_Hogsmeade'","DA_RENDER_Rules -> DL_RENDER","1","2072097","jprice","2026-09-15","0",""
"removed","SM_CobbleStreet_Block_E1257","StaticMeshActor","DL_RENDER DL_OVERLAND","DL_RENDER","/Game/__ExternalActors__/Levels/Overland/Hogsmeade/Streets/LI_HM_Streets_EXT/1/BF/LHUFYECTMJ52LJWX7WMF3R","LV_Overland/Hogsmeade/LI_Hogsmeade/LI_Hogsmeade/Streets/LI_HM_Streets_EXT/SM_CobbleStreet_Block_E1257","37AAA2C6-4263-988F-4148-648BBB282356","excluded by OutlinerPathsToExclude entry 'LI_Hogsmeade'","DA_RENDER_Rules -> DL_RENDER","1","2072097","jprice","2026-09-15","0",""
"removed","SM_CobbleStreet_Block_E1258","StaticMeshActor","DL_RENDER DL_OVERLAND","DL_RENDER","/Game/__ExternalActors__/Levels/Overland/Hogsmeade/Streets/LI_HM_Streets_EXT/8/YI/2LYATAO3GW44TFVU5BNQ6P","LV_Overland/Hogsmeade/LI_Hogsmeade/LI_Hogsmeade/Streets/LI_HM_Streets_EXT/SM_CobbleStreet_Block_E1258","AF5C7096-4172-A292-F944-F9954C78DEAE","excluded by OutlinerPathsToExclude entry 'LI_Hogsmeade'","DA_RENDER_Rules -> DL_RENDER","1","2072097","jprice","2026-09-15","0",""
"removed","SM_CobbleStreet_Block_E1259","StaticMeshActor","DL_RENDER DL_OVERLAND","DL_RENDER","/Game/__ExternalActors__/Levels/Overland/Hogsmeade/Streets/LI_HM_Streets_EXT/D/U4/MK6XO5IHJEMQ4A01CE7VEC","LV_Overland/Hogsmeade/LI_Hogsmeade/LI_Hogsmeade/Streets/LI_HM_Streets_EXT/SM_CobbleStreet_Block_E1259","6021F254-495A-2E6D-72DD-9DBA814ACC3B","excluded by OutlinerPathsToExclude entry 'LI_Hogsmeade'","DA_RENDER_Rules -> DL_RENDER","1","2054200","jprice","2026-09-02","0",""
"removed","SM_CobbleStreet_Block_E1260","StaticMeshActor","DL_RENDER DL_OVERLAND","DL_RENDER","/Game/__ExternalActors__/Levels/Overland/Hogsmeade/Streets/LI_HM_Streets_EXT/F/2Y/GZ1TOBKXDAFF60LOX2V68G","LV_Overland/Hogsmeade/LI_Hogsmeade/LI_Hogsmeade/Streets/LI_HM_Streets_EXT/SM_CobbleStreet_Block_E1260","D8A52C01-4CC0-9DBD-B8CF-DA95B2E228BD","excluded by OutlinerPathsToExclude entry 'LI_Hogsmeade'","DA_RENDER_Rules -> DL_RENDER","1","2054200","jprice","2026-09-02","0",""
"removed","SM_CobbleStreet_Block_E1261","StaticMeshActor","DL_RENDER DL_OVERLAND","DL_RENDER","/Game/__ExternalActors__/Levels/Overland/Hogsmeade/Streets/LI_HM_Streets_EXT/1/PO/KEULVV3CI88NT8PFLQ1NKW","LV_Overland/Hogsmeade/LI_Hogsmeade/LI_Hogsmeade/Streets/LI_HM_Streets_EXT/SM_CobbleStreet_Block_E1261","9AC7C8C2-4626-2820-5070-589B66490091","excluded by OutlinerPathsToExclude entry 'LI_Hogsmeade'","DA_RENDER_Rules -> DL_RENDER","1","2054200","jprice","2026-09-02","0",""
"removed","SM_CobbleStreet_Block_E1262","StaticMeshActor","DL_RENDER DL_OVERLAND","DL_RENDER","/Game/__ExternalActors__/Levels/Overland/Hogsmeade/Streets/LI_HM_Streets_EXT/B/QK/8K0NT46JKV7EJFOKKGIJ6J","LV_Overland/Hogsmeade/LI_Hogsmeade/LI_Hogsmeade/Streets/LI_HM_Streets_EXT/SM_CobbleStreet_Block_E1262","69D61496-470C-D604-ED91-61880F4C7F2B","excluded by OutlinerPathsToExclude entry 'LI_Hogsmeade'","DA_RENDER_Rules -> DL_RENDER","1","2054200","jprice","2026-09-02","0",""
"removed","SM_CobbleStreet_Block_E1263","StaticMeshActor","DL_RENDER DL_OVERLAND","DL_RENDER","/Game/__ExternalActors__/Levels/Overland/Hogsmeade/Streets/LI_HM_Streets_EXT/E/02/J33J37MPOYBEVCEGR7XJSI","LV_Overland/Hogsmeade/LI_Hogsmeade/LI_Hogsmeade/Streets/LI_HM_Streets_EXT/SM_CobbleStreet_Block_E1263","C5D53357-408A-EBB6-0C86-8A841968ACFF","excluded by OutlinerPathsToExclude entry 'LI_Hogsmeade'","DA_RENDER_Rules -> DL_RENDER","1","2054200","jprice","2026-09-02","0",""
"removed","SM_CobbleStreet_Block_E1264","StaticMeshActor","DL_RENDER DL_OVERLAND","DL_RENDER","/Game/__ExternalActors__/Levels/Overland/Hogsmeade/Streets/LI_HM_Streets_EXT/4/0F/1JCQ80OA2UX78GPGV84CMD","LV_Overland/Hogsmeade/LI_Hogsmeade/LI_Hogsmeade/Streets/LI_HM_Streets_EXT/SM_CobbleStreet_Block_E1264","B8BACCAA-4FF1-F29A-D61E-7CB4E8F5F35C","excluded by OutlinerPathsToExclude entry 'LI_Hogsmeade'","DA_RENDER_Rules -> DL_RENDER","1","2054200","jprice","2026-09-02","0",""
"removed","SM_CobbleStreet_Block_E1265","StaticMeshActor","DL_RENDER DL_OVERLAND","DL_RENDER","/Game/__ExternalActors__/Levels/Overland/Hogsmeade/Streets/LI_HM_Streets_EXT/9/AY/TJ4XU1Q864W99LVWMDD15P","LV_Overland/Hogsmeade/LI_Hogsmeade/LI_Hogsmeade/Streets/LI_HM_Streets_EXT/SM_CobbleStreet_Block_E1265","47BA8A17-4850-A9C2-788F-29BF5FA6C820","excluded by OutlinerPathsToExclude entry 'LI_Hogsmeade'","DA_RENDER_Rules -> DL_RENDER","1","2054200","jprice","2026-09-02","0",""
"removed","SM_CobbleStreet_Block_E1266","StaticMeshActor","DL_RENDER DL_OVERLAND","DL_RENDER","/Game/__ExternalActors__/Levels/Overland/Hogsmeade/Streets/LI_HM_Streets_EXT/A/AW/VWMCLQ9Z2IQO2USA8KH8G5","LV_Overland/Hogsmeade/LI_Hogsmeade/LI_Hogsmeade/Streets/LI_HM_Streets_EXT/SM_CobbleStreet_Block_E1266","B1C2ED19-48C7-DC33-1175-5A88C507CA21","excluded by OutlinerPathsToExclude entry 'LI_Hogsmeade'","DA_RENDER_Rules -> DL_RENDER","1","2054200","jprice","2026-09-02","0",""
"removed","SM_CobbleStreet_Block_E1267","StaticMeshActor","DL_RENDER DL_OVERLAND","DL_RENDER","/Game/__ExternalActors__/Levels/Overland/Hogsmeade/Streets/LI_HM_Streets_EXT/9/R3/LM5WKH4OLT7YU484A46QMS","LV_Overland/Hogsmeade/LI_Hogsmeade/LI_Hogsmeade/Streets/LI_HM_Streets_EXT/SM_CobbleStreet_Block_E1267","EA1D8AA8-459B-D2C8-F75C-A1AD92AB2CA5","excluded by OutlinerPathsToExclude entry 'LI_Hogsmeade'","DA_RENDER_Rules -> DL_RENDER","1","2054200","jprice","2026-09-02","0",""
"removed","SM_CobbleStreet_Block_E1268","StaticMeshActor","DL_RENDER DL_OVERLAND","DL_RENDER","/Game/__ExternalActors__/Levels/Overland/Hogsmeade/Streets/LI_HM_Streets_EXT/4/YZ/VT0RF9LGQG10WRIQKUW54A","LV_Overland/Hogsmeade/LI_Hogsmeade/LI_Hogsmeade/Streets/LI_HM_Streets_EXT/SM_CobbleStreet_Block_E1268","6016756D-4424-DE3E-E76A-6E86447A22CB","excluded by OutlinerPathsToExclude entry 'LI_Hogsmeade'","DA_RENDER_Rules -> DL_RENDER","1","2054200","jprice","2026-09-02","0",""
"removed","SM_CobbleStreet_Block_E1269","StaticMeshActor","DL_RENDER DL_OVERLAND","DL_RENDER","/Game/__ExternalActors__/Levels/Overland/Hogsmeade/Streets/LI_HM_Streets_EXT/9/J9/C2E6SDQY5UCAUT1Z5DNTKU","LV_Overland/Hogsmeade/LI_Hogsmeade/LI_Hogsmeade/Streets/LI_HM_Streets_EXT/SM_CobbleStreet_Block_E1269","10BD484A-4D66-170E-21FF-6D9E5D00C345","excluded by OutlinerPathsToExclude entry 'LI_Hogsmeade'","DA_RENDER_Rules -> DL_RENDER","1","2054200","jprice","2026-09-02","0",""
"removed","SM_CobbleStreet_Block_E1270","StaticMeshActor","DL_RENDER DL_OVERLAND","DL_RENDER","/Game/__ExternalActors__/Levels/Overland/Hogsmeade/Streets/LI_HM_Streets_EXT/B/08/8VPQLN3D636160ABCVVCUD","LV_Overland/Hogsmeade/LI_Hogsmeade/LI_Hogsmeade/Streets/LI_HM_Streets_EXT/SM_CobbleStreet_Block_E1270","87A1C39E-4AE8-4BA6-E59F-83805629E19D","excluded by OutlinerPathsToExclude entry 'LI_Hogsmeade'","DA_RENDER_Rules -> DL_RENDER","1","2054200","jprice","2026-09-02","0",""
"removed","SM_CobbleStreet_Block_E1271","StaticMeshActor","DL_RENDER DL_OVERLAND","DL_RENDER","/Game/__ExternalActors__/Levels/Overland/Hogsmeade/Streets/LI_HM_Streets_EXT/9/OW/CLPMSL31YCHRO42LPMAYGB","LV_Overland/Hogsmeade/LI_Hogsmeade/LI_Hogsmeade/Streets/LI_HM_Streets_EXT/SM_CobbleStreet_Block_E1271","D70EABF7-420B-CE0F-2976-D4B505A79659","excluded by OutlinerPathsToExclude entry 'LI_Hogsmeade'","DA_RENDER_Rules -> DL_RENDER","1","2054200","jprice","2026-09-02","0",""
"removed","SM_CobbleStreet_Block_E1272","StaticMeshActor","DL_RENDER DL_OVERLAND","DL_RENDER","/Game/__ExternalActors__/Levels/Overland/Hogsmeade/Streets/LI_HM_Streets_EXT/1/ZP/9DTEGQZ9AEMZ5FJ0X7VLVH","LV_Overland/Hogsmeade/LI_Hogsmeade/LI_Hogsmeade/Streets/LI_HM_Streets_EXT/SM_CobbleStreet_Block_E1272","4940AE7E-4002-E021-BEA6-BC9271A76738","excluded by OutlinerPathsToExclude entry 'LI_Hogsmeade'","DA_RENDER_Rules -> DL_RENDER","1","2054200","jprice","2026-09-02","0",""
"removed","SM_CobbleStreet_Block_E1273","StaticMeshActor","DL_RENDER DL_OVERLAND","DL_RENDER","/Game/__ExternalActors__/Levels/Overland/Hogsmeade/Streets/LI_HM_Streets_EXT/2/DA/BAR2YYEUGIQT6MFNFDQOM4","LV_Overland/Hogsmeade/LI_Hogsmeade/LI_Hogsmeade/Streets/LI_HM_Streets_EXT/SM_CobbleStreet_Block_E1273","67C621E3-45D6-FBEA-523F-85AFFA264659","excluded by OutlinerPathsToExclude entry 'LI_Hogsmeade'","DA_RENDER_Rules -> DL_RENDER","1","2054200","jprice","2026-09-02","0",""
"removed","SM_CobbleStreet_Block_E1274","StaticMeshActor","DL_RENDER DL_OVERLAND","DL_RENDER","/Game/__ExternalActors__/Levels/Overland/Hogsmeade/Streets/LI_HM_Streets_EXT/A/YG/OKIR5C8IRSTFCU08Q4LL6O","LV_Overland/Hogsmeade/LI_Hogsmeade/LI_Hogsmeade/Streets/LI_HM_Streets_EXT/SM_CobbleStreet_Block_E1274","5750FFEC-4D28-C263-F4E0-A6B370F96E46","excluded by OutlinerPathsToExclude entry 'LI_Hogsmeade'","DA_RENDER_Rules -> DL_RENDER","1","2054200","jprice","2026-09-02","0",""
"removed","SM_CobbleStreet_Block_E1275","StaticMeshActor","DL_RENDER DL_OVERLAND","DL_RENDER","/Game/__ExternalActors__/Levels/Overland/Hogsmeade/Streets/LI_HM_Streets_EXT/E/MX/UDIPZ1SIZHAOPW8OZO5R74","LV_Overland/Hogsmeade/LI_Hogsmeade/LI_Hogsmeade/Streets/LI_HM_Streets_EXT/SM_CobbleStreet_Block_E1275","3EE31B37-4B5C-FEC5-A340-C49F6D111000","excluded by OutlinerPathsToExclude entry 'LI_Hogsmeade'","DA_RENDER_Rules -> DL_RENDER","1","2054200","jprice","2026-09-02","0",""
"removed","SM_CobbleStreet_Block_E1276","StaticMeshActor","DL_RENDER DL_OVERLAND","DL_RENDER","/Game/__ExternalActors__/Levels/Overland/Hogsmeade/Streets/LI_HM_Streets_EXT/A/ME/65ANU996WKYJ85N953HJ2C","LV_Overland/Hogsmeade/LI_Hogsmeade/LI_Hogsmeade/Streets/LI_HM_Streets_EXT/SM_CobbleStreet_Block_E1276","82E37A03-4FE0-3BAD-B73D-5FBB62DD940A","excluded by OutlinerPathsToExclude entry 'LI_Hogsmeade'","DA_RENDER_Rules -> DL_RENDER","1","2054200","jprice","2026-09-02","0",""
"removed","SM_CobbleStreet_Block_E1277","StaticMeshActor","DL_RENDER DL_OVERLAND","DL_RENDER","/Game/__ExternalActors__/Levels/Overland/Hogsmeade/Streets/LI_HM_Streets_EXT/E/HL/MXT7R2UDNCQVOXGGBD3VV9","LV_Overland/Hogsmeade/LI_Hogsmeade/LI_Hogsmeade/Streets/LI_HM_Streets_EXT/SM_CobbleStreet_Block_E1277","11A7C4B7-46E0-CE3E-F68B-CBBE901D3101","excluded by OutlinerPathsToExclude entry 'LI_Hogsmeade'","DA_RENDER_Rules -> DL_RENDER","1","2054200","jprice","2026-09-02","0",""
"removed","SM_CobbleStreet_Block_E1278","StaticMeshActor","DL_RENDER DL_OVERLAND","DL_RENDER","/Game/__ExternalActors__/Levels/Overland/Hogsmeade/Streets/LI_HM_Streets_EXT/7/6J/AOR5X9Y23G1NCI7U7ES982","LV_Overland/Hogsmeade/LI_Hogsmeade/LI_Hogsmeade/Streets/LI_HM_Streets_EXT/SM_CobbleStreet_Block_E1278","CDE980C2-4AB1-B23C-DC4A-F9A70201C0F2","excluded by OutlinerPathsToExclude entry 'LI_Hogsmeade'","DA_RENDER_Rules -> DL_RENDER","1","2054200","jprice","2026-09-02","0",""
"removed","SM_CobbleStreet_Block_E1279","StaticMeshActor","DL_RENDER DL_OVERLAND","DL_RENDER","/Game/__ExternalActors__/Levels/Overland/Hogsmeade/Streets/LI_HM_Streets_EXT/8/0C/UD912Z51QGP6F6ZJJRJGPI","LV_Overland/Hogsmeade/LI_Hogsmeade/LI_Hogsmeade/Streets/LI_HM_Streets_EXT/SM_CobbleStreet_Block_E1279","C578FB57-4BAB-B5B7-6E9E-349CBCADFE69","excluded by OutlinerPathsToExclude entry 'LI_Hogsmeade'","DA_RENDER_Rules -> DL_RENDER","1","2054200","jprice","2026-09-02","0",""
"removed","SM_CobbleStreet_Block_E1280","StaticMeshActor","DL_RENDER DL_OVERLAND","DL_RENDER","/Game/__ExternalActors__/Levels/Overland/Hogsmeade/Streets/LI_HM_Streets_EXT/1/41/OZQUJL4FLE74A2TBWPLG29","LV_Overland/Hogsmeade/LI_Hogsmeade/LI_Hogsmeade/Streets/LI_HM_Streets_EXT/SM_CobbleStreet_Block_E1280","C907DAB1-46A3-010C-BCB6-32B7067AD256","excluded by OutlinerPathsToExclude entry 'LI_Hogsmeade'","DA_RENDER_Rules -> DL_RENDER","1","2054200","jprice","2026-09-02","0",""
"removed","SM_CobbleStreet_Block_E1281","StaticMeshActor","DL_RENDER DL_OVERLAND","DL_RENDER","/Game/__ExternalActors__/Levels/Overland/Hogsmeade/Streets/LI_HM_Streets_EXT/5/68/VU9B6L872FB3KP5E7MY5L9","LV_Overland/Hogsmeade/LI_Hogsmeade/LI_Hogsmeade/Streets/LI_HM_Streets_EXT/SM_CobbleStreet_Block_E1281","7A9C531C-4777-A2B3-0135-8F9FA66AC3FB","excluded by OutlinerPathsToExclude entry 'LI_Hogsmeade'","DA_RENDER_Rules -> DL_RENDER","1","2054200","jprice","2026-09-02","0",""
"removed","SM_CobbleStreet_Block_E1282","StaticMeshActor","DL_RENDER DL_OVERLAND","DL_RENDER","/Game/__ExternalActors__/Levels/Overland/Hogsmeade/Streets/LI_HM_Streets_EXT/4/9C/G0JZ0NFLZKD4FRSGVTB3MK","LV_Overland/Hogsmeade/LI_Hogsmeade/LI_Hogsmeade/Streets/LI_HM_Streets_EXT/SM_CobbleStreet_Block_E1282","B7B00DE4-4D97-52E1-221A-F49B4847A22A","excluded by OutlinerPathsToExclude entry 'LI_Hogsmeade'","DA_RENDER_Rules -> DL_RENDER","1","2054200","jprice","2026-09-02","0",""
"removed","SM_CobbleStreet_Block_E1283","StaticMeshActor","DL_RENDER DL_OVERLAND","DL_RENDER","/Game/__ExternalActors__/Levels/Overland/Hogsmeade/Streets/LI_HM_Streets_EXT/F/2A/34UFIU9VJ5QUZ8EJDE6ASH","LV_Overland/Hogsmeade/LI_Hogsmeade/LI_Hogsmeade/Streets/LI_HM_Streets_EXT/SM_CobbleStreet_Block_E1283","AAA03D13-48C4-EB5E-CD3F-76869C2EFBB5","excluded by OutlinerPathsToExclude entry 'LI_Hogsmeade'","DA_RENDER_Rules -> DL_RENDER","1","2054200","jprice","2026-09-02","0",""
"removed","SM_CobbleStreet_Block_E1284","StaticMeshActor","DL_RENDER DL_OVERLAND","DL_RENDER","/Game/__ExternalActors__/Levels/Overland/Hogsmeade/Streets/LI_HM_Streets_EXT/7/XN/0ELKF82JQD911KAIIAAJZ5","LV_Overland/Hogsmeade/LI_Hogsmeade/LI_Hogsmeade/Streets/LI_HM_Streets_EXT/SM_CobbleStreet_Block_E1284","B1DCEF56-4AE6-F8FF-6C30-6195BE34891E","excluded by OutlinerPathsToExclude entry 'LI_Hogsmeade'","DA_RENDER_Rules -> DL_RENDER","1","2054200","jprice","2026-09-02","0",""
"removed","SM_CobbleStreet_Block_E1285","StaticMeshActor","DL_RENDER DL_OVERLAND","DL_RENDER","/Game/__ExternalActors__/Levels/Overland/Hogsmeade/Streets/LI_HM_Streets_EXT/8/KH/JZ5RVQZXQ29CIJWL6BSJKF","LV_Overland/Hogsmeade/LI_Hogsmeade/LI_Hogsmeade/Streets/LI_HM_Streets_EXT/SM_CobbleStreet_Block_E1285","858893AF-4FC6-EDE0-F15E-918F9CDF0FE5","excluded by OutlinerPathsToExclude entry 'LI_Hogsmeade'","DA_RENDER_Rules -> DL_RENDER","1","2054200","jprice","2026-09-02","0",""
"removed","SM_CobbleStreet_Block_E1286","StaticMeshActor","DL_RENDER DL_OVERLAND","DL_RENDER","/Game/__ExternalActors__/Levels/Overland/Hogsmeade/Streets/LI_HM_Streets_EXT/0/A3/KBWXDRZXWJY5GBFA82GBK8","LV_Overland/Hogsmeade/LI_Hogsmeade/LI_Hogsmeade/Streets/LI_HM_Streets_EXT/SM_CobbleStreet_Block_E1286","19F7ACBD-4E80-5933-BF57-8FB987106F00","excluded by OutlinerPathsToExclude entry 'LI_Hogsmeade'","DA_RENDER_Rules -> DL_RENDER","1","2054200","jprice","2026-09-02","0",""
"removed","SM_CobbleStreet_Block_E1287","StaticMeshActor","DL_RENDER DL_OVERLAND","DL_RENDER","/Game/__ExternalActors__/Levels/Overland/Hogsmeade/Streets/LI_HM_Streets_EXT/1/9F/A1FUZHBIGOCTN1AD0Q68OS","LV_Overland/Hogsmeade/LI_Hogsmeade/LI_Hogsmeade/Streets/LI_HM_Streets_EXT/SM_CobbleStreet_Block_E1287","1800CC3A-4FCA-9F99-E22A-24B31F7530F7","excluded by OutlinerPathsToExclude entry 'LI_Hogsmeade'","DA_RENDER_Rules -> DL_RENDER","1","2054200","jprice","2026-09-02","0",""
"removed","SM_CobbleStreet_Block_E1288","StaticMeshActor","DL_RENDER DL_OVERLAND","DL_RENDER","/Game/__ExternalActors__/Levels/Overland/Hogsmeade/Streets/LI_HM_Streets_EXT/9/VP/CKTLFHCK70AOHZZ92FFS7O","LV_Overland/Hogsmeade/LI_Hogsmeade/LI_Hogsmeade/Streets/LI_HM_Streets_EXT/SM_CobbleStreet_Block_E1288","B20318C3-48C8-924E-82A5-A7B493C008B3","excluded by OutlinerPathsToExclude entry 'LI_Hogsmeade'","DA_RENDER_Rules -> DL_RENDER","1","2054200","jprice","2026-09-02","0",""
"removed","SM_CobbleStreet_Block_E1289","StaticMeshActor","DL_RENDER DL_OVERLAND","DL_RENDER","/Game/__ExternalActors__/Levels/Overland/Hogsmeade/Streets/LI_HM_Streets_EXT/1/FO/I3WO57W1Q86BWQXNZYP38N","LV_Overland/Hogsmeade/LI_Hogsmeade/LI_Hogsmeade/Streets/LI_HM_Streets_EXT/SM_CobbleStreet_Block_E1289","5F9BEA39-47AA-94B5-E217-188BB86FF367","excluded by OutlinerPathsToExclude entry 'LI_Hogsmeade'","DA_RENDER_Rules -> DL_RENDER","1","2054200","jprice","2026-09-02","0",""
"removed","SM_CobbleStreet_Block_E1290","StaticMeshActor","DL_RENDER DL_OVERLAND","DL_RENDER","/Game/__ExternalActors__/Levels/Overland/Hogsmeade/Streets/LI_HM_Streets_EXT/2/XI/TT3Q99DHB1K3BAKTKSDDNZ","LV_Overland/Hogsmeade/LI_Hogsmeade/LI_Hogsmeade/Streets/LI_HM_Streets_EXT/SM_CobbleStreet_Block_E1290","B9A4C12B-494D-A232-B172-2D9FFCE8C894","excluded by OutlinerPathsToExclude entry 'LI_Hogsmeade'","DA_RENDER_Rules -> DL_RENDER","1","2054200","jprice","2026-09-02","0",""
"removed","SM_CobbleStreet_Block_E1291","StaticMeshActor","DL_RENDER DL_OVERLAND","DL_RENDER","/Game/__ExternalActors__/Levels/Overland/Hogsmeade/Streets/LI_HM_Streets_EXT/4/3F/7D8ZN6IFK6Y5MSNY1VBDNK","LV_Overland/Hogsmeade/LI_Hogsmeade/LI_Hogsmeade/Streets/LI_HM_Streets_EXT/SM_CobbleStreet_Block_E1291","D49A21D9-4580-9F8F-278A-8DBD77932C07","excluded by OutlinerPathsToExclude entry 'LI_Hogsmeade'","DA_RENDER_Rules -> DL_RENDER","1","2054200","jprice","2026-09-02","0",""
"removed","SM_CobbleStreet_Block_E1292","StaticMeshActor","DL_RENDER DL_OVERLAND","DL_RENDER","/Game/__ExternalActors__/Levels/Overland/Hogsmeade/Streets/LI_HM_Streets_EXT/D/JR/MXURAZA5UYURJTMCFY9VEU","LV_Overland/Hogsmeade/LI_Hogsmeade/LI_Hogsmeade/Streets/LI_HM_Streets_EXT/SM_CobbleStreet_Block_E1292","D23F09A7-4572-2C09-A210-2FA6EDFE68FD","excluded by OutlinerPathsToExclude entry 'LI_Hogsmeade'","DA_RENDER_Rules -> DL_RENDER","1","2054200","jprice","2026-09-02","0",""
"removed","SM_CobbleStreet_Block_E1293","StaticMeshActor","DL_RENDER DL_OVERLAND","DL_RENDER","/Game/__ExternalActors__/Levels/Overland/Hogsmeade/Streets/LI_HM_Streets_EXT/D/HP/TQQ2TGYHU9UHXEX757G9JQ","LV_Overland/Hogsmeade/LI_Hogsmeade/LI_Hogsmeade/Streets/LI_HM_Streets_EXT/SM_CobbleStreet_Block_E1293","F948AE0A-4A69-AFD0-E3F6-83B03EF4B4F7","excluded by OutlinerPathsToExclude entry 'LI_Hogsmeade'","DA_RENDER_Rules -> DL_RENDER","1","2054200","jprice","2026-09-02","0",""
"removed","SM_CobbleStreet_Block_E1294","StaticMeshActor","DL_RENDER DL_OVERLAND","DL_RENDER","/Game/__ExternalActors__/Levels/Overland/Hogsmeade/Streets/LI_HM_Streets_EXT/1/VE/WYQPGFKRCV6GH9Q38F1MV1","LV_Overland/Hogsmeade/LI_Hogsmeade/LI_Hogsmeade/Streets/LI_HM_Streets_EXT/SM_CobbleStreet_Block_E1294","1D02A203-437A-F487-DC68-01AFE0DF7801","excluded by OutlinerPathsToExclude entry 'LI_Hogsmeade'","DA_RENDER_Rules -> DL_RENDER","1","2054200","jprice","2026-09-02","0",""
"removed","SM_CobbleStreet_Block_E1295","StaticMeshActor","DL_RENDER DL_OVERLAND","DL_RENDER","/Game/__ExternalActors__/Levels/Overland/Hogsmeade/Streets/LI_HM_Streets_EXT/B/Y9/JOEFFBI2Y6MVJUTAOL00PP","LV_Overland/Hogsmeade/LI_Hogsmeade/LI_Hogsmeade/Streets/LI_HM_Streets_EXT/SM_CobbleStreet_Block_E1295","17F9523F-4154-161C-3E5D-2FB0975CA427","excluded by OutlinerPathsToExclude entry 'LI_Hogsmeade'","DA_RENDER_Rules -> DL_RENDER","1","2054200","jprice","2026-09-02","0",""
"removed","SM_CobbleStreet_Block_E1296","StaticMeshActor","DL_RENDER DL_OVERLAND","DL_RENDER","/Game/__ExternalActors__/Levels/Overland/Hogsmeade/Streets/LI_HM_Streets_EXT/0/AL/NWGONOQC04XAJGGIU0VVTB","LV_Overland/Hogsmeade/LI_Hogsmeade/LI_Hogsmeade/Streets/LI_HM_Streets_EXT/SM_CobbleStreet_Block_E1296","B770FE02-4424-F852-A4B2-5C8B7623E4F8","excluded by OutlinerPathsToExclude entry 'LI_Hogsmeade'","DA_RENDER_Rules -> DL_RENDER","1","2054200","jprice","2026-09-02","0",""
"removed","SM_CobbleStreet_Block_E1297","StaticMeshActor","DL_RENDER DL_OVERLAND","DL_RENDER","/Game/__ExternalActors__/Levels/Overland/Hogsmeade/Streets/LI_HM_Streets_EXT/8/AD/BUZL3SW1IEYT0P92I00AV1","LV_Overland/Hogsmeade/LI_Hogsmeade/LI_Hogsmeade/Streets/LI_HM_Streets_EXT/SM_CobbleStreet_Block_E1297","B4AB5BF4-415C-27CB-8E32-129F534C98CB","excluded by OutlinerPathsToExclude entry 'LI_Hogsmeade'","DA_RENDER_Rules -> DL_RENDER","1","2054200","jprice","2026-09-02","0",""
"removed","SM_CobbleStreet_Block_E1298","StaticMeshActor","DL_RENDER DL_OVERLAND","DL_RENDER","/Game/__ExternalActors__/Levels/Overland/Hogsmeade/Streets/LI_HM_Streets_EXT/C/2F/3AXX6WU4XX5WO2CA9IM5L0","LV_Overland/Hogsmeade/LI_Hogsmeade/LI_Hogsmeade/Streets/LI_HM_Streets_EXT/SM_CobbleStreet_Block_E1298","C2E0E1AB-42C9-4BE3-24CE-D98A9F7A2B01","excluded by OutlinerPathsToExclude entry 'LI_Hogsmeade'","DA_RENDER_Rules -> DL_RENDER","1","2054200","jprice","2026-09-02","0",""
"removed","SM_CobbleStreet_Block_E1299","StaticMeshActor","DL_RENDER DL_OVERLAND","DL_RENDER","/Game/__ExternalActors__/Levels/Overland/Hogsmeade/Streets/LI_HM_Streets_EXT/D/07/NT6PJNFLLS0BZ4UAWRF1JR","LV_Overland/Hogsmeade/LI_Hogsmeade/LI_Hogsmeade/Streets/LI_HM_Streets_EXT/SM_CobbleStreet_Block_E1299","273D4859-4222-74A3-AA08-089465C73422","excluded by OutlinerPathsToExclude entry 'LI_Hogsmeade'","DA_RENDER_Rules -> DL_RENDER","1","2054200","jprice","2026-09-02","0",""
"removed","SM_CobbleStreet_Block_E1300","StaticMeshActor","DL_RENDER DL_OVERLAND","DL_RENDER","/Game/__ExternalActors__/Levels/Overland/Hogsmeade/Streets/LI_HM_Streets_EXT/2/PN/QV0Y43Y1L2GE3PJXEZCP1Q","LV_Overland/Hogsmeade/LI_Hogsmeade/LI_Hogsmeade/Streets/LI_HM_Streets_EXT/SM_CobbleStreet_Block_E1300","6F64DEF9-46E1-31F0-259A-A893439407D4","excluded by OutlinerPathsToExclude entry 'LI_Hogsmeade'","DA_RENDER_Rules -> DL_RENDER","1","2054200","jprice","2026-09-02","0",""
"removed","SM_CobbleStreet_Block_E1301","StaticMeshActor","DL_RENDER DL_OVERLAND","DL_RENDER","/Game/__ExternalActors__/Levels/Overland/Hogsmeade/Streets/LI_HM_Streets_EXT/E/4N/9NIR58Z1BNSZ419KGNQ95A","LV_Overland/Hogsmeade/LI_Hogsmeade/LI_Hogsmeade/Streets/LI_HM_Streets_EXT/SM_CobbleStreet_Block_E1301","10584A64-4AB8-41B5-78A3-F7A4EF546913","excluded by OutlinerPathsToExclude entry 'LI_Hogsmeade'","DA_RENDER_Rules -> DL_RENDER","1","2054200","jprice","2026-09-02","0",""
"removed","SM_CobbleStreet_Block_E1302","StaticMeshActor","DL_RENDER DL_OVERLAND","DL_RENDER","/Game/__ExternalActors__/Levels/Overland/Hogsmeade/Streets/LI_HM_Streets_EXT/8/54/U3CQR0RFF1TI4PQYB164ML","LV_Overland/Hogsmeade/LI_Hogsmeade/LI_Hogsmeade/Streets/LI_HM_Streets_EXT/SM_CobbleStreet_Block_E1302","1EAEAE70-4DA1-5932-4BFA-23A046E26CFB","excluded by OutlinerPathsToExclude entry 'LI_Hogsmeade'","DA_RENDER_Rules -> DL_RENDER","1","2054200","jprice","2026-09-02","0",""
"removed","SM_CobbleStreet_Block_E1303","StaticMeshActor","DL_RENDER DL_OVERLAND","DL_RENDER","/Game/__ExternalActors__/Levels/Overland/Hogsmeade/Streets/LI_HM_Streets_EXT/B/PO/RS4CIBV8UZMUKHCIWPKTAE","LV_Overland/Hogsmeade/LI_Hogsmeade/LI_Hogsmeade/Streets/LI_HM_Streets_EXT/SM_CobbleStreet_Block_E1303","EB2167DD-403D-ACC5-58FD-6C9CE02DCF6A","excluded by OutlinerPathsToExclude entry 'LI_Hogsmeade'","DA_RENDER_Rules -> DL_RENDER","1","2054200","jprice","2026-09-02","0",""
"removed","SM_CobbleStreet_Block_E1304","StaticMeshActor","DL_RENDER DL_OVERLAND","DL_RENDER","/Game/__ExternalActors__/Levels/Overland/Hogsmeade/Streets/LI_HM_Streets_EXT/9/RZ/FHNW2YO1O2XKIE9TJ1XLKU","LV_Overland/Hogsmeade/LI_Hogsmeade/LI_Hogsmeade/Streets/LI_HM_Streets_EXT/SM_CobbleStreet_Block_E1304","AB4AA0E3-48A6-FC85-DB50-D29F71DEEB64","excluded by OutlinerPathsToExclude entry 'LI_Hogsmeade'","DA_RENDER_Rules -> DL_RENDER","1","2054200","jprice","2026-09-02","0",""
"removed","SM_CobbleStreet_Block_E1305","StaticMeshActor","DL_RENDER DL_OVERLAND","DL_RENDER","/Game/__ExternalActors__/Levels/Overland/Hogsmeade/Streets/LI_HM_Streets_EXT/4/TI/ZL56CA8ODE85V6W0G9EU7G","LV_Overland/Hogsmeade/LI_Hogsmeade/LI_Hogsmeade/Streets/LI_HM_Streets_EXT/SM_CobbleStreet_Block_E1305","4CF24B9A-468B-9D83-34DA-618564035BFA","excluded by OutlinerPathsToExclude entry 'LI_Hogsmeade'","DA_RENDER_Rules -> DL_RENDER","1","2054200","jprice","2026-09-02","0",""
"removed","SM_CobbleStreet_Block_E1306","StaticMeshActor","DL_RENDER DL_OVERLAND","DL_RENDER","/Game/__ExternalActors__/Levels/Overland/Hogsmeade/Streets/LI_HM_Streets_EXT/8/UG/BVRK2H4H76J58IRPC6G7U4","LV_Overland/Hogsmeade/LI_Hogsmeade/LI_Hogsmeade/Streets/LI_HM_Streets_EXT/SM_CobbleStreet_Block_E1306","E29D867D-4DBE-EFC5-3DF5-2395306D8985","excluded by OutlinerPathsToExclude entry 'LI_Hogsmeade'","DA_RENDER_Rules -> DL_RENDER","1","2054200","jprice","2026-09-02","0",""
"removed","SM_CobbleStreet_Block_E1307","StaticMeshActor","DL_RENDER DL_OVERLAND","DL_RENDER","/Game/__ExternalActors__/Levels/Overland/Hogsmeade/Streets/LI_HM_Streets_EXT/8/3P/BBCIQ5T10YL8XNE5SMU1XI","LV_Overland/Hogsmeade/LI_Hogsmeade/LI_Hogsmeade/Streets/LI_HM_Streets_EXT/SM_CobbleStreet_Block_E1307","5F0C5537-4AE9-34F3-1E8B-E497E9FCFC92","excluded by OutlinerPathsToExclude entry 'LI_Hogsmeade'","DA_RENDER_Rules -> DL_RENDER","1","2054200","jprice","2026-09-02","0",""
"removed","SM_CobbleStreet_Block_E1308","StaticMeshActor","DL_RENDER DL_OVERLAND","DL_RENDER","/Game/__ExternalActors__/Levels/Overland/Hogsmeade/Streets/LI_HM_Streets_EXT/5/FI/2MOBOD0PTHU3LD8UQ8F1OA","LV_Overland/Hogsmeade/LI_Hogsmeade/LI_Hogsmeade/Streets/LI_HM_Streets_EXT/SM_CobbleStreet_Block_E1308","4EB386F4-4ED1-33DE-0975-E98E496CCA7F","excluded by OutlinerPathsToExclude entry 'LI_Hogsmeade'","DA_RENDER_Rules -> DL_RENDER","1","2054200","jprice","2026-09-02","0",""
"removed","SM_CobbleStreet_Block_E1309","StaticMeshActor","DL_RENDER DL_OVERLAND","DL_RENDER","/Game/__ExternalActors__/Levels/Overland/Hogsmeade/Streets/LI_HM_Streets_EXT/9/2R/KN4M5N6QNU4X08RTSTKTAV","LV_Overland/Hogsmeade/LI_Hogsmeade/LI_Hogsmeade/Streets/LI_HM_Streets_EXT/SM_CobbleStreet_Block_E1309","C9E1E04F-40AB-4222-EF01-FCB899F57AB1","excluded by OutlinerPathsToExclude entry 'LI_Hogsmeade'","DA_RENDER_Rules -> DL_RENDER","1","2054200","jprice","2026-09-02","0",""
"removed","SM_CobbleStreet_Block_E1310","StaticMeshActor","DL_RENDER DL_OVERLAND","DL_RENDER","/Game/__ExternalActors__/Levels/Overland/Hogsmeade/Streets/LI_HM_Streets_EXT/E/6U/R5DP7K3YQYND521QQSCFTW","LV_Overland/Hogsmeade/LI_Hogsmeade/LI_Hogsmeade/Streets/LI_HM_Streets_EXT/SM_CobbleStreet_Block_E1310","B6434F8D-4D33-9870-DD0A-A98374409502","excluded by OutlinerPathsToExclude entry 'LI_Hogsmeade'","DA_RENDER_Rules -> DL_RENDER","1","2054200","jprice","2026-09-02","0",""
"removed","SM_CobbleStreet_Block_E1311","StaticMeshActor","DL_RENDER DL_OVERLAND","DL_RENDER","/Game/__ExternalActors__/Levels/Overland/Hogsmeade/Streets/LI_HM_Streets_EXT/0/TB/SF9XQZDQPJC8OSYY5J24KF","LV_Overland/Hogsmeade/LI_Hogsmeade/LI_Hogsmeade/Streets/LI_HM_Streets_EXT/SM_CobbleStreet_Block_E1311","C769FDBF-453B-97D0-62D5-BEA5A9431F95","excluded by OutlinerPathsToExclude entry 'LI_Hogsmeade'","DA_RENDER_Rules -> DL_RENDER","1","2054200","jprice","2026-09-02","0",""
"removed","SM_CobbleStreet_Block_E1312","StaticMeshActor","DL_RENDER DL_OVERLAND","DL_RENDER","/Game/__ExternalActors__/Levels/Overland/Hogsmeade/Streets/LI_HM_Streets_EXT/C/C1/6PUAAZSCAEBDMYMIDOXUTY","LV_Overland/Hogsmeade/LI_Hogsmeade/LI_Hogsmeade/Streets/LI_HM_Streets_EXT/SM_CobbleStreet_Block_E1312","F095B054-4014-0C24-76B0-BEB0BFB8A266","excluded by OutlinerPathsToExclude entry 'LI_Hogsmeade'","DA_RENDER_Rules -> DL_RENDER","1","2054200","jprice","2026-09-02","0",""
"removed","SM_CobbleStreet_Block_E1313","StaticMeshActor","DL_RENDER DL_OVERLAND","DL_RENDER","/Game/__ExternalActors__/Levels/Overland/Hogsmeade/Streets/LI_HM_Streets_EXT/D/MN/TJBU6LRX8MESTHTB68500U","LV_Overland/Hogsmeade/LI_Hogsmeade/LI_Hogsmeade/Streets/LI_HM_Streets_EXT/SM_CobbleStreet_Block_E1313","F46090C9-480D-8C84-3747-B1ABB1D7CEA2","excluded by OutlinerPathsToExclude entry 'LI_Hogsmeade'","DA_RENDER_Rules -> DL_RENDER","1","2054200","jprice","2026-09-02","0",""
"removed","SM_CobbleStreet_Block_E1314","StaticMeshActor","DL_RENDER DL_OVERLAND","DL_RENDER","/Game/__ExternalActors__/Levels/Overland/Hogsmeade/Streets/LI_HM_Streets_EXT/8/2Q/1NHABLPKDJWKAYRGWL5IWU","LV_Overland/Hogsmeade/LI_Hogsmeade/LI_Hogsmeade/Streets/LI_HM_Streets_EXT/SM_CobbleStreet_Block_E1314","6A735BD7-4637-C249-F576-8E8BB4DDADE0","excluded by OutlinerPathsToExclude entry 'LI_Hogsmeade'","DA_RENDER_Rules -> DL_RENDER","1","2054200","jprice","2026-09-02","0",""
"removed","SM_CobbleStreet_Block_E1315","StaticMeshActor","DL_RENDER DL_OVERLAND","DL_RENDER","/Game/__ExternalActors__/Levels/Overland/Hogsmeade/Streets/LI_HM_Streets_EXT/C/0V/N6LIATUH39NBNN9YPFZK2B","LV_Overland/Hogsmeade/LI_Hogsmeade/LI_Hogsmeade/Streets/LI_HM_Streets_EXT/SM_CobbleStreet_Block_E1315","564FED8A-4AEF-F6DA-3FA3-11B2CAF73196","excluded by OutlinerPathsToExclude entry 'LI_Hogsmeade'","DA_RENDER_Rules -> DL_RENDER","1","2054200","jprice","2026-09-02","0",""
"removed","SM_CobbleStreet_Block_E1316","StaticMeshActor","DL_RENDER DL_OVERLAND","DL_RENDER","/Game/__ExternalActors__/Levels/Overland/Hogsmeade/Streets/LI_HM_Streets_EXT/D/5N/S9LGAMJOAXSRQ00NE0U4O5","LV_Overland/Hogsmeade/LI_Hogsmeade/LI_Hogsmeade/Streets/LI_HM_Streets_EXT/SM_CobbleStreet_Block_E1316","65D5F916-4783-D600-9833-3E8B2A9F9563","excluded by OutlinerPathsToExclude entry 'LI_Hogsmeade'","DA_RENDER_Rules -> DL_RENDER","1","2054200","jprice","2026-09-02","0",""
"removed","SM_CobbleStreet_Block_E1317","StaticMeshActor","DL_RENDER DL_OVERLAND","DL_RENDER","/Game/__ExternalActors__/Levels/Overland/Hogsmeade/Streets/LI_HM_Streets_EXT/2/I4/IJ2B900H69M06E7T15ZF5V","LV_Overland/Hogsmeade/LI_Hogsmeade/LI_Hogsmeade/Streets/LI_HM_Streets_EXT/SM_CobbleStreet_Block_E1317","C71F675E-4C35-4478-0B50-7EB231A29450","excluded by OutlinerPathsToExclude entry 'LI_Hogsmeade'","DA_RENDER_Rules -> DL_RENDER","1","2054200","jprice","2026-09-02","0",""
"removed","SM_CobbleStreet_Block_E1318","StaticMeshActor","DL_RENDER DL_OVERLAND","DL_RENDER","/Game/__ExternalActors__/Levels/Overland/Hogsmeade/Streets/LI_HM_Streets_EXT/4/MU/6099IV0LTE0K9PINMUMLS7","LV_Overland/Hogsmeade/LI_Hogsmeade/LI_Hogsmeade/Streets/LI_HM_Streets_EXT/SM_CobbleStreet_Block_E1318","EF0ED0C6-427A-9B1E-51B7-3AA5E4A4DA02","excluded by OutlinerPathsToExclude entry 'LI_Hogsmeade'","DA_RENDER_Rules -> DL_RENDER","1","2054200","jprice","2026-09-02","0",""
"removed","SM_CobbleStreet_Block_E1319","StaticMeshActor","DL_RENDER DL_OVERLAND","DL_RENDER","/Game/__ExternalActors__/Levels/Overland/Hogsmeade/Streets/LI_HM_Streets_EXT/6/1Y/IY35HAM0939B5YR0MMIORC","LV_Overland/Hogsmeade/LI_Hogsmeade/LI_Hogsmeade/Streets/LI_HM_Streets_EXT/SM_CobbleStreet_Block_E1319","8B0E4925-4D72-05DF-5D16-2F9A474EC05B","excluded by OutlinerPathsToExclude entry 'LI_Hogsmeade'","DA_RENDER_Rules -> DL_RENDER","1","2054200","jprice","2026-09-02","0",""
"removed","SM_CobbleStreet_Block_E1320","StaticMeshActor","DL_RENDER DL_OVERLAND","DL_RENDER","/Game/__ExternalActors__/Levels/Overland/Hogsmeade/Streets/LI_HM_Streets_EXT/4/MT/HIP8ZOM57K3DBLPRM4M8TA","LV_Overland/Hogsmeade/LI_Hogsmeade/LI_Hogsmeade/Streets/LI_HM_Streets_EXT/SM_CobbleStreet_Block_E1320","BC3A0039-4169-EA54-0BD0-5BB3FC64E821","excluded by OutlinerPathsToExclude entry 'LI_Hogsmeade'","DA_RENDER_Rules -> DL_RENDER","1","2054200","jprice","2026-09-02","0",""
"removed","SM_CobbleStreet_Block_E1321","StaticMeshActor","DL_RENDER DL_OVERLAND","DL_RENDER","/Game/__ExternalActors__/Levels/Overland/Hogsmeade/Streets/LI_HM_Streets_EXT/1/ME/0967TJ0Q0SE0RB5UAL68SK","LV_Overland/Hogsmeade/LI_Hogsmeade/LI_Hogsmeade/Streets/LI_HM_Streets_EXT/SM_CobbleStreet_Block_E1321","95B7449D-4DA4-33AD-F247-B1BAB638849B","excluded by OutlinerPathsToExclude entry 'LI_Hogsmeade'","DA_RENDER_Rules -> DL_RENDER","1","2054200","jprice","2026-09-02","0",""
"removed","SM_CobbleStreet_Block_E1322","StaticMeshActor","DL_RENDER DL_OVERLAND","DL_RENDER","/Game/__ExternalActors__/Levels/Overland/Hogsmeade/Streets/LI_HM_Streets_EXT/E/N9/JBPF9KIA1KK1V38O4RQXIP","LV_Overland/Hogsmeade/LI_Hogsmeade/LI_Hogsmeade/Streets/LI_HM_Streets_EXT/SM_CobbleStreet_Block_E1322","9054F83E-492C-DDE8-0E56-76A8C7B987D2","excluded by OutlinerPathsToExclude entry 'LI_Hogsmeade'","DA_RENDER_Rules -> DL_RENDER","1","2054200","jprice","2026-09-02","0",""
"removed","SM_CobbleStreet_Block_E1323","StaticMeshActor","DL_RENDER DL_OVERLAND","DL_RENDER","/Game/__ExternalActors__/Levels/Overland/Hogsmeade/Streets/LI_HM_Streets_EXT/9/Q7/637FJW8QF7CTRZFUFRD35C","LV_Overland/Hogsmeade/LI_Hogsmeade/LI_Hogsmeade/Streets/LI_HM_Streets_EXT/SM_CobbleStreet_Block_E1323","FFED2136-4D8B-B695-2501-5AA64E4E703B","excluded by OutlinerPathsToExclude entry 'LI_Hogsmeade'","DA_RENDER_Rules -> DL_RENDER","1","2054200","jprice","2026-09-02","0",""
"removed","SM_CobbleStreet_Block_E1324","StaticMeshActor","DL_RENDER DL_OVERLAND","DL_RENDER","/Game/__ExternalActors__/Levels/Overland/Hogsmeade/Streets/LI_HM_Streets_EXT/C/BS/IWJ16H1F1OQ5KQ22BR21KD","LV_Overland/Hogsmeade/LI_Hogsmeade/LI_Hogsmeade/Streets/LI_HM_Streets_EXT/SM_CobbleStreet_Block_E1324","D678B0BD-4D09-394F-5A58-1EB0F2258F5A","excluded by OutlinerPathsToExclude entry 'LI_Hogsmeade'","DA_RENDER_Rules -> DL_RENDER","1","2054200","jprice","2026-09-02","0",""
"removed","SM_CobbleStreet_Block_E1325","StaticMeshActor","DL_RENDER DL_OVERLAND","DL_RENDER","/Game/__ExternalActors__/Levels/Overland/Hogsmeade/Streets/LI_HM_Streets_EXT/A/L0/IA1X9FJ1A9ASM2PVCQ0XOV","LV_Overland/Hogsmeade/LI_Hogsmeade/LI_Hogsmeade/Streets/LI_HM_Streets_EXT/SM_CobbleStreet_Block_E1325","9A682C4C-40FC-23B1-DC77-04BD8AAB4888","excluded by OutlinerPathsToExclude entry 'LI_Hogsmeade'","DA_RENDER_Rules -> DL_RENDER","1","2054200","jprice","2026-09-02","0",""
"removed","SM_CobbleStreet_Block_E1326","StaticMeshActor","DL_RENDER DL_OVERLAND","DL_RENDER","/Game/__ExternalActors__/Levels/Overland/Hogsmeade/Streets/LI_HM_Streets_EXT/0/K6/VY9PPG4APY7CSXNGDPQXSY","LV_Overland/Hogsmeade/LI_Hogsmeade/LI_Hogsmeade/Streets/LI_HM_Streets_EXT/SM_CobbleStreet_Block_E1326","EA576BA8-42C2-126A-6A54-41B7DBC0B8AF","excluded by OutlinerPathsToExclude entry 'LI_Hogsmeade'","DA_RENDER_Rules -> DL_RENDER","1","2054200","jprice","2026-09-02","0",""
"removed","SM_CobbleStreet_Block_E1327","StaticMeshActor","DL_RENDER DL_OVERLAND","DL_RENDER","/Game/__ExternalActors__/Levels/Overland/Hogsmeade/Streets/LI_HM_Streets_EXT/8/A1/NLDB4NIM5N5VPBTWBAPR19","LV_Overland/Hogsmeade/LI_Hogsmeade/LI_Hogsmeade/Streets/LI_HM_Streets_EXT/SM_CobbleStreet_Block_E1327","F09887F6-4020-8FDE-3A13-C594B2D1A157","excluded by OutlinerPathsToExclude entry 'LI_Hogsmeade'","DA_RENDER_Rules -> DL_RENDER","1","2054200","jprice","2026-09-02","0",""
"removed","SM_CobbleStreet_Block_E1328","StaticMeshActor","DL_RENDER DL_OVERLAND","DL_RENDER","/Game/__ExternalActors__/Levels/Overland/Hogsmeade/Streets/LI_HM_Streets_EXT/4/RK/ODTEJGEBXC5J2FRGXA1820","LV_Overland/Hogsmeade/LI_Hogsmeade/LI_Hogsmeade/Streets/LI_HM_Streets_EXT/SM_CobbleStreet_Block_E1328","9A2891C6-4D3F-0364-01A7-2B8A3BB2AE90","excluded by OutlinerPathsToExclude entry 'LI_Hogsmeade'","DA_RENDER_Rules -> DL_RENDER","1","2054200","jprice","2026-09-02","0",""
"removed","SM_CobbleStreet_Block_E1329","StaticMeshActor","DL_RENDER DL_OVERLAND","DL_RENDER","/Game/__ExternalActors__/Levels/Overland/Hogsmeade/Streets/LI_HM_Streets_EXT/A/JP/ML976DPLTHCBQCLLRT6Z6B","LV_Overland/Hogsmeade/LI_Hogsmeade/LI_Hogsmeade/Streets/LI_HM_Streets_EXT/SM_CobbleStreet_Block_E1329","392628C2-4B17-F4DB-11D0-50882364865E","excluded by OutlinerPathsToExclude entry 'LI_Hogsmeade'","DA_RENDER_Rules -> DL_RENDER","1","2054200","jprice","2026-09-02","0",""
"removed","SM_CobbleStreet_Block_E1330","StaticMeshActor","DL_RENDER DL_OVERLAND","DL_RENDER","/Game/__ExternalActors__/Levels/Overland/Hogsmeade/Streets/LI_HM_Streets_EXT/A/9J/X12CL5EXDOZGYISF2XEUPS","LV_Overland/Hogsmeade/LI_Hogsmeade/LI_Hogsmeade/Streets/LI_HM_Streets_EXT/SM_CobbleStreet_Block_E1330","01BB3D99-40D9-492F-577A-7B93B00345CF","excluded by OutlinerPathsToExclude entry 'LI_Hogsmeade'","DA_RENDER_Rules -> DL_RENDER","1","2054200","jprice","2026-09-02","0",""
"removed","SM_CobbleStreet_Block_E1331","StaticMeshActor","DL_RENDER DL_OVERLAND","DL_RENDER","/Game/__ExternalActors__/Levels/Overland/Hogsmeade/Streets/LI_HM_Streets_EXT/6/8X/E7UWB3KYPQA81UBF1QPGHM","LV_Overland/Hogsmeade/LI_Hogsmeade/LI_Hogsmeade/Streets/LI_HM_Streets_EXT/SM_CobbleStreet_Block_E1331","DBAECC10-42B6-C230-9953-0D90216D87BC","excluded by OutlinerPathsToExclude entry 'LI_Hogsmeade'","DA_RENDER_Rules -> DL_RENDER","1","2054200","jprice","2026-09-02","0",""
"removed","SM_CobbleStreet_Block_E1332","StaticMeshActor","DL_RENDER DL_OVERLAND","DL_RENDER","/Game/__ExternalActors__/Levels/Overland/Hogsmeade/Streets/LI_HM_Streets_EXT/B/AW/HBTQN301U1BOAMVBTGQVHK","LV_Overland/Hogsmeade/LI_Hogsmeade/LI_Hogsmeade/Streets/LI_HM_Streets_EXT/SM_CobbleStreet_Block_E1332","998A06B5-4873-313A-5850-5DBDBFB4CF2C","excluded by OutlinerPathsToExclude entry 'LI_Hogsmeade'","DA_RENDER_Rules -> DL_RENDER","1","2054200","jprice","2026-09-02","0",""
"removed","SM_CobbleStreet_Block_E1333","StaticMeshActor","DL_RENDER DL_OVERLAND","DL_RENDER","/Game/__ExternalActors__/Levels/Overland/Hogsmeade/Streets/LI_HM_Streets_EXT/4/BP/5899GAMEBJYTOMEHYP1KG5","LV_Overland/Hogsmeade/LI_Hogsmeade/LI_Hogsmeade/Streets/LI_HM_Streets_EXT/SM_CobbleStreet_Block_E1333","EF3E6D3B-47EE-C7D6-367E-AABB02A31F16","excluded by OutlinerPathsToExclude entry 'LI_Hogsmeade'","DA_RENDER_Rules -> DL_RENDER","1","2054200","jprice","2026-09-02","0",""
"removed","SM_CobbleStreet_Block_E1334","StaticMeshActor","DL_RENDER DL_OVERLAND","DL_RENDER","/Game/__ExternalActors__/Levels/Overland/Hogsmeade/Streets/LI_HM_Streets_EXT/1/0O/LPGUIQYT4OWG1UF0I4XIVK","LV_Overland/Hogsmeade/LI_Hogsmeade/LI_Hogsmeade/Streets/LI_HM_Streets_EXT/SM_CobbleStreet_Block_E1334","CFD21F92-4FDC-555F-482D-11B4331F52C4","excluded by OutlinerPathsToExclude entry 'LI_Hogsmeade'","DA_RENDER_Rules -> DL_RENDER","1","2054200","jprice","2026-09-02","0",""
"removed","SM_CobbleStreet_Block_E1335","StaticMeshActor","DL_RENDER DL_OVERLAND","DL_RENDER","/Game/__ExternalActors__/Levels/Overland/Hogsmeade/Streets/LI_HM_Streets_EXT/E/FZ/ULOSRH3UD0GXANSK070OBN","LV_Overland/Hogsmeade/LI_Hogsmeade/LI_Hogsmeade/Streets/LI_HM_Streets_EXT/SM_CobbleStreet_Block_E1335","EE683FE0-4F40-33F2-7E7A-0A894BDF1CA9","excluded by OutlinerPathsToExclude entry 'LI_Hogsmeade'","DA_RENDER_Rules -> DL_RENDER","1","2054200","jprice","2026-09-02","0",""
"removed","SM_CobbleStreet_Block_E1336","StaticMeshActor","DL_RENDER DL_OVERLAND","DL_RENDER","/Game/__ExternalActors__/Levels/Overland/Hogsmeade/Streets/LI_HM_Streets_EXT/E/Y5/F99LGVNI2FX48VZYC1W27B","LV_Overland/Hogsmeade/LI_Hogsmeade/LI_Hogsmeade/Streets/LI_HM_Streets_EXT/SM_CobbleStreet_Block_E1336","C0AE77F1-4940-5A8F-C8F4-55B820A9EA27","excluded by OutlinerPathsToExclude entry 'LI_Hogsmeade'","DA_RENDER_Rules -> DL_RENDER","1","2054200","jprice","2026-09-02","0",""
"removed","SM_CobbleStreet_Block_E1337","StaticMeshActor","DL_RENDER DL_OVERLAND","DL_RENDER","/Game/__ExternalActors__/Levels/Overland/Hogsmeade/Streets/LI_HM_Streets_EXT/8/PN/PNS7FG8PQ0OMDXHZHE2I3Y","LV_Overland/Hogsmeade/LI_Hogsmeade/LI_Hogsmeade/Streets/LI_HM_Streets_EXT/SM_CobbleStreet_Block_E1337","3474C7BA-46EE-4909-5AD3-E28690AEB951","excluded by OutlinerPathsToExclude entry 'LI_Hogsmeade'","DA_RENDER_Rules -> DL_RENDER","1","2054200","jprice","2026-09-02","0",""
"removed","SM_CobbleStreet_Block_E1338","StaticMeshActor","DL_RENDER DL_OVERLAND","DL_RENDER","/Game/__ExternalActors__/Levels/Overland/Hogsmeade/Streets/LI_HM_Streets_EXT/4/L3/Q7LJPRU1A6RM6V1OW12FPN","LV_Overland/Hogsmeade/LI_Hogsmeade/LI_Hogsmeade/Streets/LI_HM_Streets_EXT/SM_CobbleStreet_Block_E1338","4357F061-439D-CF2B-CFB1-36A8D6EBA254","excluded by OutlinerPathsToExclude entry 'LI_Hogsmeade'","DA_RENDER_Rules -> DL_RENDER","1","2054200","jprice","2026-09-02","0",""
"removed","SM_CobbleStreet_Block_E1339","StaticMeshActor","DL_RENDER DL_OVERLAND","DL_RENDER","/Game/__ExternalActors__/Levels/Overland/Hogsmeade/Streets/LI_HM_Streets_EXT/D/EK/0T48HMTEA6V2EP35HZW76B","LV_Overland/Hogsmeade/LI_Hogsmeade/LI_Hogsmeade/Streets/LI_HM_Streets_EXT/SM_CobbleStreet_Block_E1339","ECC9410F-4500-12CC-D73D-FCB17B586F2F","excluded by OutlinerPathsToExclude entry 'LI_Hogsmeade'","DA_RENDER_Rules -> DL_RENDER","1","2054200","jprice","2026-09-02","0",""
"removed","SM_CobbleStreet_Block_E1340","StaticMeshActor","DL_RENDER DL_OVERLAND","DL_RENDER","/Game/__ExternalActors__/Levels/Overland/Hogsmeade/Streets/LI_HM_Streets_EXT/6/EF/IIH3ZSYPVZNH2GFHWJ5FVH","LV_Overland/Hogsmeade/LI_Hogsmeade/LI_Hogsmeade/Streets/LI_HM_Streets_EXT/SM_CobbleStreet_Block_E1340","B70A4EE8-450A-84DA-8857-B6ACAB94E4B7","excluded by OutlinerPathsToExclude entry 'LI_Hogsmeade'","DA_RENDER_Rules -> DL_RENDER","1","2054200","jprice","2026-09-02","0",""
"removed","SM_CobbleStreet_Block_E1341","StaticMeshActor","DL_RENDER DL_OVERLAND","DL_RENDER","/Game/__ExternalActors__/Levels/Overland/Hogsmeade/Streets/LI_HM_Streets_EXT/9/AW/WXX3KB6SXDEQ04OWW02KSS","LV_Overland/Hogsmeade/LI_Hogsmeade/LI_Hogsmeade/Streets/LI_HM_Streets_EXT/SM_CobbleStreet_Block_E1341","A1CEF044-4C54-BB75-DB6E-E18CCBC15F1F","excluded by OutlinerPathsToExclude entry 'LI_Hogsmeade'","DA_RENDER_Rules -> DL_RENDER","1","2054200","jprice","2026-09-02","0",""
"removed","SM_CobbleStreet_Block_E1342","StaticMeshActor","DL_RENDER DL_OVERLAND","DL_RENDER","/Game/__ExternalActors__/Levels/Overland/Hogsmeade/Streets/LI_HM_Streets_EXT/2/S7/L7D7X5VNRPKFW6WU7JP5W0","LV_Overland/Hogsmeade/LI_Hogsmeade/LI_Hogsmeade/Streets/LI_HM_Streets_EXT/SM_CobbleStreet_Block_E1342","8E66199A-4284-0BF6-687C-748DF6BC3B20","excluded by OutlinerPathsToExclude entry 'LI_Hogsmeade'","DA_RENDER_Rules -> DL_RENDER","1","2054200","jprice","2026-09-02","0",""
"removed","SM_CobbleStreet_Block_E1343","StaticMeshActor","DL_RENDER DL_OVERLAND","DL_RENDER","/Game/__ExternalActors__/Levels/Overland/Hogsmeade/Streets/LI_HM_Streets_EXT/5/XG/FIQVXLDW1IAJSRMJHAZ4AV","LV_Overland/Hogsmeade/LI_Hogsmeade/LI_Hogsmeade/Streets/LI_HM_Streets_EXT/SM_CobbleStreet_Block_E1343","0EC0DA2E-484F-CA95-1B22-BFB39B3DB3C2","excluded by OutlinerPathsToExclude entry 'LI_Hogsmeade'","DA_RENDER_Rules -> DL_RENDER","1","2054200","jprice","2026-09-02","0",""
"removed","SM_CobbleStreet_Block_E1344","StaticMeshActor","DL_RENDER DL_OVERLAND","DL_RENDER","/Game/__ExternalActors__/Levels/Overland/Hogsmeade/Streets/LI_HM_Streets_EXT/8/OQ/XXR55F45IA0JHH9D9579XD","LV_Overland/Hogsmeade/LI_Hogsmeade/LI_Hogsmeade/Streets/LI_HM_Streets_EXT/SM_CobbleStreet_Block_E1344","4A359EDE-4E73-594D-41D5-9D8BB978655B","excluded by OutlinerPathsToExclude entry 'LI_Hogsmeade'","DA_RENDER_Rules -> DL_RENDER","1","2054200","jprice","2026-09-02","0",""
"removed","SM_CobbleStreet_Block_E1345","StaticMeshActor","DL_RENDER DL_OVERLAND","DL_RENDER","/Game/__ExternalActors__/Levels/Overland/Hogsmeade/Streets/LI_HM_Streets_EXT/C/72/7JFECGDWW3YMDBHV0GIPQB","LV_Overland/Hogsmeade/LI_Hogsmeade/LI_Hogsmeade/Streets/LI_HM_Streets_EXT/SM_CobbleStreet_Block_E1345","CF26FB5A-4724-E934-E78A-6F8000037E27","excluded by OutlinerPathsToExclude entry 'LI_Hogsmeade'","DA_RENDER_Rules -> DL_RENDER","1","2054200","jprice","2026-09-02","0",""
"removed","SM_CobbleStreet_Block_E1346","StaticMeshActor","DL_RENDER DL_OVERLAND","DL_RENDER","/Game/__ExternalActors__/Levels/Overland/Hogsmeade/Streets/LI_HM_Streets_EXT/A/AV/I26NE8A2N8FOP1XO69KZ2N","LV_Overland/Hogsmeade/LI_Hogsmeade/LI_Hogsmeade/Streets/LI_HM_Streets_EXT/SM_CobbleStreet_Block_E1346","D8C5124A-4E60-5217-2BB4-C5BAE78AD3F7","excluded by OutlinerPathsToExclude entry 'LI_Hogsmeade'","DA_RENDER_Rules -> DL_RENDER","1","2054200","jprice","2026-09-02","0",""
"removed","SM_CobbleStreet_Block_E1347","StaticMeshActor","DL_RENDER DL_OVERLAND","DL_RENDER","/Game/__ExternalActors__/Levels/Overland/Hogsmeade/Streets/LI_HM_Streets_EXT/A/YY/UHVW99XV96V73N3HP5BQXK","LV_Overland/Hogsmeade/LI_Hogsmeade/LI_Hogsmeade/Streets/LI_HM_Streets_EXT/SM_CobbleStreet_Block_E1347","012109FB-44CB-8BD0-C283-D0A1717A2D9F","excluded by OutlinerPathsToExclude entry 'LI_Hogsmeade'","DA_RENDER_Rules -> DL_RENDER","1","2054200","jprice","2026-09-02","0",""
"removed","SM_CobbleStreet_Block_E1348","StaticMeshActor","DL_RENDER DL_OVERLAND","DL_RENDER","/Game/__ExternalActors__/Levels/Overland/Hogsmeade/Streets/LI_HM_Streets_EXT/3/2U/KPRCSAEEN8D8RFSEUMBK6B","LV_Overland/Hogsmeade/LI_Hogsmeade/LI_Hogsmeade/Streets/LI_HM_Streets_EXT/SM_CobbleStreet_Block_E1348","4DB8ECAC-4031-C8E4-0310-AA94012ED29E","excluded by OutlinerPathsToExclude entry 'LI_Hogsmeade'","DA_RENDER_Rules -> DL_RENDER","1","2054200","jprice","2026-09-02","0",""
"removed","SM_CobbleStreet_Block_E1349","StaticMeshActor","DL_RENDER DL_OVERLAND","DL_RENDER","/Game/__ExternalActors__/Levels/Overland/Hogsmeade/Streets/LI_HM_Streets_EXT/9/WF/UVVB9BTH81KU3NGGM5OC99","LV_Overland/Hogsmeade/LI_Hogsmeade/LI_Hogsmeade/Streets/LI_HM_Streets_EXT/SM_CobbleStreet_Block_E1349","60193649-4CD2-8540-710A-4E8C4A3C935B","excluded by OutlinerPathsToExclude entry 'LI_Hogsmeade'","DA_RENDER_Rules -> DL_RENDER","1","2072097","jprice","2026-09-15","0",""
"removed","SM_CobbleStreet_Block_E1350","StaticMeshActor","DL_RENDER DL_OVERLAND","DL_RENDER","/Game/__ExternalActors__/Levels/Overland/Hogsmeade/Streets/LI_HM_Streets_EXT/8/UZ/WK05VFIX9P6C65SCASYT0C","LV_Overland/Hogsmeade/LI_Hogsmeade/LI_Hogsmeade/Streets/LI_HM_Streets_EXT/SM_CobbleStreet_Block_E1350","032EEE3C-45D2-DD27-8B86-18B4D84A8CEF","excluded by OutlinerPathsToExclude entry 'LI_Hogsmeade'","DA_RENDER_Rules -> DL_RENDER","1","2072097","jprice","2026-09-15","0",""
"removed","SM_CobbleStreet_Block_E1351","StaticMeshActor","DL_RENDER DL_OVERLAND","DL_RENDER","/Game/__ExternalActors__/Levels/Overland/Hogsmeade/Streets/LI_HM_Streets_EXT/4/8J/I7J922VJI6ROKLW706MXIM","LV_Overland/Hogsmeade/LI_Hogsmeade/LI_Hogsmeade/Streets/LI_HM_Streets_EXT/SM_CobbleStreet_Block_E1351","FD3A6498-4FE9-98FE-53AE-08A10DDFAE48","excluded by OutlinerPathsToExclude entry 'LI_Hogsmeade'","DA_RENDER_Rules -> DL_RENDER","1","2072097","jprice","2026-09-15","0",""
"removed","SM_CobbleStreet_Block_E1352","StaticMeshActor","DL_RENDER DL_OVERLAND","DL_RENDER","/Game/__ExternalActors__/Levels/Overland/Hogsmeade/Streets/LI_HM_Streets_EXT/8/2K/NDYL057AC75ILV5ZCU8IL8","LV_Overland/Hogsmeade/LI_Hogsmeade/LI_Hogsmeade/Streets/LI_HM_Streets_EXT/SM_CobbleStreet_Block_E1352","BA563B86-4857-969E-4C99-6DA53EB88CE3","excluded by OutlinerPathsToExclude entry 'LI_Hogsmeade'","DA_RENDER_Rules -> DL_RENDER","1","2072097","jprice","2026-09-15","0",""
"removed","SM_CobbleStreet_Block_E1353","StaticMeshActor","DL_RENDER DL_OVERLAND","DL_RENDER","/Game/__ExternalActors__/Levels/Overland/Hogsmeade/Streets/LI_HM_Streets_EXT/3/T2/HMLA3032MXQ85J9GAM2YS4","LV_Overland/Hogsmeade/LI_Hogsmeade/LI_Hogsmeade/Streets/LI_HM_Streets_EXT/SM_CobbleStreet_Block_E1353","FFE75553-4BD6-74E8-5B24-949DED6EC86B","excluded by OutlinerPathsToExclude entry 'LI_Hogsmeade'","DA_RENDER_Rules -> DL_RENDER","1","2072097","jprice","2026-09-15","0",""
"removed","SM_EndPostCap_A119","StaticMeshActor","DL_RENDER DL_OVERLAND","DL_RENDER","/Game/__ExternalActors__/Levels/Overland/Hogsmeade/Streets/LI_HM_Streets_EXT/8/1Q/ZCK681BCGLAP1WN1KCNIDQ","LV_Overland/Hogsmeade/LI_Hogsmeade/LI_Hogsmeade/Streets/LI_HM_Streets_EXT/SM_EndPostCap_A119","9DF06EC4-47D9-ED50-796F-DEA26219A8AD","excluded by OutlinerPathsToExclude entry 'LI_Hogsmeade'","DA_RENDER_Rules -> DL_RENDER","1","1761133","jprice","2026-03-12","4",""
"removed","SM_EndPostCap_A152","StaticMeshActor","DL_RENDER DL_OVERLAND","DL_RENDER","/Game/__ExternalActors__/Levels/Overland/Hogsmeade/Streets/LI_HM_Streets_EXT/4/93/S9LSPSY22H496PC1OM9O5W","LV_Overland/Hogsmeade/LI_Hogsmeade/LI_Hogsmeade/Streets/LI_HM_Streets_EXT/SM_EndPostCap_A152","32041FFC-4ED3-9461-5DD0-D994D4C60529","excluded by OutlinerPathsToExclude entry 'LI_Hogsmeade'","DA_RENDER_Rules -> DL_RENDER","1","2054200","jprice","2026-09-02","0",""
"removed","SM_EndPostCap_A156","StaticMeshActor","DL_RENDER DL_OVERLAND","DL_RENDER","/Game/__ExternalActors__/Levels/Overland/Hogsmeade/Streets/LI_HM_Streets_EXT/B/NE/DPBU2STJ0I6G21012DRKK0","LV_Overland/Hogsmeade/LI_Hogsmeade/LI_Hogsmeade/Streets/LI_HM_Streets_EXT/SM_EndPostCap_A156","583C6DAD-492A-5CCA-F0C6-078964D0881D","excluded by OutlinerPathsToExclude entry 'LI_Hogsmeade'","DA_RENDER_Rules -> DL_RENDER","1","2054200","jprice","2026-09-02","0",""
"removed","SM_EndPostCap_A163","StaticMeshActor","DL_RENDER DL_OVERLAND","DL_RENDER","/Game/__ExternalActors__/Levels/Overland/Hogsmeade/Streets/LI_HM_Streets_EXT/B/58/5UBV76RGCM0ACYMCBAG4TI","LV_Overland/Hogsmeade/LI_Hogsmeade/LI_Hogsmeade/Streets/LI_HM_Streets_EXT/SM_EndPostCap_A163","D0895AE0-4157-8CF8-F57C-B39FC9D1DCD9","excluded by OutlinerPathsToExclude entry 'LI_Hogsmeade'","DA_RENDER_Rules -> DL_RENDER","1","2054200","jprice","2026-09-02","0",""
"removed","SM_EndPostCap_A164","StaticMeshActor","DL_RENDER DL_OVERLAND","DL_RENDER","/Game/__ExternalActors__/Levels/Overland/Hogsmeade/Streets/LI_HM_Streets_EXT/E/5S/662NIQKDER52N4SVNJY8D6","LV_Overland/Hogsmeade/LI_Hogsmeade/LI_Hogsmeade/Streets/LI_HM_Streets_EXT/SM_EndPostCap_A164","630DFF90-4B7A-8761-8784-2EB694084084","excluded by OutlinerPathsToExclude entry 'LI_Hogsmeade'","DA_RENDER_Rules -> DL_RENDER","1","2054200","jprice","2026-09-02","0",""
"removed","SM_EndPostCap_A165","StaticMeshActor","DL_RENDER DL_OVERLAND","DL_RENDER","/Game/__ExternalActors__/Levels/Overland/Hogsmeade/Streets/LI_HM_Streets_EXT/5/D8/4LHFAZV1JPEASYZD1KDZHR","LV_Overland/Hogsmeade/LI_Hogsmeade/LI_Hogsmeade/Streets/LI_HM_Streets_EXT/SM_EndPostCap_A165","14A54473-4886-CAA2-0C7D-068272B962B8","excluded by OutlinerPathsToExclude entry 'LI_Hogsmeade'","DA_RENDER_Rules -> DL_RENDER","1","2067334","jprice","2026-09-11","0",""
"removed","SM_EndPostCap_A167","StaticMeshActor","DL_RENDER DL_OVERLAND","DL_RENDER","/Game/__ExternalActors__/Levels/Overland/Hogsmeade/Streets/LI_HM_Streets_EXT/7/DE/VUGSRZT8CL527MPTQQ6CBU","LV_Overland/Hogsmeade/LI_Hogsmeade/LI_Hogsmeade/Streets/LI_HM_Streets_EXT/SM_EndPostCap_A167","A880E91E-4F26-069F-E975-E9B2608ACA61","excluded by OutlinerPathsToExclude entry 'LI_Hogsmeade'","DA_RENDER_Rules -> DL_RENDER","1","2054200","jprice","2026-09-02","0",""
"removed","SM_EndPostCap_A168","StaticMeshActor","DL_RENDER DL_OVERLAND","DL_RENDER","/Game/__ExternalActors__/Levels/Overland/Hogsmeade/Streets/LI_HM_Streets_EXT/9/MK/LIDSXXKH9RBQP41IDAGKGZ","LV_Overland/Hogsmeade/LI_Hogsmeade/LI_Hogsmeade/Streets/LI_HM_Streets_EXT/SM_EndPostCap_A168","95D72C56-46E5-1B02-812F-C498D81BD9F2","excluded by OutlinerPathsToExclude entry 'LI_Hogsmeade'","DA_RENDER_Rules -> DL_RENDER","1","2067334","jprice","2026-09-11","0",""
"removed","SM_EndPostCap_A169","StaticMeshActor","DL_RENDER DL_OVERLAND","DL_RENDER","/Game/__ExternalActors__/Levels/Overland/Hogsmeade/Streets/LI_HM_Streets_EXT/2/MZ/6G2LMH10IR3MNQ8RTVGDBM","LV_Overland/Hogsmeade/LI_Hogsmeade/LI_Hogsmeade/Streets/LI_HM_Streets_EXT/SM_EndPostCap_A169","D424CABF-41A0-0EBE-A55F-8B870E9F31FF","excluded by OutlinerPathsToExclude entry 'LI_Hogsmeade'","DA_RENDER_Rules -> DL_RENDER","1","2067334","jprice","2026-09-11","0",""
"removed","SM_EndPostCap_A170","StaticMeshActor","DL_RENDER DL_OVERLAND","DL_RENDER","/Game/__ExternalActors__/Levels/Overland/Hogsmeade/Streets/LI_HM_Streets_EXT/2/A9/08XSA7QDUUIDOCM2GXFHG9","LV_Overland/Hogsmeade/LI_Hogsmeade/LI_Hogsmeade/Streets/LI_HM_Streets_EXT/SM_EndPostCap_A170","754F009A-4CDC-AE7C-8D22-ECA607236150","excluded by OutlinerPathsToExclude entry 'LI_Hogsmeade'","DA_RENDER_Rules -> DL_RENDER","1","2067334","jprice","2026-09-11","0",""
"removed","SM_EndPostCap_A171","StaticMeshActor","DL_RENDER DL_OVERLAND","DL_RENDER","/Game/__ExternalActors__/Levels/Overland/Hogsmeade/Streets/LI_HM_Streets_EXT/C/O4/Z53B3F1S8ZADHI7GEZCORC","LV_Overland/Hogsmeade/LI_Hogsmeade/LI_Hogsmeade/Streets/LI_HM_Streets_EXT/SM_EndPostCap_A171","BC2E5C76-421B-9676-7ADF-06A9B9DDDA90","excluded by OutlinerPathsToExclude entry 'LI_Hogsmeade'","DA_RENDER_Rules -> DL_RENDER","1","2067334","jprice","2026-09-11","0",""
"removed","SM_EndPostCap_A172","StaticMeshActor","DL_RENDER DL_OVERLAND","DL_RENDER","/Game/__ExternalActors__/Levels/Overland/Hogsmeade/Streets/LI_HM_Streets_EXT/D/4R/F0MW56VSMLLD6LGVIBZM3Q","LV_Overland/Hogsmeade/LI_Hogsmeade/LI_Hogsmeade/Streets/LI_HM_Streets_EXT/SM_EndPostCap_A172","18908C51-4B2B-C80A-4D4D-3497AE6F985D","excluded by OutlinerPathsToExclude entry 'LI_Hogsmeade'","DA_RENDER_Rules -> DL_RENDER","1","2067334","jprice","2026-09-11","0",""
"removed","SM_EndPostCap_A173","StaticMeshActor","DL_RENDER DL_OVERLAND","DL_RENDER","/Game/__ExternalActors__/Levels/Overland/Hogsmeade/Streets/LI_HM_Streets_EXT/5/XL/EY0BESL4CUTAERKOTOFNWS","LV_Overland/Hogsmeade/LI_Hogsmeade/LI_Hogsmeade/Streets/LI_HM_Streets_EXT/SM_EndPostCap_A173","5485851E-495C-0279-637E-51B3846803B7","excluded by OutlinerPathsToExclude entry 'LI_Hogsmeade'","DA_RENDER_Rules -> DL_RENDER","1","2067334","jprice","2026-09-11","0",""
"removed","SM_EndPostCap_A174","StaticMeshActor","DL_RENDER DL_OVERLAND","DL_RENDER","/Game/__ExternalActors__/Levels/Overland/Hogsmeade/Streets/LI_HM_Streets_EXT/4/7M/EU3XY76FEUW504P3C3I16Q","LV_Overland/Hogsmeade/LI_Hogsmeade/LI_Hogsmeade/Streets/LI_HM_Streets_EXT/SM_EndPostCap_A174","57832C00-47A6-2BD9-3298-259BE149666D","excluded by OutlinerPathsToExclude entry 'LI_Hogsmeade'","DA_RENDER_Rules -> DL_RENDER","1","2067334","jprice","2026-09-11","0",""
"removed","SM_EndPostCap_A175","StaticMeshActor","DL_RENDER DL_OVERLAND","DL_RENDER","/Game/__ExternalActors__/Levels/Overland/Hogsmeade/Streets/LI_HM_Streets_EXT/C/UI/2BPPW8YSS6BSR8VFVP6YNE","LV_Overland/Hogsmeade/LI_Hogsmeade/LI_Hogsmeade/Streets/LI_HM_Streets_EXT/SM_EndPostCap_A175","851749EC-4B52-B4C5-994C-0392C8A26319","excluded by OutlinerPathsToExclude entry 'LI_Hogsmeade'","DA_RENDER_Rules -> DL_RENDER","1","2067334","jprice","2026-09-11","0",""
"removed","SM_EndPostCap_A176","StaticMeshActor","DL_RENDER DL_OVERLAND","DL_RENDER","/Game/__ExternalActors__/Levels/Overland/Hogsmeade/Streets/LI_HM_Streets_EXT/2/QH/D8QNRDRAFG1LIB45S5MPAI","LV_Overland/Hogsmeade/LI_Hogsmeade/LI_Hogsmeade/Streets/LI_HM_Streets_EXT/SM_EndPostCap_A176","AEC661EF-4398-221A-E779-C3AE673AB508","excluded by OutlinerPathsToExclude entry 'LI_Hogsmeade'","DA_RENDER_Rules -> DL_RENDER","1","2067334","jprice","2026-09-11","0",""
"removed","SM_EndPostCap_A177","StaticMeshActor","DL_RENDER DL_OVERLAND","DL_RENDER","/Game/__ExternalActors__/Levels/Overland/Hogsmeade/Streets/LI_HM_Streets_EXT/9/V0/ZYY4ALPHSRDIWCVK8TK423","LV_Overland/Hogsmeade/LI_Hogsmeade/LI_Hogsmeade/Streets/LI_HM_Streets_EXT/SM_EndPostCap_A177","21564BB9-4BFE-CF54-2455-719150FA3F5B","excluded by OutlinerPathsToExclude entry 'LI_Hogsmeade'","DA_RENDER_Rules -> DL_RENDER","1","2067334","jprice","2026-09-11","0",""
"removed","SM_EndPostCap_A178","StaticMeshActor","DL_RENDER DL_OVERLAND","DL_RENDER","/Game/__ExternalActors__/Levels/Overland/Hogsmeade/Streets/LI_HM_Streets_EXT/5/WC/WFU7L1NC3JZFVR5ZKRQ41F","LV_Overland/Hogsmeade/LI_Hogsmeade/LI_Hogsmeade/Streets/LI_HM_Streets_EXT/SM_EndPostCap_A178","3816A741-424D-C94D-5014-939E093BF0F4","excluded by OutlinerPathsToExclude entry 'LI_Hogsmeade'","DA_RENDER_Rules -> DL_RENDER","1","2067334","jprice","2026-09-11","0",""
"removed","SM_EndPostCap_A179","StaticMeshActor","DL_RENDER DL_OVERLAND","DL_RENDER","/Game/__ExternalActors__/Levels/Overland/Hogsmeade/Streets/LI_HM_Streets_EXT/B/34/MLD0DGDR8O7UTI08SP9OBD","LV_Overland/Hogsmeade/LI_Hogsmeade/LI_Hogsmeade/Streets/LI_HM_Streets_EXT/SM_EndPostCap_A179","B3EC2034-4DF0-A694-88CE-C69B4BAE12D5","excluded by OutlinerPathsToExclude entry 'LI_Hogsmeade'","DA_RENDER_Rules -> DL_RENDER","1","2067334","jprice","2026-09-11","0",""
"removed","SM_EndPostCap_A180","StaticMeshActor","DL_RENDER DL_OVERLAND","DL_RENDER","/Game/__ExternalActors__/Levels/Overland/Hogsmeade/Streets/LI_HM_Streets_EXT/A/L6/EJXFA3Q4IHBY305JTYFGOB","LV_Overland/Hogsmeade/LI_Hogsmeade/LI_Hogsmeade/Streets/LI_HM_Streets_EXT/SM_EndPostCap_A180","1E2DDD9F-48EB-05C0-0765-AB8D31F4B189","excluded by OutlinerPathsToExclude entry 'LI_Hogsmeade'","DA_RENDER_Rules -> DL_RENDER","1","2054200","jprice","2026-09-02","0",""
"removed","SM_EndPostCap_A181","StaticMeshActor","DL_RENDER DL_OVERLAND","DL_RENDER","/Game/__ExternalActors__/Levels/Overland/Hogsmeade/Streets/LI_HM_Streets_EXT/7/WN/UJ580VWRGQR77XNKCPKX3N","LV_Overland/Hogsmeade/LI_Hogsmeade/LI_Hogsmeade/Streets/LI_HM_Streets_EXT/SM_EndPostCap_A181","EC166B9F-46BA-6E41-B5B8-7B93A6CFC57A","excluded by OutlinerPathsToExclude entry 'LI_Hogsmeade'","DA_RENDER_Rules -> DL_RENDER","1","2067334","jprice","2026-09-11","0",""
"removed","SM_EndPostCap_A182","StaticMeshActor","DL_RENDER DL_OVERLAND","DL_RENDER","/Game/__ExternalActors__/Levels/Overland/Hogsmeade/Streets/LI_HM_Streets_EXT/B/H4/DAYZWJZM5QH8MOAUNOG9O5","LV_Overland/Hogsmeade/LI_Hogsmeade/LI_Hogsmeade/Streets/LI_HM_Streets_EXT/SM_EndPostCap_A182","F7EA9F16-4EAC-CE14-4EAF-1BBED8A79FF2","excluded by OutlinerPathsToExclude entry 'LI_Hogsmeade'","DA_RENDER_Rules -> DL_RENDER","1","2054200","jprice","2026-09-02","0",""
"removed","SM_EndPostCap_A183","StaticMeshActor","DL_RENDER DL_OVERLAND","DL_RENDER","/Game/__ExternalActors__/Levels/Overland/Hogsmeade/Streets/LI_HM_Streets_EXT/0/LJ/3GTROU7GKYATNY46K37ZIW","LV_Overland/Hogsmeade/LI_Hogsmeade/LI_Hogsmeade/Streets/LI_HM_Streets_EXT/SM_EndPostCap_A183","B899058B-40AA-B8E7-360F-AF8643FA32F1","excluded by OutlinerPathsToExclude entry 'LI_Hogsmeade'","DA_RENDER_Rules -> DL_RENDER","1","2054200","jprice","2026-09-02","0",""
"removed","SM_EndPostCap_A185","StaticMeshActor","DL_RENDER DL_OVERLAND","DL_RENDER","/Game/__ExternalActors__/Levels/Overland/Hogsmeade/Streets/LI_HM_Streets_EXT/E/UF/M2VL9WI887NY5O3YDVVYSE","LV_Overland/Hogsmeade/LI_Hogsmeade/LI_Hogsmeade/Streets/LI_HM_Streets_EXT/SM_EndPostCap_A185","128EA54D-4233-6022-100E-2D8578F08CAE","excluded by OutlinerPathsToExclude entry 'LI_Hogsmeade'","DA_RENDER_Rules -> DL_RENDER","1","2054200","jprice","2026-09-02","0",""
"removed","SM_EndPostCap_A186","StaticMeshActor","DL_RENDER DL_OVERLAND","DL_RENDER","/Game/__ExternalActors__/Levels/Overland/Hogsmeade/Streets/LI_HM_Streets_EXT/7/X9/21QXD704V9YXFKQSXWQ596","LV_Overland/Hogsmeade/LI_Hogsmeade/LI_Hogsmeade/Streets/LI_HM_Streets_EXT/SM_EndPostCap_A186","6A12D6E1-4AF2-7661-694F-3685DE18A811","excluded by OutlinerPathsToExclude entry 'LI_Hogsmeade'","DA_RENDER_Rules -> DL_RENDER","1","2067334","jprice","2026-09-11","0",""
"removed","SM_EndPostCap_A188","StaticMeshActor","DL_RENDER DL_OVERLAND","DL_RENDER","/Game/__ExternalActors__/Levels/Overland/Hogsmeade/Streets/LI_HM_Streets_EXT/A/JT/9JVMCK5P7Z7DH5BIPCZYAW","LV_Overland/Hogsmeade/LI_Hogsmeade/LI_Hogsmeade/Streets/LI_HM_Streets_EXT/SM_EndPostCap_A188","24BCB93A-43A3-B530-80A9-8EB8DE53E741","excluded by OutlinerPathsToExclude entry 'LI_Hogsmeade'","DA_RENDER_Rules -> DL_RENDER","1","2067334","jprice","2026-09-11","0",""
"removed","SM_EndPostCap_A189","StaticMeshActor","DL_RENDER DL_OVERLAND","DL_RENDER","/Game/__ExternalActors__/Levels/Overland/Hogsmeade/Streets/LI_HM_Streets_EXT/4/HY/QHPEUUAQCAY2IR96LT5LR5","LV_Overland/Hogsmeade/LI_Hogsmeade/LI_Hogsmeade/Streets/LI_HM_Streets_EXT/SM_EndPostCap_A189","316893F6-4EE0-BFE3-469A-9692E0DC8B24","excluded by OutlinerPathsToExclude entry 'LI_Hogsmeade'","DA_RENDER_Rules -> DL_RENDER","1","2071650","jprice","2026-09-15","0",""
"removed","SM_EndPostCap_A190","StaticMeshActor","DL_RENDER DL_OVERLAND","DL_RENDER","/Game/__ExternalActors__/Levels/Overland/Hogsmeade/Streets/LI_HM_Streets_EXT/B/IN/COECAGXQM6YIGR3GLE3JRZ","LV_Overland/Hogsmeade/LI_Hogsmeade/LI_Hogsmeade/Streets/LI_HM_Streets_EXT/SM_EndPostCap_A190","746C5341-4DC3-7351-4A34-55BA14DFD106","excluded by OutlinerPathsToExclude entry 'LI_Hogsmeade'","DA_RENDER_Rules -> DL_RENDER","1","2071650","jprice","2026-09-15","0",""
"removed","SM_EndPostCap_A191","StaticMeshActor","DL_RENDER DL_OVERLAND","DL_RENDER","/Game/__ExternalActors__/Levels/Overland/Hogsmeade/Streets/LI_HM_Streets_EXT/3/8K/G695P3S27CXOE7DRU6C8AL","LV_Overland/Hogsmeade/LI_Hogsmeade/LI_Hogsmeade/Streets/LI_HM_Streets_EXT/SM_EndPostCap_A191","4474269B-4002-2A5B-8FDB-27B00CE1EACB","excluded by OutlinerPathsToExclude entry 'LI_Hogsmeade'","DA_RENDER_Rules -> DL_RENDER","1","2071650","jprice","2026-09-15","0",""
"removed","SM_EndPostCap_A192","StaticMeshActor","DL_RENDER DL_OVERLAND","DL_RENDER","/Game/__ExternalActors__/Levels/Overland/Hogsmeade/Streets/LI_HM_Streets_EXT/5/WU/759TI9WQBY6NLL420CBIZ5","LV_Overland/Hogsmeade/LI_Hogsmeade/LI_Hogsmeade/Streets/LI_HM_Streets_EXT/SM_EndPostCap_A192","E7384D98-4467-A2F0-A25B-6F9FD9AE1757","excluded by OutlinerPathsToExclude entry 'LI_Hogsmeade'","DA_RENDER_Rules -> DL_RENDER","1","2071650","jprice","2026-09-15","0",""
"removed","SM_EndPostCap_A193","StaticMeshActor","DL_RENDER DL_OVERLAND","DL_RENDER","/Game/__ExternalActors__/Levels/Overland/Hogsmeade/Streets/LI_HM_Streets_EXT/0/NI/CC4OIZPTBK6SJ38TGWQT6R","LV_Overland/Hogsmeade/LI_Hogsmeade/LI_Hogsmeade/Streets/LI_HM_Streets_EXT/SM_EndPostCap_A193","DAC6EEBC-472C-EB53-5E71-229BA39A2663","excluded by OutlinerPathsToExclude entry 'LI_Hogsmeade'","DA_RENDER_Rules -> DL_RENDER","1","2071650","jprice","2026-09-15","0",""
"removed","SM_EndPostCap_A194","StaticMeshActor","DL_RENDER DL_OVERLAND","DL_RENDER","/Game/__ExternalActors__/Levels/Overland/Hogsmeade/Streets/LI_HM_Streets_EXT/0/WG/OBGXCG0AAS4I54GKPTC74J","LV_Overland/Hogsmeade/LI_Hogsmeade/LI_Hogsmeade/Streets/LI_HM_Streets_EXT/SM_EndPostCap_A194","7525B559-4DC0-F4AA-2FEA-F48242BCB386","excluded by OutlinerPathsToExclude entry 'LI_Hogsmeade'","DA_RENDER_Rules -> DL_RENDER","1","2071650","jprice","2026-09-15","0",""
"removed","SM_EndPostCap_A195","StaticMeshActor","DL_RENDER DL_OVERLAND","DL_RENDER","/Game/__ExternalActors__/Levels/Overland/Hogsmeade/Streets/LI_HM_Streets_EXT/5/4R/OM00KR8RIHTSOF0DK6B0M1","LV_Overland/Hogsmeade/LI_Hogsmeade/LI_Hogsmeade/Streets/LI_HM_Streets_EXT/SM_EndPostCap_A195","8936926F-431C-A149-219B-E4BB3A45C6E8","excluded by OutlinerPathsToExclude entry 'LI_Hogsmeade'","DA_RENDER_Rules -> DL_RENDER","1","2071650","jprice","2026-09-15","0",""
"removed","SM_EndPostCap_A196","StaticMeshActor","DL_RENDER DL_OVERLAND","DL_RENDER","/Game/__ExternalActors__/Levels/Overland/Hogsmeade/Streets/LI_HM_Streets_EXT/9/JM/9C9QWVWE4Q0NSWFLL6SXZK","LV_Overland/Hogsmeade/LI_Hogsmeade/LI_Hogsmeade/Streets/LI_HM_Streets_EXT/SM_EndPostCap_A196","1A1BC0DA-4F8E-4846-6581-0C8C3C9FDAE1","excluded by OutlinerPathsToExclude entry 'LI_Hogsmeade'","DA_RENDER_Rules -> DL_RENDER","1","2071650","jprice","2026-09-15","0",""
"removed","SM_EndPostCap_A197","StaticMeshActor","DL_RENDER DL_OVERLAND","DL_RENDER","/Game/__ExternalActors__/Levels/Overland/Hogsmeade/Streets/LI_HM_Streets_EXT/6/1Z/GX4DC2X2FFHWL8IXTPXYOU","LV_Overland/Hogsmeade/LI_Hogsmeade/LI_Hogsmeade/Streets/LI_HM_Streets_EXT/SM_EndPostCap_A197","D52740F3-46A4-7510-51E6-7EA6E9D7808E","excluded by OutlinerPathsToExclude entry 'LI_Hogsmeade'","DA_RENDER_Rules -> DL_RENDER","1","2071650","jprice","2026-09-15","0",""
"removed","SM_EndPostCap_A198","StaticMeshActor","DL_RENDER DL_OVERLAND","DL_RENDER","/Game/__ExternalActors__/Levels/Overland/Hogsmeade/Streets/LI_HM_Streets_EXT/1/7D/QK9MHNYJ09EW1NVTAK3XAI","LV_Overland/Hogsmeade/LI_Hogsmeade/LI_Hogsmeade/Streets/LI_HM_Streets_EXT/SM_EndPostCap_A198","739DDA05-4CD5-7D10-AE0B-3DBD2B0D90AD","excluded by OutlinerPathsToExclude entry 'LI_Hogsmeade'","DA_RENDER_Rules -> DL_RENDER","1","2071650","jprice","2026-09-15","0",""
"removed","SM_EndPostCap_A199","StaticMeshActor","DL_RENDER DL_OVERLAND","DL_RENDER","/Game/__ExternalActors__/Levels/Overland/Hogsmeade/Streets/LI_HM_Streets_EXT/D/KL/EO3YNYD060WV5OLDF35FDK","LV_Overland/Hogsmeade/LI_Hogsmeade/LI_Hogsmeade/Streets/LI_HM_Streets_EXT/SM_EndPostCap_A199","13A6E071-4B0B-D26E-8C31-BF8C9E35E527","excluded by OutlinerPathsToExclude entry 'LI_Hogsmeade'","DA_RENDER_Rules -> DL_RENDER","1","2071650","jprice","2026-09-15","0",""
"removed","SM_EndPostCap_A200","StaticMeshActor","DL_RENDER DL_OVERLAND","DL_RENDER","/Game/__ExternalActors__/Levels/Overland/Hogsmeade/Streets/LI_HM_Streets_EXT/2/UA/CA7BACGA8N2N08IHISX3MS","LV_Overland/Hogsmeade/LI_Hogsmeade/LI_Hogsmeade/Streets/LI_HM_Streets_EXT/SM_EndPostCap_A200","7A5AD7ED-4693-B946-A06A-F3B00A096980","excluded by OutlinerPathsToExclude entry 'LI_Hogsmeade'","DA_RENDER_Rules -> DL_RENDER","1","2071650","jprice","2026-09-15","0",""
"removed","SM_EndPostCap_A201","StaticMeshActor","DL_RENDER DL_OVERLAND","DL_RENDER","/Game/__ExternalActors__/Levels/Overland/Hogsmeade/Streets/LI_HM_Streets_EXT/D/OU/59C63NT18WIZBZ9FJ1B6MI","LV_Overland/Hogsmeade/LI_Hogsmeade/LI_Hogsmeade/Streets/LI_HM_Streets_EXT/SM_EndPostCap_A201","48643E5E-471D-B1FC-7869-5392B82EE1CB","excluded by OutlinerPathsToExclude entry 'LI_Hogsmeade'","DA_RENDER_Rules -> DL_RENDER","1","2071650","jprice","2026-09-15","0",""
"removed","SM_EndPostCap_A202","StaticMeshActor","DL_RENDER DL_OVERLAND","DL_RENDER","/Game/__ExternalActors__/Levels/Overland/Hogsmeade/Streets/LI_HM_Streets_EXT/2/IE/1Z1CPABI3M6Z1RKM0KRAHP","LV_Overland/Hogsmeade/LI_Hogsmeade/LI_Hogsmeade/Streets/LI_HM_Streets_EXT/SM_EndPostCap_A202","EA7F8B2E-4199-2405-456C-08B5EBBABCB1","excluded by OutlinerPathsToExclude entry 'LI_Hogsmeade'","DA_RENDER_Rules -> DL_RENDER","1","2071650","jprice","2026-09-15","0",""
"removed","SM_EndPostCap_A203","StaticMeshActor","DL_RENDER DL_OVERLAND","DL_RENDER","/Game/__ExternalActors__/Levels/Overland/Hogsmeade/Streets/LI_HM_Streets_EXT/F/40/8I32YLS2UJ6SIGOU0ZNS3W","LV_Overland/Hogsmeade/LI_Hogsmeade/LI_Hogsmeade/Streets/LI_HM_Streets_EXT/SM_EndPostCap_A203","B5968DE6-4AA6-E838-1AAE-41B53F09B2CA","excluded by OutlinerPathsToExclude entry 'LI_Hogsmeade'","DA_RENDER_Rules -> DL_RENDER","1","2071650","jprice","2026-09-15","0",""
"removed","SM_EndPostCap_A204","StaticMeshActor","DL_RENDER DL_OVERLAND","DL_RENDER","/Game/__ExternalActors__/Levels/Overland/Hogsmeade/Streets/LI_HM_Streets_EXT/0/NQ/D9RGC4ZXCBVD2B66GK65SJ","LV_Overland/Hogsmeade/LI_Hogsmeade/LI_Hogsmeade/Streets/LI_HM_Streets_EXT/SM_EndPostCap_A204","049FDC20-4494-1D60-28D6-6590B31C476E","excluded by OutlinerPathsToExclude entry 'LI_Hogsmeade'","DA_RENDER_Rules -> DL_RENDER","1","2071650","jprice","2026-09-15","0",""
"removed","SM_EndPostCap_A205","StaticMeshActor","DL_RENDER DL_OVERLAND","DL_RENDER","/Game/__ExternalActors__/Levels/Overland/Hogsmeade/Streets/LI_HM_Streets_EXT/C/BL/2JL1Z5KCRV4CTMNRYYBMKZ","LV_Overland/Hogsmeade/LI_Hogsmeade/LI_Hogsmeade/Streets/LI_HM_Streets_EXT/SM_EndPostCap_A205","745B1FA1-40C1-1A19-FFEF-6DB301162441","excluded by OutlinerPathsToExclude entry 'LI_Hogsmeade'","DA_RENDER_Rules -> DL_RENDER","1","2071650","jprice","2026-09-15","0",""
"removed","SM_EndPostCap_A206","StaticMeshActor","DL_RENDER DL_OVERLAND","DL_RENDER","/Game/__ExternalActors__/Levels/Overland/Hogsmeade/Streets/LI_HM_Streets_EXT/A/5K/Z8L10RQ7O9I5EF6OBKALLK","LV_Overland/Hogsmeade/LI_Hogsmeade/LI_Hogsmeade/Streets/LI_HM_Streets_EXT/SM_EndPostCap_A206","087EBD7A-4EEE-FA97-B364-BD87B81FF5EF","excluded by OutlinerPathsToExclude entry 'LI_Hogsmeade'","DA_RENDER_Rules -> DL_RENDER","1","2071650","jprice","2026-09-15","0",""
"removed","SM_EndPostCap_A207","StaticMeshActor","DL_RENDER DL_OVERLAND","DL_RENDER","/Game/__ExternalActors__/Levels/Overland/Hogsmeade/Streets/LI_HM_Streets_EXT/B/7E/0VU23ZC3NOION8OZZQJETG","LV_Overland/Hogsmeade/LI_Hogsmeade/LI_Hogsmeade/Streets/LI_HM_Streets_EXT/SM_EndPostCap_A207","C57896EF-4C8B-634E-8FB6-14813D913B12","excluded by OutlinerPathsToExclude entry 'LI_Hogsmeade'","DA_RENDER_Rules -> DL_RENDER","1","2071650","jprice","2026-09-15","0",""
"removed","SM_EndPostCap_A208","StaticMeshActor","DL_RENDER DL_OVERLAND","DL_RENDER","/Game/__ExternalActors__/Levels/Overland/Hogsmeade/Streets/LI_HM_Streets_EXT/A/S8/0OWT2W6L7TF1LLEF0F4AWU","LV_Overland/Hogsmeade/LI_Hogsmeade/LI_Hogsmeade/Streets/LI_HM_Streets_EXT/SM_EndPostCap_A208","568A9B60-4BB0-3BA3-372A-07BE0B3726EA","excluded by OutlinerPathsToExclude entry 'LI_Hogsmeade'","DA_RENDER_Rules -> DL_RENDER","1","2071650","jprice","2026-09-15","0",""
"removed","SM_EndPostCap_A209","StaticMeshActor","DL_RENDER DL_OVERLAND","DL_RENDER","/Game/__ExternalActors__/Levels/Overland/Hogsmeade/Streets/LI_HM_Streets_EXT/D/ZL/WDIE2ZMD30E8HSKQAT3VGR","LV_Overland/Hogsmeade/LI_Hogsmeade/LI_Hogsmeade/Streets/LI_HM_Streets_EXT/SM_EndPostCap_A209","5B649B8F-4AE9-6ECB-1736-D4B22C1D1919","excluded by OutlinerPathsToExclude entry 'LI_Hogsmeade'","DA_RENDER_Rules -> DL_RENDER","1","2076233","jprice","2026-09-17","0",""
"removed","SM_EndPostCap_A210","StaticMeshActor","DL_RENDER DL_OVERLAND","DL_RENDER","/Game/__ExternalActors__/Levels/Overland/Hogsmeade/Streets/LI_HM_Streets_EXT/0/XU/T9YE4MDR46PKJFO2XM4M5U","LV_Overland/Hogsmeade/LI_Hogsmeade/LI_Hogsmeade/Streets/LI_HM_Streets_EXT/SM_EndPostCap_A210","1DFD13D9-4A39-4C59-5B2D-1BB0D31F7ECB","excluded by OutlinerPathsToExclude entry 'LI_Hogsmeade'","DA_RENDER_Rules -> DL_RENDER","1","2076233","jprice","2026-09-17","0",""
"removed","SM_EndPostCap_A211","StaticMeshActor","DL_RENDER DL_OVERLAND","DL_RENDER","/Game/__ExternalActors__/Levels/Overland/Hogsmeade/Streets/LI_HM_Streets_EXT/A/FT/XOSHVPYTPJUL2S089JE5LT","LV_Overland/Hogsmeade/LI_Hogsmeade/LI_Hogsmeade/Streets/LI_HM_Streets_EXT/SM_EndPostCap_A211","912E9A09-455F-2911-C8A0-D1BA2ED0D9C2","excluded by OutlinerPathsToExclude entry 'LI_Hogsmeade'","DA_RENDER_Rules -> DL_RENDER","1","2076233","jprice","2026-09-17","0",""
"removed","SM_EndPostCap_A212","StaticMeshActor","DL_RENDER DL_OVERLAND","DL_RENDER","/Game/__ExternalActors__/Levels/Overland/Hogsmeade/Streets/LI_HM_Streets_EXT/D/9W/26FXX7G9JM1OD8QPM2N7RU","LV_Overland/Hogsmeade/LI_Hogsmeade/LI_Hogsmeade/Streets/LI_HM_Streets_EXT/SM_EndPostCap_A212","C11FF07D-4B42-563D-9AB9-52AFC1ECC135","excluded by OutlinerPathsToExclude entry 'LI_Hogsmeade'","DA_RENDER_Rules -> DL_RENDER","1","2076233","jprice","2026-09-17","0",""
"removed","SM_EndPostCap_A213","StaticMeshActor","DL_RENDER DL_OVERLAND","DL_RENDER","/Game/__ExternalActors__/Levels/Overland/Hogsmeade/Streets/LI_HM_Streets_EXT/4/10/H3AWASKSP80TK2E5ZUJPCO","LV_Overland/Hogsmeade/LI_Hogsmeade/LI_Hogsmeade/Streets/LI_HM_Streets_EXT/SM_EndPostCap_A213","9D08A8F9-4BB8-0BED-178E-908926FF50C9","excluded by OutlinerPathsToExclude entry 'LI_Hogsmeade'","DA_RENDER_Rules -> DL_RENDER","1","2076233","jprice","2026-09-17","0",""
"removed","SM_EndPostCap_A214","StaticMeshActor","DL_RENDER DL_OVERLAND","DL_RENDER","/Game/__ExternalActors__/Levels/Overland/Hogsmeade/Streets/LI_HM_Streets_EXT/5/X8/W5DQ7JZ3V80X7OFEHPQ8MM","LV_Overland/Hogsmeade/LI_Hogsmeade/LI_Hogsmeade/Streets/LI_HM_Streets_EXT/SM_EndPostCap_A214","2BC01385-4996-A1D8-0B3C-7BA1AFDC9C12","excluded by OutlinerPathsToExclude entry 'LI_Hogsmeade'","DA_RENDER_Rules -> DL_RENDER","1","2076233","jprice","2026-09-17","0",""
"removed","SM_EndPostCap_A215","StaticMeshActor","DL_RENDER DL_OVERLAND","DL_RENDER","/Game/__ExternalActors__/Levels/Overland/Hogsmeade/Streets/LI_HM_Streets_EXT/E/OO/GU25H5JVWNI35BOS27BAW8","LV_Overland/Hogsmeade/LI_Hogsmeade/LI_Hogsmeade/Streets/LI_HM_Streets_EXT/SM_EndPostCap_A215","42E31FA7-48CC-5819-296D-54BBD1D3B38D","excluded by OutlinerPathsToExclude entry 'LI_Hogsmeade'","DA_RENDER_Rules -> DL_RENDER","1","2076233","jprice","2026-09-17","0",""
"removed","SM_EndPostCap_A216","StaticMeshActor","DL_RENDER DL_OVERLAND","DL_RENDER","/Game/__ExternalActors__/Levels/Overland/Hogsmeade/Streets/LI_HM_Streets_EXT/A/91/PDLFXJWF5QSEZDPLFOUOBF","LV_Overland/Hogsmeade/LI_Hogsmeade/LI_Hogsmeade/Streets/LI_HM_Streets_EXT/SM_EndPostCap_A216","AAEFF8FD-4B06-9BE2-4A78-99AEF9834442","excluded by OutlinerPathsToExclude entry 'LI_Hogsmeade'","DA_RENDER_Rules -> DL_RENDER","1","2076233","jprice","2026-09-17","0",""
"removed","SM_EndPostCap_A217","StaticMeshActor","DL_RENDER DL_OVERLAND","DL_RENDER","/Game/__ExternalActors__/Levels/Overland/Hogsmeade/Streets/LI_HM_Streets_EXT/4/CR/AGJ3UEFGUX19J1GGS1BJZ8","LV_Overland/Hogsmeade/LI_Hogsmeade/LI_Hogsmeade/Streets/LI_HM_Streets_EXT/SM_EndPostCap_A217","BDEC59B6-471B-BC61-01CD-08BF57FDA442","excluded by OutlinerPathsToExclude entry 'LI_Hogsmeade'","DA_RENDER_Rules -> DL_RENDER","1","2076233","jprice","2026-09-17","0",""
"removed","SM_EndPostCap_A218","StaticMeshActor","DL_RENDER DL_OVERLAND","DL_RENDER","/Game/__ExternalActors__/Levels/Overland/Hogsmeade/Streets/LI_HM_Streets_EXT/9/2M/FA0AE8WG1XL7UMG2KVI5NX","LV_Overland/Hogsmeade/LI_Hogsmeade/LI_Hogsmeade/Streets/LI_HM_Streets_EXT/SM_EndPostCap_A218","E45050D7-4596-7D3F-F647-23978A404F7E","excluded by OutlinerPathsToExclude entry 'LI_Hogsmeade'","DA_RENDER_Rules -> DL_RENDER","1","2076233","jprice","2026-09-17","0",""
"removed","SM_EndPostCap_A219","StaticMeshActor","DL_RENDER DL_OVERLAND","DL_RENDER","/Game/__ExternalActors__/Levels/Overland/Hogsmeade/Streets/LI_HM_Streets_EXT/E/5W/ZJ6S02EI1DXUT8CU0IBFJC","LV_Overland/Hogsmeade/LI_Hogsmeade/LI_Hogsmeade/Streets/LI_HM_Streets_EXT/SM_EndPostCap_A219","5D00DA6B-499D-0604-7FA0-A8888C379D82","excluded by OutlinerPathsToExclude entry 'LI_Hogsmeade'","DA_RENDER_Rules -> DL_RENDER","1","2076233","jprice","2026-09-17","0",""
"removed","SM_EndPostCap_A220","StaticMeshActor","DL_RENDER DL_OVERLAND","DL_RENDER","/Game/__ExternalActors__/Levels/Overland/Hogsmeade/Streets/LI_HM_Streets_EXT/0/UC/43EFYJ7QQZX7ZGTWKCPSR8","LV_Overland/Hogsmeade/LI_Hogsmeade/LI_Hogsmeade/Streets/LI_HM_Streets_EXT/SM_EndPostCap_A220","F07D97EE-485E-5B53-691B-268AF3A17657","excluded by OutlinerPathsToExclude entry 'LI_Hogsmeade'","DA_RENDER_Rules -> DL_RENDER","1","2076233","jprice","2026-09-17","0",""
"removed","SM_EndPostCap_A221","StaticMeshActor","DL_RENDER DL_OVERLAND","DL_RENDER","/Game/__ExternalActors__/Levels/Overland/Hogsmeade/Streets/LI_HM_Streets_EXT/7/9C/JH4YCPKAYN39RO84XR632G","LV_Overland/Hogsmeade/LI_Hogsmeade/LI_Hogsmeade/Streets/LI_HM_Streets_EXT/SM_EndPostCap_A221","D22DD30C-47EF-C9C7-2235-D880B75CC96F","excluded by OutlinerPathsToExclude entry 'LI_Hogsmeade'","DA_RENDER_Rules -> DL_RENDER","1","2076233","jprice","2026-09-17","0",""
"removed","SM_EndPostCap_A222","StaticMeshActor","DL_RENDER DL_OVERLAND","DL_RENDER","/Game/__ExternalActors__/Levels/Overland/Hogsmeade/Streets/LI_HM_Streets_EXT/9/XP/KOCHE06851VW31TGPV6CL6","LV_Overland/Hogsmeade/LI_Hogsmeade/LI_Hogsmeade/Streets/LI_HM_Streets_EXT/SM_EndPostCap_A222","52D5A539-4174-61C5-0BAE-9D9D5AA9CC4E","excluded by OutlinerPathsToExclude entry 'LI_Hogsmeade'","DA_RENDER_Rules -> DL_RENDER","1","2076233","jprice","2026-09-17","0",""
"removed","SM_EndPostCap_A223","StaticMeshActor","DL_RENDER DL_OVERLAND","DL_RENDER","/Game/__ExternalActors__/Levels/Overland/Hogsmeade/Streets/LI_HM_Streets_EXT/C/NX/4TTVRZ7LLKND5W3BUHO1GL","LV_Overland/Hogsmeade/LI_Hogsmeade/LI_Hogsmeade/Streets/LI_HM_Streets_EXT/SM_EndPostCap_A223","F0458150-4EE7-D2A3-6A6D-E3BFDEFDE585","excluded by OutlinerPathsToExclude entry 'LI_Hogsmeade'","DA_RENDER_Rules -> DL_RENDER","1","2076233","jprice","2026-09-17","0",""
"removed","SM_EndPostCap_A224","StaticMeshActor","DL_RENDER DL_OVERLAND","DL_RENDER","/Game/__ExternalActors__/Levels/Overland/Hogsmeade/Streets/LI_HM_Streets_EXT/2/R6/D9VUOBZS331OURAGNBY5FU","LV_Overland/Hogsmeade/LI_Hogsmeade/LI_Hogsmeade/Streets/LI_HM_Streets_EXT/SM_EndPostCap_A224","90119834-49C2-F0F1-7680-709A03169935","excluded by OutlinerPathsToExclude entry 'LI_Hogsmeade'","DA_RENDER_Rules -> DL_RENDER","1","2076233","jprice","2026-09-17","0",""
"removed","SM_EndPostCap_A225","StaticMeshActor","DL_RENDER DL_OVERLAND","DL_RENDER","/Game/__ExternalActors__/Levels/Overland/Hogsmeade/Streets/LI_HM_Streets_EXT/3/CA/FZ96DPVX2AGTB4E70DXSVI","LV_Overland/Hogsmeade/LI_Hogsmeade/LI_Hogsmeade/Streets/LI_HM_Streets_EXT/SM_EndPostCap_A225","1EA8A74F-4FBA-7795-647E-95823E06749D","excluded by OutlinerPathsToExclude entry 'LI_Hogsmeade'","DA_RENDER_Rules -> DL_RENDER","1","2076233","jprice","2026-09-17","0",""
"removed","SM_EndPostCap_A226","StaticMeshActor","DL_RENDER DL_OVERLAND","DL_RENDER","/Game/__ExternalActors__/Levels/Overland/Hogsmeade/Streets/LI_HM_Streets_EXT/2/1Y/S4JCJIAQWUMIYMNGBN2F59","LV_Overland/Hogsmeade/LI_Hogsmeade/LI_Hogsmeade/Streets/LI_HM_Streets_EXT/SM_EndPostCap_A226","CF082EA4-4205-1943-1751-C8839CF92547","excluded by OutlinerPathsToExclude entry 'LI_Hogsmeade'","DA_RENDER_Rules -> DL_RENDER","1","2076233","jprice","2026-09-17","0",""
"removed","SM_EndPostCap_A227","StaticMeshActor","DL_RENDER DL_OVERLAND","DL_RENDER","/Game/__ExternalActors__/Levels/Overland/Hogsmeade/Streets/LI_HM_Streets_EXT/A/A1/N1GAY2KZLKCLTQFIMIJVUR","LV_Overland/Hogsmeade/LI_Hogsmeade/LI_Hogsmeade/Streets/LI_HM_Streets_EXT/SM_EndPostCap_A227","C6AC1BCD-442F-B2BB-9033-6980688B0773","excluded by OutlinerPathsToExclude entry 'LI_Hogsmeade'","DA_RENDER_Rules -> DL_RENDER","1","2076233","jprice","2026-09-17","0",""
"removed","SM_EndPostCap_A228","StaticMeshActor","DL_RENDER DL_OVERLAND","DL_RENDER","/Game/__ExternalActors__/Levels/Overland/Hogsmeade/Streets/LI_HM_Streets_EXT/9/02/X4WHQ495FSDN3LY17R9OMI","LV_Overland/Hogsmeade/LI_Hogsmeade/LI_Hogsmeade/Streets/LI_HM_Streets_EXT/SM_EndPostCap_A228","05DE5C6C-4035-F2F5-2F0A-A09D262273AB","excluded by OutlinerPathsToExclude entry 'LI_Hogsmeade'","DA_RENDER_Rules -> DL_RENDER","1","2076233","jprice","2026-09-17","0",""
"removed","SM_EndPostCap_A229","StaticMeshActor","DL_RENDER DL_OVERLAND","DL_RENDER","/Game/__ExternalActors__/Levels/Overland/Hogsmeade/Streets/LI_HM_Streets_EXT/9/EE/58ZQZZ45KSEYGDHJZRKL11","LV_Overland/Hogsmeade/LI_Hogsmeade/LI_Hogsmeade/Streets/LI_HM_Streets_EXT/SM_EndPostCap_A229","6441DE70-4706-F804-F0C5-DB9438722DA4","excluded by OutlinerPathsToExclude entry 'LI_Hogsmeade'","DA_RENDER_Rules -> DL_RENDER","1","2079781","jprice","2026-09-21","0",""
"removed","SM_EndPostCap_A230","StaticMeshActor","DL_RENDER DL_OVERLAND","DL_RENDER","/Game/__ExternalActors__/Levels/Overland/Hogsmeade/Streets/LI_HM_Streets_EXT/A/0H/64RYPZE1Z0BGDIROE4KRRV","LV_Overland/Hogsmeade/LI_Hogsmeade/LI_Hogsmeade/Streets/LI_HM_Streets_EXT/SM_EndPostCap_A230","A8E01A41-46D1-1617-F607-A5931BE6FA85","excluded by OutlinerPathsToExclude entry 'LI_Hogsmeade'","DA_RENDER_Rules -> DL_RENDER","1","2079781","jprice","2026-09-21","0",""
"removed","SM_EndPostCap_A231","StaticMeshActor","DL_RENDER DL_OVERLAND","DL_RENDER","/Game/__ExternalActors__/Levels/Overland/Hogsmeade/Streets/LI_HM_Streets_EXT/0/OJ/0YRI0PVL12AMJO4R6Q0XU9","LV_Overland/Hogsmeade/LI_Hogsmeade/LI_Hogsmeade/Streets/LI_HM_Streets_EXT/SM_EndPostCap_A231","B7B09AA7-4701-4378-7326-6E9C53793C0E","excluded by OutlinerPathsToExclude entry 'LI_Hogsmeade'","DA_RENDER_Rules -> DL_RENDER","1","2079781","jprice","2026-09-21","0",""
"removed","SM_EndPostCap_A232","StaticMeshActor","DL_RENDER DL_OVERLAND","DL_RENDER","/Game/__ExternalActors__/Levels/Overland/Hogsmeade/Streets/LI_HM_Streets_EXT/5/OU/V8EKJ1HLP89GURTBIJIUTI","LV_Overland/Hogsmeade/LI_Hogsmeade/LI_Hogsmeade/Streets/LI_HM_Streets_EXT/SM_EndPostCap_A232","B448D5B8-49CE-5EB6-6311-AE899E67FE80","excluded by OutlinerPathsToExclude entry 'LI_Hogsmeade'","DA_RENDER_Rules -> DL_RENDER","1","2079781","jprice","2026-09-21","0",""
"removed","SM_EndPostCap_A234","StaticMeshActor","DL_RENDER DL_OVERLAND","DL_RENDER","/Game/__ExternalActors__/Levels/Overland/Hogsmeade/Streets/LI_HM_Streets_EXT/4/1Y/VOD4JSDO3404JBSBKRAXUY","LV_Overland/Hogsmeade/LI_Hogsmeade/LI_Hogsmeade/Streets/LI_HM_Streets_EXT/SM_EndPostCap_A234","CB82C88F-4623-96B8-2485-BA8EF5838F65","excluded by OutlinerPathsToExclude entry 'LI_Hogsmeade'","DA_RENDER_Rules -> DL_RENDER","1","2079781","jprice","2026-09-21","0",""
"removed","SM_EndPostCap_A235","StaticMeshActor","DL_RENDER DL_OVERLAND","DL_RENDER","/Game/__ExternalActors__/Levels/Overland/Hogsmeade/Streets/LI_HM_Streets_EXT/A/OJ/IF7I76CCJU8FKMQ546LWHU","LV_Overland/Hogsmeade/LI_Hogsmeade/LI_Hogsmeade/Streets/LI_HM_Streets_EXT/SM_EndPostCap_A235","FA8E51A8-435E-90D8-FEC9-AB99DBE640C7","excluded by OutlinerPathsToExclude entry 'LI_Hogsmeade'","DA_RENDER_Rules -> DL_RENDER","1","2079781","jprice","2026-09-21","0",""
"removed","SM_EndPostCap_A236","StaticMeshActor","DL_RENDER DL_OVERLAND","DL_RENDER","/Game/__ExternalActors__/Levels/Overland/Hogsmeade/Streets/LI_HM_Streets_EXT/0/0Y/7HDET26E0CY3EVHYN475DH","LV_Overland/Hogsmeade/LI_Hogsmeade/LI_Hogsmeade/Streets/LI_HM_Streets_EXT/SM_EndPostCap_A236","BCDE5CB7-4BBC-7DCB-7FF0-A488CD005C18","excluded by OutlinerPathsToExclude entry 'LI_Hogsmeade'","DA_RENDER_Rules -> DL_RENDER","1","2079781","jprice","2026-09-21","0",""
"removed","SM_EndPostCap_A242","StaticMeshActor","DL_RENDER DL_OVERLAND","DL_RENDER","/Game/__ExternalActors__/Levels/Overland/Hogsmeade/Streets/LI_HM_Streets_EXT/2/YT/QQ2SWH3ZOPR4BAMEMECW30","LV_Overland/Hogsmeade/LI_Hogsmeade/LI_Hogsmeade/Streets/LI_HM_Streets_EXT/SM_EndPostCap_A242","8C0F037E-46FD-3195-C54C-7398CFC6682C","excluded by OutlinerPathsToExclude entry 'LI_Hogsmeade'","DA_RENDER_Rules -> DL_RENDER","1","2081733","jprice","2026-09-22","0",""
"removed","SM_EndPostCap_A243","StaticMeshActor","DL_RENDER DL_OVERLAND","DL_RENDER","/Game/__ExternalActors__/Levels/Overland/Hogsmeade/Streets/LI_HM_Streets_EXT/B/KQ/OYSQP0A7N0MP5NF9B8XGSB","LV_Overland/Hogsmeade/LI_Hogsmeade/LI_Hogsmeade/Streets/LI_HM_Streets_EXT/SM_EndPostCap_A243","B6FBCFDE-435D-9F29-8ABD-548FDBE80FE4","excluded by OutlinerPathsToExclude entry 'LI_Hogsmeade'","DA_RENDER_Rules -> DL_RENDER","1","2081733","jprice","2026-09-22","0",""
"removed","SM_EndPostCap_A244","StaticMeshActor","DL_RENDER DL_OVERLAND","DL_RENDER","/Game/__ExternalActors__/Levels/Overland/Hogsmeade/Streets/LI_HM_Streets_EXT/8/RQ/5DDH52WZJRF1H9MWEPS4SA","LV_Overland/Hogsmeade/LI_Hogsmeade/LI_Hogsmeade/Streets/LI_HM_Streets_EXT/SM_EndPostCap_A244","FFEDE908-4EBA-38E2-DA21-2FA7CC948276","excluded by OutlinerPathsToExclude entry 'LI_Hogsmeade'","DA_RENDER_Rules -> DL_RENDER","1","2081733","jprice","2026-09-22","0",""
"removed","SM_EndPostCap_A245","StaticMeshActor","DL_RENDER DL_OVERLAND","DL_RENDER","/Game/__ExternalActors__/Levels/Overland/Hogsmeade/Streets/LI_HM_Streets_EXT/5/F3/3T362J2H3RFJF6P93R1SBB","LV_Overland/Hogsmeade/LI_Hogsmeade/LI_Hogsmeade/Streets/LI_HM_Streets_EXT/SM_EndPostCap_A245","C8C981D8-4C40-E796-3977-8C97A4B8A2B4","excluded by OutlinerPathsToExclude entry 'LI_Hogsmeade'","DA_RENDER_Rules -> DL_RENDER","1","2081733","jprice","2026-09-22","0",""
"removed","SM_EndPostCap_A246","StaticMeshActor","DL_RENDER DL_OVERLAND","DL_RENDER","/Game/__ExternalActors__/Levels/Overland/Hogsmeade/Streets/LI_HM_Streets_EXT/0/OB/IA8S4I9DXJWX9TVIKXVKF9","LV_Overland/Hogsmeade/LI_Hogsmeade/LI_Hogsmeade/Streets/LI_HM_Streets_EXT/SM_EndPostCap_A246","66B99EE1-4627-F6CF-EEAA-E1B6B274506E","excluded by OutlinerPathsToExclude entry 'LI_Hogsmeade'","DA_RENDER_Rules -> DL_RENDER","1","2081733","jprice","2026-09-22","0",""
"removed","SM_EndPostCap_A247","StaticMeshActor","DL_RENDER DL_OVERLAND","DL_RENDER","/Game/__ExternalActors__/Levels/Overland/Hogsmeade/Streets/LI_HM_Streets_EXT/A/EH/BKCJV9PTS5QHVNM5G4F6FU","LV_Overland/Hogsmeade/LI_Hogsmeade/LI_Hogsmeade/Streets/LI_HM_Streets_EXT/SM_EndPostCap_A247","4EBC8FBB-4F16-13D2-2D2E-899021571316","excluded by OutlinerPathsToExclude entry 'LI_Hogsmeade'","DA_RENDER_Rules -> DL_RENDER","1","2081733","jprice","2026-09-22","0",""
"removed","SM_EndPostCap_A248","StaticMeshActor","DL_RENDER DL_OVERLAND","DL_RENDER","/Game/__ExternalActors__/Levels/Overland/Hogsmeade/Streets/LI_HM_Streets_EXT/2/T3/NBAEHY7JOJ3CYXZ7O06WLH","LV_Overland/Hogsmeade/LI_Hogsmeade/LI_Hogsmeade/Streets/LI_HM_Streets_EXT/SM_EndPostCap_A248","0DE55A10-4657-7BF1-C56E-FD91207F57FA","excluded by OutlinerPathsToExclude entry 'LI_Hogsmeade'","DA_RENDER_Rules -> DL_RENDER","1","2081733","jprice","2026-09-22","0",""
"removed","SM_EndPostCap_A249","StaticMeshActor","DL_RENDER DL_OVERLAND","DL_RENDER","/Game/__ExternalActors__/Levels/Overland/Hogsmeade/Streets/LI_HM_Streets_EXT/6/OX/9QENRR320J96KE5UYLJZZ1","LV_Overland/Hogsmeade/LI_Hogsmeade/LI_Hogsmeade/Streets/LI_HM_Streets_EXT/SM_EndPostCap_A249","1B423D9C-4D2D-E16E-C808-EB88F2D13970","excluded by OutlinerPathsToExclude entry 'LI_Hogsmeade'","DA_RENDER_Rules -> DL_RENDER","1","2081733","jprice","2026-09-22","0",""
"removed","SM_EndPostCap_A250","StaticMeshActor","DL_RENDER DL_OVERLAND","DL_RENDER","/Game/__ExternalActors__/Levels/Overland/Hogsmeade/Streets/LI_HM_Streets_EXT/C/0B/C5A0RZYP5M411CVCBH94KP","LV_Overland/Hogsmeade/LI_Hogsmeade/LI_Hogsmeade/Streets/LI_HM_Streets_EXT/SM_EndPostCap_A250","42A60C60-40C5-A137-47F1-D59890635925","excluded by OutlinerPathsToExclude entry 'LI_Hogsmeade'","DA_RENDER_Rules -> DL_RENDER","1","2081733","jprice","2026-09-22","0",""
"removed","SM_EndPostCap_A251","StaticMeshActor","DL_RENDER DL_OVERLAND","DL_RENDER","/Game/__ExternalActors__/Levels/Overland/Hogsmeade/Streets/LI_HM_Streets_EXT/C/5X/T957ZWDYZY81TQSDWUCHUH","LV_Overland/Hogsmeade/LI_Hogsmeade/LI_Hogsmeade/Streets/LI_HM_Streets_EXT/SM_EndPostCap_A251","F0A62277-409E-3C95-E5FB-0A8EBD71233A","excluded by OutlinerPathsToExclude entry 'LI_Hogsmeade'","DA_RENDER_Rules -> DL_RENDER","1","2081733","jprice","2026-09-22","0",""
"removed","SM_EndPostCap_A252","StaticMeshActor","DL_RENDER DL_OVERLAND","DL_RENDER","/Game/__ExternalActors__/Levels/Overland/Hogsmeade/Streets/LI_HM_Streets_EXT/6/MA/ITE1KYBRSZ9VJEZ3L5U70W","LV_Overland/Hogsmeade/LI_Hogsmeade/LI_Hogsmeade/Streets/LI_HM_Streets_EXT/SM_EndPostCap_A252","75216695-4B11-D4B8-23D2-7A92016D3068","excluded by OutlinerPathsToExclude entry 'LI_Hogsmeade'","DA_RENDER_Rules -> DL_RENDER","1","2081733","jprice","2026-09-22","0",""
"removed","SM_EndPostCap_A253","StaticMeshActor","DL_RENDER DL_OVERLAND","DL_RENDER","/Game/__ExternalActors__/Levels/Overland/Hogsmeade/Streets/LI_HM_Streets_EXT/5/UZ/H6OVI5XYSXGL9FF4KBZ9S5","LV_Overland/Hogsmeade/LI_Hogsmeade/LI_Hogsmeade/Streets/LI_HM_Streets_EXT/SM_EndPostCap_A253","ED2DBB00-4E8C-72E6-B9C2-0DA20C9958C3","excluded by OutlinerPathsToExclude entry 'LI_Hogsmeade'","DA_RENDER_Rules -> DL_RENDER","1","2081733","jprice","2026-09-22","0",""
"removed","SM_EndPostCap_A254","StaticMeshActor","DL_RENDER DL_OVERLAND","DL_RENDER","/Game/__ExternalActors__/Levels/Overland/Hogsmeade/Streets/LI_HM_Streets_EXT/1/KW/IHS4946NUNR91FX3TQS56R","LV_Overland/Hogsmeade/LI_Hogsmeade/LI_Hogsmeade/Streets/LI_HM_Streets_EXT/SM_EndPostCap_A254","265785B0-4AEB-ADEE-CF50-3992B37CEA92","excluded by OutlinerPathsToExclude entry 'LI_Hogsmeade'","DA_RENDER_Rules -> DL_RENDER","1","2081733","jprice","2026-09-22","0",""
"removed","SM_EndPostCap_A255","StaticMeshActor","DL_RENDER DL_OVERLAND","DL_RENDER","/Game/__ExternalActors__/Levels/Overland/Hogsmeade/Streets/LI_HM_Streets_EXT/4/0C/9Y7TDV5C06L18ZPFD4PKWF","LV_Overland/Hogsmeade/LI_Hogsmeade/LI_Hogsmeade/Streets/LI_HM_Streets_EXT/SM_EndPostCap_A255","EDD987A5-4728-06CB-D4BE-3D81C3C7FC4B","excluded by OutlinerPathsToExclude entry 'LI_Hogsmeade'","DA_RENDER_Rules -> DL_RENDER","1","2081733","jprice","2026-09-22","0",""
"removed","SM_EndPostCap_A256","StaticMeshActor","DL_RENDER DL_OVERLAND","DL_RENDER","/Game/__ExternalActors__/Levels/Overland/Hogsmeade/Streets/LI_HM_Streets_EXT/4/VQ/S8KHWWO0NW1JJ2YO26ERK2","LV_Overland/Hogsmeade/LI_Hogsmeade/LI_Hogsmeade/Streets/LI_HM_Streets_EXT/SM_EndPostCap_A256","A586E21E-48AC-13B2-D2AD-5B831B7CC377","excluded by OutlinerPathsToExclude entry 'LI_Hogsmeade'","DA_RENDER_Rules -> DL_RENDER","1","2081733","jprice","2026-09-22","0",""
"removed","SM_EndPostCap_A257","StaticMeshActor","DL_RENDER DL_OVERLAND","DL_RENDER","/Game/__ExternalActors__/Levels/Overland/Hogsmeade/Streets/LI_HM_Streets_EXT/2/8F/63YTU3N5LIIPNG8IWGZDFX","LV_Overland/Hogsmeade/LI_Hogsmeade/LI_Hogsmeade/Streets/LI_HM_Streets_EXT/SM_EndPostCap_A257","ED590384-44F1-4AC8-D48D-53B9E9858754","excluded by OutlinerPathsToExclude entry 'LI_Hogsmeade'","DA_RENDER_Rules -> DL_RENDER","1","2081733","jprice","2026-09-22","0",""
"removed","SM_EndPostCap_A258","StaticMeshActor","DL_RENDER DL_OVERLAND","DL_RENDER","/Game/__ExternalActors__/Levels/Overland/Hogsmeade/Streets/LI_HM_Streets_EXT/9/DU/JV59RO4HXPQTKCP3FUAWIK","LV_Overland/Hogsmeade/LI_Hogsmeade/LI_Hogsmeade/Streets/LI_HM_Streets_EXT/SM_EndPostCap_A258","2DB217C1-4B63-2E5C-9F67-91A603484EBF","excluded by OutlinerPathsToExclude entry 'LI_Hogsmeade'","DA_RENDER_Rules -> DL_RENDER","1","2081733","jprice","2026-09-22","0",""
"removed","SM_EndPostCap_A259","StaticMeshActor","DL_RENDER DL_OVERLAND","DL_RENDER","/Game/__ExternalActors__/Levels/Overland/Hogsmeade/Streets/LI_HM_Streets_EXT/8/R9/56II0MI8HRVCZK86IY1Q91","LV_Overland/Hogsmeade/LI_Hogsmeade/LI_Hogsmeade/Streets/LI_HM_Streets_EXT/SM_EndPostCap_A259","42B38045-4D93-0BF4-8717-42836E30F4FD","excluded by OutlinerPathsToExclude entry 'LI_Hogsmeade'","DA_RENDER_Rules -> DL_RENDER","1","2081733","jprice","2026-09-22","0",""
"removed","SM_EndPostCap_A260","StaticMeshActor","DL_RENDER DL_OVERLAND","DL_RENDER","/Game/__ExternalActors__/Levels/Overland/Hogsmeade/Streets/LI_HM_Streets_EXT/2/F3/O3L2N5II0T09PSMEP9RFER","LV_Overland/Hogsmeade/LI_Hogsmeade/LI_Hogsmeade/Streets/LI_HM_Streets_EXT/SM_EndPostCap_A260","6FDD40B1-470A-3CB3-5FC1-E5B15BBD3F5A","excluded by OutlinerPathsToExclude entry 'LI_Hogsmeade'","DA_RENDER_Rules -> DL_RENDER","1","2081733","jprice","2026-09-22","0",""
"removed","SM_EndPostCap_A261","StaticMeshActor","DL_RENDER DL_OVERLAND","DL_RENDER","/Game/__ExternalActors__/Levels/Overland/Hogsmeade/Streets/LI_HM_Streets_EXT/E/ZG/C9HKB2IV630J26WU91ZTXI","LV_Overland/Hogsmeade/LI_Hogsmeade/LI_Hogsmeade/Streets/LI_HM_Streets_EXT/SM_EndPostCap_A261","D5B1338E-41E4-462C-3ABD-EABBD25C6064","excluded by OutlinerPathsToExclude entry 'LI_Hogsmeade'","DA_RENDER_Rules -> DL_RENDER","1","2081733","jprice","2026-09-22","0",""
"removed","SM_EndPostCap_A262","StaticMeshActor","DL_RENDER DL_OVERLAND","DL_RENDER","/Game/__ExternalActors__/Levels/Overland/Hogsmeade/Streets/LI_HM_Streets_EXT/2/AA/LSMDRZGX2R2UYK1MMNKPWZ","LV_Overland/Hogsmeade/LI_Hogsmeade/LI_Hogsmeade/Streets/LI_HM_Streets_EXT/SM_EndPostCap_A262","744B0DAC-4843-198A-7870-6E9C3B8DA2EB","excluded by OutlinerPathsToExclude entry 'LI_Hogsmeade'","DA_RENDER_Rules -> DL_RENDER","1","2081733","jprice","2026-09-22","0",""
"removed","SM_EndPostCap_A263","StaticMeshActor","DL_RENDER DL_OVERLAND","DL_RENDER","/Game/__ExternalActors__/Levels/Overland/Hogsmeade/Streets/LI_HM_Streets_EXT/0/YV/TAP82LVN6P86L9GNJTM7VV","LV_Overland/Hogsmeade/LI_Hogsmeade/LI_Hogsmeade/Streets/LI_HM_Streets_EXT/SM_EndPostCap_A263","70DC9DE3-4A53-823F-DBDE-A48B7738B0EF","excluded by OutlinerPathsToExclude entry 'LI_Hogsmeade'","DA_RENDER_Rules -> DL_RENDER","1","2081733","jprice","2026-09-22","0",""
"removed","SM_EndPostCap_A264","StaticMeshActor","DL_RENDER DL_OVERLAND","DL_RENDER","/Game/__ExternalActors__/Levels/Overland/Hogsmeade/Streets/LI_HM_Streets_EXT/2/HK/EYUCIKFZV2GYV2RA7023M2","LV_Overland/Hogsmeade/LI_Hogsmeade/LI_Hogsmeade/Streets/LI_HM_Streets_EXT/SM_EndPostCap_A264","EB196E43-4DDA-1313-C413-40949F9B57A0","excluded by OutlinerPathsToExclude entry 'LI_Hogsmeade'","DA_RENDER_Rules -> DL_RENDER","1","2081733","jprice","2026-09-22","0",""
"removed","SM_EndPostCap_A265","StaticMeshActor","DL_RENDER DL_OVERLAND","DL_RENDER","/Game/__ExternalActors__/Levels/Overland/Hogsmeade/Streets/LI_HM_Streets_EXT/C/4B/400XT4BH8TMS28H8O0R851","LV_Overland/Hogsmeade/LI_Hogsmeade/LI_Hogsmeade/Streets/LI_HM_Streets_EXT/SM_EndPostCap_A265","5CB1A6B7-4AA7-B451-94D5-32BB4CA098C1","excluded by OutlinerPathsToExclude entry 'LI_Hogsmeade'","DA_RENDER_Rules -> DL_RENDER","1","2081733","jprice","2026-09-22","0",""
"removed","SM_EndPostCap_A266","StaticMeshActor","DL_RENDER DL_OVERLAND","DL_RENDER","/Game/__ExternalActors__/Levels/Overland/Hogsmeade/Streets/LI_HM_Streets_EXT/A/5F/9MV0P31JWG1HJ3JFW952OK","LV_Overland/Hogsmeade/LI_Hogsmeade/LI_Hogsmeade/Streets/LI_HM_Streets_EXT/SM_EndPostCap_A266","4DA87C0A-4703-8C92-A8E9-2F922B497A5D","excluded by OutlinerPathsToExclude entry 'LI_Hogsmeade'","DA_RENDER_Rules -> DL_RENDER","1","2081733","jprice","2026-09-22","0",""
"removed","SM_EndPostCap_A267","StaticMeshActor","DL_RENDER DL_OVERLAND","DL_RENDER","/Game/__ExternalActors__/Levels/Overland/Hogsmeade/Streets/LI_HM_Streets_EXT/3/YZ/0U07WJ1MURHWVOL9MATS4F","LV_Overland/Hogsmeade/LI_Hogsmeade/LI_Hogsmeade/Streets/LI_HM_Streets_EXT/SM_EndPostCap_A267","492A38F9-468E-4499-1C84-3D87187A7F48","excluded by OutlinerPathsToExclude entry 'LI_Hogsmeade'","DA_RENDER_Rules -> DL_RENDER","1","2081733","jprice","2026-09-22","0",""
"removed","SM_EndPostCap_A268","StaticMeshActor","DL_RENDER DL_OVERLAND","DL_RENDER","/Game/__ExternalActors__/Levels/Overland/Hogsmeade/Streets/LI_HM_Streets_EXT/6/ON/PP9N7FM7WZ2E36669I77SA","LV_Overland/Hogsmeade/LI_Hogsmeade/LI_Hogsmeade/Streets/LI_HM_Streets_EXT/SM_EndPostCap_A268","B623ACF6-4011-1B73-DB2B-D599C8B43A4F","excluded by OutlinerPathsToExclude entry 'LI_Hogsmeade'","DA_RENDER_Rules -> DL_RENDER","1","2081733","jprice","2026-09-22","0",""
"removed","SM_EndPostCap_A269","StaticMeshActor","DL_RENDER DL_OVERLAND","DL_RENDER","/Game/__ExternalActors__/Levels/Overland/Hogsmeade/Streets/LI_HM_Streets_EXT/F/53/RN7RV8K15TEVTNN8QGLBUD","LV_Overland/Hogsmeade/LI_Hogsmeade/LI_Hogsmeade/Streets/LI_HM_Streets_EXT/SM_EndPostCap_A269","04936CBC-4AF5-D2F8-988E-BDA5A7FBE8DC","excluded by OutlinerPathsToExclude entry 'LI_Hogsmeade'","DA_RENDER_Rules -> DL_RENDER","1","2081733","jprice","2026-09-22","0",""
"removed","SM_EndPostCap_A272","StaticMeshActor","DL_RENDER DL_OVERLAND","DL_RENDER","/Game/__ExternalActors__/Levels/Overland/Hogsmeade/Streets/LI_HM_Streets_EXT/D/30/161WONRQ08MCTW17NLFACE","LV_Overland/Hogsmeade/LI_Hogsmeade/LI_Hogsmeade/Streets/LI_HM_Streets_EXT/SM_EndPostCap_A272","228CCAE1-4FB4-5C7E-C340-42A0DA2CFE0E","excluded by OutlinerPathsToExclude entry 'LI_Hogsmeade'","DA_RENDER_Rules -> DL_RENDER","1","2081733","jprice","2026-09-22","0",""
"removed","SM_EndPostCap_A273","StaticMeshActor","DL_RENDER DL_OVERLAND","DL_RENDER","/Game/__ExternalActors__/Levels/Overland/Hogsmeade/Streets/LI_HM_Streets_EXT/6/I0/4YFSS2H9DQVRA5NG89568D","LV_Overland/Hogsmeade/LI_Hogsmeade/LI_Hogsmeade/Streets/LI_HM_Streets_EXT/SM_EndPostCap_A273","A3E8490E-4ABB-9562-5864-9A8280D182CB","excluded by OutlinerPathsToExclude entry 'LI_Hogsmeade'","DA_RENDER_Rules -> DL_RENDER","1","2081733","jprice","2026-09-22","0",""
"removed","SM_HM_RiverWall_Support_A25","StaticMeshActor","DL_RENDER DL_OVERLAND","DL_RENDER","/Game/__ExternalActors__/Levels/Overland/Hogsmeade/Streets/LI_HM_Streets_EXT/C/5N/ELNWN4D3YDR40991WSQ7J5","LV_Overland/Hogsmeade/LI_Hogsmeade/LI_Hogsmeade/Streets/LI_HM_Streets_EXT/SM_HM_RiverWall_Support_A25","C5E2D621-4199-C487-84C1-59B308F25E1E","excluded by OutlinerPathsToExclude entry 'LI_Hogsmeade'","DA_RENDER_Rules -> DL_RENDER","1","1761133","jprice","2026-03-12","1",""
"removed","SM_HM_RiverWall_Support_A70","StaticMeshActor","DL_RENDER DL_OVERLAND","DL_RENDER","/Game/__ExternalActors__/Levels/Overland/Hogsmeade/Streets/LI_HM_Streets_EXT/1/LK/CVOHT86530G9A23U0IBFK6","LV_Overland/Hogsmeade/LI_Hogsmeade/LI_Hogsmeade/Streets/LI_HM_Streets_EXT/SM_HM_RiverWall_Support_A70","CFB1AA52-41D8-AF07-0C01-20BBBA83BB29","excluded by OutlinerPathsToExclude entry 'LI_Hogsmeade'","DA_RENDER_Rules -> DL_RENDER","1","2054200","jprice","2026-09-02","0",""
"removed","SM_HM_RiverWall_Support_A71","StaticMeshActor","DL_RENDER DL_OVERLAND","DL_RENDER","/Game/__ExternalActors__/Levels/Overland/Hogsmeade/Streets/LI_HM_Streets_EXT/3/FD/TDK1S9KW3121Q7UCPV9XXD","LV_Overland/Hogsmeade/LI_Hogsmeade/LI_Hogsmeade/Streets/LI_HM_Streets_EXT/SM_HM_RiverWall_Support_A71","8F25B3AF-4520-EB19-F278-529F51E9394B","excluded by OutlinerPathsToExclude entry 'LI_Hogsmeade'","DA_RENDER_Rules -> DL_RENDER","1","2054200","jprice","2026-09-02","0",""
"removed","SM_HM_RiverWall_Support_A72","StaticMeshActor","DL_RENDER DL_OVERLAND","DL_RENDER","/Game/__ExternalActors__/Levels/Overland/Hogsmeade/Streets/LI_HM_Streets_EXT/9/AV/PD9SSLE75Z4Z2IR6XVYQ44","LV_Overland/Hogsmeade/LI_Hogsmeade/LI_Hogsmeade/Streets/LI_HM_Streets_EXT/SM_HM_RiverWall_Support_A72","E5EBD62D-4E4B-A7AD-5A91-008CDF3C0344","excluded by OutlinerPathsToExclude entry 'LI_Hogsmeade'","DA_RENDER_Rules -> DL_RENDER","1","2054200","jprice","2026-09-02","0",""
"removed","SM_HM_RiverWall_Support_A73","StaticMeshActor","DL_RENDER DL_OVERLAND","DL_RENDER","/Game/__ExternalActors__/Levels/Overland/Hogsmeade/Streets/LI_HM_Streets_EXT/7/YB/I1B79Y16PKIMJSI1Y5PF5S","LV_Overland/Hogsmeade/LI_Hogsmeade/LI_Hogsmeade/Streets/LI_HM_Streets_EXT/SM_HM_RiverWall_Support_A73","9B6810C8-4909-9D37-E309-D39E4F22D2DA","excluded by OutlinerPathsToExclude entry 'LI_Hogsmeade'","DA_RENDER_Rules -> DL_RENDER","1","2054200","jprice","2026-09-02","0",""
"removed","SM_HM_RiverWall_Support_A74","StaticMeshActor","DL_RENDER DL_OVERLAND","DL_RENDER","/Game/__ExternalActors__/Levels/Overland/Hogsmeade/Streets/LI_HM_Streets_EXT/C/WK/ATM3GZXNWJVLQJTTNG277D","LV_Overland/Hogsmeade/LI_Hogsmeade/LI_Hogsmeade/Streets/LI_HM_Streets_EXT/SM_HM_RiverWall_Support_A74","AA183CC0-4FC9-51DE-4B8F-0080BC0644EF","excluded by OutlinerPathsToExclude entry 'LI_Hogsmeade'","DA_RENDER_Rules -> DL_RENDER","1","2067334","jprice","2026-09-11","0",""
"removed","SM_HM_RiverWall_Support_A75","StaticMeshActor","DL_RENDER DL_OVERLAND","DL_RENDER","/Game/__ExternalActors__/Levels/Overland/Hogsmeade/Streets/LI_HM_Streets_EXT/7/DJ/7674KGX89M0D78630ZO5XD","LV_Overland/Hogsmeade/LI_Hogsmeade/LI_Hogsmeade/Streets/LI_HM_Streets_EXT/SM_HM_RiverWall_Support_A75","742A4613-4A6D-F2FC-C197-3B82FFD47052","excluded by OutlinerPathsToExclude entry 'LI_Hogsmeade'","DA_RENDER_Rules -> DL_RENDER","1","2054200","jprice","2026-09-02","0",""
"removed","SM_HM_RiverWall_Support_A76","StaticMeshActor","DL_RENDER DL_OVERLAND","DL_RENDER","/Game/__ExternalActors__/Levels/Overland/Hogsmeade/Streets/LI_HM_Streets_EXT/1/UY/B0A3D3Q4WKMFL7LDH77OTA","LV_Overland/Hogsmeade/LI_Hogsmeade/LI_Hogsmeade/Streets/LI_HM_Streets_EXT/SM_HM_RiverWall_Support_A76","D879F204-4440-83F7-4422-7A828ACAA44A","excluded by OutlinerPathsToExclude entry 'LI_Hogsmeade'","DA_RENDER_Rules -> DL_RENDER","1","2067334","jprice","2026-09-11","0",""
"removed","SM_HM_RiverWall_Support_A77","StaticMeshActor","DL_RENDER DL_OVERLAND","DL_RENDER","/Game/__ExternalActors__/Levels/Overland/Hogsmeade/Streets/LI_HM_Streets_EXT/8/3F/SAY9Z35TQQUEOI55BLZH0N","LV_Overland/Hogsmeade/LI_Hogsmeade/LI_Hogsmeade/Streets/LI_HM_Streets_EXT/SM_HM_RiverWall_Support_A77","AA39CF44-457E-4FE1-82A3-8FBBDA4B8B70","excluded by OutlinerPathsToExclude entry 'LI_Hogsmeade'","DA_RENDER_Rules -> DL_RENDER","1","2067334","jprice","2026-09-11","0",""
"removed","SM_HM_RiverWall_Support_A78","StaticMeshActor","DL_RENDER DL_OVERLAND","DL_RENDER","/Game/__ExternalActors__/Levels/Overland/Hogsmeade/Streets/LI_HM_Streets_EXT/0/WO/MEA18GSU8MFZ9BA8I6GX1B","LV_Overland/Hogsmeade/LI_Hogsmeade/LI_Hogsmeade/Streets/LI_HM_Streets_EXT/SM_HM_RiverWall_Support_A78","C8B8F948-4F38-B6F8-8C1B-BB85470E9A19","excluded by OutlinerPathsToExclude entry 'LI_Hogsmeade'","DA_RENDER_Rules -> DL_RENDER","1","2067334","jprice","2026-09-11","0",""
"removed","SM_HM_RiverWall_Support_A79","StaticMeshActor","DL_RENDER DL_OVERLAND","DL_RENDER","/Game/__ExternalActors__/Levels/Overland/Hogsmeade/Streets/LI_HM_Streets_EXT/F/0S/KB2HBXX6KTSI6PJTEAI89C","LV_Overland/Hogsmeade/LI_Hogsmeade/LI_Hogsmeade/Streets/LI_HM_Streets_EXT/SM_HM_RiverWall_Support_A79","8A40B22C-4319-89EC-0D1A-29A81F369C3E","excluded by OutlinerPathsToExclude entry 'LI_Hogsmeade'","DA_RENDER_Rules -> DL_RENDER","1","2067334","jprice","2026-09-11","0",""
"removed","SM_HM_RiverWall_Support_A80","StaticMeshActor","DL_RENDER DL_OVERLAND","DL_RENDER","/Game/__ExternalActors__/Levels/Overland/Hogsmeade/Streets/LI_HM_Streets_EXT/4/CF/QQWV2ASGB0366ANNVKE64W","LV_Overland/Hogsmeade/LI_Hogsmeade/LI_Hogsmeade/Streets/LI_HM_Streets_EXT/SM_HM_RiverWall_Support_A80","0DF49D58-41D2-2AAE-942D-2284C83891CA","excluded by OutlinerPathsToExclude entry 'LI_Hogsmeade'","DA_RENDER_Rules -> DL_RENDER","1","2067334","jprice","2026-09-11","0",""
"removed","SM_HM_RiverWall_Support_A81","StaticMeshActor","DL_RENDER DL_OVERLAND","DL_RENDER","/Game/__ExternalActors__/Levels/Overland/Hogsmeade/Streets/LI_HM_Streets_EXT/E/8S/L7TBLVBSF812HQSLKSZZWI","LV_Overland/Hogsmeade/LI_Hogsmeade/LI_Hogsmeade/Streets/LI_HM_Streets_EXT/SM_HM_RiverWall_Support_A81","B2520672-406D-ACFF-F0D6-A7955B040130","excluded by OutlinerPathsToExclude entry 'LI_Hogsmeade'","DA_RENDER_Rules -> DL_RENDER","1","2067334","jprice","2026-09-11","0",""
"removed","SM_HM_RiverWall_Support_A82","StaticMeshActor","DL_RENDER DL_OVERLAND","DL_RENDER","/Game/__ExternalActors__/Levels/Overland/Hogsmeade/Streets/LI_HM_Streets_EXT/2/ZJ/KARJBKYTYG3J5316C3YZEJ","LV_Overland/Hogsmeade/LI_Hogsmeade/LI_Hogsmeade/Streets/LI_HM_Streets_EXT/SM_HM_RiverWall_Support_A82","25136CF6-4D77-D51F-D499-948EE787159E","excluded by OutlinerPathsToExclude entry 'LI_Hogsmeade'","DA_RENDER_Rules -> DL_RENDER","1","2067334","jprice","2026-09-11","0",""
"removed","SM_HM_RiverWall_Support_A83","StaticMeshActor","DL_RENDER DL_OVERLAND","DL_RENDER","/Game/__ExternalActors__/Levels/Overland/Hogsmeade/Streets/LI_HM_Streets_EXT/9/R7/CL25HNUD8VYMGZIPZNJ2G8","LV_Overland/Hogsmeade/LI_Hogsmeade/LI_Hogsmeade/Streets/LI_HM_Streets_EXT/SM_HM_RiverWall_Support_A83","15BE1FA0-4F8A-7192-B862-688FA98BC0E2","excluded by OutlinerPathsToExclude entry 'LI_Hogsmeade'","DA_RENDER_Rules -> DL_RENDER","1","2067334","jprice","2026-09-11","0",""
"removed","SM_HM_RiverWall_Support_A84","StaticMeshActor","DL_RENDER DL_OVERLAND","DL_RENDER","/Game/__ExternalActors__/Levels/Overland/Hogsmeade/Streets/LI_HM_Streets_EXT/7/QV/ZWMVFOKXIX0VBUYMBIYDUC","LV_Overland/Hogsmeade/LI_Hogsmeade/LI_Hogsmeade/Streets/LI_HM_Streets_EXT/SM_HM_RiverWall_Support_A84","4C017D2B-4BFA-77FD-EBEA-80AA70506728","excluded by OutlinerPathsToExclude entry 'LI_Hogsmeade'","DA_RENDER_Rules -> DL_RENDER","1","2067334","jprice","2026-09-11","0",""
"removed","SM_HM_RiverWall_Support_A85","StaticMeshActor","DL_RENDER DL_OVERLAND","DL_RENDER","/Game/__ExternalActors__/Levels/Overland/Hogsmeade/Streets/LI_HM_Streets_EXT/6/PG/5X3C61C86NVPWZ5NFXXLXB","LV_Overland/Hogsmeade/LI_Hogsmeade/LI_Hogsmeade/Streets/LI_HM_Streets_EXT/SM_HM_RiverWall_Support_A85","25359D51-4A5F-B7C6-AFD9-DD98880625BD","excluded by OutlinerPathsToExclude entry 'LI_Hogsmeade'","DA_RENDER_Rules -> DL_RENDER","1","2067334","jprice","2026-09-11","0",""
"removed","SM_HM_RiverWall_Support_A86","StaticMeshActor","DL_RENDER DL_OVERLAND","DL_RENDER","/Game/__ExternalActors__/Levels/Overland/Hogsmeade/Streets/LI_HM_Streets_EXT/D/Z4/9Q9ZRFGOSMMUI8SK3RTU70","LV_Overland/Hogsmeade/LI_Hogsmeade/LI_Hogsmeade/Streets/LI_HM_Streets_EXT/SM_HM_RiverWall_Support_A86","B36B0C52-406E-1D33-D9DE-0FBF771421FD","excluded by OutlinerPathsToExclude entry 'LI_Hogsmeade'","DA_RENDER_Rules -> DL_RENDER","1","2067334","jprice","2026-09-11","0",""
"removed","SM_HM_RiverWall_Support_A87","StaticMeshActor","DL_RENDER DL_OVERLAND","DL_RENDER","/Game/__ExternalActors__/Levels/Overland/Hogsmeade/Streets/LI_HM_Streets_EXT/5/MY/OXTRN6Y1S587QJIQ0FHZII","LV_Overland/Hogsmeade/LI_Hogsmeade/LI_Hogsmeade/Streets/LI_HM_Streets_EXT/SM_HM_RiverWall_Support_A87","8F28725A-42C5-8BFC-697A-C79E3AD92A9D","excluded by OutlinerPathsToExclude entry 'LI_Hogsmeade'","DA_RENDER_Rules -> DL_RENDER","1","2067334","jprice","2026-09-11","0",""
"removed","SM_HM_RiverWall_Support_A88","StaticMeshActor","DL_RENDER DL_OVERLAND","DL_RENDER","/Game/__ExternalActors__/Levels/Overland/Hogsmeade/Streets/LI_HM_Streets_EXT/F/4M/D4HLD2S0QIH04P9Y7TK1C0","LV_Overland/Hogsmeade/LI_Hogsmeade/LI_Hogsmeade/Streets/LI_HM_Streets_EXT/SM_HM_RiverWall_Support_A88","3495AEE1-49B7-71B7-A76D-4FA5261C1DF5","excluded by OutlinerPathsToExclude entry 'LI_Hogsmeade'","DA_RENDER_Rules -> DL_RENDER","1","2054200","jprice","2026-09-02","0",""
"removed","SM_HM_RiverWall_Support_A89","StaticMeshActor","DL_RENDER DL_OVERLAND","DL_RENDER","/Game/__ExternalActors__/Levels/Overland/Hogsmeade/Streets/LI_HM_Streets_EXT/E/C5/UZIU7IWW0HNPFGL5P1DJ2H","LV_Overland/Hogsmeade/LI_Hogsmeade/LI_Hogsmeade/Streets/LI_HM_Streets_EXT/SM_HM_RiverWall_Support_A89","0ADDF22E-4E6A-8D04-1ABA-6DB827C2A65B","excluded by OutlinerPathsToExclude entry 'LI_Hogsmeade'","DA_RENDER_Rules -> DL_RENDER","1","2067334","jprice","2026-09-11","0",""
"removed","SM_HM_RiverWall_Support_A90","StaticMeshActor","DL_RENDER DL_OVERLAND","DL_RENDER","/Game/__ExternalActors__/Levels/Overland/Hogsmeade/Streets/LI_HM_Streets_EXT/5/BB/MQZIA0OEMUV0WJJBY7A5US","LV_Overland/Hogsmeade/LI_Hogsmeade/LI_Hogsmeade/Streets/LI_HM_Streets_EXT/SM_HM_RiverWall_Support_A90","83041CD7-48E9-9DF4-830C-EA97F710FBAF","excluded by OutlinerPathsToExclude entry 'LI_Hogsmeade'","DA_RENDER_Rules -> DL_RENDER","1","2054200","jprice","2026-09-02","0",""
"removed","SM_HM_RiverWall_Support_A91","StaticMeshActor","DL_RENDER DL_OVERLAND","DL_RENDER","/Game/__ExternalActors__/Levels/Overland/Hogsmeade/Streets/LI_HM_Streets_EXT/D/RT/RWU6ZNNB0C73PZ49LCCET8","LV_Overland/Hogsmeade/LI_Hogsmeade/LI_Hogsmeade/Streets/LI_HM_Streets_EXT/SM_HM_RiverWall_Support_A91","A515B580-4066-77D0-9BCC-DAA90B242E7A","excluded by OutlinerPathsToExclude entry 'LI_Hogsmeade'","DA_RENDER_Rules -> DL_RENDER","1","2054200","jprice","2026-09-02","0",""
"removed","SM_HM_RiverWall_Support_A93","StaticMeshActor","DL_RENDER DL_OVERLAND","DL_RENDER","/Game/__ExternalActors__/Levels/Overland/Hogsmeade/Streets/LI_HM_Streets_EXT/A/CT/ECJ1BBMPCIBK5G4Y5PQRXA","LV_Overland/Hogsmeade/LI_Hogsmeade/LI_Hogsmeade/Streets/LI_HM_Streets_EXT/SM_HM_RiverWall_Support_A93","4CD8ABFD-44FB-87A4-2936-15A362B41F14","excluded by OutlinerPathsToExclude entry 'LI_Hogsmeade'","DA_RENDER_Rules -> DL_RENDER","1","2054200","jprice","2026-09-02","0",""
"removed","SM_HM_RiverWall_Support_A94","StaticMeshActor","DL_RENDER DL_OVERLAND","DL_RENDER","/Game/__ExternalActors__/Levels/Overland/Hogsmeade/Streets/LI_HM_Streets_EXT/E/0S/Y0GY675GOFQFH33M8ZHFUF","LV_Overland/Hogsmeade/LI_Hogsmeade/LI_Hogsmeade/Streets/LI_HM_Streets_EXT/SM_HM_RiverWall_Support_A94","B9925E60-43A0-142D-3601-23B4CBAD2531","excluded by OutlinerPathsToExclude entry 'LI_Hogsmeade'","DA_RENDER_Rules -> DL_RENDER","1","2067334","jprice","2026-09-11","0",""
"removed","SM_HM_RiverWall_Support_A95","StaticMeshActor","DL_RENDER DL_OVERLAND","DL_RENDER","/Game/__ExternalActors__/Levels/Overland/Hogsmeade/Streets/LI_HM_Streets_EXT/2/JM/MKXRG9TOUKVK5TNCSABF2N","LV_Overland/Hogsmeade/LI_Hogsmeade/LI_Hogsmeade/Streets/LI_HM_Streets_EXT/SM_HM_RiverWall_Support_A95","EE9D5733-4632-62DA-E115-DA95E130BB05","excluded by OutlinerPathsToExclude entry 'LI_Hogsmeade'","DA_RENDER_Rules -> DL_RENDER","1","2067334","jprice","2026-09-11","0",""
"removed","SM_HM_RiverWall_Support_A96","StaticMeshActor","DL_RENDER DL_OVERLAND","DL_RENDER","/Game/__ExternalActors__/Levels/Overland/Hogsmeade/Streets/LI_HM_Streets_EXT/E/1O/HAH9MXJM6FJRPTL2W0ZJHW","LV_Overland/Hogsmeade/LI_Hogsmeade/LI_Hogsmeade/Streets/LI_HM_Streets_EXT/SM_HM_RiverWall_Support_A96","CFE05E89-4B58-500D-F1AC-8CB255FA1821","excluded by OutlinerPathsToExclude entry 'LI_Hogsmeade'","DA_RENDER_Rules -> DL_RENDER","1","2067334","jprice","2026-09-11","0",""
"removed","SM_HW_VC_Balustrade_A100","StaticMeshActor","DL_RENDER DL_OVERLAND","DL_RENDER","/Game/__ExternalActors__/Levels/Overland/Hogsmeade/Streets/LI_HM_Streets_EXT/6/27/G3F0SZC350M12093Q4I8NG","LV_Overland/Hogsmeade/LI_Hogsmeade/LI_Hogsmeade/Streets/LI_HM_Streets_EXT/SM_HW_VC_Balustrade_A100","E951BF0C-496F-948C-4E07-C8A1091062B4","excluded by OutlinerPathsToExclude entry 'LI_Hogsmeade'","DA_RENDER_Rules -> DL_RENDER","1","2076233","jprice","2026-09-17","0",""
"removed","SM_HW_VC_Balustrade_A101","StaticMeshActor","DL_RENDER DL_OVERLAND","DL_RENDER","/Game/__ExternalActors__/Levels/Overland/Hogsmeade/Streets/LI_HM_Streets_EXT/E/YG/UV84DFVXIZCBX8GX85950L","LV_Overland/Hogsmeade/LI_Hogsmeade/LI_Hogsmeade/Streets/LI_HM_Streets_EXT/SM_HW_VC_Balustrade_A101","5F742AE2-4D32-60BF-C2E5-16AB77FEBA94","excluded by OutlinerPathsToExclude entry 'LI_Hogsmeade'","DA_RENDER_Rules -> DL_RENDER","1","2076233","jprice","2026-09-17","0",""
"removed","SM_HW_VC_Balustrade_A102","StaticMeshActor","DL_RENDER DL_OVERLAND","DL_RENDER","/Game/__ExternalActors__/Levels/Overland/Hogsmeade/Streets/LI_HM_Streets_EXT/A/GO/EP13RQV7ILN0O3P1179UGY","LV_Overland/Hogsmeade/LI_Hogsmeade/LI_Hogsmeade/Streets/LI_HM_Streets_EXT/SM_HW_VC_Balustrade_A102","FA8824D7-4DD2-DED9-02F6-DC9C4ACFC8EA","excluded by OutlinerPathsToExclude entry 'LI_Hogsmeade'","DA_RENDER_Rules -> DL_RENDER","1","2076233","jprice","2026-09-17","0",""
"removed","SM_HW_VC_Balustrade_A103","StaticMeshActor","DL_RENDER DL_OVERLAND","DL_RENDER","/Game/__ExternalActors__/Levels/Overland/Hogsmeade/Streets/LI_HM_Streets_EXT/B/QJ/DBNC55K5H1Y4S8HK186QEI","LV_Overland/Hogsmeade/LI_Hogsmeade/LI_Hogsmeade/Streets/LI_HM_Streets_EXT/SM_HW_VC_Balustrade_A103","03B422A3-4496-9CAE-E881-1B9CD11A85C5","excluded by OutlinerPathsToExclude entry 'LI_Hogsmeade'","DA_RENDER_Rules -> DL_RENDER","1","2076233","jprice","2026-09-17","0",""
"removed","SM_HW_VC_Balustrade_A104","StaticMeshActor","DL_RENDER DL_OVERLAND","DL_RENDER","/Game/__ExternalActors__/Levels/Overland/Hogsmeade/Streets/LI_HM_Streets_EXT/A/G0/DXV1Q8TDIHUNUHCAQUBX40","LV_Overland/Hogsmeade/LI_Hogsmeade/LI_Hogsmeade/Streets/LI_HM_Streets_EXT/SM_HW_VC_Balustrade_A104","957745E8-45F2-C7E3-2108-AEAF89E74000","excluded by OutlinerPathsToExclude entry 'LI_Hogsmeade'","DA_RENDER_Rules -> DL_RENDER","1","2076233","jprice","2026-09-17","0",""
"removed","SM_HW_VC_Balustrade_A105","StaticMeshActor","DL_RENDER DL_OVERLAND","DL_RENDER","/Game/__ExternalActors__/Levels/Overland/Hogsmeade/Streets/LI_HM_Streets_EXT/8/BU/B6TXHHUM71S7WZEBSXZB2L","LV_Overland/Hogsmeade/LI_Hogsmeade/LI_Hogsmeade/Streets/LI_HM_Streets_EXT/SM_HW_VC_Balustrade_A105","B6E6BFE8-4228-877A-4D8D-F28A19ACDAD1","excluded by OutlinerPathsToExclude entry 'LI_Hogsmeade'","DA_RENDER_Rules -> DL_RENDER","1","2076233","jprice","2026-09-17","0",""
"removed","SM_HW_VC_Balustrade_A106","StaticMeshActor","DL_RENDER DL_OVERLAND","DL_RENDER","/Game/__ExternalActors__/Levels/Overland/Hogsmeade/Streets/LI_HM_Streets_EXT/5/D5/H8O13T09YAR752B1ILS56D","LV_Overland/Hogsmeade/LI_Hogsmeade/LI_Hogsmeade/Streets/LI_HM_Streets_EXT/SM_HW_VC_Balustrade_A106","6FF49838-4C2B-4100-CF86-78AB05FA4150","excluded by OutlinerPathsToExclude entry 'LI_Hogsmeade'","DA_RENDER_Rules -> DL_RENDER","1","2081733","jprice","2026-09-22","0",""
"removed","SM_HW_VC_Balustrade_A107","StaticMeshActor","DL_RENDER DL_OVERLAND","DL_RENDER","/Game/__ExternalActors__/Levels/Overland/Hogsmeade/Streets/LI_HM_Streets_EXT/E/JK/AC6TJ1UUA9X60UL9XC2UTA","LV_Overland/Hogsmeade/LI_Hogsmeade/LI_Hogsmeade/Streets/LI_HM_Streets_EXT/SM_HW_VC_Balustrade_A107","87E5E836-482F-F2DD-6F1B-B0B0D588E9B6","excluded by OutlinerPathsToExclude entry 'LI_Hogsmeade'","DA_RENDER_Rules -> DL_RENDER","1","2081733","jprice","2026-09-22","0",""
"removed","SM_HW_VC_Balustrade_A108","StaticMeshActor","DL_RENDER DL_OVERLAND","DL_RENDER","/Game/__ExternalActors__/Levels/Overland/Hogsmeade/Streets/LI_HM_Streets_EXT/0/1B/3T5AY3K371QS9D4HAQCLSX","LV_Overland/Hogsmeade/LI_Hogsmeade/LI_Hogsmeade/Streets/LI_HM_Streets_EXT/SM_HW_VC_Balustrade_A108","9224CD18-4B27-B11D-E0F1-0BA3FFD9107A","excluded by OutlinerPathsToExclude entry 'LI_Hogsmeade'","DA_RENDER_Rules -> DL_RENDER","1","2081733","jprice","2026-09-22","0",""
"removed","SM_HW_VC_Balustrade_A109","StaticMeshActor","DL_RENDER DL_OVERLAND","DL_RENDER","/Game/__ExternalActors__/Levels/Overland/Hogsmeade/Streets/LI_HM_Streets_EXT/E/YK/EO44XDIN743JFYLAI4VNVZ","LV_Overland/Hogsmeade/LI_Hogsmeade/LI_Hogsmeade/Streets/LI_HM_Streets_EXT/SM_HW_VC_Balustrade_A109","9E8935ED-4A63-93AB-5D5E-14922269388A","excluded by OutlinerPathsToExclude entry 'LI_Hogsmeade'","DA_RENDER_Rules -> DL_RENDER","1","2081733","jprice","2026-09-22","0",""
"removed","SM_HW_VC_Balustrade_A110","StaticMeshActor","DL_RENDER DL_OVERLAND","DL_RENDER","/Game/__ExternalActors__/Levels/Overland/Hogsmeade/Streets/LI_HM_Streets_EXT/E/YG/BWDC17MGIUCDX7HMT4CYSY","LV_Overland/Hogsmeade/LI_Hogsmeade/LI_Hogsmeade/Streets/LI_HM_Streets_EXT/SM_HW_VC_Balustrade_A110","C810D4C9-4EE5-6B7A-7576-26AD1B8CD51F","excluded by OutlinerPathsToExclude entry 'LI_Hogsmeade'","DA_RENDER_Rules -> DL_RENDER","1","2071650","jprice","2026-09-15","0",""
"removed","SM_HW_VC_Balustrade_A111","StaticMeshActor","DL_RENDER DL_OVERLAND","DL_RENDER","/Game/__ExternalActors__/Levels/Overland/Hogsmeade/Streets/LI_HM_Streets_EXT/6/8A/VN0T7FG2XEB1XL7NAEC3F5","LV_Overland/Hogsmeade/LI_Hogsmeade/LI_Hogsmeade/Streets/LI_HM_Streets_EXT/SM_HW_VC_Balustrade_A111","053FA286-4875-A58F-6CE3-BFB94C4BAAD2","excluded by OutlinerPathsToExclude entry 'LI_Hogsmeade'","DA_RENDER_Rules -> DL_RENDER","1","2081733","jprice","2026-09-22","0",""
"removed","SM_HW_VC_Balustrade_A112","StaticMeshActor","DL_RENDER DL_OVERLAND","DL_RENDER","/Game/__ExternalActors__/Levels/Overland/Hogsmeade/Streets/LI_HM_Streets_EXT/6/VD/UA9X9XT6ZZ2IQYB70N6M9M","LV_Overland/Hogsmeade/LI_Hogsmeade/LI_Hogsmeade/Streets/LI_HM_Streets_EXT/SM_HW_VC_Balustrade_A112","3B2F54BF-49EA-EB54-AEF3-1D8A3DA9CDF2","excluded by OutlinerPathsToExclude entry 'LI_Hogsmeade'","DA_RENDER_Rules -> DL_RENDER","1","2081733","jprice","2026-09-22","0",""
"removed","SM_HW_VC_Balustrade_A113","StaticMeshActor","DL_RENDER DL_OVERLAND","DL_RENDER","/Game/__ExternalActors__/Levels/Overland/Hogsmeade/Streets/LI_HM_Streets_EXT/7/JI/S4KS3LLC26DMJBUBDF8V1X","LV_Overland/Hogsmeade/LI_Hogsmeade/LI_Hogsmeade/Streets/LI_HM_Streets_EXT/SM_HW_VC_Balustrade_A113","D8C9FE05-4956-6560-60D0-08BF3D263E5E","excluded by OutlinerPathsToExclude entry 'LI_Hogsmeade'","DA_RENDER_Rules -> DL_RENDER","1","2071650","jprice","2026-09-15","0",""
"removed","SM_HW_VC_Balustrade_A114","StaticMeshActor","DL_RENDER DL_OVERLAND","DL_RENDER","/Game/__ExternalActors__/Levels/Overland/Hogsmeade/Streets/LI_HM_Streets_EXT/3/NZ/VF98HAODIEOK4OUVJ411D7","LV_Overland/Hogsmeade/LI_Hogsmeade/LI_Hogsmeade/Streets/LI_HM_Streets_EXT/SM_HW_VC_Balustrade_A114","C17B3F2E-488E-8EB3-F7A3-0995017BD012","excluded by OutlinerPathsToExclude entry 'LI_Hogsmeade'","DA_RENDER_Rules -> DL_RENDER","1","2071650","jprice","2026-09-15","0",""
"removed","SM_HW_VC_Balustrade_A115","StaticMeshActor","DL_RENDER DL_OVERLAND","DL_RENDER","/Game/__ExternalActors__/Levels/Overland/Hogsmeade/Streets/LI_HM_Streets_EXT/2/GV/3PZL3ZE1WRIZP24ISRVN6O","LV_Overland/Hogsmeade/LI_Hogsmeade/LI_Hogsmeade/Streets/LI_HM_Streets_EXT/SM_HW_VC_Balustrade_A115","DCFC224A-463B-3FE5-8C4F-09AB68465109","excluded by OutlinerPathsToExclude entry 'LI_Hogsmeade'","DA_RENDER_Rules -> DL_RENDER","1","2081733","jprice","2026-09-22","0",""
"removed","SM_HW_VC_Balustrade_A116","StaticMeshActor","DL_RENDER DL_OVERLAND","DL_RENDER","/Game/__ExternalActors__/Levels/Overland/Hogsmeade/Streets/LI_HM_Streets_EXT/B/4K/DB8ZWPUF4UBRIFK93BEK5O","LV_Overland/Hogsmeade/LI_Hogsmeade/LI_Hogsmeade/Streets/LI_HM_Streets_EXT/SM_HW_VC_Balustrade_A116","4F729414-4AB7-768C-6BE3-759FB27874D7","excluded by OutlinerPathsToExclude entry 'LI_Hogsmeade'","DA_RENDER_Rules -> DL_RENDER","1","2071650","jprice","2026-09-15","0",""
"removed","SM_HW_VC_Balustrade_A117","StaticMeshActor","DL_RENDER DL_OVERLAND","DL_RENDER","/Game/__ExternalActors__/Levels/Overland/Hogsmeade/Streets/LI_HM_Streets_EXT/B/TI/710KAUB6IL6HGWVGVGC4UW","LV_Overland/Hogsmeade/LI_Hogsmeade/LI_Hogsmeade/Streets/LI_HM_Streets_EXT/SM_HW_VC_Balustrade_A117","AA69563F-4CDC-E295-77C6-09AB96AE4C7F","excluded by OutlinerPathsToExclude entry 'LI_Hogsmeade'","DA_RENDER_Rules -> DL_RENDER","1","2071650","jprice","2026-09-15","0",""
"removed","SM_HW_VC_Balustrade_A118","StaticMeshActor","DL_RENDER DL_OVERLAND","DL_RENDER","/Game/__ExternalActors__/Levels/Overland/Hogsmeade/Streets/LI_HM_Streets_EXT/7/47/7CTZUQD8BBY3FS3X4YA6GH","LV_Overland/Hogsmeade/LI_Hogsmeade/LI_Hogsmeade/Streets/LI_HM_Streets_EXT/SM_HW_VC_Balustrade_A118","14A52EA1-4DAB-EFE2-FE39-D685453F33EC","excluded by OutlinerPathsToExclude entry 'LI_Hogsmeade'","DA_RENDER_Rules -> DL_RENDER","1","2071650","jprice","2026-09-15","0",""
"removed","SM_HW_VC_Balustrade_A119","StaticMeshActor","DL_RENDER DL_OVERLAND","DL_RENDER","/Game/__ExternalActors__/Levels/Overland/Hogsmeade/Streets/LI_HM_Streets_EXT/5/KE/I8B3SHBNZ404URB8V324NM","LV_Overland/Hogsmeade/LI_Hogsmeade/LI_Hogsmeade/Streets/LI_HM_Streets_EXT/SM_HW_VC_Balustrade_A119","646C2260-4F16-6DE1-3673-9A8A0DFC84E9","excluded by OutlinerPathsToExclude entry 'LI_Hogsmeade'","DA_RENDER_Rules -> DL_RENDER","1","2072097","jprice","2026-09-15","0",""
"removed","SM_HW_VC_Balustrade_A120","StaticMeshActor","DL_RENDER DL_OVERLAND","DL_RENDER","/Game/__ExternalActors__/Levels/Overland/Hogsmeade/Streets/LI_HM_Streets_EXT/7/4R/G2M5E4PBYX8VKR8L403345","LV_Overland/Hogsmeade/LI_Hogsmeade/LI_Hogsmeade/Streets/LI_HM_Streets_EXT/SM_HW_VC_Balustrade_A120","C69364CF-4D08-489F-7C93-5AA3BA1130FA","excluded by OutlinerPathsToExclude entry 'LI_Hogsmeade'","DA_RENDER_Rules -> DL_RENDER","1","2071650","jprice","2026-09-15","0",""
"removed","SM_HW_VC_Balustrade_A121","StaticMeshActor","DL_RENDER DL_OVERLAND","DL_RENDER","/Game/__ExternalActors__/Levels/Overland/Hogsmeade/Streets/LI_HM_Streets_EXT/1/QF/H5YBFPQEQ60K9L785Z5YX7","LV_Overland/Hogsmeade/LI_Hogsmeade/LI_Hogsmeade/Streets/LI_HM_Streets_EXT/SM_HW_VC_Balustrade_A121","EB92FA1E-4F53-3EB4-4E88-B1993FC6CEB5","excluded by OutlinerPathsToExclude entry 'LI_Hogsmeade'","DA_RENDER_Rules -> DL_RENDER","1","2074186","jprice","2026-09-16","0",""
"removed","SM_HW_VC_Balustrade_A122","StaticMeshActor","DL_RENDER DL_OVERLAND","DL_RENDER","/Game/__ExternalActors__/Levels/Overland/Hogsmeade/Streets/LI_HM_Streets_EXT/9/YT/7G4VV8Z7PMZQS67997UIA8","LV_Overland/Hogsmeade/LI_Hogsmeade/LI_Hogsmeade/Streets/LI_HM_Streets_EXT/SM_HW_VC_Balustrade_A122","7370BBA8-4243-03C6-F196-878E7AFD68EC","excluded by OutlinerPathsToExclude entry 'LI_Hogsmeade'","DA_RENDER_Rules -> DL_RENDER","1","2072097","jprice","2026-09-15","0",""
"removed","SM_HW_VC_Balustrade_A123","StaticMeshActor","DL_RENDER DL_OVERLAND","DL_RENDER","/Game/__ExternalActors__/Levels/Overland/Hogsmeade/Streets/LI_HM_Streets_EXT/9/ZJ/R4N9HYFWLMAI60AMHDECUD","LV_Overland/Hogsmeade/LI_Hogsmeade/LI_Hogsmeade/Streets/LI_HM_Streets_EXT/SM_HW_VC_Balustrade_A123","C499AABC-4029-C275-A12F-D3BC1D52F947","excluded by OutlinerPathsToExclude entry 'LI_Hogsmeade'","DA_RENDER_Rules -> DL_RENDER","1","2072097","jprice","2026-09-15","0",""
"removed","SM_HW_VC_Balustrade_A124","StaticMeshActor","DL_RENDER DL_OVERLAND","DL_RENDER","/Game/__ExternalActors__/Levels/Overland/Hogsmeade/Streets/LI_HM_Streets_EXT/0/OB/DDR9YWXCTHKXW4TWPWJMVN","LV_Overland/Hogsmeade/LI_Hogsmeade/LI_Hogsmeade/Streets/LI_HM_Streets_EXT/SM_HW_VC_Balustrade_A124","E7C83347-4A4D-2CC5-3EB9-ACB7CF2EEA38","excluded by OutlinerPathsToExclude entry 'LI_Hogsmeade'","DA_RENDER_Rules -> DL_RENDER","1","2072097","jprice","2026-09-15","0",""
"removed","SM_HW_VC_Balustrade_A125","StaticMeshActor","DL_RENDER DL_OVERLAND","DL_RENDER","/Game/__ExternalActors__/Levels/Overland/Hogsmeade/Streets/LI_HM_Streets_EXT/7/RU/2T87HLNS0072NECQC7N2FD","LV_Overland/Hogsmeade/LI_Hogsmeade/LI_Hogsmeade/Streets/LI_HM_Streets_EXT/SM_HW_VC_Balustrade_A125","A51B904F-4A48-00DD-6B66-5DBECD987FFE","excluded by OutlinerPathsToExclude entry 'LI_Hogsmeade'","DA_RENDER_Rules -> DL_RENDER","1","2072097","jprice","2026-09-15","0",""
"removed","SM_HW_VC_Balustrade_A126","StaticMeshActor","DL_RENDER DL_OVERLAND","DL_RENDER","/Game/__ExternalActors__/Levels/Overland/Hogsmeade/Streets/LI_HM_Streets_EXT/D/SL/Y1YSCO5IO7569YX2SN1M5W","LV_Overland/Hogsmeade/LI_Hogsmeade/LI_Hogsmeade/Streets/LI_HM_Streets_EXT/SM_HW_VC_Balustrade_A126","0D49168A-4F13-6470-8469-B18B2D1BCE21","excluded by OutlinerPathsToExclude entry 'LI_Hogsmeade'","DA_RENDER_Rules -> DL_RENDER","1","2072097","jprice","2026-09-15","0",""
"removed","SM_HW_VC_Balustrade_A127","StaticMeshActor","DL_RENDER DL_OVERLAND","DL_RENDER","/Game/__ExternalActors__/Levels/Overland/Hogsmeade/Streets/LI_HM_Streets_EXT/E/ZZ/LVQSOMUOVCB6T72GYPCN1H","LV_Overland/Hogsmeade/LI_Hogsmeade/LI_Hogsmeade/Streets/LI_HM_Streets_EXT/SM_HW_VC_Balustrade_A127","CBF8A565-4DA9-A1C3-DCDF-7D980472B4B3","excluded by OutlinerPathsToExclude entry 'LI_Hogsmeade'","DA_RENDER_Rules -> DL_RENDER","1","2072097","jprice","2026-09-15","0",""
"removed","SM_HW_VC_Balustrade_A128","StaticMeshActor","DL_RENDER DL_OVERLAND","DL_RENDER","/Game/__ExternalActors__/Levels/Overland/Hogsmeade/Streets/LI_HM_Streets_EXT/C/AG/ZJBPRJ4D1V7MLYK90IT2AI","LV_Overland/Hogsmeade/LI_Hogsmeade/LI_Hogsmeade/Streets/LI_HM_Streets_EXT/SM_HW_VC_Balustrade_A128","914A35DA-4DE1-49C2-11E6-25947C6745C2","excluded by OutlinerPathsToExclude entry 'LI_Hogsmeade'","DA_RENDER_Rules -> DL_RENDER","1","2072097","jprice","2026-09-15","0",""
"removed","SM_HW_VC_Balustrade_A129","StaticMeshActor","DL_RENDER DL_OVERLAND","DL_RENDER","/Game/__ExternalActors__/Levels/Overland/Hogsmeade/Streets/LI_HM_Streets_EXT/2/TJ/5DT173OT9ZZTZ3DEKWB7HR","LV_Overland/Hogsmeade/LI_Hogsmeade/LI_Hogsmeade/Streets/LI_HM_Streets_EXT/SM_HW_VC_Balustrade_A129","FAF06670-4037-C04B-DAC4-4E8C494EC769","excluded by OutlinerPathsToExclude entry 'LI_Hogsmeade'","DA_RENDER_Rules -> DL_RENDER","1","2072097","jprice","2026-09-15","0",""
"removed","SM_HW_VC_Balustrade_A130","StaticMeshActor","DL_RENDER DL_OVERLAND","DL_RENDER","/Game/__ExternalActors__/Levels/Overland/Hogsmeade/Streets/LI_HM_Streets_EXT/D/JN/O40NNMKO58FBO71PGXEJH1","LV_Overland/Hogsmeade/LI_Hogsmeade/LI_Hogsmeade/Streets/LI_HM_Streets_EXT/SM_HW_VC_Balustrade_A130","3716E81B-4438-1BBF-6BE7-7A9221318C44","excluded by OutlinerPathsToExclude entry 'LI_Hogsmeade'","DA_RENDER_Rules -> DL_RENDER","1","2074186","jprice","2026-09-16","0",""
"removed","SM_HW_VC_Balustrade_A131","StaticMeshActor","DL_RENDER DL_OVERLAND","DL_RENDER","/Game/__ExternalActors__/Levels/Overland/Hogsmeade/Streets/LI_HM_Streets_EXT/B/1A/69BKTZYT9UE9752XBPEQM9","LV_Overland/Hogsmeade/LI_Hogsmeade/LI_Hogsmeade/Streets/LI_HM_Streets_EXT/SM_HW_VC_Balustrade_A131","2A142E94-4720-E3EB-68D4-ACB6BBD53221","excluded by OutlinerPathsToExclude entry 'LI_Hogsmeade'","DA_RENDER_Rules -> DL_RENDER","1","2074186","jprice","2026-09-16","0",""
"removed","SM_HW_VC_Balustrade_A132","StaticMeshActor","DL_RENDER DL_OVERLAND","DL_RENDER","/Game/__ExternalActors__/Levels/Overland/Hogsmeade/Streets/LI_HM_Streets_EXT/1/C9/CMV3HP4YVDMAERKJI4IBVT","LV_Overland/Hogsmeade/LI_Hogsmeade/LI_Hogsmeade/Streets/LI_HM_Streets_EXT/SM_HW_VC_Balustrade_A132","385D8868-4B80-D840-6E31-549FBCBCF3D4","excluded by OutlinerPathsToExclude entry 'LI_Hogsmeade'","DA_RENDER_Rules -> DL_RENDER","1","2074186","jprice","2026-09-16","0",""
"removed","SM_HW_VC_Balustrade_A133","StaticMeshActor","DL_RENDER DL_OVERLAND","DL_RENDER","/Game/__ExternalActors__/Levels/Overland/Hogsmeade/Streets/LI_HM_Streets_EXT/B/H4/SFC8W6C9AL1W6RDMBRK0K4","LV_Overland/Hogsmeade/LI_Hogsmeade/LI_Hogsmeade/Streets/LI_HM_Streets_EXT/SM_HW_VC_Balustrade_A133","9905912F-4766-CD25-0F22-2B901844E423","excluded by OutlinerPathsToExclude entry 'LI_Hogsmeade'","DA_RENDER_Rules -> DL_RENDER","1","2074186","jprice","2026-09-16","0",""
"removed","SM_HW_VC_Balustrade_A134","StaticMeshActor","DL_RENDER DL_OVERLAND","DL_RENDER","/Game/__ExternalActors__/Levels/Overland/Hogsmeade/Streets/LI_HM_Streets_EXT/C/VB/K9IFKVYT7F3KC7VB75ZSHX","LV_Overland/Hogsmeade/LI_Hogsmeade/LI_Hogsmeade/Streets/LI_HM_Streets_EXT/SM_HW_VC_Balustrade_A134","C22902ED-4486-472F-96D6-9C8A47FD1708","excluded by OutlinerPathsToExclude entry 'LI_Hogsmeade'","DA_RENDER_Rules -> DL_RENDER","1","2074186","jprice","2026-09-16","0",""
"removed","SM_HW_VC_Balustrade_A135","StaticMeshActor","DL_RENDER DL_OVERLAND","DL_RENDER","/Game/__ExternalActors__/Levels/Overland/Hogsmeade/Streets/LI_HM_Streets_EXT/C/OL/LO0OFWS1ZHV7GBSSVXE58L","LV_Overland/Hogsmeade/LI_Hogsmeade/LI_Hogsmeade/Streets/LI_HM_Streets_EXT/SM_HW_VC_Balustrade_A135","BE83C315-4476-FE60-FB12-9D8FD8F73999","excluded by OutlinerPathsToExclude entry 'LI_Hogsmeade'","DA_RENDER_Rules -> DL_RENDER","1","2074186","jprice","2026-09-16","0",""
"removed","SM_HW_VC_Balustrade_A136","StaticMeshActor","DL_RENDER DL_OVERLAND","DL_RENDER","/Game/__ExternalActors__/Levels/Overland/Hogsmeade/Streets/LI_HM_Streets_EXT/7/EC/HULNYLNFUA8EOJD62YQ489","LV_Overland/Hogsmeade/LI_Hogsmeade/LI_Hogsmeade/Streets/LI_HM_Streets_EXT/SM_HW_VC_Balustrade_A136","F2D075FA-46A9-BA8A-A02B-DD9AA09C1393","excluded by OutlinerPathsToExclude entry 'LI_Hogsmeade'","DA_RENDER_Rules -> DL_RENDER","1","2074186","jprice","2026-09-16","0",""
"removed","SM_HW_VC_Balustrade_A137","StaticMeshActor","DL_RENDER DL_OVERLAND","DL_RENDER","/Game/__ExternalActors__/Levels/Overland/Hogsmeade/Streets/LI_HM_Streets_EXT/1/RR/CMMPR6YV6KXFYP66Z5GL5O","LV_Overland/Hogsmeade/LI_Hogsmeade/LI_Hogsmeade/Streets/LI_HM_Streets_EXT/SM_HW_VC_Balustrade_A137","4C2C840E-4FE9-1363-D04E-F0830216B3AB","excluded by OutlinerPathsToExclude entry 'LI_Hogsmeade'","DA_RENDER_Rules -> DL_RENDER","1","2074186","jprice","2026-09-16","0",""
"removed","SM_HW_VC_Balustrade_A138","StaticMeshActor","DL_RENDER DL_OVERLAND","DL_RENDER","/Game/__ExternalActors__/Levels/Overland/Hogsmeade/Streets/LI_HM_Streets_EXT/9/O9/APV938BPG0LO0OK4XQWLW8","LV_Overland/Hogsmeade/LI_Hogsmeade/LI_Hogsmeade/Streets/LI_HM_Streets_EXT/SM_HW_VC_Balustrade_A138","F91827E4-4350-EE2A-E83F-AF85BEC51665","excluded by OutlinerPathsToExclude entry 'LI_Hogsmeade'","DA_RENDER_Rules -> DL_RENDER","1","2074186","jprice","2026-09-16","0",""
"removed","SM_HW_VC_Balustrade_A139","StaticMeshActor","DL_RENDER DL_OVERLAND","DL_RENDER","/Game/__ExternalActors__/Levels/Overland/Hogsmeade/Streets/LI_HM_Streets_EXT/1/3Z/U95K2QX8ZP3TDQIYVSH3F1","LV_Overland/Hogsmeade/LI_Hogsmeade/LI_Hogsmeade/Streets/LI_HM_Streets_EXT/SM_HW_VC_Balustrade_A139","4B98FDA6-4435-1FE3-4D84-498AB469A124","excluded by OutlinerPathsToExclude entry 'LI_Hogsmeade'","DA_RENDER_Rules -> DL_RENDER","1","2074186","jprice","2026-09-16","0",""
"removed","SM_HW_VC_Balustrade_A140","StaticMeshActor","DL_RENDER DL_OVERLAND","DL_RENDER","/Game/__ExternalActors__/Levels/Overland/Hogsmeade/Streets/LI_HM_Streets_EXT/7/P2/EBTAK8APBT863TE76R5G4X","LV_Overland/Hogsmeade/LI_Hogsmeade/LI_Hogsmeade/Streets/LI_HM_Streets_EXT/SM_HW_VC_Balustrade_A140","8FA123E9-4979-FBB3-6AAF-4CB948F0C932","excluded by OutlinerPathsToExclude entry 'LI_Hogsmeade'","DA_RENDER_Rules -> DL_RENDER","1","2074186","jprice","2026-09-16","0",""
"removed","SM_HW_VC_Balustrade_A141","StaticMeshActor","DL_RENDER DL_OVERLAND","DL_RENDER","/Game/__ExternalActors__/Levels/Overland/Hogsmeade/Streets/LI_HM_Streets_EXT/2/ZG/74VC7WU2NJ52JZIC0O4F3W","LV_Overland/Hogsmeade/LI_Hogsmeade/LI_Hogsmeade/Streets/LI_HM_Streets_EXT/SM_HW_VC_Balustrade_A141","6216FF04-4AF2-878A-5C55-D9B81CB76DD3","excluded by OutlinerPathsToExclude entry 'LI_Hogsmeade'","DA_RENDER_Rules -> DL_RENDER","1","2074186","jprice","2026-09-16","0",""
"removed","SM_HW_VC_Balustrade_A142","StaticMeshActor","DL_RENDER DL_OVERLAND","DL_RENDER","/Game/__ExternalActors__/Levels/Overland/Hogsmeade/Streets/LI_HM_Streets_EXT/C/WA/FDZ29N4Y544BYZXKH6W9WA","LV_Overland/Hogsmeade/LI_Hogsmeade/LI_Hogsmeade/Streets/LI_HM_Streets_EXT/SM_HW_VC_Balustrade_A142","6B7712FE-4D89-3B4E-CE0E-0E896583DB49","excluded by OutlinerPathsToExclude entry 'LI_Hogsmeade'","DA_RENDER_Rules -> DL_RENDER","1","2074186","jprice","2026-09-16","0",""
"removed","SM_HW_VC_Balustrade_A143","StaticMeshActor","DL_RENDER DL_OVERLAND","DL_RENDER","/Game/__ExternalActors__/Levels/Overland/Hogsmeade/Streets/LI_HM_Streets_EXT/B/EU/4KJ4M6EJ5YEYG8Q49AFKTG","LV_Overland/Hogsmeade/LI_Hogsmeade/LI_Hogsmeade/Streets/LI_HM_Streets_EXT/SM_HW_VC_Balustrade_A143","B6D283F8-4486-9731-677D-5EB8B2D43DB9","excluded by OutlinerPathsToExclude entry 'LI_Hogsmeade'","DA_RENDER_Rules -> DL_RENDER","1","2074186","jprice","2026-09-16","0",""
"removed","SM_HW_VC_Balustrade_A144","StaticMeshActor","DL_RENDER DL_OVERLAND","DL_RENDER","/Game/__ExternalActors__/Levels/Overland/Hogsmeade/Streets/LI_HM_Streets_EXT/E/PH/GZQS2P8ZECKK3VUGM61SQ7","LV_Overland/Hogsmeade/LI_Hogsmeade/LI_Hogsmeade/Streets/LI_HM_Streets_EXT/SM_HW_VC_Balustrade_A144","BC1BDAFC-4B47-635E-189F-CCBD342D291E","excluded by OutlinerPathsToExclude entry 'LI_Hogsmeade'","DA_RENDER_Rules -> DL_RENDER","1","2074186","jprice","2026-09-16","0",""
"removed","SM_HW_VC_Balustrade_A145","StaticMeshActor","DL_RENDER DL_OVERLAND","DL_RENDER","/Game/__ExternalActors__/Levels/Overland/Hogsmeade/Streets/LI_HM_Streets_EXT/3/K7/RLJ36PI3J61X89S4UTAOFT","LV_Overland/Hogsmeade/LI_Hogsmeade/LI_Hogsmeade/Streets/LI_HM_Streets_EXT/SM_HW_VC_Balustrade_A145","4F0643A7-46A7-8449-1453-73874785B8ED","excluded by OutlinerPathsToExclude entry 'LI_Hogsmeade'","DA_RENDER_Rules -> DL_RENDER","1","2074186","jprice","2026-09-16","0",""
"removed","SM_HW_VC_Balustrade_A146","StaticMeshActor","DL_RENDER DL_OVERLAND","DL_RENDER","/Game/__ExternalActors__/Levels/Overland/Hogsmeade/Streets/LI_HM_Streets_EXT/D/8A/YLP4HSKBU03581A80G86I3","LV_Overland/Hogsmeade/LI_Hogsmeade/LI_Hogsmeade/Streets/LI_HM_Streets_EXT/SM_HW_VC_Balustrade_A146","A8431662-4BCD-ABC7-A066-499F14714099","excluded by OutlinerPathsToExclude entry 'LI_Hogsmeade'","DA_RENDER_Rules -> DL_RENDER","1","2074186","jprice","2026-09-16","0",""
"removed","SM_HW_VC_Balustrade_A147","StaticMeshActor","DL_RENDER DL_OVERLAND","DL_RENDER","/Game/__ExternalActors__/Levels/Overland/Hogsmeade/Streets/LI_HM_Streets_EXT/D/TP/VXDJHOD2FN7QY3Q6TWER2D","LV_Overland/Hogsmeade/LI_Hogsmeade/LI_Hogsmeade/Streets/LI_HM_Streets_EXT/SM_HW_VC_Balustrade_A147","17B2F27F-4D71-4784-0684-539FA5380486","excluded by OutlinerPathsToExclude entry 'LI_Hogsmeade'","DA_RENDER_Rules -> DL_RENDER","1","2074186","jprice","2026-09-16","0",""
"removed","SM_HW_VC_Balustrade_A148","StaticMeshActor","DL_RENDER DL_OVERLAND","DL_RENDER","/Game/__ExternalActors__/Levels/Overland/Hogsmeade/Streets/LI_HM_Streets_EXT/B/UF/B5OO2G2ORKV9GAFAUTUQIG","LV_Overland/Hogsmeade/LI_Hogsmeade/LI_Hogsmeade/Streets/LI_HM_Streets_EXT/SM_HW_VC_Balustrade_A148","5D6855CE-475B-D7EE-6759-229E6F48FDC4","excluded by OutlinerPathsToExclude entry 'LI_Hogsmeade'","DA_RENDER_Rules -> DL_RENDER","1","2074186","jprice","2026-09-16","0",""
"removed","SM_HW_VC_Balustrade_A149","StaticMeshActor","DL_RENDER DL_OVERLAND","DL_RENDER","/Game/__ExternalActors__/Levels/Overland/Hogsmeade/Streets/LI_HM_Streets_EXT/D/Q0/KXKO1MGPV80RRDNM6TGWJR","LV_Overland/Hogsmeade/LI_Hogsmeade/LI_Hogsmeade/Streets/LI_HM_Streets_EXT/SM_HW_VC_Balustrade_A149","B6BD0E74-4DE1-431E-8AC4-56853FEA6E52","excluded by OutlinerPathsToExclude entry 'LI_Hogsmeade'","DA_RENDER_Rules -> DL_RENDER","1","2074186","jprice","2026-09-16","0",""
"removed","SM_HW_VC_Balustrade_A150","StaticMeshActor","DL_RENDER DL_OVERLAND","DL_RENDER","/Game/__ExternalActors__/Levels/Overland/Hogsmeade/Streets/LI_HM_Streets_EXT/2/IR/8SJZNUBQD3RJGTRL9S3K05","LV_Overland/Hogsmeade/LI_Hogsmeade/LI_Hogsmeade/Streets/LI_HM_Streets_EXT/SM_HW_VC_Balustrade_A150","2BA89BB3-4F0D-FE13-2BB1-41B2AE649C30","excluded by OutlinerPathsToExclude entry 'LI_Hogsmeade'","DA_RENDER_Rules -> DL_RENDER","1","2074186","jprice","2026-09-16","0",""
"removed","SM_HW_VC_Balustrade_A151","StaticMeshActor","DL_RENDER DL_OVERLAND","DL_RENDER","/Game/__ExternalActors__/Levels/Overland/Hogsmeade/Streets/LI_HM_Streets_EXT/7/K9/14OVT87QA6V8H0S817OLW1","LV_Overland/Hogsmeade/LI_Hogsmeade/LI_Hogsmeade/Streets/LI_HM_Streets_EXT/SM_HW_VC_Balustrade_A151","7F37640A-496D-AA06-D6FF-CB958DA29A2D","excluded by OutlinerPathsToExclude entry 'LI_Hogsmeade'","DA_RENDER_Rules -> DL_RENDER","1","2074186","jprice","2026-09-16","0",""
"removed","SM_HW_VC_Balustrade_A152","StaticMeshActor","DL_RENDER DL_OVERLAND","DL_RENDER","/Game/__ExternalActors__/Levels/Overland/Hogsmeade/Streets/LI_HM_Streets_EXT/D/PA/X6K3WHDVNB9CSUBHRJUKXO","LV_Overland/Hogsmeade/LI_Hogsmeade/LI_Hogsmeade/Streets/LI_HM_Streets_EXT/SM_HW_VC_Balustrade_A152","48636703-40A5-0F45-DEA4-D7A303868D16","excluded by OutlinerPathsToExclude entry 'LI_Hogsmeade'","DA_RENDER_Rules -> DL_RENDER","1","2076233","jprice","2026-09-17","0",""
"removed","SM_HW_VC_Balustrade_A153","StaticMeshActor","DL_RENDER DL_OVERLAND","DL_RENDER","/Game/__ExternalActors__/Levels/Overland/Hogsmeade/Streets/LI_HM_Streets_EXT/0/RT/USHK1WDE0GZ32DWFEMTHDT","LV_Overland/Hogsmeade/LI_Hogsmeade/LI_Hogsmeade/Streets/LI_HM_Streets_EXT/SM_HW_VC_Balustrade_A153","C807D38C-4349-995E-5FDE-518267C77B1A","excluded by OutlinerPathsToExclude entry 'LI_Hogsmeade'","DA_RENDER_Rules -> DL_RENDER","1","2076233","jprice","2026-09-17","0",""
"removed","SM_HW_VC_Balustrade_A154","StaticMeshActor","DL_RENDER DL_OVERLAND","DL_RENDER","/Game/__ExternalActors__/Levels/Overland/Hogsmeade/Streets/LI_HM_Streets_EXT/4/CW/8BUKLKFKONUSN4ZEDVK5QX","LV_Overland/Hogsmeade/LI_Hogsmeade/LI_Hogsmeade/Streets/LI_HM_Streets_EXT/SM_HW_VC_Balustrade_A154","F314006A-4A60-111C-6EE7-4890348E3C20","excluded by OutlinerPathsToExclude entry 'LI_Hogsmeade'","DA_RENDER_Rules -> DL_RENDER","1","2081733","jprice","2026-09-22","0",""
"removed","SM_HW_VC_Balustrade_A155","StaticMeshActor","DL_RENDER DL_OVERLAND","DL_RENDER","/Game/__ExternalActors__/Levels/Overland/Hogsmeade/Streets/LI_HM_Streets_EXT/0/MM/URRAXJ85DWEJDYCJOS1545","LV_Overland/Hogsmeade/LI_Hogsmeade/LI_Hogsmeade/Streets/LI_HM_Streets_EXT/SM_HW_VC_Balustrade_A155","A8E0784F-4965-59D0-7A73-39ACC746D645","excluded by OutlinerPathsToExclude entry 'LI_Hogsmeade'","DA_RENDER_Rules -> DL_RENDER","1","2081733","jprice","2026-09-22","0",""
"removed","SM_HW_VC_Balustrade_A156","StaticMeshActor","DL_RENDER DL_OVERLAND","DL_RENDER","/Game/__ExternalActors__/Levels/Overland/Hogsmeade/Streets/LI_HM_Streets_EXT/9/Z0/H5U1Z9OTVQB6STT815ODV6","LV_Overland/Hogsmeade/LI_Hogsmeade/LI_Hogsmeade/Streets/LI_HM_Streets_EXT/SM_HW_VC_Balustrade_A156","3F7BFA6E-4357-D44F-0D78-E984E0829770","excluded by OutlinerPathsToExclude entry 'LI_Hogsmeade'","DA_RENDER_Rules -> DL_RENDER","1","2081733","jprice","2026-09-22","0",""
"removed","SM_HW_VC_Balustrade_A157","StaticMeshActor","DL_RENDER DL_OVERLAND","DL_RENDER","/Game/__ExternalActors__/Levels/Overland/Hogsmeade/Streets/LI_HM_Streets_EXT/2/S4/AQI3BNZIZRR125X2H0XHWR","LV_Overland/Hogsmeade/LI_Hogsmeade/LI_Hogsmeade/Streets/LI_HM_Streets_EXT/SM_HW_VC_Balustrade_A157","F754757D-45A5-0992-3F90-48BE626CF445","excluded by OutlinerPathsToExclude entry 'LI_Hogsmeade'","DA_RENDER_Rules -> DL_RENDER","1","2081733","jprice","2026-09-22","0",""
"removed","SM_HW_VC_Balustrade_A158","StaticMeshActor","DL_RENDER DL_OVERLAND","DL_RENDER","/Game/__ExternalActors__/Levels/Overland/Hogsmeade/Streets/LI_HM_Streets_EXT/5/EN/BNZAF7P9HE3ETADNU3370Y","LV_Overland/Hogsmeade/LI_Hogsmeade/LI_Hogsmeade/Streets/LI_HM_Streets_EXT/SM_HW_VC_Balustrade_A158","BC6A3410-436F-1B17-6367-7280BE57AAE9","excluded by OutlinerPathsToExclude entry 'LI_Hogsmeade'","DA_RENDER_Rules -> DL_RENDER","1","2081733","jprice","2026-09-22","0",""
"removed","SM_HW_VC_Balustrade_A159","StaticMeshActor","DL_RENDER DL_OVERLAND","DL_RENDER","/Game/__ExternalActors__/Levels/Overland/Hogsmeade/Streets/LI_HM_Streets_EXT/6/ID/050IYZRFCRC9WEUGH3KKH7","LV_Overland/Hogsmeade/LI_Hogsmeade/LI_Hogsmeade/Streets/LI_HM_Streets_EXT/SM_HW_VC_Balustrade_A159","5028180C-4B7F-79E6-1DF8-66AE5F6CFF57","excluded by OutlinerPathsToExclude entry 'LI_Hogsmeade'","DA_RENDER_Rules -> DL_RENDER","1","2081733","jprice","2026-09-22","0",""
"removed","SM_HW_VC_Balustrade_A16","StaticMeshActor","DL_RENDER DL_OVERLAND","DL_RENDER","/Game/__ExternalActors__/Levels/Overland/Hogsmeade/Streets/LI_HM_Streets_EXT/D/5G/OVR77669GZV38S69RPWZSR","LV_Overland/Hogsmeade/LI_Hogsmeade/LI_Hogsmeade/Streets/LI_HM_Streets_EXT/SM_HW_VC_Balustrade_A16","FE227019-4FA1-A483-E622-6E97849E7A14","excluded by OutlinerPathsToExclude entry 'LI_Hogsmeade'","DA_RENDER_Rules -> DL_RENDER","1","1769092","jprice","2026-03-23","2",""
"removed","SM_HW_VC_Balustrade_A160","StaticMeshActor","DL_RENDER DL_OVERLAND","DL_RENDER","/Game/__ExternalActors__/Levels/Overland/Hogsmeade/Streets/LI_HM_Streets_EXT/8/K3/RX9E213P8N9I7IH4BC8FNB","LV_Overland/Hogsmeade/LI_Hogsmeade/LI_Hogsmeade/Streets/LI_HM_Streets_EXT/SM_HW_VC_Balustrade_A160","334CD996-4546-2C21-A2F9-C78FC2621D94","excluded by OutlinerPathsToExclude entry 'LI_Hogsmeade'","DA_RENDER_Rules -> DL_RENDER","1","2081733","jprice","2026-09-22","0",""
"removed","SM_HW_VC_Balustrade_A161","StaticMeshActor","DL_RENDER DL_OVERLAND","DL_RENDER","/Game/__ExternalActors__/Levels/Overland/Hogsmeade/Streets/LI_HM_Streets_EXT/0/ZM/4Q4KXUDXNK8AO64IF3O1EA","LV_Overland/Hogsmeade/LI_Hogsmeade/LI_Hogsmeade/Streets/LI_HM_Streets_EXT/SM_HW_VC_Balustrade_A161","F0E87D42-454B-6A88-BAC3-C3A46298DBF0","excluded by OutlinerPathsToExclude entry 'LI_Hogsmeade'","DA_RENDER_Rules -> DL_RENDER","1","2081733","jprice","2026-09-22","0",""
"removed","SM_HW_VC_Balustrade_A162","StaticMeshActor","DL_RENDER DL_OVERLAND","DL_RENDER","/Game/__ExternalActors__/Levels/Overland/Hogsmeade/Streets/LI_HM_Streets_EXT/8/WF/CBIQZYX040QVDUI91P825G","LV_Overland/Hogsmeade/LI_Hogsmeade/LI_Hogsmeade/Streets/LI_HM_Streets_EXT/SM_HW_VC_Balustrade_A162","D7B20A46-4068-1E54-F98C-F7A739452E2A","excluded by OutlinerPathsToExclude entry 'LI_Hogsmeade'","DA_RENDER_Rules -> DL_RENDER","1","2081733","jprice","2026-09-22","0",""
"removed","SM_HW_VC_Balustrade_A163","StaticMeshActor","DL_RENDER DL_OVERLAND","DL_RENDER","/Game/__ExternalActors__/Levels/Overland/Hogsmeade/Streets/LI_HM_Streets_EXT/A/H1/R0ZZE5OG3FBMNXAMOA1DE9","LV_Overland/Hogsmeade/LI_Hogsmeade/LI_Hogsmeade/Streets/LI_HM_Streets_EXT/SM_HW_VC_Balustrade_A163","AA89C9CD-41E3-25DE-B64F-518A95FA139F","excluded by OutlinerPathsToExclude entry 'LI_Hogsmeade'","DA_RENDER_Rules -> DL_RENDER","1","2081733","jprice","2026-09-22","0",""
"removed","SM_HW_VC_Balustrade_A164","StaticMeshActor","DL_RENDER DL_OVERLAND","DL_RENDER","/Game/__ExternalActors__/Levels/Overland/Hogsmeade/Streets/LI_HM_Streets_EXT/8/E0/794Y06URBIO3VVWWYXICGS","LV_Overland/Hogsmeade/LI_Hogsmeade/LI_Hogsmeade/Streets/LI_HM_Streets_EXT/SM_HW_VC_Balustrade_A164","8B659394-442B-6619-2EE3-E5866516513B","excluded by OutlinerPathsToExclude entry 'LI_Hogsmeade'","DA_RENDER_Rules -> DL_RENDER","1","2081733","jprice","2026-09-22","0",""
"removed","SM_HW_VC_Balustrade_A165","StaticMeshActor","DL_RENDER DL_OVERLAND","DL_RENDER","/Game/__ExternalActors__/Levels/Overland/Hogsmeade/Streets/LI_HM_Streets_EXT/B/7N/E77VXOCTRSNI7401P1HEF4","LV_Overland/Hogsmeade/LI_Hogsmeade/LI_Hogsmeade/Streets/LI_HM_Streets_EXT/SM_HW_VC_Balustrade_A165","F2DB05EA-435D-AAE9-31CF-18BC9B66DC40","excluded by OutlinerPathsToExclude entry 'LI_Hogsmeade'","DA_RENDER_Rules -> DL_RENDER","1","2081733","jprice","2026-09-22","0",""
"removed","SM_HW_VC_Balustrade_A166","StaticMeshActor","DL_RENDER DL_OVERLAND","DL_RENDER","/Game/__ExternalActors__/Levels/Overland/Hogsmeade/Streets/LI_HM_Streets_EXT/2/KY/TP2W2WMZFRPR7RNJU3Q917","LV_Overland/Hogsmeade/LI_Hogsmeade/LI_Hogsmeade/Streets/LI_HM_Streets_EXT/SM_HW_VC_Balustrade_A166","C12BC960-4249-88C7-9401-9E99AD6F4F7F","excluded by OutlinerPathsToExclude entry 'LI_Hogsmeade'","DA_RENDER_Rules -> DL_RENDER","1","2081733","jprice","2026-09-22","0",""
"removed","SM_HW_VC_Balustrade_A34","StaticMeshActor","DL_RENDER DL_OVERLAND","DL_RENDER","/Game/__ExternalActors__/Levels/Overland/Hogsmeade/Streets/LI_HM_Streets_EXT/5/O5/AX3Y91E5PO6MCBOR6NZ2RX","LV_Overland/Hogsmeade/LI_Hogsmeade/LI_Hogsmeade/Streets/LI_HM_Streets_EXT/SM_HW_VC_Balustrade_A34","EEF9C8A3-41EB-A414-240F-1999CB226094","excluded by OutlinerPathsToExclude entry 'LI_Hogsmeade'","DA_RENDER_Rules -> DL_RENDER","1","1769092","jprice","2026-03-23","1",""
"removed","SM_HW_VC_Balustrade_A35","StaticMeshActor","DL_RENDER DL_OVERLAND","DL_RENDER","/Game/__ExternalActors__/Levels/Overland/Hogsmeade/Streets/LI_HM_Streets_EXT/9/NY/F5SPVH94RN667TIA7UC7AR","LV_Overland/Hogsmeade/LI_Hogsmeade/LI_Hogsmeade/Streets/LI_HM_Streets_EXT/SM_HW_VC_Balustrade_A35","A4DAAD5A-4E75-CA92-D0B0-38BAE2F46141","excluded by OutlinerPathsToExclude entry 'LI_Hogsmeade'","DA_RENDER_Rules -> DL_RENDER","1","2054200","jprice","2026-09-02","0",""
"removed","SM_HW_VC_Balustrade_A36","StaticMeshActor","DL_RENDER DL_OVERLAND","DL_RENDER","/Game/__ExternalActors__/Levels/Overland/Hogsmeade/Streets/LI_HM_Streets_EXT/5/OO/1JM8QZ76BWTNIB97KW1UXC","LV_Overland/Hogsmeade/LI_Hogsmeade/LI_Hogsmeade/Streets/LI_HM_Streets_EXT/SM_HW_VC_Balustrade_A36","FD9FF863-4005-C406-E9E1-08B67D33A28E","excluded by OutlinerPathsToExclude entry 'LI_Hogsmeade'","DA_RENDER_Rules -> DL_RENDER","1","2054200","jprice","2026-09-02","0",""
"removed","SM_HW_VC_Balustrade_A37","StaticMeshActor","DL_RENDER DL_OVERLAND","DL_RENDER","/Game/__ExternalActors__/Levels/Overland/Hogsmeade/Streets/LI_HM_Streets_EXT/1/0K/F91W1VH67044CXOKM8VDZK","LV_Overland/Hogsmeade/LI_Hogsmeade/LI_Hogsmeade/Streets/LI_HM_Streets_EXT/SM_HW_VC_Balustrade_A37","751F9069-43F7-790D-9F41-02BFED19E353","excluded by OutlinerPathsToExclude entry 'LI_Hogsmeade'","DA_RENDER_Rules -> DL_RENDER","1","2054200","jprice","2026-09-02","0",""
"removed","SM_HW_VC_Balustrade_A38","StaticMeshActor","DL_RENDER DL_OVERLAND","DL_RENDER","/Game/__ExternalActors__/Levels/Overland/Hogsmeade/Streets/LI_HM_Streets_EXT/E/TF/3K1TWW2S72H5MFNPH6DSFD","LV_Overland/Hogsmeade/LI_Hogsmeade/LI_Hogsmeade/Streets/LI_HM_Streets_EXT/SM_HW_VC_Balustrade_A38","7F0EB966-4254-87B6-9F2B-079DF0F5A7A5","excluded by OutlinerPathsToExclude entry 'LI_Hogsmeade'","DA_RENDER_Rules -> DL_RENDER","1","2054200","jprice","2026-09-02","0",""
"removed","SM_HW_VC_Balustrade_A39","StaticMeshActor","DL_RENDER DL_OVERLAND","DL_RENDER","/Game/__ExternalActors__/Levels/Overland/Hogsmeade/Streets/LI_HM_Streets_EXT/A/QT/EX78HXEYKRQZO2LHUC9LHE","LV_Overland/Hogsmeade/LI_Hogsmeade/LI_Hogsmeade/Streets/LI_HM_Streets_EXT/SM_HW_VC_Balustrade_A39","E5C17551-4D3C-10BE-5981-16B0A3E0FDD6","excluded by OutlinerPathsToExclude entry 'LI_Hogsmeade'","DA_RENDER_Rules -> DL_RENDER","1","2071650","jprice","2026-09-15","0",""
"removed","SM_HW_VC_Balustrade_A40","StaticMeshActor","DL_RENDER DL_OVERLAND","DL_RENDER","/Game/__ExternalActors__/Levels/Overland/Hogsmeade/Streets/LI_HM_Streets_EXT/B/4M/DXQJZWCMR9VUTH2WAI23TC","LV_Overland/Hogsmeade/LI_Hogsmeade/LI_Hogsmeade/Streets/LI_HM_Streets_EXT/SM_HW_VC_Balustrade_A40","AE4D9E56-4161-EA0E-8778-8EA9128375F1","excluded by OutlinerPathsToExclude entry 'LI_Hogsmeade'","DA_RENDER_Rules -> DL_RENDER","1","2054200","jprice","2026-09-02","0",""
"removed","SM_HW_VC_Balustrade_A41","StaticMeshActor","DL_RENDER DL_OVERLAND","DL_RENDER","/Game/__ExternalActors__/Levels/Overland/Hogsmeade/Streets/LI_HM_Streets_EXT/E/EV/CME8A3OOG0451I3KAK1YKL","LV_Overland/Hogsmeade/LI_Hogsmeade/LI_Hogsmeade/Streets/LI_HM_Streets_EXT/SM_HW_VC_Balustrade_A41","DC5A224D-463C-00D7-4460-B69BB37A7EB7","excluded by OutlinerPathsToExclude entry 'LI_Hogsmeade'","DA_RENDER_Rules -> DL_RENDER","1","2054200","jprice","2026-09-02","0",""
"removed","SM_HW_VC_Balustrade_A42","StaticMeshActor","DL_RENDER DL_OVERLAND","DL_RENDER","/Game/__ExternalActors__/Levels/Overland/Hogsmeade/Streets/LI_HM_Streets_EXT/8/45/ZVAJA8RXLSR12CTA4SXUEU","LV_Overland/Hogsmeade/LI_Hogsmeade/LI_Hogsmeade/Streets/LI_HM_Streets_EXT/SM_HW_VC_Balustrade_A42","0B24F372-4210-1F9C-B200-4FBB8C72E674","excluded by OutlinerPathsToExclude entry 'LI_Hogsmeade'","DA_RENDER_Rules -> DL_RENDER","1","2054200","jprice","2026-09-02","0",""
"removed","SM_HW_VC_Balustrade_A45","StaticMeshActor","DL_RENDER DL_OVERLAND","DL_RENDER","/Game/__ExternalActors__/Levels/Overland/Hogsmeade/Streets/LI_HM_Streets_EXT/F/1I/XN1MU5OAUF9OYL849H1L8M","LV_Overland/Hogsmeade/LI_Hogsmeade/LI_Hogsmeade/Streets/LI_HM_Streets_EXT/SM_HW_VC_Balustrade_A45","9F621098-4905-E955-48BC-488E683A8534","excluded by OutlinerPathsToExclude entry 'LI_Hogsmeade'","DA_RENDER_Rules -> DL_RENDER","1","2054200","jprice","2026-09-02","0",""
"removed","SM_HW_VC_Balustrade_A46","StaticMeshActor","DL_RENDER DL_OVERLAND","DL_RENDER","/Game/__ExternalActors__/Levels/Overland/Hogsmeade/Streets/LI_HM_Streets_EXT/4/Z9/V7UPJGTS2VGNOIEOQPJ908","LV_Overland/Hogsmeade/LI_Hogsmeade/LI_Hogsmeade/Streets/LI_HM_Streets_EXT/SM_HW_VC_Balustrade_A46","A6CC544A-4997-E0CF-B8DC-B18D388A11B1","excluded by OutlinerPathsToExclude entry 'LI_Hogsmeade'","DA_RENDER_Rules -> DL_RENDER","1","2054200","jprice","2026-09-02","0",""
"removed","SM_HW_VC_Balustrade_A55","StaticMeshActor","DL_RENDER DL_OVERLAND","DL_RENDER","/Game/__ExternalActors__/Levels/Overland/Hogsmeade/Streets/LI_HM_Streets_EXT/7/Q1/AU7BDQXG78CN1F9QIB7OME","LV_Overland/Hogsmeade/LI_Hogsmeade/LI_Hogsmeade/Streets/LI_HM_Streets_EXT/SM_HW_VC_Balustrade_A55","DA27F256-41DF-4728-8E02-03B22178B377","excluded by OutlinerPathsToExclude entry 'LI_Hogsmeade'","DA_RENDER_Rules -> DL_RENDER","1","2054200","jprice","2026-09-02","0",""
"removed","SM_HW_VC_Balustrade_A56","StaticMeshActor","DL_RENDER DL_OVERLAND","DL_RENDER","/Game/__ExternalActors__/Levels/Overland/Hogsmeade/Streets/LI_HM_Streets_EXT/5/E5/001V0H9EPR672YY1Y2UCET","LV_Overland/Hogsmeade/LI_Hogsmeade/LI_Hogsmeade/Streets/LI_HM_Streets_EXT/SM_HW_VC_Balustrade_A56","42446A25-4BDA-2D8C-29E3-64A4A71430F6","excluded by OutlinerPathsToExclude entry 'LI_Hogsmeade'","DA_RENDER_Rules -> DL_RENDER","1","2054200","jprice","2026-09-02","0",""
"removed","SM_HW_VC_Balustrade_A57","StaticMeshActor","DL_RENDER DL_OVERLAND","DL_RENDER","/Game/__ExternalActors__/Levels/Overland/Hogsmeade/Streets/LI_HM_Streets_EXT/B/9I/85DFNHJ0DX0IOD8BJBFIQ5","LV_Overland/Hogsmeade/LI_Hogsmeade/LI_Hogsmeade/Streets/LI_HM_Streets_EXT/SM_HW_VC_Balustrade_A57","5265B943-4C5B-13B5-C5D5-7A8ABF7DE1A7","excluded by OutlinerPathsToExclude entry 'LI_Hogsmeade'","DA_RENDER_Rules -> DL_RENDER","1","2072097","jprice","2026-09-15","0",""
"removed","SM_HW_VC_Balustrade_A58","StaticMeshActor","DL_RENDER DL_OVERLAND","DL_RENDER","/Game/__ExternalActors__/Levels/Overland/Hogsmeade/Streets/LI_HM_Streets_EXT/6/KS/7GHQTD9RNLD15CH0M9HOZ4","LV_Overland/Hogsmeade/LI_Hogsmeade/LI_Hogsmeade/Streets/LI_HM_Streets_EXT/SM_HW_VC_Balustrade_A58","ED9269D2-47BF-EFAF-0741-7198CF12F6AA","excluded by OutlinerPathsToExclude entry 'LI_Hogsmeade'","DA_RENDER_Rules -> DL_RENDER","1","2072097","jprice","2026-09-15","0",""
"removed","SM_HW_VC_Balustrade_A59","StaticMeshActor","DL_RENDER DL_OVERLAND","DL_RENDER","/Game/__ExternalActors__/Levels/Overland/Hogsmeade/Streets/LI_HM_Streets_EXT/7/NW/8KTA2JCO7FAQHE9KA9SJD7","LV_Overland/Hogsmeade/LI_Hogsmeade/LI_Hogsmeade/Streets/LI_HM_Streets_EXT/SM_HW_VC_Balustrade_A59","6B17F87F-4ED9-960B-6006-139AE97EBF3F","excluded by OutlinerPathsToExclude entry 'LI_Hogsmeade'","DA_RENDER_Rules -> DL_RENDER","1","2054200","jprice","2026-09-02","0",""
"removed","SM_HW_VC_Balustrade_A60","StaticMeshActor","DL_RENDER DL_OVERLAND","DL_RENDER","/Game/__ExternalActors__/Levels/Overland/Hogsmeade/Streets/LI_HM_Streets_EXT/B/OS/AN3AAX6PN2RF3WRKOVHPBP","LV_Overland/Hogsmeade/LI_Hogsmeade/LI_Hogsmeade/Streets/LI_HM_Streets_EXT/SM_HW_VC_Balustrade_A60","87597C1A-4621-E321-1891-EDA2B89BA8C3","excluded by OutlinerPathsToExclude entry 'LI_Hogsmeade'","DA_RENDER_Rules -> DL_RENDER","1","2054200","jprice","2026-09-02","0",""
"removed","SM_HW_VC_Balustrade_A61","StaticMeshActor","DL_RENDER DL_OVERLAND","DL_RENDER","/Game/__ExternalActors__/Levels/Overland/Hogsmeade/Streets/LI_HM_Streets_EXT/0/4P/EZJWJ76E5BAXUIK0VE33DU","LV_Overland/Hogsmeade/LI_Hogsmeade/LI_Hogsmeade/Streets/LI_HM_Streets_EXT/SM_HW_VC_Balustrade_A61","EFF57F3C-4FFD-FCD7-9EC5-56AE76BE2229","excluded by OutlinerPathsToExclude entry 'LI_Hogsmeade'","DA_RENDER_Rules -> DL_RENDER","1","2054200","jprice","2026-09-02","0",""
"removed","SM_HW_VC_Balustrade_A62","StaticMeshActor","DL_RENDER DL_OVERLAND","DL_RENDER","/Game/__ExternalActors__/Levels/Overland/Hogsmeade/Streets/LI_HM_Streets_EXT/9/B3/Y931HO9QMIGBV4OVLADO9O","LV_Overland/Hogsmeade/LI_Hogsmeade/LI_Hogsmeade/Streets/LI_HM_Streets_EXT/SM_HW_VC_Balustrade_A62","76F52F2B-4D2B-0A81-16E8-6FAD94F8B64B","excluded by OutlinerPathsToExclude entry 'LI_Hogsmeade'","DA_RENDER_Rules -> DL_RENDER","1","2054200","jprice","2026-09-02","0",""
"removed","SM_HW_VC_Balustrade_A63","StaticMeshActor","DL_RENDER DL_OVERLAND","DL_RENDER","/Game/__ExternalActors__/Levels/Overland/Hogsmeade/Streets/LI_HM_Streets_EXT/B/P0/10TFRY2Y26WUV71KB37KUK","LV_Overland/Hogsmeade/LI_Hogsmeade/LI_Hogsmeade/Streets/LI_HM_Streets_EXT/SM_HW_VC_Balustrade_A63","762D9C3E-4B41-BB72-D2A1-158D3010DE02","excluded by OutlinerPathsToExclude entry 'LI_Hogsmeade'","DA_RENDER_Rules -> DL_RENDER","1","2054200","jprice","2026-09-02","0",""
"removed","SM_HW_VC_Balustrade_A64","StaticMeshActor","DL_RENDER DL_OVERLAND","DL_RENDER","/Game/__ExternalActors__/Levels/Overland/Hogsmeade/Streets/LI_HM_Streets_EXT/9/ZU/Q0LHIOJLCZCKRJZAHD52UO","LV_Overland/Hogsmeade/LI_Hogsmeade/LI_Hogsmeade/Streets/LI_HM_Streets_EXT/SM_HW_VC_Balustrade_A64","1BE52407-4493-A7E5-DAD4-B1B7C2174D67","excluded by OutlinerPathsToExclude entry 'LI_Hogsmeade'","DA_RENDER_Rules -> DL_RENDER","1","2054200","jprice","2026-09-02","0",""
"removed","SM_HW_VC_Balustrade_A68","StaticMeshActor","DL_RENDER DL_OVERLAND","DL_RENDER","/Game/__ExternalActors__/Levels/Overland/Hogsmeade/Streets/LI_HM_Streets_EXT/7/KV/MGWTGM4811MYKBCP57J1ZB","LV_Overland/Hogsmeade/LI_Hogsmeade/LI_Hogsmeade/Streets/LI_HM_Streets_EXT/SM_HW_VC_Balustrade_A68","A8EF5EE3-478B-44CA-EBE3-BABB53FD1690","excluded by OutlinerPathsToExclude entry 'LI_Hogsmeade'","DA_RENDER_Rules -> DL_RENDER","1","2054200","jprice","2026-09-02","0",""
"removed","SM_HW_VC_Balustrade_A69","StaticMeshActor","DL_RENDER DL_OVERLAND","DL_RENDER","/Game/__ExternalActors__/Levels/Overland/Hogsmeade/Streets/LI_HM_Streets_EXT/5/IG/X3XRH1II6CGTC8ABK5YWUR","LV_Overland/Hogsmeade/LI_Hogsmeade/LI_Hogsmeade/Streets/LI_HM_Streets_EXT/SM_HW_VC_Balustrade_A69","9A178D6B-46B3-B86A-CDF9-76A585BA2E40","excluded by OutlinerPathsToExclude entry 'LI_Hogsmeade'","DA_RENDER_Rules -> DL_RENDER","1","2054200","jprice","2026-09-02","0",""
"removed","SM_HW_VC_Balustrade_A70","StaticMeshActor","DL_RENDER DL_OVERLAND","DL_RENDER","/Game/__ExternalActors__/Levels/Overland/Hogsmeade/Streets/LI_HM_Streets_EXT/2/RA/09CZFNJAH6F17HI6BYD3Z2","LV_Overland/Hogsmeade/LI_Hogsmeade/LI_Hogsmeade/Streets/LI_HM_Streets_EXT/SM_HW_VC_Balustrade_A70","B6123667-491E-1B33-D626-6EBA7EA22C0E","excluded by OutlinerPathsToExclude entry 'LI_Hogsmeade'","DA_RENDER_Rules -> DL_RENDER","1","2054200","jprice","2026-09-02","0",""
"removed","SM_HW_VC_Balustrade_A71","StaticMeshActor","DL_RENDER DL_OVERLAND","DL_RENDER","/Game/__ExternalActors__/Levels/Overland/Hogsmeade/Streets/LI_HM_Streets_EXT/3/0O/UHEGBLF9B0A7H7KXOVQBJE","LV_Overland/Hogsmeade/LI_Hogsmeade/LI_Hogsmeade/Streets/LI_HM_Streets_EXT/SM_HW_VC_Balustrade_A71","51E25524-48B0-863A-CA19-AC881E98890A","excluded by OutlinerPathsToExclude entry 'LI_Hogsmeade'","DA_RENDER_Rules -> DL_RENDER","1","2054200","jprice","2026-09-02","0",""
"removed","SM_HW_VC_Balustrade_A72","StaticMeshActor","DL_RENDER DL_OVERLAND","DL_RENDER","/Game/__ExternalActors__/Levels/Overland/Hogsmeade/Streets/LI_HM_Streets_EXT/A/7N/4T8B7A4XTPIZJ5EX9DE6ME","LV_Overland/Hogsmeade/LI_Hogsmeade/LI_Hogsmeade/Streets/LI_HM_Streets_EXT/SM_HW_VC_Balustrade_A72","EA4BD835-4C02-A047-AA5E-F6BD71006018","excluded by OutlinerPathsToExclude entry 'LI_Hogsmeade'","DA_RENDER_Rules -> DL_RENDER","1","2054200","jprice","2026-09-02","0",""
"removed","SM_HW_VC_Balustrade_A73","StaticMeshActor","DL_RENDER DL_OVERLAND","DL_RENDER","/Game/__ExternalActors__/Levels/Overland/Hogsmeade/Streets/LI_HM_Streets_EXT/6/C6/2TVAI0TFP88CB9IG1TA3SQ","LV_Overland/Hogsmeade/LI_Hogsmeade/LI_Hogsmeade/Streets/LI_HM_Streets_EXT/SM_HW_VC_Balustrade_A73","5BD9AB86-4764-41B7-84FC-608F03DC1EE5","excluded by OutlinerPathsToExclude entry 'LI_Hogsmeade'","DA_RENDER_Rules -> DL_RENDER","1","2054200","jprice","2026-09-02","0",""
"removed","SM_HW_VC_Balustrade_A74","StaticMeshActor","DL_RENDER DL_OVERLAND","DL_RENDER","/Game/__ExternalActors__/Levels/Overland/Hogsmeade/Streets/LI_HM_Streets_EXT/5/FH/XQ4BHA6HBLSYHS26DECL1J","LV_Overland/Hogsmeade/LI_Hogsmeade/LI_Hogsmeade/Streets/LI_HM_Streets_EXT/SM_HW_VC_Balustrade_A74","814AFAD0-4626-41C5-4295-B6B06FD43F09","excluded by OutlinerPathsToExclude entry 'LI_Hogsmeade'","DA_RENDER_Rules -> DL_RENDER","1","2054200","jprice","2026-09-02","0",""
"removed","SM_HW_VC_Balustrade_A75","StaticMeshActor","DL_RENDER DL_OVERLAND","DL_RENDER","/Game/__ExternalActors__/Levels/Overland/Hogsmeade/Streets/LI_HM_Streets_EXT/4/EJ/XW4QFP606VJA81W73S5NL4","LV_Overland/Hogsmeade/LI_Hogsmeade/LI_Hogsmeade/Streets/LI_HM_Streets_EXT/SM_HW_VC_Balustrade_A75","454ECC13-4CBB-E6F8-A03F-7CBD56406742","excluded by OutlinerPathsToExclude entry 'LI_Hogsmeade'","DA_RENDER_Rules -> DL_RENDER","1","2054200","jprice","2026-09-02","0",""
"removed","SM_HW_VC_Balustrade_A76","StaticMeshActor","DL_RENDER DL_OVERLAND","DL_RENDER","/Game/__ExternalActors__/Levels/Overland/Hogsmeade/Streets/LI_HM_Streets_EXT/8/PM/V2L8SVMEQ96UYPORNUHZZX","LV_Overland/Hogsmeade/LI_Hogsmeade/LI_Hogsmeade/Streets/LI_HM_Streets_EXT/SM_HW_VC_Balustrade_A76","EB64315A-4119-9582-2303-91BEB46A8F9A","excluded by OutlinerPathsToExclude entry 'LI_Hogsmeade'","DA_RENDER_Rules -> DL_RENDER","1","2054200","jprice","2026-09-02","0",""
"removed","SM_HW_VC_Balustrade_A77","StaticMeshActor","DL_RENDER DL_OVERLAND","DL_RENDER","/Game/__ExternalActors__/Levels/Overland/Hogsmeade/Streets/LI_HM_Streets_EXT/6/WK/X0DMT7MJ9NR1I61MOSAZBL","LV_Overland/Hogsmeade/LI_Hogsmeade/LI_Hogsmeade/Streets/LI_HM_Streets_EXT/SM_HW_VC_Balustrade_A77","46EE76E0-406A-CD65-6203-9182EA3465E5","excluded by OutlinerPathsToExclude entry 'LI_Hogsmeade'","DA_RENDER_Rules -> DL_RENDER","1","2054200","jprice","2026-09-02","0",""
"removed","SM_HW_VC_Balustrade_A78","StaticMeshActor","DL_RENDER DL_OVERLAND","DL_RENDER","/Game/__ExternalActors__/Levels/Overland/Hogsmeade/Streets/LI_HM_Streets_EXT/C/ZW/XLBGE8B2IF8O3J70RXHUM7","LV_Overland/Hogsmeade/LI_Hogsmeade/LI_Hogsmeade/Streets/LI_HM_Streets_EXT/SM_HW_VC_Balustrade_A78","D584A6CE-4C81-9AD3-2607-8AAD21B2DC39","excluded by OutlinerPathsToExclude entry 'LI_Hogsmeade'","DA_RENDER_Rules -> DL_RENDER","1","2054200","jprice","2026-09-02","0",""
"removed","SM_HW_VC_Balustrade_A79","StaticMeshActor","DL_RENDER DL_OVERLAND","DL_RENDER","/Game/__ExternalActors__/Levels/Overland/Hogsmeade/Streets/LI_HM_Streets_EXT/6/TC/LIXHS8QIGMTP3BKRPR4956","LV_Overland/Hogsmeade/LI_Hogsmeade/LI_Hogsmeade/Streets/LI_HM_Streets_EXT/SM_HW_VC_Balustrade_A79","D9291FA7-4737-BAA4-BDCD-E1838FC27035","excluded by OutlinerPathsToExclude entry 'LI_Hogsmeade'","DA_RENDER_Rules -> DL_RENDER","1","2076233","jprice","2026-09-17","0",""
"removed","SM_HW_VC_Balustrade_A80","StaticMeshActor","DL_RENDER DL_OVERLAND","DL_RENDER","/Game/__ExternalActors__/Levels/Overland/Hogsmeade/Streets/LI_HM_Streets_EXT/0/06/PROB6YSNFXP9537LJAYSZ1","LV_Overland/Hogsmeade/LI_Hogsmeade/LI_Hogsmeade/Streets/LI_HM_Streets_EXT/SM_HW_VC_Balustrade_A80","17A8A3B4-417E-7FC7-7418-D08DC1FF204C","excluded by OutlinerPathsToExclude entry 'LI_Hogsmeade'","DA_RENDER_Rules -> DL_RENDER","1","2081733","jprice","2026-09-22","0",""
"removed","SM_HW_VC_Balustrade_A90","StaticMeshActor","DL_RENDER DL_OVERLAND","DL_RENDER","/Game/__ExternalActors__/Levels/Overland/Hogsmeade/Streets/LI_HM_Streets_EXT/E/VX/X28RRD2VVEFIRXL341MOEG","LV_Overland/Hogsmeade/LI_Hogsmeade/LI_Hogsmeade/Streets/LI_HM_Streets_EXT/SM_HW_VC_Balustrade_A90","C2F8DF04-4AEA-8445-A50A-90BC03247822","excluded by OutlinerPathsToExclude entry 'LI_Hogsmeade'","DA_RENDER_Rules -> DL_RENDER","1","2076233","jprice","2026-09-17","0",""
"removed","SM_HW_VC_Balustrade_A91","StaticMeshActor","DL_RENDER DL_OVERLAND","DL_RENDER","/Game/__ExternalActors__/Levels/Overland/Hogsmeade/Streets/LI_HM_Streets_EXT/D/YW/SP5PJEYZTW6AAAFM4304AP","LV_Overland/Hogsmeade/LI_Hogsmeade/LI_Hogsmeade/Streets/LI_HM_Streets_EXT/SM_HW_VC_Balustrade_A91","B3B82931-48AE-AFB3-4F8D-DBA8C0383CAD","excluded by OutlinerPathsToExclude entry 'LI_Hogsmeade'","DA_RENDER_Rules -> DL_RENDER","1","2076233","jprice","2026-09-17","0",""
"removed","SM_HW_VC_Balustrade_A92","StaticMeshActor","DL_RENDER DL_OVERLAND","DL_RENDER","/Game/__ExternalActors__/Levels/Overland/Hogsmeade/Streets/LI_HM_Streets_EXT/D/FM/TXV969F6UJSMZIWTLVA1GW","LV_Overland/Hogsmeade/LI_Hogsmeade/LI_Hogsmeade/Streets/LI_HM_Streets_EXT/SM_HW_VC_Balustrade_A92","C5B0EE49-4777-C467-D640-CEB023CFC0B7","excluded by OutlinerPathsToExclude entry 'LI_Hogsmeade'","DA_RENDER_Rules -> DL_RENDER","1","2076233","jprice","2026-09-17","0",""
"removed","SM_HW_VC_Balustrade_A93","StaticMeshActor","DL_RENDER DL_OVERLAND","DL_RENDER","/Game/__ExternalActors__/Levels/Overland/Hogsmeade/Streets/LI_HM_Streets_EXT/F/1M/EEVXY6T5O2FZY64JK7YRK2","LV_Overland/Hogsmeade/LI_Hogsmeade/LI_Hogsmeade/Streets/LI_HM_Streets_EXT/SM_HW_VC_Balustrade_A93","F027025B-4DAF-1555-D307-BB96A78E666F","excluded by OutlinerPathsToExclude entry 'LI_Hogsmeade'","DA_RENDER_Rules -> DL_RENDER","1","2076233","jprice","2026-09-17","0",""
"removed","SM_HW_VC_Balustrade_A94","StaticMeshActor","DL_RENDER DL_OVERLAND","DL_RENDER","/Game/__ExternalActors__/Levels/Overland/Hogsmeade/Streets/LI_HM_Streets_EXT/B/93/CS554UXV1WSJA9FYRTHZWE","LV_Overland/Hogsmeade/LI_Hogsmeade/LI_Hogsmeade/Streets/LI_HM_Streets_EXT/SM_HW_VC_Balustrade_A94","6A1A5E3B-4109-E301-D25E-C6BAB53CCCEA","excluded by OutlinerPathsToExclude entry 'LI_Hogsmeade'","DA_RENDER_Rules -> DL_RENDER","1","2076233","jprice","2026-09-17","0",""
"removed","SM_HW_VC_Balustrade_A95","StaticMeshActor","DL_RENDER DL_OVERLAND","DL_RENDER","/Game/__ExternalActors__/Levels/Overland/Hogsmeade/Streets/LI_HM_Streets_EXT/2/HJ/ZVMMAZNZJB0YGIUC4MOITO","LV_Overland/Hogsmeade/LI_Hogsmeade/LI_Hogsmeade/Streets/LI_HM_Streets_EXT/SM_HW_VC_Balustrade_A95","8C021D8E-41E9-EC02-25D8-D7968D18B930","excluded by OutlinerPathsToExclude entry 'LI_Hogsmeade'","DA_RENDER_Rules -> DL_RENDER","1","2076233","jprice","2026-09-17","0",""
"removed","SM_HW_VC_Balustrade_A96","StaticMeshActor","DL_RENDER DL_OVERLAND","DL_RENDER","/Game/__ExternalActors__/Levels/Overland/Hogsmeade/Streets/LI_HM_Streets_EXT/2/MR/C41U1WSN9SAMJI3HC4ZDTV","LV_Overland/Hogsmeade/LI_Hogsmeade/LI_Hogsmeade/Streets/LI_HM_Streets_EXT/SM_HW_VC_Balustrade_A96","998881F0-4B19-F112-BEFF-E599CBD03877","excluded by OutlinerPathsToExclude entry 'LI_Hogsmeade'","DA_RENDER_Rules -> DL_RENDER","1","2076233","jprice","2026-09-17","0",""
"removed","SM_HW_VC_Balustrade_A97","StaticMeshActor","DL_RENDER DL_OVERLAND","DL_RENDER","/Game/__ExternalActors__/Levels/Overland/Hogsmeade/Streets/LI_HM_Streets_EXT/B/XG/I9KMK7WJ9XQBS7NSUQK1II","LV_Overland/Hogsmeade/LI_Hogsmeade/LI_Hogsmeade/Streets/LI_HM_Streets_EXT/SM_HW_VC_Balustrade_A97","5D00596C-4DAE-9453-6EB0-4D8400CAA32F","excluded by OutlinerPathsToExclude entry 'LI_Hogsmeade'","DA_RENDER_Rules -> DL_RENDER","1","2076233","jprice","2026-09-17","0",""
"removed","SM_HW_VC_Balustrade_A98","StaticMeshActor","DL_RENDER DL_OVERLAND","DL_RENDER","/Game/__ExternalActors__/Levels/Overland/Hogsmeade/Streets/LI_HM_Streets_EXT/8/MO/R7H633DT5D3MTSDUYGYU0X","LV_Overland/Hogsmeade/LI_Hogsmeade/LI_Hogsmeade/Streets/LI_HM_Streets_EXT/SM_HW_VC_Balustrade_A98","70154F68-4394-871D-186E-388F7605EA5C","excluded by OutlinerPathsToExclude entry 'LI_Hogsmeade'","DA_RENDER_Rules -> DL_RENDER","1","2076233","jprice","2026-09-17","0",""
"removed","SM_HW_VC_Balustrade_A99","StaticMeshActor","DL_RENDER DL_OVERLAND","DL_RENDER","/Game/__ExternalActors__/Levels/Overland/Hogsmeade/Streets/LI_HM_Streets_EXT/D/YN/DULBHTVBRQX5KS6FGRRD6L","LV_Overland/Hogsmeade/LI_Hogsmeade/LI_Hogsmeade/Streets/LI_HM_Streets_EXT/SM_HW_VC_Balustrade_A99","14DD6015-485F-71BF-103B-B2805542E957","excluded by OutlinerPathsToExclude entry 'LI_Hogsmeade'","DA_RENDER_Rules -> DL_RENDER","1","2076233","jprice","2026-09-17","0",""
"removed","SM_HW_VC_NewelPost_B116","StaticMeshActor","DL_RENDER DL_OVERLAND","DL_RENDER","/Game/__ExternalActors__/Levels/Overland/Hogsmeade/Streets/LI_HM_Streets_EXT/1/88/3O7I7S210VXPQPDCEQ128T","LV_Overland/Hogsmeade/LI_Hogsmeade/LI_Hogsmeade/Streets/LI_HM_Streets_EXT/SM_HW_VC_NewelPost_B116","DA13F415-487E-EA0A-2F43-B29E638ACEB2","excluded by OutlinerPathsToExclude entry 'LI_Hogsmeade'","DA_RENDER_Rules -> DL_RENDER","1","2054200","jprice","2026-09-02","0",""
"removed","SM_HW_VC_NewelPost_B117","StaticMeshActor","DL_RENDER DL_OVERLAND","DL_RENDER","/Game/__ExternalActors__/Levels/Overland/Hogsmeade/Streets/LI_HM_Streets_EXT/4/GD/9Q1EZNZI6WM3V0VW637PDF","LV_Overland/Hogsmeade/LI_Hogsmeade/LI_Hogsmeade/Streets/LI_HM_Streets_EXT/SM_HW_VC_NewelPost_B117","7A565448-4B83-1BCB-A347-F9964EF05497","excluded by OutlinerPathsToExclude entry 'LI_Hogsmeade'","DA_RENDER_Rules -> DL_RENDER","1","2054200","jprice","2026-09-02","0",""
"removed","SM_HW_VC_NewelPost_B126","StaticMeshActor","DL_RENDER DL_OVERLAND","DL_RENDER","/Game/__ExternalActors__/Levels/Overland/Hogsmeade/Streets/LI_HM_Streets_EXT/B/5R/QW3MQMQOKX44F3MG6WPCY1","LV_Overland/Hogsmeade/LI_Hogsmeade/LI_Hogsmeade/Streets/LI_HM_Streets_EXT/SM_HW_VC_NewelPost_B126","CE60BD92-45DF-6464-D3A1-F9B5D6C83B37","excluded by OutlinerPathsToExclude entry 'LI_Hogsmeade'","DA_RENDER_Rules -> DL_RENDER","1","2054200","jprice","2026-09-02","0",""
"removed","SM_HW_VC_NewelPost_B127","StaticMeshActor","DL_RENDER DL_OVERLAND","DL_RENDER","/Game/__ExternalActors__/Levels/Overland/Hogsmeade/Streets/LI_HM_Streets_EXT/4/MY/IRB905M6FSZUNN6I7KFFMD","LV_Overland/Hogsmeade/LI_Hogsmeade/LI_Hogsmeade/Streets/LI_HM_Streets_EXT/SM_HW_VC_NewelPost_B127","CCE4F8FD-44B7-9B7D-9598-1CAA7138819B","excluded by OutlinerPathsToExclude entry 'LI_Hogsmeade'","DA_RENDER_Rules -> DL_RENDER","1","2054200","jprice","2026-09-02","0",""
"removed","SM_HW_VC_NewelPost_B128","StaticMeshActor","DL_RENDER DL_OVERLAND","DL_RENDER","/Game/__ExternalActors__/Levels/Overland/Hogsmeade/Streets/LI_HM_Streets_EXT/4/SQ/LSMX0NSCKDF5D6F1UL54QR","LV_Overland/Hogsmeade/LI_Hogsmeade/LI_Hogsmeade/Streets/LI_HM_Streets_EXT/SM_HW_VC_NewelPost_B128","AB8951C0-4616-CCE5-ADE0-B1A3AD37104A","excluded by OutlinerPathsToExclude entry 'LI_Hogsmeade'","DA_RENDER_Rules -> DL_RENDER","1","2054200","jprice","2026-09-02","0",""
"removed","SM_HW_VC_NewelPost_B129","StaticMeshActor","DL_RENDER DL_OVERLAND","DL_RENDER","/Game/__ExternalActors__/Levels/Overland/Hogsmeade/Streets/LI_HM_Streets_EXT/3/67/WN0GMBG3MVMJZN0JOHG6PA","LV_Overland/Hogsmeade/LI_Hogsmeade/LI_Hogsmeade/Streets/LI_HM_Streets_EXT/SM_HW_VC_NewelPost_B129","B9F60D0C-4C1C-9356-6D75-338478EC447A","excluded by OutlinerPathsToExclude entry 'LI_Hogsmeade'","DA_RENDER_Rules -> DL_RENDER","1","2054200","jprice","2026-09-02","0",""
"removed","SM_HW_VC_NewelPost_B30","StaticMeshActor","DL_RENDER DL_OVERLAND","DL_RENDER","/Game/__ExternalActors__/Levels/Overland/Hogsmeade/Streets/LI_HM_Streets_EXT/8/Y9/WK6BDJ8KU2P1ZZN6UEVYGL","LV_Overland/Hogsmeade/LI_Hogsmeade/LI_Hogsmeade/Streets/LI_HM_Streets_EXT/SM_HW_VC_NewelPost_B30","F5372FB7-45B3-1B26-2BA4-77B2FF189838","excluded by OutlinerPathsToExclude entry 'LI_Hogsmeade'","DA_RENDER_Rules -> DL_RENDER","1","1769092","jprice","2026-03-23","3",""
"removed","SM_HW_VC_NewelPost_B31","StaticMeshActor","DL_RENDER DL_OVERLAND","DL_RENDER","/Game/__ExternalActors__/Levels/Overland/Hogsmeade/Streets/LI_HM_Streets_EXT/2/4C/SG6JDU96ZYH8UIVBV249SU","LV_Overland/Hogsmeade/LI_Hogsmeade/LI_Hogsmeade/Streets/LI_HM_Streets_EXT/SM_HW_VC_NewelPost_B31","AE2F7491-4CE4-59CC-184D-44A37874FE04","excluded by OutlinerPathsToExclude entry 'LI_Hogsmeade'","DA_RENDER_Rules -> DL_RENDER","1","2054200","jprice","2026-09-02","0",""
"removed","SM_HW_VC_NewelPost_B39","StaticMeshActor","DL_RENDER DL_OVERLAND","DL_RENDER","/Game/__ExternalActors__/Levels/Overland/Hogsmeade/Streets/LI_HM_Streets_EXT/1/D4/0TMWJ4I9TNIOJL35WILU78","LV_Overland/Hogsmeade/LI_Hogsmeade/LI_Hogsmeade/Streets/LI_HM_Streets_EXT/SM_HW_VC_NewelPost_B39","9FDA73BF-4926-6549-28A9-449A38200DD1","excluded by OutlinerPathsToExclude entry 'LI_Hogsmeade'","DA_RENDER_Rules -> DL_RENDER","1","2054200","jprice","2026-09-02","0",""
"removed","SM_HW_VC_NewelPost_B41","StaticMeshActor","DL_RENDER DL_OVERLAND","DL_RENDER","/Game/__ExternalActors__/Levels/Overland/Hogsmeade/Streets/LI_HM_Streets_EXT/9/GF/YMZCR3IAOQZKVHNYYYJ9Z4","LV_Overland/Hogsmeade/LI_Hogsmeade/LI_Hogsmeade/Streets/LI_HM_Streets_EXT/SM_HW_VC_NewelPost_B41","CF8BD0ED-4972-D106-6F00-1EB7AAF555DD","excluded by OutlinerPathsToExclude entry 'LI_Hogsmeade'","DA_RENDER_Rules -> DL_RENDER","1","2054200","jprice","2026-09-02","0",""
"removed","SM_HW_VC_NewelPost_B42","StaticMeshActor","DL_RENDER DL_OVERLAND","DL_RENDER","/Game/__ExternalActors__/Levels/Overland/Hogsmeade/Streets/LI_HM_Streets_EXT/5/F9/XJ54EDRFVMGGWWS57E2789","LV_Overland/Hogsmeade/LI_Hogsmeade/LI_Hogsmeade/Streets/LI_HM_Streets_EXT/SM_HW_VC_NewelPost_B42","FB048EA9-4DDC-852D-EA4B-F1B62581BE17","excluded by OutlinerPathsToExclude entry 'LI_Hogsmeade'","DA_RENDER_Rules -> DL_RENDER","1","2054200","jprice","2026-09-02","0",""
"removed","SM_HW_VC_NewelPost_B43","StaticMeshActor","DL_RENDER DL_OVERLAND","DL_RENDER","/Game/__ExternalActors__/Levels/Overland/Hogsmeade/Streets/LI_HM_Streets_EXT/0/DZ/4KQ3JB5RNU79GQ5F9DD3GM","LV_Overland/Hogsmeade/LI_Hogsmeade/LI_Hogsmeade/Streets/LI_HM_Streets_EXT/SM_HW_VC_NewelPost_B43","285D8909-470A-BAB7-5B2F-95B1E0047D8C","excluded by OutlinerPathsToExclude entry 'LI_Hogsmeade'","DA_RENDER_Rules -> DL_RENDER","1","2054200","jprice","2026-09-02","0",""
"removed","SM_HW_VC_NewelPost_B44","StaticMeshActor","DL_RENDER DL_OVERLAND","DL_RENDER","/Game/__ExternalActors__/Levels/Overland/Hogsmeade/Streets/LI_HM_Streets_EXT/7/IK/GJPWOP4SHTEIL5A27TLM8I","LV_Overland/Hogsmeade/LI_Hogsmeade/LI_Hogsmeade/Streets/LI_HM_Streets_EXT/SM_HW_VC_NewelPost_B44","A4DBF227-4AE2-EE2B-2F06-C4B1A21F989E","excluded by OutlinerPathsToExclude entry 'LI_Hogsmeade'","DA_RENDER_Rules -> DL_RENDER","1","2054200","jprice","2026-09-02","0",""
"removed","SM_HW_VC_NewelPost_B45","StaticMeshActor","DL_RENDER DL_OVERLAND","DL_RENDER","/Game/__ExternalActors__/Levels/Overland/Hogsmeade/Streets/LI_HM_Streets_EXT/3/V9/09IZM42N1J26OZPYHUUKUN","LV_Overland/Hogsmeade/LI_Hogsmeade/LI_Hogsmeade/Streets/LI_HM_Streets_EXT/SM_HW_VC_NewelPost_B45","3DACEF4F-4A10-CC18-75A4-12B008CDA1B5","excluded by OutlinerPathsToExclude entry 'LI_Hogsmeade'","DA_RENDER_Rules -> DL_RENDER","1","2054200","jprice","2026-09-02","0",""
"removed","SM_HW_VC_NewelPost_B46","StaticMeshActor","DL_RENDER DL_OVERLAND","DL_RENDER","/Game/__ExternalActors__/Levels/Overland/Hogsmeade/Streets/LI_HM_Streets_EXT/7/E3/JUEYDH900XR5WK00GVEA8P","LV_Overland/Hogsmeade/LI_Hogsmeade/LI_Hogsmeade/Streets/LI_HM_Streets_EXT/SM_HW_VC_NewelPost_B46","ADE3DA71-433E-3146-DB56-8E99F239709C","excluded by OutlinerPathsToExclude entry 'LI_Hogsmeade'","DA_RENDER_Rules -> DL_RENDER","1","2054200","jprice","2026-09-02","0",""
"removed","SM_HW_VC_NewelPost_Boss_A136","StaticMeshActor","DL_RENDER DL_OVERLAND","DL_RENDER","/Game/__ExternalActors__/Levels/Overland/Hogsmeade/Streets/LI_HM_Streets_EXT/7/0W/8AS44DK56HADN026A32SLA","LV_Overland/Hogsmeade/LI_Hogsmeade/LI_Hogsmeade/Streets/LI_HM_Streets_EXT/SM_HW_VC_NewelPost_Boss_A136","3B2AC48D-4538-E236-1B59-3B8BE51B5758","excluded by OutlinerPathsToExclude entry 'LI_Hogsmeade'","DA_RENDER_Rules -> DL_RENDER","1","2067334","jprice","2026-09-11","0",""
"removed","SM_HW_VC_NewelPost_Boss_A2","StaticMeshActor","DL_RENDER DL_OVERLAND","DL_RENDER","/Game/__ExternalActors__/Levels/Overland/Hogsmeade/Streets/LI_HM_Streets_EXT/1/Z8/IAEG9YUEKOBRYC072S42WX","LV_Overland/Hogsmeade/LI_Hogsmeade/LI_Hogsmeade/Streets/LI_HM_Streets_EXT/SM_HW_VC_NewelPost_Boss_A2","6EAAD0BD-4C23-B2A5-2B9E-B98431BA63E5","excluded by OutlinerPathsToExclude entry 'LI_Hogsmeade'","DA_RENDER_Rules -> DL_RENDER","1","1769092","jprice","2026-03-23","3",""
"removed","SM_HW_VC_NewelPost_Boss_A84","StaticMeshActor","DL_RENDER DL_OVERLAND","DL_RENDER","/Game/__ExternalActors__/Levels/Overland/Hogsmeade/Streets/LI_HM_Streets_EXT/B/0G/6BNWSXK1D6FDOTIXZI29W0","LV_Overland/Hogsmeade/LI_Hogsmeade/LI_Hogsmeade/Streets/LI_HM_Streets_EXT/SM_HW_VC_NewelPost_Boss_A84","E3C52E3F-45A0-66EE-CD55-828E93D31771","excluded by OutlinerPathsToExclude entry 'LI_Hogsmeade'","DA_RENDER_Rules -> DL_RENDER","1","2054200","jprice","2026-09-02","0",""
"skipped","SM_HW_VC_Balustrade_A168","StaticMeshActor","DL_RENDER DL_OVERLAND","DL_RENDER DL_OVERLAND","/Game/__ExternalActors__/Levels/Overland/Hogsmeade/Streets/LI_HM_Streets_EXT/C/V1/0NNX0KVWSXRB492YGVBJAS","LV_Overland/Hogsmeade/LI_Hogsmeade/LI_Hogsmeade/Streets/LI_HM_Streets_EXT/SM_HW_VC_Balustrade_A168","53BB822C-4FDE-CCEB-46E3-869E9D6C3D10","excluded by OutlinerPathsToExclude entry 'LI_Hogsmeade'","DA_RENDER_Rules -> DL_RENDER","1","2081733","jprice","2026-09-22","0","Opened for edit by jprice@jprice-sun-3 (exclusive lock); not in CL 2099933"
"skipped","SM_HW_VC_Balustrade_A169","StaticMeshActor","DL_RENDER DL_OVERLAND","DL_RENDER DL_OVERLAND","/Game/__ExternalActors__/Levels/Overland/Hogsmeade/Streets/LI_HM_Streets_EXT/A/ZY/5FUS6CJJOYM1OQ7ASNDZOY","LV_Overland/Hogsmeade/LI_Hogsmeade/LI_Hogsmeade/Streets/LI_HM_Streets_EXT/SM_HW_VC_Balustrade_A169","9C3D1734-4024-2CDA-1474-BAB2D0B6A588","excluded by OutlinerPathsToExclude entry 'LI_Hogsmeade'","DA_RENDER_Rules -> DL_RENDER","1","2081733","jprice","2026-09-22","0","Opened for edit by jprice@jprice-sun-3 (exclusive lock); not in CL 2099933"
"missing","SM_HW_VC_NewelPost_B104","StaticMeshActor","","","/Game/__ExternalActors__/Levels/Overland/Hogsmeade/Streets/LI_HM_Streets_EXT/A/CH/K2F15JHJK09TNF3S0ATGJ3","LV_Overland/Hogsmeade/LI_Hogsmeade/LI_Hogsmeade/Streets/LI_HM_Streets_EXT/SM_HW_VC_NewelPost_B104","554F8EA3-45A6-36A7-7801-90A72BC4C7CD","","","1","2067334","jprice","2026-09-11","0","Deleted in CL 2086034 (jprice, 2026-09-23), after the audit was taken"
"missing","SM_HW_VC_NewelPost_B105","StaticMeshActor","","","/Game/__ExternalActors__/Levels/Overland/Hogsmeade/Streets/LI_HM_Streets_EXT/7/WR/PP8WS6964RF5YEPRKA33IH","LV_Overland/Hogsmeade/LI_Hogsmeade/LI_Hogsmeade/Streets/LI_HM_Streets_EXT/SM_HW_VC_NewelPost_B105","A664B6CA-44B6-1211-B4BD-52A462DF0301","","","1","2067334","jprice","2026-09-11","0","Deleted in CL 2086034 (jprice, 2026-09-23), after the audit was taken"
"missing","SM_HW_VC_NewelPost_Boss_A96","StaticMeshActor","","","/Game/__ExternalActors__/Levels/Overland/Hogsmeade/Streets/LI_HM_Streets_EXT/4/KW/2RZQ908BF8QH0Q8BRZEDU3","LV_Overland/Hogsmeade/LI_Hogsmeade/LI_Hogsmeade/Streets/LI_HM_Streets_EXT/SM_HW_VC_NewelPost_Boss_A96","E81CAEEB-4132-FAC1-2233-F6AE65C8FE31","","","1","2067334","jprice","2026-09-11","0","Deleted in CL 2086034 (jprice, 2026-09-23), after the audit was taken"
