ActorLabel,Class,OutlinerPath,Guid,PlacementCount,OwnDataLayers,InheritedDataLayers,LevelInstanceChain,OwningLevelAsset,ReferencedLevelAsset,CenterX,CenterY,CenterZ
SM_HW_Column_A_2M_1,StaticMeshActor,LV_Overland/Hogwarts/LI_Hogwarts/LevelInstances/EntranceHall/LI_EntranceHall_EXT/RENDER/Tower/SM_HW_Column_A_2M_1,4BB8817A-4A4E-7808-E881-DFA7BD959575,1,DL_OVERLAND;DL_RENDER,DL_HW_EXT,LI_Hogwarts > LI_EntranceHall_EXT,/Game/Levels/Overland/Hogwarts/EntranceHall/LI_EntranceHall_EXT,,-8544.7,-26328.2,12126.5
SM_HW_Column_A_2M_2,StaticMeshActor,LV_Overland/Hogwarts/LI_Hogwarts/LevelInstances/EntranceHall/LI_EntranceHall_EXT/RENDER/Tower/SM_HW_Column_A_2M_2,3A70C4F5-4E91-6087-EF20-A49A56C11854,1,DL_OVERLAND;DL_RENDER,DL_HW_EXT,LI_Hogwarts > LI_EntranceHall_EXT,/Game/Levels/Overland/Hogwarts/EntranceHall/LI_EntranceHall_EXT,,-8544.7,-26328.2,11914.7
SM_HW_Column_A_2M_28,StaticMeshActor,LV_Overland/Hogwarts/LI_Hogwarts/LevelInstances/EntranceHall/LI_EntranceHall_EXT/RENDER/Tower/SM_HW_Column_A_2M_28,F03798FC-42B8-562D-F32F-28AFB21FF208,1,DL_OVERLAND;DL_RENDER,DL_HW_EXT,LI_Hogwarts > LI_EntranceHall_EXT,/Game/Levels/Overland/Hogwarts/EntranceHall/LI_EntranceHall_EXT,,-9734.0,-26418.3,11703.0
SM_HW_Column_A_2M_29,StaticMeshActor,LV_Overland/Hogwarts/LI_Hogwarts/LevelInstances/EntranceHall/LI_EntranceHall_EXT/RENDER/Tower/SM_HW_Column_A_2M_29,D4A02468-4F4A-B9B9-68FB-F4880907AEB9,1,DL_OVERLAND;DL_RENDER,DL_HW_EXT,LI_Hogwarts > LI_EntranceHall_EXT,/Game/Levels/Overland/Hogwarts/EntranceHall/LI_EntranceHall_EXT,,-9734.0,-26418.3,11914.7
SM_HW_Column_A_2M_3,StaticMeshActor,LV_Overland/Hogwarts/LI_Hogwarts/LevelInstances/EntranceHall/LI_EntranceHall_EXT/RENDER/Tower/SM_HW_Column_A_2M_3,4B44EB8A-48DC-8F07-C3A3-C5A2F148EF5E,1,DL_OVERLAND;DL_RENDER,DL_HW_EXT,LI_Hogwarts > LI_EntranceHall_EXT,/Game/Levels/Overland/Hogwarts/EntranceHall/LI_EntranceHall_EXT,,-8544.7,-26328.2,11703.0
SM_HW_Column_A_2M_30,StaticMeshActor,LV_Overland/Hogwarts/LI_Hogwarts/LevelInstances/EntranceHall/LI_EntranceHall_EXT/RENDER/Tower/SM_HW_Column_A_2M_30,A56D1235-475C-9C7B-2FC6-3C85310E502B,1,DL_OVERLAND;DL_RENDER,DL_HW_EXT,LI_Hogwarts > LI_EntranceHall_EXT,/Game/Levels/Overland/Hogwarts/EntranceHall/LI_EntranceHall_EXT,,-9734.0,-26418.3,12126.5
SM_HW_Column_A_2M_31,StaticMeshActor,LV_Overland/Hogwarts/LI_Hogwarts/LevelInstances/EntranceHall/LI_EntranceHall_EXT/RENDER/Tower/SM_HW_Column_A_2M_31,481FF9C2-48A4-7F26-6330-B8AC7E6AB70C,1,DL_OVERLAND;DL_RENDER,DL_HW_EXT,LI_Hogwarts > LI_EntranceHall_EXT,/Game/Levels/Overland/Hogwarts/EntranceHall/LI_EntranceHall_EXT,,-9985.4,-26073.7,11703.0
SM_HW_Column_A_2M_32,StaticMeshActor,LV_Overland/Hogwarts/LI_Hogwarts/LevelInstances/EntranceHall/LI_EntranceHall_EXT/RENDER/Tower/SM_HW_Column_A_2M_32,5F0A5982-4B93-CB71-F36B-8F82B5FF03E1,1,DL_OVERLAND;DL_RENDER,DL_HW_EXT,LI_Hogwarts > LI_EntranceHall_EXT,/Game/Levels/Overland/Hogwarts/EntranceHall/LI_EntranceHall_EXT,,-9985.4,-26073.7,11914.7
SM_HW_Column_A_2M_33,StaticMeshActor,LV_Overland/Hogwarts/LI_Hogwarts/LevelInstances/EntranceHall/LI_EntranceHall_EXT/RENDER/Tower/SM_HW_Column_A_2M_33,6CFD74BD-44E9-929F-7535-84B09CBBCE7F,1,DL_OVERLAND;DL_RENDER,DL_HW_EXT,LI_Hogwarts > LI_EntranceHall_EXT,/Game/Levels/Overland/Hogwarts/EntranceHall/LI_EntranceHall_EXT,,-9985.4,-26073.7,12126.5
SM_HW_Column_A_2M_34,StaticMeshActor,LV_Overland/Hogwarts/LI_Hogwarts/LevelInstances/EntranceHall/LI_EntranceHall_EXT/RENDER/Tower/SM_HW_Column_A_2M_34,BE93F3A2-41D2-4BED-3656-34AC8E0BD7FC,1,DL_OVERLAND;DL_RENDER,DL_HW_EXT,LI_Hogwarts > LI_EntranceHall_EXT,/Game/Levels/Overland/Hogwarts/EntranceHall/LI_EntranceHall_EXT,,-9908.6,-25642.3,12126.5
SM_HW_Column_A_2M_35,StaticMeshActor,LV_Overland/Hogwarts/LI_Hogwarts/LevelInstances/EntranceHall/LI_EntranceHall_EXT/RENDER/Tower/SM_HW_Column_A_2M_35,AC382236-40E4-6F75-3B1F-43AAB8B75C4C,1,DL_OVERLAND;DL_RENDER,DL_HW_EXT,LI_Hogwarts > LI_EntranceHall_EXT,/Game/Levels/Overland/Hogwarts/EntranceHall/LI_EntranceHall_EXT,,-9908.6,-25642.3,11914.7
SM_HW_Column_A_2M_36,StaticMeshActor,LV_Overland/Hogwarts/LI_Hogwarts/LevelInstances/EntranceHall/LI_EntranceHall_EXT/RENDER/Tower/SM_HW_Column_A_2M_36,12FD671D-4ED7-5EAC-C7E8-F0AB8A911B5C,1,DL_OVERLAND;DL_RENDER,DL_HW_EXT,LI_Hogwarts > LI_EntranceHall_EXT,/Game/Levels/Overland/Hogwarts/EntranceHall/LI_EntranceHall_EXT,,-9908.6,-25642.3,11703.0
SM_HW_Column_A_2M_4,StaticMeshActor,LV_Overland/Hogwarts/LI_Hogwarts/LevelInstances/EntranceHall/LI_EntranceHall_EXT/RENDER/Tower/SM_HW_Column_A_2M_4,69CB814B-47DD-DF26-3194-98B5A4F43E45,1,DL_OVERLAND;DL_RENDER,DL_HW_EXT,LI_Hogwarts > LI_EntranceHall_EXT,/Game/Levels/Overland/Hogwarts/EntranceHall/LI_EntranceHall_EXT,,-8467.0,-25896.7,11703.0
SM_HW_Column_A_2M_5,StaticMeshActor,LV_Overland/Hogwarts/LI_Hogwarts/LevelInstances/EntranceHall/LI_EntranceHall_EXT/RENDER/Tower/SM_HW_Column_A_2M_5,B1D73294-45EA-F415-7883-54978E232588,1,DL_OVERLAND;DL_RENDER,DL_HW_EXT,LI_Hogwarts > LI_EntranceHall_EXT,/Game/Levels/Overland/Hogwarts/EntranceHall/LI_EntranceHall_EXT,,-8467.0,-25896.7,11914.7
SM_HW_Column_A_2M_6,StaticMeshActor,LV_Overland/Hogwarts/LI_Hogwarts/LevelInstances/EntranceHall/LI_EntranceHall_EXT/RENDER/Tower/SM_HW_Column_A_2M_6,53D2700B-43C0-A0A8-FFC0-AE85E177A163,1,DL_OVERLAND;DL_RENDER,DL_HW_EXT,LI_Hogwarts > LI_EntranceHall_EXT,/Game/Levels/Overland/Hogwarts/EntranceHall/LI_EntranceHall_EXT,,-8467.0,-25896.7,12126.5
SM_HW_Column_A_Base_1,StaticMeshActor,LV_Overland/Hogwarts/LI_Hogwarts/LevelInstances/EntranceHall/LI_EntranceHall_EXT/RENDER/Tower/SM_HW_Column_A_Base_1,1EAACDB1-470A-B1B2-CFE1-BE88AA363133,1,DL_OVERLAND;DL_RENDER,DL_HW_EXT,LI_Hogwarts > LI_EntranceHall_EXT,/Game/Levels/Overland/Hogwarts/EntranceHall/LI_EntranceHall_EXT,,-8565.5,-26313.3,11497.1
SM_HW_Column_A_Base_10,StaticMeshActor,LV_Overland/Hogwarts/LI_Hogwarts/LevelInstances/EntranceHall/LI_EntranceHall_EXT/RENDER/Tower/SM_HW_Column_A_Base_10,F67C10F4-4E36-5248-B6EC-5C9B555B0C51,1,DL_OVERLAND;DL_RENDER,DL_HW_EXT,LI_Hogwarts > LI_EntranceHall_EXT,/Game/Levels/Overland/Hogwarts/EntranceHall/LI_EntranceHall_EXT,,-9928.6,-25625.4,10570.4
SM_HW_Column_A_Base_11,StaticMeshActor,LV_Overland/Hogwarts/LI_Hogwarts/LevelInstances/EntranceHall/LI_EntranceHall_EXT/RENDER/Tower/SM_HW_Column_A_Base_11,782D4B28-42F1-27E0-0777-9FB7BB937528,1,DL_OVERLAND;DL_RENDER,DL_HW_EXT,LI_Hogwarts > LI_EntranceHall_EXT,/Game/Levels/Overland/Hogwarts/EntranceHall/LI_EntranceHall_EXT,,-8731.7,-25578.4,11497.1
SM_HW_Column_A_Base_12,StaticMeshActor,LV_Overland/Hogwarts/LI_Hogwarts/LevelInstances/EntranceHall/LI_EntranceHall_EXT/RENDER/Tower/SM_HW_Column_A_Base_12,38A4EA1B-4256-40B9-C6DB-F1AB407AB5A4,1,DL_OVERLAND;DL_RENDER,DL_HW_EXT,LI_Hogwarts > LI_EntranceHall_EXT,/Game/Levels/Overland/Hogwarts/EntranceHall/LI_EntranceHall_EXT,,-9714.8,-26401.3,11497.1
SM_HW_Column_A_Base_13,StaticMeshActor,LV_Overland/Hogwarts/LI_Hogwarts/LevelInstances/EntranceHall/LI_EntranceHall_EXT/RENDER/Tower/SM_HW_Column_A_Base_13,7E52B863-4BB8-824C-6C6D-318E4AEF31ED,1,DL_OVERLAND;DL_RENDER,DL_HW_EXT,LI_Hogwarts > LI_EntranceHall_EXT,/Game/Levels/Overland/Hogwarts/EntranceHall/LI_EntranceHall_EXT,,-9960.4,-26068.2,11497.1
SM_HW_Column_A_Base_14,StaticMeshActor,LV_Overland/Hogwarts/LI_Hogwarts/LevelInstances/EntranceHall/LI_EntranceHall_EXT/RENDER/Tower/SM_HW_Column_A_Base_14,ABC12FCC-4810-BA3A-A05B-9E9A28D6227C,1,DL_OVERLAND;DL_RENDER,DL_HW_EXT,LI_Hogwarts > LI_EntranceHall_EXT,/Game/Levels/Overland/Hogwarts/EntranceHall/LI_EntranceHall_EXT,,-9887.1,-25656.1,11497.1
SM_HW_Column_A_Base_15,StaticMeshActor,LV_Overland/Hogwarts/LI_Hogwarts/LevelInstances/EntranceHall/LI_EntranceHall_EXT/RENDER/Tower/SM_HW_Column_A_Base_15,96F287FB-44F6-20EF-B1E5-48969649A97B,1,DL_OVERLAND;DL_RENDER,DL_HW_EXT,LI_Hogwarts > LI_EntranceHall_EXT,/Game/Levels/Overland/Hogwarts/EntranceHall/LI_EntranceHall_EXT,,-9538.8,-25422.9,11497.1
SM_HW_Column_A_Base_16,StaticMeshActor,LV_Overland/Hogwarts/LI_Hogwarts/LevelInstances/EntranceHall/LI_EntranceHall_EXT/RENDER/Tower/SM_HW_Column_A_Base_16,D5456428-4800-7D8A-A7C0-A7B3D36956FE,1,DL_OVERLAND;DL_RENDER,DL_HW_EXT,LI_Hogwarts > LI_EntranceHall_EXT,/Game/Levels/Overland/Hogwarts/EntranceHall/LI_EntranceHall_EXT,,-8706.4,-25578.9,10545.8
SM_HW_Column_A_Base_2,StaticMeshActor,LV_Overland/Hogwarts/LI_Hogwarts/LevelInstances/EntranceHall/LI_EntranceHall_EXT/RENDER/Tower/SM_HW_Column_A_Base_2,9F16522D-4C4A-0FF0-81D6-40A497FDDE0B,1,DL_OVERLAND;DL_RENDER,DL_HW_EXT,LI_Hogwarts > LI_EntranceHall_EXT,/Game/Levels/Overland/Hogwarts/EntranceHall/LI_EntranceHall_EXT,,-8492.0,-25902.2,11497.1
SM_HW_Column_A_Base_20,StaticMeshActor,LV_Overland/Hogwarts/LI_Hogwarts/LevelInstances/EntranceHall/LI_EntranceHall_EXT/RENDER/Tower/SM_HW_Column_A_Base_20,9C1111AE-4024-66D3-F994-43AAFAFFBF34,1,DL_OVERLAND;DL_RENDER,DL_HW_EXT,LI_Hogwarts > LI_EntranceHall_EXT,/Game/Levels/Overland/Hogwarts/EntranceHall/LI_EntranceHall_EXT,,-9720.7,-26437.5,10544.5
SM_HW_Column_A_Base_21,StaticMeshActor,LV_Overland/Hogwarts/LI_Hogwarts/LevelInstances/EntranceHall/LI_EntranceHall_EXT/RENDER/Tower/SM_HW_Column_A_Base_21,E42BF571-4C55-2ABF-F0E3-86A8C1E65BF9,1,DL_OVERLAND;DL_RENDER,DL_HW_EXT,LI_Hogwarts > LI_EntranceHall_EXT,/Game/Levels/Overland/Hogwarts/EntranceHall/LI_EntranceHall_EXT,,-9971.1,-26071.9,10550.8
SM_HW_Column_A_Base_22,StaticMeshActor,LV_Overland/Hogwarts/LI_Hogwarts/LevelInstances/EntranceHall/LI_EntranceHall_EXT/RENDER/Tower/SM_HW_Column_A_Base_22,79F1E1EB-463B-77DB-D901-42AE2E151434,1,DL_OVERLAND;DL_RENDER,DL_HW_EXT,LI_Hogwarts > LI_EntranceHall_EXT,/Game/Levels/Overland/Hogwarts/EntranceHall/LI_EntranceHall_EXT,,-9879.2,-25658.0,10540.7
SM_HW_Column_A_Base_23,StaticMeshActor,LV_Overland/Hogwarts/LI_Hogwarts/LevelInstances/EntranceHall/LI_EntranceHall_EXT/RENDER/Tower/SM_HW_Column_A_Base_23,8BDA9211-4B00-C770-7A04-17AA6354C93B,1,DL_OVERLAND;DL_RENDER,DL_HW_EXT,LI_Hogwarts > LI_EntranceHall_EXT,/Game/Levels/Overland/Hogwarts/EntranceHall/LI_EntranceHall_EXT,,-9563.0,-25388.3,10540.7
SM_HW_Column_A_Base_3,StaticMeshActor,LV_Overland/Hogwarts/LI_Hogwarts/LevelInstances/EntranceHall/LI_EntranceHall_EXT/RENDER/Tower/SM_HW_Column_A_Base_3,EA3EA84B-449E-2116-5655-09850CD6DABB,1,DL_OVERLAND;DL_RENDER,DL_HW_EXT,LI_Hogwarts > LI_EntranceHall_EXT,/Game/Levels/Overland/Hogwarts/EntranceHall/LI_EntranceHall_EXT,,-8906.9,-26543.9,11497.1
SM_HW_Column_A_Base_5,StaticMeshActor,LV_Overland/Hogwarts/LI_Hogwarts/LevelInstances/EntranceHall/LI_EntranceHall_EXT/RENDER/Tower/SM_HW_Column_A_Base_5,F46FF3FD-4E90-A684-C791-908CC60A568F,1,DL_OVERLAND;DL_RENDER,DL_HW_EXT,LI_Hogwarts > LI_EntranceHall_EXT,/Game/Levels/Overland/Hogwarts/EntranceHall/LI_EntranceHall_EXT,,-8525.0,-26344.3,10572.2
SM_HW_Column_A_Base_6,StaticMeshActor,LV_Overland/Hogwarts/LI_Hogwarts/LevelInstances/EntranceHall/LI_EntranceHall_EXT/RENDER/Tower/SM_HW_Column_A_Base_6,607F8EBC-4308-BAD9-6ACF-8D92E0AFE252,1,DL_OVERLAND;DL_RENDER,DL_HW_EXT,LI_Hogwarts > LI_EntranceHall_EXT,/Game/Levels/Overland/Hogwarts/EntranceHall/LI_EntranceHall_EXT,,-8900.8,-26608.8,10571.8
SM_HW_Column_A_Base_7,StaticMeshActor,LV_Overland/Hogwarts/LI_Hogwarts/LevelInstances/EntranceHall/LI_EntranceHall_EXT/RENDER/Tower/SM_HW_Column_A_Base_7,3FCDA154-459B-DC32-83FB-E099F1A6A881,1,DL_OVERLAND;DL_RENDER,DL_HW_EXT,LI_Hogwarts > LI_EntranceHall_EXT,/Game/Levels/Overland/Hogwarts/EntranceHall/LI_EntranceHall_EXT,,-8444.8,-25885.2,10572.5
SM_HW_Column_A_Base_8,StaticMeshActor,LV_Overland/Hogwarts/LI_Hogwarts/LevelInstances/EntranceHall/LI_EntranceHall_EXT/RENDER/Tower/SM_HW_Column_A_Base_8,8B1CF53F-4576-59EE-4417-E3927CAAF43D,1,DL_OVERLAND;DL_RENDER,DL_HW_EXT,LI_Hogwarts > LI_EntranceHall_EXT,/Game/Levels/Overland/Hogwarts/EntranceHall/LI_EntranceHall_EXT,,-9747.9,-26460.5,10575.0
SM_HW_Column_A_Base_9,StaticMeshActor,LV_Overland/Hogwarts/LI_Hogwarts/LevelInstances/EntranceHall/LI_EntranceHall_EXT/RENDER/Tower/SM_HW_Column_A_Base_9,ECE50DAD-4B2C-A881-0B36-F2AFDA1706B7,1,DL_OVERLAND;DL_RENDER,DL_HW_EXT,LI_Hogwarts > LI_EntranceHall_EXT,/Game/Levels/Overland/Hogwarts/EntranceHall/LI_EntranceHall_EXT,,-10009.7,-26085.3,10570.4
SM_HW_Column_A_Top_1,StaticMeshActor,LV_Overland/Hogwarts/LI_Hogwarts/LevelInstances/EntranceHall/LI_EntranceHall_EXT/RENDER/Tower/SM_HW_Column_A_Top_1,E56669FD-412C-0C02-53AC-76BDAEF1FCF8,1,DL_OVERLAND;DL_RENDER,DL_HW_EXT,LI_Hogwarts > LI_EntranceHall_EXT,/Game/Levels/Overland/Hogwarts/EntranceHall/LI_EntranceHall_EXT,,-8526.6,-26341.0,12264.5
SM_HW_Column_A_Top_12,StaticMeshActor,LV_Overland/Hogwarts/LI_Hogwarts/LevelInstances/EntranceHall/LI_EntranceHall_EXT/RENDER/Tower/SM_HW_Column_A_Top_12,7375C925-4FE6-BE88-6D26-C19EE468783F,1,DL_OVERLAND;DL_RENDER,DL_HW_EXT,LI_Hogwarts > LI_EntranceHall_EXT,/Game/Levels/Overland/Hogwarts/EntranceHall/LI_EntranceHall_EXT,,-9750.4,-26433.1,12264.5
SM_HW_Column_A_Top_13,StaticMeshActor,LV_Overland/Hogwarts/LI_Hogwarts/LevelInstances/EntranceHall/LI_EntranceHall_EXT/RENDER/Tower/SM_HW_Column_A_Top_13,EE13F2B2-40B0-97E7-4D4E-0087442FB4D6,1,DL_OVERLAND;DL_RENDER,DL_HW_EXT,LI_Hogwarts > LI_EntranceHall_EXT,/Game/Levels/Overland/Hogwarts/EntranceHall/LI_EntranceHall_EXT,,-10007.0,-26078.7,12264.5
SM_HW_Column_A_Top_14,StaticMeshActor,LV_Overland/Hogwarts/LI_Hogwarts/LevelInstances/EntranceHall/LI_EntranceHall_EXT/RENDER/Tower/SM_HW_Column_A_Top_14,52B2A139-4826-57A0-E5AA-FA9C16B770C9,1,DL_OVERLAND;DL_RENDER,DL_HW_EXT,LI_Hogwarts > LI_EntranceHall_EXT,/Game/Levels/Overland/Hogwarts/EntranceHall/LI_EntranceHall_EXT,,-9927.3,-25630.4,12264.5
SM_HW_Column_A_Top_2,StaticMeshActor,LV_Overland/Hogwarts/LI_Hogwarts/LevelInstances/EntranceHall/LI_EntranceHall_EXT/RENDER/Tower/SM_HW_Column_A_Top_2,DFC099FB-41B2-5363-5FCE-F4ADA8378A33,1,DL_OVERLAND;DL_RENDER,DL_HW_EXT,LI_Hogwarts > LI_EntranceHall_EXT,/Game/Levels/Overland/Hogwarts/EntranceHall/LI_EntranceHall_EXT,,-8445.4,-25891.8,12264.5
SM_HW_CrocketDetail_A_1,StaticMeshActor,LV_Overland/Hogwarts/LI_Hogwarts/LevelInstances/EntranceHall/LI_EntranceHall_EXT/RENDER/Tower/SM_HW_CrocketDetail_A_1,ACC4EFFE-401D-29B8-DC11-2BB917A3A684,1,DL_OVERLAND;DL_RENDER,DL_HW_EXT,LI_Hogwarts > LI_EntranceHall_EXT,/Game/Levels/Overland/Hogwarts/EntranceHall/LI_EntranceHall_EXT,,-9981.6,-30022.5,8754.7
SM_HW_CrocketDetail_A_10,StaticMeshActor,LV_Overland/Hogwarts/LI_Hogwarts/LevelInstances/EntranceHall/LI_EntranceHall_EXT/RENDER/Tower/SM_HW_CrocketDetail_A_10,FE7E4A4E-418A-37B1-E0B2-C581F705DA3E,1,DL_OVERLAND;DL_RENDER,DL_HW_EXT,LI_Hogwarts > LI_EntranceHall_EXT,/Game/Levels/Overland/Hogwarts/EntranceHall/LI_EntranceHall_EXT,,-9736.2,-30065.4,8476.2
SM_HW_CrocketDetail_A_11,StaticMeshActor,LV_Overland/Hogwarts/LI_Hogwarts/LevelInstances/EntranceHall/LI_EntranceHall_EXT/RENDER/Tower/SM_HW_CrocketDetail_A_11,2A3B4AE6-4D0D-0F3A-55D6-E99AC7653ACE,1,DL_OVERLAND;DL_RENDER,DL_HW_EXT,LI_Hogwarts > LI_EntranceHall_EXT,/Game/Levels/Overland/Hogwarts/EntranceHall/LI_EntranceHall_EXT,,-9682.9,-30074.8,8387.2
SM_HW_CrocketDetail_A_12,StaticMeshActor,LV_Overland/Hogwarts/LI_Hogwarts/LevelInstances/EntranceHall/LI_EntranceHall_EXT/RENDER/Tower/SM_HW_CrocketDetail_A_12,194A2F33-4DF5-CD63-D467-C19C38D05D83,1,DL_OVERLAND;DL_RENDER,DL_HW_EXT,LI_Hogwarts > LI_EntranceHall_EXT,/Game/Levels/Overland/Hogwarts/EntranceHall/LI_EntranceHall_EXT,,-9631.3,-30083.9,8294.6
SM_HW_CrocketDetail_A_2,StaticMeshActor,LV_Overland/Hogwarts/LI_Hogwarts/LevelInstances/EntranceHall/LI_EntranceHall_EXT/RENDER/Tower/SM_HW_CrocketDetail_A_2,B17552B9-4759-872C-3BC8-A584AAF5458B,1,DL_OVERLAND;DL_RENDER,DL_HW_EXT,LI_Hogwarts > LI_EntranceHall_EXT,/Game/Levels/Overland/Hogwarts/EntranceHall/LI_EntranceHall_EXT,,-10033.3,-30013.4,8663.2
SM_HW_CrocketDetail_A_3,StaticMeshActor,LV_Overland/Hogwarts/LI_Hogwarts/LevelInstances/EntranceHall/LI_EntranceHall_EXT/RENDER/Tower/SM_HW_CrocketDetail_A_3,02CDD05E-43BB-B703-5FE3-A29268CEF296,1,DL_OVERLAND;DL_RENDER,DL_HW_EXT,LI_Hogwarts > LI_EntranceHall_EXT,/Game/Levels/Overland/Hogwarts/EntranceHall/LI_EntranceHall_EXT,,-10088.9,-30003.6,8571.8
SM_HW_CrocketDetail_A_4,StaticMeshActor,LV_Overland/Hogwarts/LI_Hogwarts/LevelInstances/EntranceHall/LI_EntranceHall_EXT/RENDER/Tower/SM_HW_CrocketDetail_A_4,BD02ECA7-4E2F-542F-A7E5-30952330B79F,1,DL_OVERLAND;DL_RENDER,DL_HW_EXT,LI_Hogwarts > LI_EntranceHall_EXT,/Game/Levels/Overland/Hogwarts/EntranceHall/LI_EntranceHall_EXT,,-10142.1,-29994.2,8476.2
SM_HW_CrocketDetail_A_5,StaticMeshActor,LV_Overland/Hogwarts/LI_Hogwarts/LevelInstances/EntranceHall/LI_EntranceHall_EXT/RENDER/Tower/SM_HW_CrocketDetail_A_5,A412BDFF-4933-6328-A456-5DB6C8EB4274,1,DL_OVERLAND;DL_RENDER,DL_HW_EXT,LI_Hogwarts > LI_EntranceHall_EXT,/Game/Levels/Overland/Hogwarts/EntranceHall/LI_EntranceHall_EXT,,-10194.2,-29985.1,8387.2
SM_HW_CrocketDetail_A_6,StaticMeshActor,LV_Overland/Hogwarts/LI_Hogwarts/LevelInstances/EntranceHall/LI_EntranceHall_EXT/RENDER/Tower/SM_HW_CrocketDetail_A_6,FD1B56C0-46BA-FC54-643B-EAA06439778A,1,DL_OVERLAND;DL_RENDER,DL_HW_EXT,LI_Hogwarts > LI_EntranceHall_EXT,/Game/Levels/Overland/Hogwarts/EntranceHall/LI_EntranceHall_EXT,,-10238.1,-29977.3,8294.6
SM_HW_CrocketDetail_A_7,StaticMeshActor,LV_Overland/Hogwarts/LI_Hogwarts/LevelInstances/EntranceHall/LI_EntranceHall_EXT/RENDER/Tower/SM_HW_CrocketDetail_A_7,9CD8F24C-42C7-8CE2-8971-FE9C1C03EF8D,1,DL_OVERLAND;DL_RENDER,DL_HW_EXT,LI_Hogwarts > LI_EntranceHall_EXT,/Game/Levels/Overland/Hogwarts/EntranceHall/LI_EntranceHall_EXT,,-9891.9,-30038.0,8754.7
SM_HW_CrocketDetail_A_8,StaticMeshActor,LV_Overland/Hogwarts/LI_Hogwarts/LevelInstances/EntranceHall/LI_EntranceHall_EXT/RENDER/Tower/SM_HW_CrocketDetail_A_8,9195B16B-448C-A479-6923-9FB4F7ED6788,1,DL_OVERLAND;DL_RENDER,DL_HW_EXT,LI_Hogwarts > LI_EntranceHall_EXT,/Game/Levels/Overland/Hogwarts/EntranceHall/LI_EntranceHall_EXT,,-9846.9,-30045.9,8663.2
SM_HW_CrocketDetail_A_9,StaticMeshActor,LV_Overland/Hogwarts/LI_Hogwarts/LevelInstances/EntranceHall/LI_EntranceHall_EXT/RENDER/Tower/SM_HW_CrocketDetail_A_9,9AE2FE1C-41A0-2CFB-45CC-B1A0B360870D,1,DL_OVERLAND;DL_RENDER,DL_HW_EXT,LI_Hogwarts > LI_EntranceHall_EXT,/Game/Levels/Overland/Hogwarts/EntranceHall/LI_EntranceHall_EXT,,-9791.4,-30055.7,8571.8
SM_HW_EH_Buttress_B_Wall,StaticMeshActor,LV_Overland/Hogwarts/LI_Hogwarts/LevelInstances/EntranceHall/LI_EntranceHall_EXT/SM_HW_EH_Buttress_B_Wall,305A4E32-4036-4E91-6EA3-FCB913829B9A,1,DL_OVERLAND;DL_RENDER,DL_HW_EXT,LI_Hogwarts > LI_EntranceHall_EXT,/Game/Levels/Overland/Hogwarts/EntranceHall/LI_EntranceHall_EXT,,-10466.3,-29572.7,8168.8
SM_HW_EH_Buttress_B_Wall2,StaticMeshActor,LV_Overland/Hogwarts/LI_Hogwarts/LevelInstances/EntranceHall/LI_EntranceHall_EXT/SM_HW_EH_Buttress_B_Wall2,23222D71-46D6-166C-1E76-D391A0AF7262,1,DL_OVERLAND;DL_RENDER,DL_HW_EXT,LI_Hogwarts > LI_EntranceHall_EXT,/Game/Levels/Overland/Hogwarts/EntranceHall/LI_EntranceHall_EXT,,-9294.8,-29779.2,8168.8
SM_HW_EH_ColumnBase_Large_PartA,StaticMeshActor,LV_Overland/Hogwarts/LI_Hogwarts/LevelInstances/EntranceHall/LI_EntranceHall_EXT/SM_HW_EH_ColumnBase_Large_PartA,35FB3BCA-4683-111E-6F7A-8793A2DA3A39,1,DL_OVERLAND;DL_RENDER,DL_HW_EXT,LI_Hogwarts > LI_EntranceHall_EXT,/Game/Levels/Overland/Hogwarts/EntranceHall/LI_EntranceHall_EXT,,-8308.2,-28545.2,7315.0
SM_HW_EH_ColumnBase_Large_PartA2,StaticMeshActor,LV_Overland/Hogwarts/LI_Hogwarts/LevelInstances/EntranceHall/LI_EntranceHall_EXT/SM_HW_EH_ColumnBase_Large_PartA2,B22E9C28-466C-5C0D-ADF6-91AE800528EF,1,DL_OVERLAND;DL_RENDER,DL_HW_EXT,LI_Hogwarts > LI_EntranceHall_EXT,/Game/Levels/Overland/Hogwarts/EntranceHall/LI_EntranceHall_EXT,,-8164.8,-27731.1,7315.0
SM_HW_EH_ColumnBase_Large_PartA3,StaticMeshActor,LV_Overland/Hogwarts/LI_Hogwarts/LevelInstances/EntranceHall/LI_EntranceHall_EXT/SM_HW_EH_ColumnBase_Large_PartA3,14C0F906-4605-7886-CE2C-819A18DE6CB5,1,DL_OVERLAND;DL_RENDER,DL_HW_EXT,LI_Hogwarts > LI_EntranceHall_EXT,/Game/Levels/Overland/Hogwarts/EntranceHall/LI_EntranceHall_EXT,,-8446.2,-29326.6,7315.0
SM_HW_EH_ColumnBase_Large_PartA4,StaticMeshActor,LV_Overland/Hogwarts/LI_Hogwarts/LevelInstances/EntranceHall/LI_EntranceHall_EXT/SM_HW_EH_ColumnBase_Large_PartA4,CCEF2DC2-4504-9B7D-D5F9-34BDE61BE3F7,1,DL_OVERLAND;DL_RENDER,DL_HW_EXT,LI_Hogwarts > LI_EntranceHall_EXT,/Game/Levels/Overland/Hogwarts/EntranceHall/LI_EntranceHall_EXT,,-11105.0,-28857.4,7315.0
SM_HW_EH_ColumnBase_Large_PartA5,StaticMeshActor,LV_Overland/Hogwarts/LI_Hogwarts/LevelInstances/EntranceHall/LI_EntranceHall_EXT/SM_HW_EH_ColumnBase_Large_PartA5,94735E5C-43BD-D50A-C12A-7B8099663C62,1,DL_OVERLAND;DL_RENDER,DL_HW_EXT,LI_Hogwarts > LI_EntranceHall_EXT,/Game/Levels/Overland/Hogwarts/EntranceHall/LI_EntranceHall_EXT,,-10967.1,-28076.4,7315.0
SM_HW_EH_ColumnBase_Large_PartA6,StaticMeshActor,LV_Overland/Hogwarts/LI_Hogwarts/LevelInstances/EntranceHall/LI_EntranceHall_EXT/SM_HW_EH_ColumnBase_Large_PartA6,79559D7A-4826-4F3C-E311-0CAFD82999EC,1,DL_OVERLAND;DL_RENDER,DL_HW_EXT,LI_Hogwarts > LI_EntranceHall_EXT,/Game/Levels/Overland/Hogwarts/EntranceHall/LI_EntranceHall_EXT,,-9333.0,-30038.2,7315.0
SM_HW_EH_ColumnBase_Large_PartA7,StaticMeshActor,LV_Overland/Hogwarts/LI_Hogwarts/LevelInstances/EntranceHall/LI_EntranceHall_EXT/SM_HW_EH_ColumnBase_Large_PartA7,837D27E9-4203-424C-340F-C8B304AAA5E0,1,DL_OVERLAND;DL_RENDER,DL_HW_EXT,LI_Hogwarts > LI_EntranceHall_EXT,/Game/Levels/Overland/Hogwarts/EntranceHall/LI_EntranceHall_EXT,,-10515.0,-29829.9,7315.0
SM_HW_EH_ColumnBase_Large_PartB,StaticMeshActor,LV_Overland/Hogwarts/LI_Hogwarts/LevelInstances/EntranceHall/LI_EntranceHall_EXT/SM_HW_EH_ColumnBase_Large_PartB,4B4F9375-4FD2-CA7A-AE3B-4EADAAF0C460,1,DL_OVERLAND;DL_RENDER,DL_HW_EXT,LI_Hogwarts > LI_EntranceHall_EXT,/Game/Levels/Overland/Hogwarts/EntranceHall/LI_EntranceHall_EXT,,-11105.1,-28857.6,7365.9
SM_HW_EH_ColumnBase_Large_PartB2,StaticMeshActor,LV_Overland/Hogwarts/LI_Hogwarts/LevelInstances/EntranceHall/LI_EntranceHall_EXT/SM_HW_EH_ColumnBase_Large_PartB2,1E7A3AB2-4D07-5192-84B9-008E930F0617,1,DL_OVERLAND;DL_RENDER,DL_HW_EXT,LI_Hogwarts > LI_EntranceHall_EXT,/Game/Levels/Overland/Hogwarts/EntranceHall/LI_EntranceHall_EXT,,-8164.8,-27731.3,7365.9
SM_HW_EH_ColumnBase_Large_PartB3,StaticMeshActor,LV_Overland/Hogwarts/LI_Hogwarts/LevelInstances/EntranceHall/LI_EntranceHall_EXT/SM_HW_EH_ColumnBase_Large_PartB3,1114F396-4AC1-982F-8CE4-19BC93D51B29,1,DL_OVERLAND;DL_RENDER,DL_HW_EXT,LI_Hogwarts > LI_EntranceHall_EXT,/Game/Levels/Overland/Hogwarts/EntranceHall/LI_EntranceHall_EXT,,-8308.3,-28545.2,7365.9
SM_HW_EH_ColumnBase_Large_PartB4,StaticMeshActor,LV_Overland/Hogwarts/LI_Hogwarts/LevelInstances/EntranceHall/LI_EntranceHall_EXT/SM_HW_EH_ColumnBase_Large_PartB4,AB723F3F-44B8-E29F-14EF-59BA8F429229,1,DL_OVERLAND;DL_RENDER,DL_HW_EXT,LI_Hogwarts > LI_EntranceHall_EXT,/Game/Levels/Overland/Hogwarts/EntranceHall/LI_EntranceHall_EXT,,-8446.1,-29326.4,7365.9
SM_HW_EH_ColumnBase_Large_PartB5,StaticMeshActor,LV_Overland/Hogwarts/LI_Hogwarts/LevelInstances/EntranceHall/LI_EntranceHall_EXT/SM_HW_EH_ColumnBase_Large_PartB5,EEB6C66C-444C-722B-CC3A-72975CE75210,1,DL_OVERLAND;DL_RENDER,DL_HW_EXT,LI_Hogwarts > LI_EntranceHall_EXT,/Game/Levels/Overland/Hogwarts/EntranceHall/LI_EntranceHall_EXT,,-9333.2,-30038.1,7365.9
SM_HW_EH_ColumnBase_Large_PartB6,StaticMeshActor,LV_Overland/Hogwarts/LI_Hogwarts/LevelInstances/EntranceHall/LI_EntranceHall_EXT/SM_HW_EH_ColumnBase_Large_PartB6,6E783054-4616-63BA-1105-349D36886329,1,DL_OVERLAND;DL_RENDER,DL_HW_EXT,LI_Hogwarts > LI_EntranceHall_EXT,/Game/Levels/Overland/Hogwarts/EntranceHall/LI_EntranceHall_EXT,,-10514.9,-29829.7,7365.9
SM_HW_EH_ColumnBase_Large_PartB7,StaticMeshActor,LV_Overland/Hogwarts/LI_Hogwarts/LevelInstances/EntranceHall/LI_EntranceHall_EXT/SM_HW_EH_ColumnBase_Large_PartB7,282B0D61-4860-306D-CB31-9D976BFA93F1,1,DL_OVERLAND;DL_RENDER,DL_HW_EXT,LI_Hogwarts > LI_EntranceHall_EXT,/Game/Levels/Overland/Hogwarts/EntranceHall/LI_EntranceHall_EXT,,-10967.3,-28076.3,7365.9
SM_HW_EH_ColumnBase_Large_PartC,StaticMeshActor,LV_Overland/Hogwarts/LI_Hogwarts/LevelInstances/EntranceHall/LI_EntranceHall_EXT/SM_HW_EH_ColumnBase_Large_PartC,52C33A73-47A8-01A5-81F1-51918C48CADD,1,DL_OVERLAND;DL_RENDER,DL_HW_EXT,LI_Hogwarts > LI_EntranceHall_EXT,/Game/Levels/Overland/Hogwarts/EntranceHall/LI_EntranceHall_EXT,,-8308.4,-28545.2,7406.5
SM_HW_EH_ColumnBase_Large_PartC2,StaticMeshActor,LV_Overland/Hogwarts/LI_Hogwarts/LevelInstances/EntranceHall/LI_EntranceHall_EXT/SM_HW_EH_ColumnBase_Large_PartC2,B0FCB9E0-4CEB-B2D6-1C76-65A889A5C8CD,1,DL_OVERLAND;DL_RENDER,DL_HW_EXT,LI_Hogwarts > LI_EntranceHall_EXT,/Game/Levels/Overland/Hogwarts/EntranceHall/LI_EntranceHall_EXT,,-8164.9,-27731.3,7406.5
SM_HW_EH_ColumnBase_Large_PartC3,StaticMeshActor,LV_Overland/Hogwarts/LI_Hogwarts/LevelInstances/EntranceHall/LI_EntranceHall_EXT/SM_HW_EH_ColumnBase_Large_PartC3,70DF7710-4E83-3CFD-F310-FC939EB9B664,1,DL_OVERLAND;DL_RENDER,DL_HW_EXT,LI_Hogwarts > LI_EntranceHall_EXT,/Game/Levels/Overland/Hogwarts/EntranceHall/LI_EntranceHall_EXT,,-8446.1,-29326.4,7406.5
SM_HW_EH_ColumnBase_Large_PartC4,StaticMeshActor,LV_Overland/Hogwarts/LI_Hogwarts/LevelInstances/EntranceHall/LI_EntranceHall_EXT/SM_HW_EH_ColumnBase_Large_PartC4,494005A6-4B20-743B-3D9E-D89774AEC8CE,1,DL_OVERLAND;DL_RENDER,DL_HW_EXT,LI_Hogwarts > LI_EntranceHall_EXT,/Game/Levels/Overland/Hogwarts/EntranceHall/LI_EntranceHall_EXT,,-9333.2,-30038.1,7406.5
SM_HW_EH_ColumnBase_Large_PartC5,StaticMeshActor,LV_Overland/Hogwarts/LI_Hogwarts/LevelInstances/EntranceHall/LI_EntranceHall_EXT/SM_HW_EH_ColumnBase_Large_PartC5,3C73CDA2-4F64-3C81-DBA2-F19869ABA536,1,DL_OVERLAND;DL_RENDER,DL_HW_EXT,LI_Hogwarts > LI_EntranceHall_EXT,/Game/Levels/Overland/Hogwarts/EntranceHall/LI_EntranceHall_EXT,,-10514.9,-29829.7,7406.5
SM_HW_EH_ColumnBase_Large_PartC6,StaticMeshActor,LV_Overland/Hogwarts/LI_Hogwarts/LevelInstances/EntranceHall/LI_EntranceHall_EXT/SM_HW_EH_ColumnBase_Large_PartC6,38EA1BD2-44EA-C4DA-D5DD-2C8C28563EC4,1,DL_OVERLAND;DL_RENDER,DL_HW_EXT,LI_Hogwarts > LI_EntranceHall_EXT,/Game/Levels/Overland/Hogwarts/EntranceHall/LI_EntranceHall_EXT,,-11105.1,-28857.6,7406.5
SM_HW_EH_ColumnBase_Large_PartC7,StaticMeshActor,LV_Overland/Hogwarts/LI_Hogwarts/LevelInstances/EntranceHall/LI_EntranceHall_EXT/SM_HW_EH_ColumnBase_Large_PartC7,B9146C3E-4371-F4C9-8C22-208F26820D5F,1,DL_OVERLAND;DL_RENDER,DL_HW_EXT,LI_Hogwarts > LI_EntranceHall_EXT,/Game/Levels/Overland/Hogwarts/EntranceHall/LI_EntranceHall_EXT,,-10967.3,-28076.3,7406.5
SM_HW_EH_ColumnBase_Large_PartD,StaticMeshActor,LV_Overland/Hogwarts/LI_Hogwarts/LevelInstances/EntranceHall/LI_EntranceHall_EXT/SM_HW_EH_ColumnBase_Large_PartD,94DBED3E-4996-86FB-30D1-9581E71A084F,1,DL_OVERLAND;DL_RENDER,DL_HW_EXT,LI_Hogwarts > LI_EntranceHall_EXT,/Game/Levels/Overland/Hogwarts/EntranceHall/LI_EntranceHall_EXT,,-10514.9,-29829.7,7300.0
SM_HW_EH_ColumnBase_Large_PartD2,StaticMeshActor,LV_Overland/Hogwarts/LI_Hogwarts/LevelInstances/EntranceHall/LI_EntranceHall_EXT/SM_HW_EH_ColumnBase_Large_PartD2,36AD98FB-4206-B321-A63E-82A536C37C41,1,DL_OVERLAND;DL_RENDER,DL_HW_EXT,LI_Hogwarts > LI_EntranceHall_EXT,/Game/Levels/Overland/Hogwarts/EntranceHall/LI_EntranceHall_EXT,,-8446.1,-29326.4,7300.0
SM_HW_EH_ColumnBase_Large_PartE,StaticMeshActor,LV_Overland/Hogwarts/LI_Hogwarts/LevelInstances/EntranceHall/LI_EntranceHall_EXT/SM_HW_EH_ColumnBase_Large_PartE,03F9B149-4D69-5882-39FD-2F8F7CE0F793,1,DL_OVERLAND;DL_RENDER,DL_HW_EXT,LI_Hogwarts > LI_EntranceHall_EXT,/Game/Levels/Overland/Hogwarts/EntranceHall/LI_EntranceHall_EXT,,-9333.2,-30038.1,7300.0
SM_HW_EH_ColumnBase_Large_PartF,StaticMeshActor,LV_Overland/Hogwarts/LI_Hogwarts/LevelInstances/EntranceHall/LI_EntranceHall_EXT/SM_HW_EH_ColumnBase_Large_PartF,1BA1EE24-4FAA-E919-135E-D380DA345C23,1,DL_OVERLAND;DL_RENDER,DL_HW_EXT,LI_Hogwarts > LI_EntranceHall_EXT,/Game/Levels/Overland/Hogwarts/EntranceHall/LI_EntranceHall_EXT,,-10514.9,-29829.7,7300.0
SM_HW_EH_ColumnBase_Large_PartG,StaticMeshActor,LV_Overland/Hogwarts/LI_Hogwarts/LevelInstances/EntranceHall/LI_EntranceHall_EXT/SM_HW_EH_ColumnBase_Large_PartG,E92BBF85-4BF7-153B-F008-48B1933BFFC6,1,DL_OVERLAND;DL_RENDER,DL_HW_EXT,LI_Hogwarts > LI_EntranceHall_EXT,/Game/Levels/Overland/Hogwarts/EntranceHall/LI_EntranceHall_EXT,,-9333.2,-30038.1,7300.0
SM_HW_EH_Column_LG_A,StaticMeshActor,LV_Overland/Hogwarts/LI_Hogwarts/LevelInstances/EntranceHall/LI_EntranceHall_EXT/RENDER/SM_HW_EH_Column_LG_A,6F560B13-4357-3491-1A4F-3A8B7460298D,1,DL_OVERLAND;DL_RENDER,DL_HW_EXT,LI_Hogwarts > LI_EntranceHall_EXT,/Game/Levels/Overland/Hogwarts/EntranceHall/LI_EntranceHall_EXT,,-11109.5,-28856.7,8394.3
SM_HW_EH_Column_LG_A10,StaticMeshActor,LV_Overland/Hogwarts/LI_Hogwarts/LevelInstances/EntranceHall/LI_EntranceHall_EXT/RENDER/SM_HW_EH_Column_LG_A10,DBEF4A6E-4DB3-E7CE-5CC2-EB99A2130656,1,DL_OVERLAND;DL_RENDER,DL_HW_EXT,LI_Hogwarts > LI_EntranceHall_EXT,/Game/Levels/Overland/Hogwarts/EntranceHall/LI_EntranceHall_EXT,,-10510.5,-29830.6,8394.3
SM_HW_EH_Column_LG_A11,StaticMeshActor,LV_Overland/Hogwarts/LI_Hogwarts/LevelInstances/EntranceHall/LI_EntranceHall_EXT/RENDER/SM_HW_EH_Column_LG_A11,C3782613-45BB-D0BD-A252-EEAC87DCFFF5,1,DL_OVERLAND;DL_RENDER,DL_HW_EXT,LI_Hogwarts > LI_EntranceHall_EXT,/Game/Levels/Overland/Hogwarts/EntranceHall/LI_EntranceHall_EXT,,-9332.3,-30033.7,8394.3
SM_HW_EH_Column_LG_A13,StaticMeshActor,LV_Overland/Hogwarts/LI_Hogwarts/LevelInstances/EntranceHall/LI_EntranceHall_EXT/RENDER/SM_HW_EH_Column_LG_A13,92F0E85D-4A09-112F-B37A-BEAF3888793A,1,DL_OVERLAND;DL_RENDER,DL_HW_EXT,LI_Hogwarts > LI_EntranceHall_EXT,/Game/Levels/Overland/Hogwarts/EntranceHall/LI_EntranceHall_EXT,,-10423.8,-29313.5,8664.7
SM_HW_EH_Column_LG_A14,StaticMeshActor,LV_Overland/Hogwarts/LI_Hogwarts/LevelInstances/EntranceHall/LI_EntranceHall_EXT/RENDER/SM_HW_EH_Column_LG_A14,90ADBA0B-43F9-F1B9-ADD4-8EA151E84B94,1,DL_OVERLAND;DL_RENDER,DL_HW_EXT,LI_Hogwarts > LI_EntranceHall_EXT,/Game/Levels/Overland/Hogwarts/EntranceHall/LI_EntranceHall_EXT,,-9242.0,-29521.9,8664.7
SM_HW_EH_Column_LG_A2,StaticMeshActor,LV_Overland/Hogwarts/LI_Hogwarts/LevelInstances/EntranceHall/LI_EntranceHall_EXT/RENDER/SM_HW_EH_Column_LG_A2,F35E991B-419D-07E7-B763-6AACD2F220B7,1,DL_OVERLAND;DL_RENDER,DL_HW_EXT,LI_Hogwarts > LI_EntranceHall_EXT,/Game/Levels/Overland/Hogwarts/EntranceHall/LI_EntranceHall_EXT,,-10966.4,-28071.9,8394.3
SM_HW_EH_Column_LG_A20,StaticMeshActor,LV_Overland/Hogwarts/LI_Hogwarts/LevelInstances/EntranceHall/LI_EntranceHall_EXT/RENDER/SM_HW_EH_Column_LG_A20,0774F349-49FA-2AA3-23AB-68A12BD6CD21,1,DL_OVERLAND;DL_RENDER,DL_HW_EXT,LI_Hogwarts > LI_EntranceHall_EXT,/Game/Levels/Overland/Hogwarts/EntranceHall/LI_EntranceHall_EXT,,-8441.7,-29327.3,8394.3
SM_HW_EH_Column_LG_A24,StaticMeshActor,LV_Overland/Hogwarts/LI_Hogwarts/LevelInstances/EntranceHall/LI_EntranceHall_EXT/RENDER/SM_HW_EH_Column_LG_A24,DF9EBC68-4D2E-9667-181E-F996E289C5DB,1,DL_OVERLAND;DL_RENDER,DL_HW_EXT,LI_Hogwarts > LI_EntranceHall_EXT,/Game/Levels/Overland/Hogwarts/EntranceHall/LI_EntranceHall_EXT,,-12936.8,-26890.0,8394.3
SM_HW_EH_Column_LG_A3,StaticMeshActor,LV_Overland/Hogwarts/LI_Hogwarts/LevelInstances/EntranceHall/LI_EntranceHall_EXT/RENDER/SM_HW_EH_Column_LG_A3,DBDE0587-4416-9108-3161-C59A04DE06B6,1,DL_OVERLAND;DL_RENDER,DL_HW_EXT,LI_Hogwarts > LI_EntranceHall_EXT,/Game/Levels/Overland/Hogwarts/EntranceHall/LI_EntranceHall_EXT,,-10819.4,-27263.3,8394.3
SM_HW_EH_Column_LG_A5,StaticMeshActor,LV_Overland/Hogwarts/LI_Hogwarts/LevelInstances/EntranceHall/LI_EntranceHall_EXT/RENDER/SM_HW_EH_Column_LG_A5,509C86D8-4511-8189-185D-ED8E74E02C90,1,DL_OVERLAND;DL_RENDER,DL_HW_EXT,LI_Hogwarts > LI_EntranceHall_EXT,/Game/Levels/Overland/Hogwarts/EntranceHall/LI_EntranceHall_EXT,,-8307.5,-28540.8,8394.3
SM_HW_EH_Column_LG_A6,StaticMeshActor,LV_Overland/Hogwarts/LI_Hogwarts/LevelInstances/EntranceHall/LI_EntranceHall_EXT/RENDER/SM_HW_EH_Column_LG_A6,629B8276-4D71-4A46-E800-4987239A50BE,1,DL_OVERLAND;DL_RENDER,DL_HW_EXT,LI_Hogwarts > LI_EntranceHall_EXT,/Game/Levels/Overland/Hogwarts/EntranceHall/LI_EntranceHall_EXT,,-8169.2,-27730.4,8394.3
SM_HW_EH_Column_LG_A7,StaticMeshActor,LV_Overland/Hogwarts/LI_Hogwarts/LevelInstances/EntranceHall/LI_EntranceHall_EXT/RENDER/SM_HW_EH_Column_LG_A7,E7CC8185-4D39-6A83-5EE3-45BE943036E1,1,DL_OVERLAND;DL_RENDER,DL_HW_EXT,LI_Hogwarts > LI_EntranceHall_EXT,/Game/Levels/Overland/Hogwarts/EntranceHall/LI_EntranceHall_EXT,,-8018.9,-26904.5,8394.3
SM_HW_EH_Column_LG_A8,StaticMeshActor,LV_Overland/Hogwarts/LI_Hogwarts/LevelInstances/EntranceHall/LI_EntranceHall_EXT/RENDER/SM_HW_EH_Column_LG_A8,86474AE0-4BEF-D451-BF07-F790DF4FB570,1,DL_OVERLAND;DL_RENDER,DL_HW_EXT,LI_Hogwarts > LI_EntranceHall_EXT,/Game/Levels/Overland/Hogwarts/EntranceHall/LI_EntranceHall_EXT,,-11561.5,-27127.8,8394.3
SM_HW_EH_Column_LG_A9,StaticMeshActor,LV_Overland/Hogwarts/LI_Hogwarts/LevelInstances/EntranceHall/LI_EntranceHall_EXT/RENDER/SM_HW_EH_Column_LG_A9,750048CD-4F56-4234-07AB-2FACE600F1B0,1,DL_OVERLAND;DL_RENDER,DL_HW_EXT,LI_Hogwarts > LI_EntranceHall_EXT,/Game/Levels/Overland/Hogwarts/EntranceHall/LI_EntranceHall_EXT,,-12256.2,-27009.8,8394.3
SM_HW_EH_Crenels_A_End_A10,StaticMeshActor,LV_Overland/Hogwarts/LI_Hogwarts/LevelInstances/EntranceHall/LI_EntranceHall_EXT/RENDER/SM_HW_EH_Crenels_A_End_A10,B0749615-4F77-60FF-4929-0697A7303EDA,1,DL_OVERLAND;DL_RENDER,DL_HW_EXT,LI_Hogwarts > LI_EntranceHall_EXT,/Game/Levels/Overland/Hogwarts/EntranceHall/LI_EntranceHall_EXT,,-8693.6,-28922.5,9533.0
SM_HW_EH_Crenels_A_End_A11,StaticMeshActor,LV_Overland/Hogwarts/LI_Hogwarts/LevelInstances/EntranceHall/LI_EntranceHall_EXT/RENDER/SM_HW_EH_Crenels_A_End_A11,D892629D-4843-D531-4C19-BB8EAD5B1AA1,1,DL_OVERLAND;DL_RENDER,DL_HW_EXT,LI_Hogwarts > LI_EntranceHall_EXT,/Game/Levels/Overland/Hogwarts/EntranceHall/LI_EntranceHall_EXT,,-8606.7,-28430.1,9533.0
SM_HW_EH_Crenels_A_End_A12,StaticMeshActor,LV_Overland/Hogwarts/LI_Hogwarts/LevelInstances/EntranceHall/LI_EntranceHall_EXT/RENDER/SM_HW_EH_Crenels_A_End_A12,13616AE6-4391-5625-A07E-399A37D5E7EB,1,DL_OVERLAND;DL_RENDER,DL_HW_EXT,LI_Hogwarts > LI_EntranceHall_EXT,/Game/Levels/Overland/Hogwarts/EntranceHall/LI_EntranceHall_EXT,,-8520.8,-27937.5,9533.0
SM_HW_EH_Crenels_A_End_A13,StaticMeshActor,LV_Overland/Hogwarts/LI_Hogwarts/LevelInstances/EntranceHall/LI_EntranceHall_EXT/RENDER/SM_HW_EH_Crenels_A_End_A13,740E1BBB-408D-1B74-C154-229E5222D907,1,DL_OVERLAND;DL_RENDER,DL_HW_EXT,LI_Hogwarts > LI_EntranceHall_EXT,/Game/Levels/Overland/Hogwarts/EntranceHall/LI_EntranceHall_EXT,,-8456.5,-27441.1,9533.0
SM_HW_EH_Crenels_A_End_A14,StaticMeshActor,LV_Overland/Hogwarts/LI_Hogwarts/LevelInstances/EntranceHall/LI_EntranceHall_EXT/RENDER/SM_HW_EH_Crenels_A_End_A14,816F4DB4-4F23-5206-FED2-0099545ACB99,1,DL_OVERLAND;DL_RENDER,DL_HW_EXT,LI_Hogwarts > LI_EntranceHall_EXT,/Game/Levels/Overland/Hogwarts/EntranceHall/LI_EntranceHall_EXT,,-10495.3,-27206.4,9533.0
SM_HW_EH_Crenels_A_End_A19,StaticMeshActor,LV_Overland/Hogwarts/LI_Hogwarts/LevelInstances/EntranceHall/LI_EntranceHall_EXT/RENDER/SM_HW_EH_Crenels_A_End_A19,AA71C4C2-4D81-EB83-25D2-95BDAE325ECC,1,DL_OVERLAND;DL_RENDER,DL_HW_EXT,LI_Hogwarts > LI_EntranceHall_EXT,/Game/Levels/Overland/Hogwarts/EntranceHall/LI_EntranceHall_EXT,,-10562.5,-27587.4,9533.0
SM_HW_EH_Crenels_A_End_A20,StaticMeshActor,LV_Overland/Hogwarts/LI_Hogwarts/LevelInstances/EntranceHall/LI_EntranceHall_EXT/RENDER/SM_HW_EH_Crenels_A_End_A20,60B7D07C-49AA-9781-AD5C-02B4AE225C1D,1,DL_OVERLAND;DL_RENDER,DL_HW_EXT,LI_Hogwarts > LI_EntranceHall_EXT,/Game/Levels/Overland/Hogwarts/EntranceHall/LI_EntranceHall_EXT,,-10630.2,-27971.7,9533.0
SM_HW_EH_Crenels_A_End_A21,StaticMeshActor,LV_Overland/Hogwarts/LI_Hogwarts/LevelInstances/EntranceHall/LI_EntranceHall_EXT/RENDER/SM_HW_EH_Crenels_A_End_A21,B3E5D58C-469D-7D1F-7C49-D7869A3CF5EE,1,DL_OVERLAND;DL_RENDER,DL_HW_EXT,LI_Hogwarts > LI_EntranceHall_EXT,/Game/Levels/Overland/Hogwarts/EntranceHall/LI_EntranceHall_EXT,,-10699.7,-28365.7,9533.0
SM_HW_EH_Crenels_A_End_A22,StaticMeshActor,LV_Overland/Hogwarts/LI_Hogwarts/LevelInstances/EntranceHall/LI_EntranceHall_EXT/RENDER/SM_HW_EH_Crenels_A_End_A22,3B36036A-4194-91EC-7410-31BE394DC44E,1,DL_OVERLAND;DL_RENDER,DL_HW_EXT,LI_Hogwarts > LI_EntranceHall_EXT,/Game/Levels/Overland/Hogwarts/EntranceHall/LI_EntranceHall_EXT,,-10769.1,-28759.6,9533.0
SM_HW_EH_Crenels_A_End_A23,StaticMeshActor,LV_Overland/Hogwarts/LI_Hogwarts/LevelInstances/EntranceHall/LI_EntranceHall_EXT/RENDER/SM_HW_EH_Crenels_A_End_A23,E1541519-476E-6FE1-569F-28A434834480,1,DL_OVERLAND;DL_RENDER,DL_HW_EXT,LI_Hogwarts > LI_EntranceHall_EXT,/Game/Levels/Overland/Hogwarts/EntranceHall/LI_EntranceHall_EXT,,-11079.0,-26406.2,9527.3
SM_HW_EH_Crenels_A_End_A24,StaticMeshActor,LV_Overland/Hogwarts/LI_Hogwarts/LevelInstances/EntranceHall/LI_EntranceHall_EXT/RENDER/SM_HW_EH_Crenels_A_End_A24,112CA7F4-4BC5-7C5B-E83E-239B0C0E2E87,1,DL_OVERLAND;DL_RENDER,DL_HW_EXT,LI_Hogwarts > LI_EntranceHall_EXT,/Game/Levels/Overland/Hogwarts/EntranceHall/LI_EntranceHall_EXT,,-11768.4,-26284.6,9527.3
SM_HW_EH_Crenels_A_End_A25,StaticMeshActor,LV_Overland/Hogwarts/LI_Hogwarts/LevelInstances/EntranceHall/LI_EntranceHall_EXT/RENDER/SM_HW_EH_Crenels_A_End_A25,AAACCE1D-44B2-820C-32DC-D981CF667585,1,DL_OVERLAND;DL_RENDER,DL_HW_EXT,LI_Hogwarts > LI_EntranceHall_EXT,/Game/Levels/Overland/Hogwarts/EntranceHall/LI_EntranceHall_EXT,,-12457.7,-26163.1,9527.3
SM_HW_EH_Crenels_A_End_A26,StaticMeshActor,LV_Overland/Hogwarts/LI_Hogwarts/LevelInstances/EntranceHall/LI_EntranceHall_EXT/RENDER/SM_HW_EH_Crenels_A_End_A26,109AA8CD-48DC-B5B3-8EE8-54A9D0788875,1,DL_OVERLAND;DL_RENDER,DL_HW_EXT,LI_Hogwarts > LI_EntranceHall_EXT,/Game/Levels/Overland/Hogwarts/EntranceHall/LI_EntranceHall_EXT,,-10389.6,-26527.7,9527.3
SM_HW_EH_Crenels_A_End_A27,StaticMeshActor,LV_Overland/Hogwarts/LI_Hogwarts/LevelInstances/EntranceHall/LI_EntranceHall_EXT/RENDER/SM_HW_EH_Crenels_A_End_A27,C7B2C726-4390-747D-2F0A-22A9AAFD3E85,1,DL_OVERLAND;DL_RENDER,DL_HW_EXT,LI_Hogwarts > LI_EntranceHall_EXT,/Game/Levels/Overland/Hogwarts/EntranceHall/LI_EntranceHall_EXT,,-10378.4,-26543.8,9533.0
SM_HW_EH_Crenels_A_End_A28,StaticMeshActor,LV_Overland/Hogwarts/LI_Hogwarts/LevelInstances/EntranceHall/LI_EntranceHall_EXT/RENDER/SM_HW_EH_Crenels_A_End_A28,3D014399-4D65-7BC8-2274-2EAB75A9BD36,1,DL_OVERLAND;DL_RENDER,DL_HW_EXT,LI_Hogwarts > LI_EntranceHall_EXT,/Game/Levels/Overland/Hogwarts/EntranceHall/LI_EntranceHall_EXT,,-8368.6,-26955.4,9533.0
SM_HW_EH_Crenels_A_End_A3,StaticMeshActor,LV_Overland/Hogwarts/LI_Hogwarts/LevelInstances/EntranceHall/LI_EntranceHall_EXT/RENDER/SM_HW_EH_Crenels_A_End_A3,E5E1CF6D-46EE-902E-0AFC-81935F2E8012,1,DL_OVERLAND;DL_RENDER,DL_HW_EXT,LI_Hogwarts > LI_EntranceHall_EXT,/Game/Levels/Overland/Hogwarts/EntranceHall/LI_EntranceHall_EXT,,-11026.4,-28511.4,9368.6
SM_HW_EH_Crenels_A_End_A8,StaticMeshActor,LV_Overland/Hogwarts/LI_Hogwarts/LevelInstances/EntranceHall/LI_EntranceHall_EXT/RENDER/SM_HW_EH_Crenels_A_End_A8,6DA143A0-4BDF-65C8-ECE2-97B829A1808C,1,DL_OVERLAND;DL_RENDER,DL_HW_EXT,LI_Hogwarts > LI_EntranceHall_EXT,/Game/Levels/Overland/Hogwarts/EntranceHall/LI_EntranceHall_EXT,,-10876.0,-27658.5,9368.6
SM_HW_EH_DoorFrame_Arch_A_1,StaticMeshActor,LV_Overland/Hogwarts/LI_Hogwarts/LevelInstances/EntranceHall/LI_EntranceHall_EXT/RENDER/Porch/SM_HW_EH_DoorFrame_Arch_A_1,3F831D0D-4DD3-C778-6C19-2B8D5B98BA6B,1,DL_OVERLAND;DL_RENDER,DL_HW_EXT,LI_Hogwarts > LI_EntranceHall_EXT,/Game/Levels/Overland/Hogwarts/EntranceHall/LI_EntranceHall_EXT,,-9775.4,-29089.3,8265.2
SM_HW_EH_DoorFrame_BaseColumn_A_1,StaticMeshActor,LV_Overland/Hogwarts/LI_Hogwarts/LevelInstances/EntranceHall/LI_EntranceHall_EXT/RENDER/Porch/SM_HW_EH_DoorFrame_BaseColumn_A_1,10C184F6-4F9E-5402-C4EB-4FACF94B6AB4,1,DL_OVERLAND;DL_RENDER,DL_HW_EXT,LI_Hogwarts > LI_EntranceHall_EXT,/Game/Levels/Overland/Hogwarts/EntranceHall/LI_EntranceHall_EXT,,-9465.3,-29515.4,7436.8
SM_HW_EH_DoorFrame_BaseColumn_A_10,StaticMeshActor,LV_Overland/Hogwarts/LI_Hogwarts/LevelInstances/EntranceHall/LI_EntranceHall_EXT/RENDER/Porch/SM_HW_EH_DoorFrame_BaseColumn_A_10,43661DD8-43BC-AA1E-D9EE-8EA4189E426E,1,DL_OVERLAND;DL_RENDER,DL_HW_EXT,LI_Hogwarts > LI_EntranceHall_EXT,/Game/Levels/Overland/Hogwarts/EntranceHall/LI_EntranceHall_EXT,,-10204.8,-29352.7,7436.8
SM_HW_EH_DoorFrame_BaseColumn_A_11,StaticMeshActor,LV_Overland/Hogwarts/LI_Hogwarts/LevelInstances/EntranceHall/LI_EntranceHall_EXT/RENDER/Porch/SM_HW_EH_DoorFrame_BaseColumn_A_11,CBBA54E5-421E-393A-CB53-12A128DC699B,1,DL_OVERLAND;DL_RENDER,DL_HW_EXT,LI_Hogwarts > LI_EntranceHall_EXT,/Game/Levels/Overland/Hogwarts/EntranceHall/LI_EntranceHall_EXT,,-10183.2,-29230.2,7436.8
SM_HW_EH_DoorFrame_BaseColumn_A_12,StaticMeshActor,LV_Overland/Hogwarts/LI_Hogwarts/LevelInstances/EntranceHall/LI_EntranceHall_EXT/RENDER/Porch/SM_HW_EH_DoorFrame_BaseColumn_A_12,0EF40115-41C8-F934-925B-B3B54252169C,1,DL_OVERLAND;DL_RENDER,DL_HW_EXT,LI_Hogwarts > LI_EntranceHall_EXT,/Game/Levels/Overland/Hogwarts/EntranceHall/LI_EntranceHall_EXT,,-10161.4,-29106.5,7436.8
SM_HW_EH_DoorFrame_BaseColumn_A_13,StaticMeshActor,LV_Overland/Hogwarts/LI_Hogwarts/LevelInstances/EntranceHall/LI_EntranceHall_EXT/RENDER/Porch/SM_HW_EH_DoorFrame_BaseColumn_A_13,05772E77-4B26-5B5D-62C8-92BDFFD49E68,1,DL_OVERLAND;DL_RENDER,DL_HW_EXT,LI_Hogwarts > LI_EntranceHall_EXT,/Game/Levels/Overland/Hogwarts/EntranceHall/LI_EntranceHall_EXT,,-9459.5,-29482.9,7436.8
SM_HW_EH_DoorFrame_BaseColumn_A_14,StaticMeshActor,LV_Overland/Hogwarts/LI_Hogwarts/LevelInstances/EntranceHall/LI_EntranceHall_EXT/RENDER/Porch/SM_HW_EH_DoorFrame_BaseColumn_A_14,85EBB5D4-4135-8E69-A280-40BDCF46BF71,1,DL_OVERLAND;DL_RENDER,DL_HW_EXT,LI_Hogwarts > LI_EntranceHall_EXT,/Game/Levels/Overland/Hogwarts/EntranceHall/LI_EntranceHall_EXT,,-9438.3,-29362.3,7436.8
SM_HW_EH_DoorFrame_BaseColumn_A_15,StaticMeshActor,LV_Overland/Hogwarts/LI_Hogwarts/LevelInstances/EntranceHall/LI_EntranceHall_EXT/RENDER/Porch/SM_HW_EH_DoorFrame_BaseColumn_A_15,653096AE-4684-9C83-B745-FF92FCAB1045,1,DL_OVERLAND;DL_RENDER,DL_HW_EXT,LI_Hogwarts > LI_EntranceHall_EXT,/Game/Levels/Overland/Hogwarts/EntranceHall/LI_EntranceHall_EXT,,-9416.5,-29239.0,7436.8
SM_HW_EH_DoorFrame_BaseColumn_A_2,StaticMeshActor,LV_Overland/Hogwarts/LI_Hogwarts/LevelInstances/EntranceHall/LI_EntranceHall_EXT/RENDER/Porch/SM_HW_EH_DoorFrame_BaseColumn_A_2,3667E37D-4B1A-CC74-E837-F1B3B2656215,1,DL_OVERLAND;DL_RENDER,DL_HW_EXT,LI_Hogwarts > LI_EntranceHall_EXT,/Game/Levels/Overland/Hogwarts/EntranceHall/LI_EntranceHall_EXT,,-9450.8,-29543.6,7436.8
SM_HW_EH_DoorFrame_BaseColumn_A_3,StaticMeshActor,LV_Overland/Hogwarts/LI_Hogwarts/LevelInstances/EntranceHall/LI_EntranceHall_EXT/RENDER/Porch/SM_HW_EH_DoorFrame_BaseColumn_A_3,284F02FB-455A-6EA1-81B8-C0B5D5E7375D,1,DL_OVERLAND;DL_RENDER,DL_HW_EXT,LI_Hogwarts > LI_EntranceHall_EXT,/Game/Levels/Overland/Hogwarts/EntranceHall/LI_EntranceHall_EXT,,-9981.4,-29059.3,7436.8
SM_HW_EH_DoorFrame_BaseColumn_A_4,StaticMeshActor,LV_Overland/Hogwarts/LI_Hogwarts/LevelInstances/EntranceHall/LI_EntranceHall_EXT/RENDER/Porch/SM_HW_EH_DoorFrame_BaseColumn_A_4,2BEB2EF8-41E4-B63A-97CF-4C8BD6A925CF,1,DL_OVERLAND;DL_RENDER,DL_HW_EXT,LI_Hogwarts > LI_EntranceHall_EXT,/Game/Levels/Overland/Hogwarts/EntranceHall/LI_EntranceHall_EXT,,-9424.8,-29578.7,7436.8
SM_HW_EH_DoorFrame_BaseColumn_A_5,StaticMeshActor,LV_Overland/Hogwarts/LI_Hogwarts/LevelInstances/EntranceHall/LI_EntranceHall_EXT/RENDER/Porch/SM_HW_EH_DoorFrame_BaseColumn_A_5,275C28F2-4786-4DA0-DDED-41B755F501EE,1,DL_OVERLAND;DL_RENDER,DL_HW_EXT,LI_Hogwarts > LI_EntranceHall_EXT,/Game/Levels/Overland/Hogwarts/EntranceHall/LI_EntranceHall_EXT,,-9396.5,-29584.6,7436.8
SM_HW_EH_DoorFrame_BaseColumn_A_6,StaticMeshActor,LV_Overland/Hogwarts/LI_Hogwarts/LevelInstances/EntranceHall/LI_EntranceHall_EXT/RENDER/Porch/SM_HW_EH_DoorFrame_BaseColumn_A_6,D3444E5A-4C78-008E-0795-7992AE473866,1,DL_OVERLAND;DL_RENDER,DL_HW_EXT,LI_Hogwarts > LI_EntranceHall_EXT,/Game/Levels/Overland/Hogwarts/EntranceHall/LI_EntranceHall_EXT,,-10210.6,-29385.4,7436.8
SM_HW_EH_DoorFrame_BaseColumn_A_7,StaticMeshActor,LV_Overland/Hogwarts/LI_Hogwarts/LevelInstances/EntranceHall/LI_EntranceHall_EXT/RENDER/Porch/SM_HW_EH_DoorFrame_BaseColumn_A_7,A8A185D3-478D-571F-9D6F-6EB634A13FE9,1,DL_OVERLAND;DL_RENDER,DL_HW_EXT,LI_Hogwarts > LI_EntranceHall_EXT,/Game/Levels/Overland/Hogwarts/EntranceHall/LI_EntranceHall_EXT,,-10236.1,-29409.4,7436.8
SM_HW_EH_DoorFrame_BaseColumn_A_8,StaticMeshActor,LV_Overland/Hogwarts/LI_Hogwarts/LevelInstances/EntranceHall/LI_EntranceHall_EXT/RENDER/Porch/SM_HW_EH_DoorFrame_BaseColumn_A_8,8A5B4476-41FA-C959-3662-71A4EC0D968D,1,DL_OVERLAND;DL_RENDER,DL_HW_EXT,LI_Hogwarts > LI_EntranceHall_EXT,/Game/Levels/Overland/Hogwarts/EntranceHall/LI_EntranceHall_EXT,,-10272.6,-29430.4,7436.8
SM_HW_EH_DoorFrame_BaseColumn_A_9,StaticMeshActor,LV_Overland/Hogwarts/LI_Hogwarts/LevelInstances/EntranceHall/LI_EntranceHall_EXT/RENDER/Porch/SM_HW_EH_DoorFrame_BaseColumn_A_9,C6234CC2-45F5-B847-7114-0C915BBE3312,1,DL_OVERLAND;DL_RENDER,DL_HW_EXT,LI_Hogwarts > LI_EntranceHall_EXT,/Game/Levels/Overland/Hogwarts/EntranceHall/LI_EntranceHall_EXT,,-10301.9,-29426.1,7436.8
SM_HW_EH_DoorFrame_BaseColumn_B_1,StaticMeshActor,LV_Overland/Hogwarts/LI_Hogwarts/LevelInstances/EntranceHall/LI_EntranceHall_EXT/RENDER/Porch/SM_HW_EH_DoorFrame_BaseColumn_B_1,FFA81367-4CC8-0E01-4E7B-AC99491E7AF3,1,DL_OVERLAND;DL_RENDER,DL_HW_EXT,LI_Hogwarts > LI_EntranceHall_EXT,/Game/Levels/Overland/Hogwarts/EntranceHall/LI_EntranceHall_EXT,,-9571.4,-29131.0,7436.8
SM_HW_EH_DoorFrame_ColumnDecor_B_1,StaticMeshActor,LV_Overland/Hogwarts/LI_Hogwarts/LevelInstances/EntranceHall/LI_EntranceHall_EXT/RENDER/Porch/SM_HW_EH_DoorFrame_ColumnDecor_B_1,FEB16DCF-4B35-1297-9898-5FBBD0479FE9,1,DL_OVERLAND;DL_RENDER,DL_HW_EXT,LI_Hogwarts > LI_EntranceHall_EXT,/Game/Levels/Overland/Hogwarts/EntranceHall/LI_EntranceHall_EXT,,-9465.4,-29515.5,7784.4
SM_HW_EH_DoorFrame_ColumnDecor_B_10,StaticMeshActor,LV_Overland/Hogwarts/LI_Hogwarts/LevelInstances/EntranceHall/LI_EntranceHall_EXT/RENDER/Porch/SM_HW_EH_DoorFrame_ColumnDecor_B_10,792B6723-4445-AA6A-C660-E0926528E640,1,DL_OVERLAND;DL_RENDER,DL_HW_EXT,LI_Hogwarts > LI_EntranceHall_EXT,/Game/Levels/Overland/Hogwarts/EntranceHall/LI_EntranceHall_EXT,,-9425.7,-29577.9,8149.1
SM_HW_EH_DoorFrame_ColumnDecor_B_100,StaticMeshActor,LV_Overland/Hogwarts/LI_Hogwarts/LevelInstances/EntranceHall/LI_EntranceHall_EXT/RENDER/Porch/SM_HW_EH_DoorFrame_ColumnDecor_B_100,61ABDE4B-4C53-9DF4-2F09-F78449FCF31F,1,DL_OVERLAND;DL_RENDER,DL_HW_EXT,LI_Hogwarts > LI_EntranceHall_EXT,/Game/Levels/Overland/Hogwarts/EntranceHall/LI_EntranceHall_EXT,,-9416.4,-29238.6,9216.0
SM_HW_EH_DoorFrame_ColumnDecor_B_101,StaticMeshActor,LV_Overland/Hogwarts/LI_Hogwarts/LevelInstances/EntranceHall/LI_EntranceHall_EXT/RENDER/Porch/SM_HW_EH_DoorFrame_ColumnDecor_B_101,FB381B48-47F8-7D78-CD1E-06A97720B9E5,1,DL_OVERLAND;DL_RENDER,DL_HW_EXT,LI_Hogwarts > LI_EntranceHall_EXT,/Game/Levels/Overland/Hogwarts/EntranceHall/LI_EntranceHall_EXT,,-9438.4,-29363.2,9216.0
SM_HW_EH_DoorFrame_ColumnDecor_B_102,StaticMeshActor,LV_Overland/Hogwarts/LI_Hogwarts/LevelInstances/EntranceHall/LI_EntranceHall_EXT/RENDER/Porch/SM_HW_EH_DoorFrame_ColumnDecor_B_102,4AC33C19-4F66-8EF3-17E4-8BADC47F06F5,1,DL_OVERLAND;DL_RENDER,DL_HW_EXT,LI_Hogwarts > LI_EntranceHall_EXT,/Game/Levels/Overland/Hogwarts/EntranceHall/LI_EntranceHall_EXT,,-9459.4,-29482.3,9216.0
SM_HW_EH_DoorFrame_ColumnDecor_B_103,StaticMeshActor,LV_Overland/Hogwarts/LI_Hogwarts/LevelInstances/EntranceHall/LI_EntranceHall_EXT/RENDER/Porch/SM_HW_EH_DoorFrame_ColumnDecor_B_103,3C5C348E-47FB-96C6-B6CF-CB9CF4DE5901,1,DL_OVERLAND;DL_RENDER,DL_HW_EXT,LI_Hogwarts > LI_EntranceHall_EXT,/Game/Levels/Overland/Hogwarts/EntranceHall/LI_EntranceHall_EXT,,-9487.3,-29196.9,9208.9
SM_HW_EH_DoorFrame_ColumnDecor_B_104,StaticMeshActor,LV_Overland/Hogwarts/LI_Hogwarts/LevelInstances/EntranceHall/LI_EntranceHall_EXT/RENDER/Porch/SM_HW_EH_DoorFrame_ColumnDecor_B_104,12E0D6E1-4AA4-18D5-88C1-F1BB79EC9870,1,DL_OVERLAND;DL_RENDER,DL_HW_EXT,LI_Hogwarts > LI_EntranceHall_EXT,/Game/Levels/Overland/Hogwarts/EntranceHall/LI_EntranceHall_EXT,,-9487.3,-29196.9,9337.0
SM_HW_EH_DoorFrame_ColumnDecor_B_105,StaticMeshActor,LV_Overland/Hogwarts/LI_Hogwarts/LevelInstances/EntranceHall/LI_EntranceHall_EXT/RENDER/Porch/SM_HW_EH_DoorFrame_ColumnDecor_B_105,BD60A88C-4907-687A-DEFF-888892A9F361,1,DL_OVERLAND;DL_RENDER,DL_HW_EXT,LI_Hogwarts > LI_EntranceHall_EXT,/Game/Levels/Overland/Hogwarts/EntranceHall/LI_EntranceHall_EXT,,-9467.5,-29194.7,9208.9
SM_HW_EH_DoorFrame_ColumnDecor_B_106,StaticMeshActor,LV_Overland/Hogwarts/LI_Hogwarts/LevelInstances/EntranceHall/LI_EntranceHall_EXT/RENDER/Porch/SM_HW_EH_DoorFrame_ColumnDecor_B_106,3246DB52-42D8-33C1-22B5-C583AEF5E65A,1,DL_OVERLAND;DL_RENDER,DL_HW_EXT,LI_Hogwarts > LI_EntranceHall_EXT,/Game/Levels/Overland/Hogwarts/EntranceHall/LI_EntranceHall_EXT,,-9467.5,-29194.7,9338.4
SM_HW_EH_DoorFrame_ColumnDecor_B_107,StaticMeshActor,LV_Overland/Hogwarts/LI_Hogwarts/LevelInstances/EntranceHall/LI_EntranceHall_EXT/RENDER/Porch/SM_HW_EH_DoorFrame_ColumnDecor_B_107,7B77496C-4C68-CC28-76C0-7398A4840D61,1,DL_OVERLAND;DL_RENDER,DL_HW_EXT,LI_Hogwarts > LI_EntranceHall_EXT,/Game/Levels/Overland/Hogwarts/EntranceHall/LI_EntranceHall_EXT,,-10100.9,-29083.1,9338.4
SM_HW_EH_DoorFrame_ColumnDecor_B_108,StaticMeshActor,LV_Overland/Hogwarts/LI_Hogwarts/LevelInstances/EntranceHall/LI_EntranceHall_EXT/RENDER/Porch/SM_HW_EH_DoorFrame_ColumnDecor_B_108,5F5D788E-4A99-440A-12F0-E6BC3CD8B716,1,DL_OVERLAND;DL_RENDER,DL_HW_EXT,LI_Hogwarts > LI_EntranceHall_EXT,/Game/Levels/Overland/Hogwarts/EntranceHall/LI_EntranceHall_EXT,,-10086.7,-29091.2,9337.0
SM_HW_EH_DoorFrame_ColumnDecor_B_109,StaticMeshActor,LV_Overland/Hogwarts/LI_Hogwarts/LevelInstances/EntranceHall/LI_EntranceHall_EXT/RENDER/Porch/SM_HW_EH_DoorFrame_ColumnDecor_B_109,88F4B95B-4056-6F5F-070C-97B7930FD33D,1,DL_OVERLAND;DL_RENDER,DL_HW_EXT,LI_Hogwarts > LI_EntranceHall_EXT,/Game/Levels/Overland/Hogwarts/EntranceHall/LI_EntranceHall_EXT,,-10083.4,-29091.8,9208.9
SM_HW_EH_DoorFrame_ColumnDecor_B_11,StaticMeshActor,LV_Overland/Hogwarts/LI_Hogwarts/LevelInstances/EntranceHall/LI_EntranceHall_EXT/RENDER/Porch/SM_HW_EH_DoorFrame_ColumnDecor_B_11,0BC0D744-48DC-783E-817F-709AF754DCA4,1,DL_OVERLAND;DL_RENDER,DL_HW_EXT,LI_Hogwarts > LI_EntranceHall_EXT,/Game/Levels/Overland/Hogwarts/EntranceHall/LI_EntranceHall_EXT,,-9398.2,-29584.8,8149.1
SM_HW_EH_DoorFrame_ColumnDecor_B_110,StaticMeshActor,LV_Overland/Hogwarts/LI_Hogwarts/LevelInstances/EntranceHall/LI_EntranceHall_EXT/RENDER/Porch/SM_HW_EH_DoorFrame_ColumnDecor_B_110,5E4C6F76-4D4B-66D6-8C3B-4B8EEC596F76,1,DL_OVERLAND;DL_RENDER,DL_HW_EXT,LI_Hogwarts > LI_EntranceHall_EXT,/Game/Levels/Overland/Hogwarts/EntranceHall/LI_EntranceHall_EXT,,-9459.4,-29482.3,9348.0
SM_HW_EH_DoorFrame_ColumnDecor_B_111,StaticMeshActor,LV_Overland/Hogwarts/LI_Hogwarts/LevelInstances/EntranceHall/LI_EntranceHall_EXT/RENDER/Porch/SM_HW_EH_DoorFrame_ColumnDecor_B_111,7F0AB6C6-41FC-1612-0EFF-898B814ACD38,1,DL_OVERLAND;DL_RENDER,DL_HW_EXT,LI_Hogwarts > LI_EntranceHall_EXT,/Game/Levels/Overland/Hogwarts/EntranceHall/LI_EntranceHall_EXT,,-9438.4,-29363.2,9348.0
SM_HW_EH_DoorFrame_ColumnDecor_B_112,StaticMeshActor,LV_Overland/Hogwarts/LI_Hogwarts/LevelInstances/EntranceHall/LI_EntranceHall_EXT/RENDER/Porch/SM_HW_EH_DoorFrame_ColumnDecor_B_112,8EA4A479-4E5B-0E1E-795F-FB8266060869,1,DL_OVERLAND;DL_RENDER,DL_HW_EXT,LI_Hogwarts > LI_EntranceHall_EXT,/Game/Levels/Overland/Hogwarts/EntranceHall/LI_EntranceHall_EXT,,-9416.4,-29238.6,9348.0
SM_HW_EH_DoorFrame_ColumnDecor_B_113,StaticMeshActor,LV_Overland/Hogwarts/LI_Hogwarts/LevelInstances/EntranceHall/LI_EntranceHall_EXT/RENDER/Porch/SM_HW_EH_DoorFrame_ColumnDecor_B_113,8475182C-451F-5FB8-7AAD-F2B0B9154608,1,DL_OVERLAND;DL_RENDER,DL_HW_EXT,LI_Hogwarts > LI_EntranceHall_EXT,/Game/Levels/Overland/Hogwarts/EntranceHall/LI_EntranceHall_EXT,,-10207.5,-29352.3,9348.4
SM_HW_EH_DoorFrame_ColumnDecor_B_114,StaticMeshActor,LV_Overland/Hogwarts/LI_Hogwarts/LevelInstances/EntranceHall/LI_EntranceHall_EXT/RENDER/Porch/SM_HW_EH_DoorFrame_ColumnDecor_B_114,69B0B91D-4E04-B026-D68F-089871B711BF,1,DL_OVERLAND;DL_RENDER,DL_HW_EXT,LI_Hogwarts > LI_EntranceHall_EXT,/Game/Levels/Overland/Hogwarts/EntranceHall/LI_EntranceHall_EXT,,-10186.3,-29229.8,9348.4
SM_HW_EH_DoorFrame_ColumnDecor_B_115,StaticMeshActor,LV_Overland/Hogwarts/LI_Hogwarts/LevelInstances/EntranceHall/LI_EntranceHall_EXT/RENDER/Porch/SM_HW_EH_DoorFrame_ColumnDecor_B_115,9961E58B-460B-2C05-9275-CDA09092EF61,1,DL_OVERLAND;DL_RENDER,DL_HW_EXT,LI_Hogwarts > LI_EntranceHall_EXT,/Game/Levels/Overland/Hogwarts/EntranceHall/LI_EntranceHall_EXT,,-10165.1,-29107.9,9348.4
SM_HW_EH_DoorFrame_ColumnDecor_B_116,StaticMeshActor,LV_Overland/Hogwarts/LI_Hogwarts/LevelInstances/EntranceHall/LI_EntranceHall_EXT/RENDER/Porch/SM_HW_EH_DoorFrame_ColumnDecor_B_116,28C6B59C-4C65-BCB0-81B8-9CB8A0811CD5,1,DL_OVERLAND;DL_RENDER,DL_HW_EXT,LI_Hogwarts > LI_EntranceHall_EXT,/Game/Levels/Overland/Hogwarts/EntranceHall/LI_EntranceHall_EXT,,-9398.2,-29584.8,9348.1
SM_HW_EH_DoorFrame_ColumnDecor_B_117,StaticMeshActor,LV_Overland/Hogwarts/LI_Hogwarts/LevelInstances/EntranceHall/LI_EntranceHall_EXT/RENDER/Porch/SM_HW_EH_DoorFrame_ColumnDecor_B_117,EE74F612-44A3-90A7-21CA-A48EDFA86BA7,1,DL_OVERLAND;DL_RENDER,DL_HW_EXT,LI_Hogwarts > LI_EntranceHall_EXT,/Game/Levels/Overland/Hogwarts/EntranceHall/LI_EntranceHall_EXT,,-9425.1,-29579.3,9348.1
SM_HW_EH_DoorFrame_ColumnDecor_B_118,StaticMeshActor,LV_Overland/Hogwarts/LI_Hogwarts/LevelInstances/EntranceHall/LI_EntranceHall_EXT/RENDER/Porch/SM_HW_EH_DoorFrame_ColumnDecor_B_118,5A607BB1-4203-5A22-1014-07A7C895837B,1,DL_OVERLAND;DL_RENDER,DL_HW_EXT,LI_Hogwarts > LI_EntranceHall_EXT,/Game/Levels/Overland/Hogwarts/EntranceHall/LI_EntranceHall_EXT,,-9451.8,-29543.7,9348.1
SM_HW_EH_DoorFrame_ColumnDecor_B_119,StaticMeshActor,LV_Overland/Hogwarts/LI_Hogwarts/LevelInstances/EntranceHall/LI_EntranceHall_EXT/RENDER/Porch/SM_HW_EH_DoorFrame_ColumnDecor_B_119,C71153AB-4B9F-D189-C3AC-50AEDCAAAE87,1,DL_OVERLAND;DL_RENDER,DL_HW_EXT,LI_Hogwarts > LI_EntranceHall_EXT,/Game/Levels/Overland/Hogwarts/EntranceHall/LI_EntranceHall_EXT,,-9465.4,-29515.5,9348.1
SM_HW_EH_DoorFrame_ColumnDecor_B_12,StaticMeshActor,LV_Overland/Hogwarts/LI_Hogwarts/LevelInstances/EntranceHall/LI_EntranceHall_EXT/RENDER/Porch/SM_HW_EH_DoorFrame_ColumnDecor_B_12,6F808BAA-486A-13AF-CA4E-93860EFB1690,1,DL_OVERLAND;DL_RENDER,DL_HW_EXT,LI_Hogwarts > LI_EntranceHall_EXT,/Game/Levels/Overland/Hogwarts/EntranceHall/LI_EntranceHall_EXT,,-9465.1,-29515.5,8149.1
SM_HW_EH_DoorFrame_ColumnDecor_B_120,StaticMeshActor,LV_Overland/Hogwarts/LI_Hogwarts/LevelInstances/EntranceHall/LI_EntranceHall_EXT/RENDER/Porch/SM_HW_EH_DoorFrame_ColumnDecor_B_120,2994CFC0-4A74-10A0-1376-219D709A30B8,1,DL_OVERLAND;DL_RENDER,DL_HW_EXT,LI_Hogwarts > LI_EntranceHall_EXT,/Game/Levels/Overland/Hogwarts/EntranceHall/LI_EntranceHall_EXT,,-10302.2,-29424.2,7964.4
SM_HW_EH_DoorFrame_ColumnDecor_B_121,StaticMeshActor,LV_Overland/Hogwarts/LI_Hogwarts/LevelInstances/EntranceHall/LI_EntranceHall_EXT/RENDER/Porch/SM_HW_EH_DoorFrame_ColumnDecor_B_121,EAFA94D0-421E-C740-501F-A79362052D16,1,DL_OVERLAND;DL_RENDER,DL_HW_EXT,LI_Hogwarts > LI_EntranceHall_EXT,/Game/Levels/Overland/Hogwarts/EntranceHall/LI_EntranceHall_EXT,,-10302.2,-29424.3,8150.0
SM_HW_EH_DoorFrame_ColumnDecor_B_122,StaticMeshActor,LV_Overland/Hogwarts/LI_Hogwarts/LevelInstances/EntranceHall/LI_EntranceHall_EXT/RENDER/Porch/SM_HW_EH_DoorFrame_ColumnDecor_B_122,844267E9-4FA8-0EE4-E563-E7A4E4404B99,1,DL_OVERLAND;DL_RENDER,DL_HW_EXT,LI_Hogwarts > LI_EntranceHall_EXT,/Game/Levels/Overland/Hogwarts/EntranceHall/LI_EntranceHall_EXT,,-10272.5,-29428.6,8517.1
SM_HW_EH_DoorFrame_ColumnDecor_B_123,StaticMeshActor,LV_Overland/Hogwarts/LI_Hogwarts/LevelInstances/EntranceHall/LI_EntranceHall_EXT/RENDER/Porch/SM_HW_EH_DoorFrame_ColumnDecor_B_123,F434FF68-415D-1773-ED45-3EA62E1E295F,1,DL_OVERLAND;DL_RENDER,DL_HW_EXT,LI_Hogwarts > LI_EntranceHall_EXT,/Game/Levels/Overland/Hogwarts/EntranceHall/LI_EntranceHall_EXT,,-10302.1,-29424.7,8517.1
SM_HW_EH_DoorFrame_ColumnDecor_B_124,StaticMeshActor,LV_Overland/Hogwarts/LI_Hogwarts/LevelInstances/EntranceHall/LI_EntranceHall_EXT/RENDER/Porch/SM_HW_EH_DoorFrame_ColumnDecor_B_124,1CF3848F-4D74-6100-A47B-01B3C0BE77D2,1,DL_OVERLAND;DL_RENDER,DL_HW_EXT,LI_Hogwarts > LI_EntranceHall_EXT,/Game/Levels/Overland/Hogwarts/EntranceHall/LI_EntranceHall_EXT,,-10301.8,-29426.5,8756.7
SM_HW_EH_DoorFrame_ColumnDecor_B_125,StaticMeshActor,LV_Overland/Hogwarts/LI_Hogwarts/LevelInstances/EntranceHall/LI_EntranceHall_EXT/RENDER/Porch/SM_HW_EH_DoorFrame_ColumnDecor_B_125,01600378-4333-B79E-359C-F4A271419C35,1,DL_OVERLAND;DL_RENDER,DL_HW_EXT,LI_Hogwarts > LI_EntranceHall_EXT,/Game/Levels/Overland/Hogwarts/EntranceHall/LI_EntranceHall_EXT,,-10272.0,-29430.3,8756.7
SM_HW_EH_DoorFrame_ColumnDecor_B_126,StaticMeshActor,LV_Overland/Hogwarts/LI_Hogwarts/LevelInstances/EntranceHall/LI_EntranceHall_EXT/RENDER/Porch/SM_HW_EH_DoorFrame_ColumnDecor_B_126,37FF935E-4B84-4BE6-900F-CFBF3E34864F,1,DL_OVERLAND;DL_RENDER,DL_HW_EXT,LI_Hogwarts > LI_EntranceHall_EXT,/Game/Levels/Overland/Hogwarts/EntranceHall/LI_EntranceHall_EXT,,-10235.5,-29407.9,8756.7
SM_HW_EH_DoorFrame_ColumnDecor_B_127,StaticMeshActor,LV_Overland/Hogwarts/LI_Hogwarts/LevelInstances/EntranceHall/LI_EntranceHall_EXT/RENDER/Porch/SM_HW_EH_DoorFrame_ColumnDecor_B_127,6E3E8858-471C-5830-CD7D-4188E67B5078,1,DL_OVERLAND;DL_RENDER,DL_HW_EXT,LI_Hogwarts > LI_EntranceHall_EXT,/Game/Levels/Overland/Hogwarts/EntranceHall/LI_EntranceHall_EXT,,-10213.2,-29384.9,8756.7
SM_HW_EH_DoorFrame_ColumnDecor_B_128,StaticMeshActor,LV_Overland/Hogwarts/LI_Hogwarts/LevelInstances/EntranceHall/LI_EntranceHall_EXT/RENDER/Porch/SM_HW_EH_DoorFrame_ColumnDecor_B_128,C07A2682-4C9A-1B4D-6E8F-A7A13E89C506,1,DL_OVERLAND;DL_RENDER,DL_HW_EXT,LI_Hogwarts > LI_EntranceHall_EXT,/Game/Levels/Overland/Hogwarts/EntranceHall/LI_EntranceHall_EXT,,-10213.4,-29383.8,9348.1
SM_HW_EH_DoorFrame_ColumnDecor_B_129,StaticMeshActor,LV_Overland/Hogwarts/LI_Hogwarts/LevelInstances/EntranceHall/LI_EntranceHall_EXT/RENDER/Porch/SM_HW_EH_DoorFrame_ColumnDecor_B_129,AA1D3614-4B38-3747-FB96-8D8C1DDEC7F1,1,DL_OVERLAND;DL_RENDER,DL_HW_EXT,LI_Hogwarts > LI_EntranceHall_EXT,/Game/Levels/Overland/Hogwarts/EntranceHall/LI_EntranceHall_EXT,,-10235.9,-29406.7,9348.1
SM_HW_EH_DoorFrame_ColumnDecor_B_13,StaticMeshActor,LV_Overland/Hogwarts/LI_Hogwarts/LevelInstances/EntranceHall/LI_EntranceHall_EXT/RENDER/Porch/SM_HW_EH_DoorFrame_ColumnDecor_B_13,1DB14D61-4694-BCA2-313D-7E8CEBCFFF0E,1,DL_OVERLAND;DL_RENDER,DL_HW_EXT,LI_Hogwarts > LI_EntranceHall_EXT,/Game/Levels/Overland/Hogwarts/EntranceHall/LI_EntranceHall_EXT,,-9451.2,-29543.7,8517.1
SM_HW_EH_DoorFrame_ColumnDecor_B_130,StaticMeshActor,LV_Overland/Hogwarts/LI_Hogwarts/LevelInstances/EntranceHall/LI_EntranceHall_EXT/RENDER/Porch/SM_HW_EH_DoorFrame_ColumnDecor_B_130,71C0AC85-47B3-09FA-7588-EBB1460E8FAA,1,DL_OVERLAND;DL_RENDER,DL_HW_EXT,LI_Hogwarts > LI_EntranceHall_EXT,/Game/Levels/Overland/Hogwarts/EntranceHall/LI_EntranceHall_EXT,,-10272.5,-29429.9,9348.1
SM_HW_EH_DoorFrame_ColumnDecor_B_131,StaticMeshActor,LV_Overland/Hogwarts/LI_Hogwarts/LevelInstances/EntranceHall/LI_EntranceHall_EXT/RENDER/Porch/SM_HW_EH_DoorFrame_ColumnDecor_B_131,E714F477-4FE9-C487-AF4B-E69F5B3402A3,1,DL_OVERLAND;DL_RENDER,DL_HW_EXT,LI_Hogwarts > LI_EntranceHall_EXT,/Game/Levels/Overland/Hogwarts/EntranceHall/LI_EntranceHall_EXT,,-10302.3,-29426.2,9348.1
SM_HW_EH_DoorFrame_ColumnDecor_B_14,StaticMeshActor,LV_Overland/Hogwarts/LI_Hogwarts/LevelInstances/EntranceHall/LI_EntranceHall_EXT/RENDER/Porch/SM_HW_EH_DoorFrame_ColumnDecor_B_14,E6C183A5-42BC-1DB2-12EB-179EB619B841,1,DL_OVERLAND;DL_RENDER,DL_HW_EXT,LI_Hogwarts > LI_EntranceHall_EXT,/Game/Levels/Overland/Hogwarts/EntranceHall/LI_EntranceHall_EXT,,-9425.7,-29577.9,8517.1
SM_HW_EH_DoorFrame_ColumnDecor_B_15,StaticMeshActor,LV_Overland/Hogwarts/LI_Hogwarts/LevelInstances/EntranceHall/LI_EntranceHall_EXT/RENDER/Porch/SM_HW_EH_DoorFrame_ColumnDecor_B_15,3A806DD4-4ACA-FACB-BFA2-8F835F4A37A4,1,DL_OVERLAND;DL_RENDER,DL_HW_EXT,LI_Hogwarts > LI_EntranceHall_EXT,/Game/Levels/Overland/Hogwarts/EntranceHall/LI_EntranceHall_EXT,,-9398.2,-29584.8,8517.1
SM_HW_EH_DoorFrame_ColumnDecor_B_16,StaticMeshActor,LV_Overland/Hogwarts/LI_Hogwarts/LevelInstances/EntranceHall/LI_EntranceHall_EXT/RENDER/Porch/SM_HW_EH_DoorFrame_ColumnDecor_B_16,3ACAD351-4237-12DA-A68B-12ABF6D4C0CE,1,DL_OVERLAND;DL_RENDER,DL_HW_EXT,LI_Hogwarts > LI_EntranceHall_EXT,/Game/Levels/Overland/Hogwarts/EntranceHall/LI_EntranceHall_EXT,,-9465.1,-29515.5,8517.1
SM_HW_EH_DoorFrame_ColumnDecor_B_17,StaticMeshActor,LV_Overland/Hogwarts/LI_Hogwarts/LevelInstances/EntranceHall/LI_EntranceHall_EXT/RENDER/Porch/SM_HW_EH_DoorFrame_ColumnDecor_B_17,925F7923-4A19-9299-D3EE-5598B42E335E,1,DL_OVERLAND;DL_RENDER,DL_HW_EXT,LI_Hogwarts > LI_EntranceHall_EXT,/Game/Levels/Overland/Hogwarts/EntranceHall/LI_EntranceHall_EXT,,-9451.2,-29543.7,8756.7
SM_HW_EH_DoorFrame_ColumnDecor_B_18,StaticMeshActor,LV_Overland/Hogwarts/LI_Hogwarts/LevelInstances/EntranceHall/LI_EntranceHall_EXT/RENDER/Porch/SM_HW_EH_DoorFrame_ColumnDecor_B_18,7200410D-453D-4A10-5938-4AA5DCDF6A7D,1,DL_OVERLAND;DL_RENDER,DL_HW_EXT,LI_Hogwarts > LI_EntranceHall_EXT,/Game/Levels/Overland/Hogwarts/EntranceHall/LI_EntranceHall_EXT,,-9425.7,-29577.9,8756.7
SM_HW_EH_DoorFrame_ColumnDecor_B_19,StaticMeshActor,LV_Overland/Hogwarts/LI_Hogwarts/LevelInstances/EntranceHall/LI_EntranceHall_EXT/RENDER/Porch/SM_HW_EH_DoorFrame_ColumnDecor_B_19,E0786AB6-4078-BD58-EFE4-C9BBBE8062AB,1,DL_OVERLAND;DL_RENDER,DL_HW_EXT,LI_Hogwarts > LI_EntranceHall_EXT,/Game/Levels/Overland/Hogwarts/EntranceHall/LI_EntranceHall_EXT,,-9398.2,-29584.8,8756.7
SM_HW_EH_DoorFrame_ColumnDecor_B_2,StaticMeshActor,LV_Overland/Hogwarts/LI_Hogwarts/LevelInstances/EntranceHall/LI_EntranceHall_EXT/RENDER/Porch/SM_HW_EH_DoorFrame_ColumnDecor_B_2,41C94F2E-4524-3D72-4C62-9BA043609533,1,DL_OVERLAND;DL_RENDER,DL_HW_EXT,LI_Hogwarts > LI_EntranceHall_EXT,/Game/Levels/Overland/Hogwarts/EntranceHall/LI_EntranceHall_EXT,,-9452.2,-29543.8,7784.4
SM_HW_EH_DoorFrame_ColumnDecor_B_20,StaticMeshActor,LV_Overland/Hogwarts/LI_Hogwarts/LevelInstances/EntranceHall/LI_EntranceHall_EXT/RENDER/Porch/SM_HW_EH_DoorFrame_ColumnDecor_B_20,5AB7C868-4A64-036D-4814-84B31949E748,1,DL_OVERLAND;DL_RENDER,DL_HW_EXT,LI_Hogwarts > LI_EntranceHall_EXT,/Game/Levels/Overland/Hogwarts/EntranceHall/LI_EntranceHall_EXT,,-9465.1,-29515.5,8756.7
SM_HW_EH_DoorFrame_ColumnDecor_B_21,StaticMeshActor,LV_Overland/Hogwarts/LI_Hogwarts/LevelInstances/EntranceHall/LI_EntranceHall_EXT/RENDER/Porch/SM_HW_EH_DoorFrame_ColumnDecor_B_21,9F1324EC-4867-D394-ED60-E59775A4449C,1,DL_OVERLAND;DL_RENDER,DL_HW_EXT,LI_Hogwarts > LI_EntranceHall_EXT,/Game/Levels/Overland/Hogwarts/EntranceHall/LI_EntranceHall_EXT,,-10212.4,-29383.8,8149.1
SM_HW_EH_DoorFrame_ColumnDecor_B_22,StaticMeshActor,LV_Overland/Hogwarts/LI_Hogwarts/LevelInstances/EntranceHall/LI_EntranceHall_EXT/RENDER/Porch/SM_HW_EH_DoorFrame_ColumnDecor_B_22,6447E413-4C12-E0EB-2939-2389CFFD20BD,1,DL_OVERLAND;DL_RENDER,DL_HW_EXT,LI_Hogwarts > LI_EntranceHall_EXT,/Game/Levels/Overland/Hogwarts/EntranceHall/LI_EntranceHall_EXT,,-10235.2,-29407.5,8149.1
SM_HW_EH_DoorFrame_ColumnDecor_B_23,StaticMeshActor,LV_Overland/Hogwarts/LI_Hogwarts/LevelInstances/EntranceHall/LI_EntranceHall_EXT/RENDER/Porch/SM_HW_EH_DoorFrame_ColumnDecor_B_23,71EEF2F8-47A3-D896-7387-63B8A65B6BF1,1,DL_OVERLAND;DL_RENDER,DL_HW_EXT,LI_Hogwarts > LI_EntranceHall_EXT,/Game/Levels/Overland/Hogwarts/EntranceHall/LI_EntranceHall_EXT,,-10272.4,-29429.1,8149.1
SM_HW_EH_DoorFrame_ColumnDecor_B_24,StaticMeshActor,LV_Overland/Hogwarts/LI_Hogwarts/LevelInstances/EntranceHall/LI_EntranceHall_EXT/RENDER/Porch/SM_HW_EH_DoorFrame_ColumnDecor_B_24,18A7B831-4B08-AD9C-4CBB-EDAD01AA1829,1,DL_OVERLAND;DL_RENDER,DL_HW_EXT,LI_Hogwarts > LI_EntranceHall_EXT,/Game/Levels/Overland/Hogwarts/EntranceHall/LI_EntranceHall_EXT,,-10214.0,-29384.9,8517.1
SM_HW_EH_DoorFrame_ColumnDecor_B_25,StaticMeshActor,LV_Overland/Hogwarts/LI_Hogwarts/LevelInstances/EntranceHall/LI_EntranceHall_EXT/RENDER/Porch/SM_HW_EH_DoorFrame_ColumnDecor_B_25,1E9C090D-4842-1264-DF76-939EC26E196B,1,DL_OVERLAND;DL_RENDER,DL_HW_EXT,LI_Hogwarts > LI_EntranceHall_EXT,/Game/Levels/Overland/Hogwarts/EntranceHall/LI_EntranceHall_EXT,,-10236.5,-29407.4,8517.1
SM_HW_EH_DoorFrame_ColumnDecor_B_26,StaticMeshActor,LV_Overland/Hogwarts/LI_Hogwarts/LevelInstances/EntranceHall/LI_EntranceHall_EXT/RENDER/Porch/SM_HW_EH_DoorFrame_ColumnDecor_B_26,244DB8F3-4675-790C-3DC0-B7957C75CC2D,1,DL_OVERLAND;DL_RENDER,DL_HW_EXT,LI_Hogwarts > LI_EntranceHall_EXT,/Game/Levels/Overland/Hogwarts/EntranceHall/LI_EntranceHall_EXT,,-10272.5,-29428.2,7963.8
SM_HW_EH_DoorFrame_ColumnDecor_B_27,StaticMeshActor,LV_Overland/Hogwarts/LI_Hogwarts/LevelInstances/EntranceHall/LI_EntranceHall_EXT/RENDER/Porch/SM_HW_EH_DoorFrame_ColumnDecor_B_27,35719121-4FFF-0369-2389-CFBF1C3F10B0,1,DL_OVERLAND;DL_RENDER,DL_HW_EXT,LI_Hogwarts > LI_EntranceHall_EXT,/Game/Levels/Overland/Hogwarts/EntranceHall/LI_EntranceHall_EXT,,-10235.2,-29406.9,7963.8
SM_HW_EH_DoorFrame_ColumnDecor_B_28,StaticMeshActor,LV_Overland/Hogwarts/LI_Hogwarts/LevelInstances/EntranceHall/LI_EntranceHall_EXT/RENDER/Porch/SM_HW_EH_DoorFrame_ColumnDecor_B_28,A51A0BD0-4F64-FE38-6117-578A650EB67C,1,DL_OVERLAND;DL_RENDER,DL_HW_EXT,LI_Hogwarts > LI_EntranceHall_EXT,/Game/Levels/Overland/Hogwarts/EntranceHall/LI_EntranceHall_EXT,,-10212.4,-29383.8,7963.8
SM_HW_EH_DoorFrame_ColumnDecor_B_29,StaticMeshActor,LV_Overland/Hogwarts/LI_Hogwarts/LevelInstances/EntranceHall/LI_EntranceHall_EXT/RENDER/Porch/SM_HW_EH_DoorFrame_ColumnDecor_B_29,63CC17B8-4804-853D-7AD6-C1AE1B998969,1,DL_OVERLAND;DL_RENDER,DL_HW_EXT,LI_Hogwarts > LI_EntranceHall_EXT,/Game/Levels/Overland/Hogwarts/EntranceHall/LI_EntranceHall_EXT,,-10302.2,-29424.8,7784.2
SM_HW_EH_DoorFrame_ColumnDecor_B_3,StaticMeshActor,LV_Overland/Hogwarts/LI_Hogwarts/LevelInstances/EntranceHall/LI_EntranceHall_EXT/RENDER/Porch/SM_HW_EH_DoorFrame_ColumnDecor_B_3,5DF0410B-42EC-37D2-2E8A-0AA077D1AC9C,1,DL_OVERLAND;DL_RENDER,DL_HW_EXT,LI_Hogwarts > LI_EntranceHall_EXT,/Game/Levels/Overland/Hogwarts/EntranceHall/LI_EntranceHall_EXT,,-9425.8,-29579.1,7784.4
SM_HW_EH_DoorFrame_ColumnDecor_B_30,StaticMeshActor,LV_Overland/Hogwarts/LI_Hogwarts/LevelInstances/EntranceHall/LI_EntranceHall_EXT/RENDER/Porch/SM_HW_EH_DoorFrame_ColumnDecor_B_30,A316857F-4F09-CE6B-F7FC-70954A0B23AD,1,DL_OVERLAND;DL_RENDER,DL_HW_EXT,LI_Hogwarts > LI_EntranceHall_EXT,/Game/Levels/Overland/Hogwarts/EntranceHall/LI_EntranceHall_EXT,,-10272.5,-29429.8,7784.2
SM_HW_EH_DoorFrame_ColumnDecor_B_31,StaticMeshActor,LV_Overland/Hogwarts/LI_Hogwarts/LevelInstances/EntranceHall/LI_EntranceHall_EXT/RENDER/Porch/SM_HW_EH_DoorFrame_ColumnDecor_B_31,9F4FF691-4D9C-EBB3-FFEC-A6817137668D,1,DL_OVERLAND;DL_RENDER,DL_HW_EXT,LI_Hogwarts > LI_EntranceHall_EXT,/Game/Levels/Overland/Hogwarts/EntranceHall/LI_EntranceHall_EXT,,-10235.9,-29406.8,7784.2
SM_HW_EH_DoorFrame_ColumnDecor_B_32,StaticMeshActor,LV_Overland/Hogwarts/LI_Hogwarts/LevelInstances/EntranceHall/LI_EntranceHall_EXT/RENDER/Porch/SM_HW_EH_DoorFrame_ColumnDecor_B_32,2523813D-4FD6-E732-6F5F-CB9CFFAE763C,1,DL_OVERLAND;DL_RENDER,DL_HW_EXT,LI_Hogwarts > LI_EntranceHall_EXT,/Game/Levels/Overland/Hogwarts/EntranceHall/LI_EntranceHall_EXT,,-10212.2,-29383.8,7784.2
SM_HW_EH_DoorFrame_ColumnDecor_B_33,StaticMeshActor,LV_Overland/Hogwarts/LI_Hogwarts/LevelInstances/EntranceHall/LI_EntranceHall_EXT/RENDER/Porch/SM_HW_EH_DoorFrame_ColumnDecor_B_33,F0EE68FC-476B-FEBA-35A0-BBA0E71574BD,1,DL_OVERLAND;DL_RENDER,DL_HW_EXT,LI_Hogwarts > LI_EntranceHall_EXT,/Game/Levels/Overland/Hogwarts/EntranceHall/LI_EntranceHall_EXT,,-10207.8,-29352.4,7784.2
SM_HW_EH_DoorFrame_ColumnDecor_B_34,StaticMeshActor,LV_Overland/Hogwarts/LI_Hogwarts/LevelInstances/EntranceHall/LI_EntranceHall_EXT/RENDER/Porch/SM_HW_EH_DoorFrame_ColumnDecor_B_34,8742E74A-4A59-429A-9019-398A06C2A517,1,DL_OVERLAND;DL_RENDER,DL_HW_EXT,LI_Hogwarts > LI_EntranceHall_EXT,/Game/Levels/Overland/Hogwarts/EntranceHall/LI_EntranceHall_EXT,,-10186.3,-29229.8,7784.2
SM_HW_EH_DoorFrame_ColumnDecor_B_35,StaticMeshActor,LV_Overland/Hogwarts/LI_Hogwarts/LevelInstances/EntranceHall/LI_EntranceHall_EXT/RENDER/Porch/SM_HW_EH_DoorFrame_ColumnDecor_B_35,74996D1E-40A1-6160-5DFD-D18CA0DB0908,1,DL_OVERLAND;DL_RENDER,DL_HW_EXT,LI_Hogwarts > LI_EntranceHall_EXT,/Game/Levels/Overland/Hogwarts/EntranceHall/LI_EntranceHall_EXT,,-10165.1,-29107.9,7784.2
SM_HW_EH_DoorFrame_ColumnDecor_B_36,StaticMeshActor,LV_Overland/Hogwarts/LI_Hogwarts/LevelInstances/EntranceHall/LI_EntranceHall_EXT/RENDER/Porch/SM_HW_EH_DoorFrame_ColumnDecor_B_36,89D949D4-408B-AD16-86E8-90B63D7C4F0A,1,DL_OVERLAND;DL_RENDER,DL_HW_EXT,LI_Hogwarts > LI_EntranceHall_EXT,/Game/Levels/Overland/Hogwarts/EntranceHall/LI_EntranceHall_EXT,,-10165.1,-29107.9,7964.4
SM_HW_EH_DoorFrame_ColumnDecor_B_37,StaticMeshActor,LV_Overland/Hogwarts/LI_Hogwarts/LevelInstances/EntranceHall/LI_EntranceHall_EXT/RENDER/Porch/SM_HW_EH_DoorFrame_ColumnDecor_B_37,ED40058D-47AD-B763-EE1F-6BB73C2D0A41,1,DL_OVERLAND;DL_RENDER,DL_HW_EXT,LI_Hogwarts > LI_EntranceHall_EXT,/Game/Levels/Overland/Hogwarts/EntranceHall/LI_EntranceHall_EXT,,-10186.3,-29229.8,7964.4
SM_HW_EH_DoorFrame_ColumnDecor_B_38,StaticMeshActor,LV_Overland/Hogwarts/LI_Hogwarts/LevelInstances/EntranceHall/LI_EntranceHall_EXT/RENDER/Porch/SM_HW_EH_DoorFrame_ColumnDecor_B_38,52205862-486D-B0A9-2C19-29910E5FCE84,1,DL_OVERLAND;DL_RENDER,DL_HW_EXT,LI_Hogwarts > LI_EntranceHall_EXT,/Game/Levels/Overland/Hogwarts/EntranceHall/LI_EntranceHall_EXT,,-10208.5,-29352.4,7964.4
SM_HW_EH_DoorFrame_ColumnDecor_B_39,StaticMeshActor,LV_Overland/Hogwarts/LI_Hogwarts/LevelInstances/EntranceHall/LI_EntranceHall_EXT/RENDER/Porch/SM_HW_EH_DoorFrame_ColumnDecor_B_39,4AC850B9-479D-B285-6ED0-298524C2778E,1,DL_OVERLAND;DL_RENDER,DL_HW_EXT,LI_Hogwarts > LI_EntranceHall_EXT,/Game/Levels/Overland/Hogwarts/EntranceHall/LI_EntranceHall_EXT,,-10165.1,-29107.9,8150.1
SM_HW_EH_DoorFrame_ColumnDecor_B_4,StaticMeshActor,LV_Overland/Hogwarts/LI_Hogwarts/LevelInstances/EntranceHall/LI_EntranceHall_EXT/RENDER/Porch/SM_HW_EH_DoorFrame_ColumnDecor_B_4,AE07C607-42FD-B003-E756-CF8898FB7C47,1,DL_OVERLAND;DL_RENDER,DL_HW_EXT,LI_Hogwarts > LI_EntranceHall_EXT,/Game/Levels/Overland/Hogwarts/EntranceHall/LI_EntranceHall_EXT,,-9398.2,-29585.8,7784.4
SM_HW_EH_DoorFrame_ColumnDecor_B_40,StaticMeshActor,LV_Overland/Hogwarts/LI_Hogwarts/LevelInstances/EntranceHall/LI_EntranceHall_EXT/RENDER/Porch/SM_HW_EH_DoorFrame_ColumnDecor_B_40,AEDD4230-42E9-990B-CAE8-C3AE7F4AB98B,1,DL_OVERLAND;DL_RENDER,DL_HW_EXT,LI_Hogwarts > LI_EntranceHall_EXT,/Game/Levels/Overland/Hogwarts/EntranceHall/LI_EntranceHall_EXT,,-10186.3,-29229.8,8150.1
SM_HW_EH_DoorFrame_ColumnDecor_B_41,StaticMeshActor,LV_Overland/Hogwarts/LI_Hogwarts/LevelInstances/EntranceHall/LI_EntranceHall_EXT/RENDER/Porch/SM_HW_EH_DoorFrame_ColumnDecor_B_41,75502F1A-46CC-0190-0D99-AEBF6CCB1662,1,DL_OVERLAND;DL_RENDER,DL_HW_EXT,LI_Hogwarts > LI_EntranceHall_EXT,/Game/Levels/Overland/Hogwarts/EntranceHall/LI_EntranceHall_EXT,,-10208.5,-29352.4,8150.1
SM_HW_EH_DoorFrame_ColumnDecor_B_42,StaticMeshActor,LV_Overland/Hogwarts/LI_Hogwarts/LevelInstances/EntranceHall/LI_EntranceHall_EXT/RENDER/Porch/SM_HW_EH_DoorFrame_ColumnDecor_B_42,559C09A6-47D8-28B7-1468-8D938CCA84FA,1,DL_OVERLAND;DL_RENDER,DL_HW_EXT,LI_Hogwarts > LI_EntranceHall_EXT,/Game/Levels/Overland/Hogwarts/EntranceHall/LI_EntranceHall_EXT,,-10165.1,-29107.9,8396.2
SM_HW_EH_DoorFrame_ColumnDecor_B_43,StaticMeshActor,LV_Overland/Hogwarts/LI_Hogwarts/LevelInstances/EntranceHall/LI_EntranceHall_EXT/RENDER/Porch/SM_HW_EH_DoorFrame_ColumnDecor_B_43,50BD8383-4A4D-B238-48C0-CC956ADDA2DE,1,DL_OVERLAND;DL_RENDER,DL_HW_EXT,LI_Hogwarts > LI_EntranceHall_EXT,/Game/Levels/Overland/Hogwarts/EntranceHall/LI_EntranceHall_EXT,,-10186.3,-29229.8,8396.2
SM_HW_EH_DoorFrame_ColumnDecor_B_44,StaticMeshActor,LV_Overland/Hogwarts/LI_Hogwarts/LevelInstances/EntranceHall/LI_EntranceHall_EXT/RENDER/Porch/SM_HW_EH_DoorFrame_ColumnDecor_B_44,657EA193-4E82-7179-4998-348B18CBEFF8,1,DL_OVERLAND;DL_RENDER,DL_HW_EXT,LI_Hogwarts > LI_EntranceHall_EXT,/Game/Levels/Overland/Hogwarts/EntranceHall/LI_EntranceHall_EXT,,-10208.5,-29352.4,8396.2
SM_HW_EH_DoorFrame_ColumnDecor_B_45,StaticMeshActor,LV_Overland/Hogwarts/LI_Hogwarts/LevelInstances/EntranceHall/LI_EntranceHall_EXT/RENDER/Porch/SM_HW_EH_DoorFrame_ColumnDecor_B_45,A4D4B279-4334-5775-C34B-3E9B6B56F982,1,DL_OVERLAND;DL_RENDER,DL_HW_EXT,LI_Hogwarts > LI_EntranceHall_EXT,/Game/Levels/Overland/Hogwarts/EntranceHall/LI_EntranceHall_EXT,,-10165.1,-29107.9,8602.7
SM_HW_EH_DoorFrame_ColumnDecor_B_46,StaticMeshActor,LV_Overland/Hogwarts/LI_Hogwarts/LevelInstances/EntranceHall/LI_EntranceHall_EXT/RENDER/Porch/SM_HW_EH_DoorFrame_ColumnDecor_B_46,E560E323-432D-9982-E0E6-85ACD7CD83F6,1,DL_OVERLAND;DL_RENDER,DL_HW_EXT,LI_Hogwarts > LI_EntranceHall_EXT,/Game/Levels/Overland/Hogwarts/EntranceHall/LI_EntranceHall_EXT,,-10186.3,-29229.8,8602.7
SM_HW_EH_DoorFrame_ColumnDecor_B_47,StaticMeshActor,LV_Overland/Hogwarts/LI_Hogwarts/LevelInstances/EntranceHall/LI_EntranceHall_EXT/RENDER/Porch/SM_HW_EH_DoorFrame_ColumnDecor_B_47,EADE064B-4CEA-BA5C-ADFC-99ABF411124B,1,DL_OVERLAND;DL_RENDER,DL_HW_EXT,LI_Hogwarts > LI_EntranceHall_EXT,/Game/Levels/Overland/Hogwarts/EntranceHall/LI_EntranceHall_EXT,,-10208.5,-29352.4,8602.7
SM_HW_EH_DoorFrame_ColumnDecor_B_48,StaticMeshActor,LV_Overland/Hogwarts/LI_Hogwarts/LevelInstances/EntranceHall/LI_EntranceHall_EXT/RENDER/Porch/SM_HW_EH_DoorFrame_ColumnDecor_B_48,8E424CA3-44B5-DCB3-D55B-4C9A941A6DE2,1,DL_OVERLAND;DL_RENDER,DL_HW_EXT,LI_Hogwarts > LI_EntranceHall_EXT,/Game/Levels/Overland/Hogwarts/EntranceHall/LI_EntranceHall_EXT,,-10165.1,-29107.9,8803.3
SM_HW_EH_DoorFrame_ColumnDecor_B_49,StaticMeshActor,LV_Overland/Hogwarts/LI_Hogwarts/LevelInstances/EntranceHall/LI_EntranceHall_EXT/RENDER/Porch/SM_HW_EH_DoorFrame_ColumnDecor_B_49,E9A25181-4D13-E4E0-AB12-7FB23B9E7BD3,1,DL_OVERLAND;DL_RENDER,DL_HW_EXT,LI_Hogwarts > LI_EntranceHall_EXT,/Game/Levels/Overland/Hogwarts/EntranceHall/LI_EntranceHall_EXT,,-10186.3,-29229.8,8803.3
SM_HW_EH_DoorFrame_ColumnDecor_B_5,StaticMeshActor,LV_Overland/Hogwarts/LI_Hogwarts/LevelInstances/EntranceHall/LI_EntranceHall_EXT/RENDER/Porch/SM_HW_EH_DoorFrame_ColumnDecor_B_5,04DD9517-417C-B93F-3F2F-F3A8355CACE0,1,DL_OVERLAND;DL_RENDER,DL_HW_EXT,LI_Hogwarts > LI_EntranceHall_EXT,/Game/Levels/Overland/Hogwarts/EntranceHall/LI_EntranceHall_EXT,,-9451.9,-29543.7,7963.4
SM_HW_EH_DoorFrame_ColumnDecor_B_50,StaticMeshActor,LV_Overland/Hogwarts/LI_Hogwarts/LevelInstances/EntranceHall/LI_EntranceHall_EXT/RENDER/Porch/SM_HW_EH_DoorFrame_ColumnDecor_B_50,0F4D57DB-40E2-4751-3E11-5DA8738F8C19,1,DL_OVERLAND;DL_RENDER,DL_HW_EXT,LI_Hogwarts > LI_EntranceHall_EXT,/Game/Levels/Overland/Hogwarts/EntranceHall/LI_EntranceHall_EXT,,-10208.5,-29352.4,8803.3
SM_HW_EH_DoorFrame_ColumnDecor_B_51,StaticMeshActor,LV_Overland/Hogwarts/LI_Hogwarts/LevelInstances/EntranceHall/LI_EntranceHall_EXT/RENDER/Porch/SM_HW_EH_DoorFrame_ColumnDecor_B_51,89824C87-4629-C4E1-0CBA-7D87B9C47FFB,1,DL_OVERLAND;DL_RENDER,DL_HW_EXT,LI_Hogwarts > LI_EntranceHall_EXT,/Game/Levels/Overland/Hogwarts/EntranceHall/LI_EntranceHall_EXT,,-10165.1,-29107.9,9001.3
SM_HW_EH_DoorFrame_ColumnDecor_B_52,StaticMeshActor,LV_Overland/Hogwarts/LI_Hogwarts/LevelInstances/EntranceHall/LI_EntranceHall_EXT/RENDER/Porch/SM_HW_EH_DoorFrame_ColumnDecor_B_52,FF1BECCB-4A73-AE2B-B981-A29E7332C0A6,1,DL_OVERLAND;DL_RENDER,DL_HW_EXT,LI_Hogwarts > LI_EntranceHall_EXT,/Game/Levels/Overland/Hogwarts/EntranceHall/LI_EntranceHall_EXT,,-10186.3,-29229.8,9001.3
SM_HW_EH_DoorFrame_ColumnDecor_B_53,StaticMeshActor,LV_Overland/Hogwarts/LI_Hogwarts/LevelInstances/EntranceHall/LI_EntranceHall_EXT/RENDER/Porch/SM_HW_EH_DoorFrame_ColumnDecor_B_53,F516126D-4F13-D8AB-71C0-B08FC78450F5,1,DL_OVERLAND;DL_RENDER,DL_HW_EXT,LI_Hogwarts > LI_EntranceHall_EXT,/Game/Levels/Overland/Hogwarts/EntranceHall/LI_EntranceHall_EXT,,-10208.5,-29352.4,9001.3
SM_HW_EH_DoorFrame_ColumnDecor_B_54,StaticMeshActor,LV_Overland/Hogwarts/LI_Hogwarts/LevelInstances/EntranceHall/LI_EntranceHall_EXT/RENDER/Porch/SM_HW_EH_DoorFrame_ColumnDecor_B_54,EA1E5CE5-4921-3A18-CD35-419B486B7ECD,1,DL_OVERLAND;DL_RENDER,DL_HW_EXT,LI_Hogwarts > LI_EntranceHall_EXT,/Game/Levels/Overland/Hogwarts/EntranceHall/LI_EntranceHall_EXT,,-9414.9,-29238.9,7784.2
SM_HW_EH_DoorFrame_ColumnDecor_B_55,StaticMeshActor,LV_Overland/Hogwarts/LI_Hogwarts/LevelInstances/EntranceHall/LI_EntranceHall_EXT/RENDER/Porch/SM_HW_EH_DoorFrame_ColumnDecor_B_55,8872F047-49FD-9ADF-3153-128CF7906325,1,DL_OVERLAND;DL_RENDER,DL_HW_EXT,LI_Hogwarts > LI_EntranceHall_EXT,/Game/Levels/Overland/Hogwarts/EntranceHall/LI_EntranceHall_EXT,,-9437.1,-29361.6,7784.2
SM_HW_EH_DoorFrame_ColumnDecor_B_56,StaticMeshActor,LV_Overland/Hogwarts/LI_Hogwarts/LevelInstances/EntranceHall/LI_EntranceHall_EXT/RENDER/Porch/SM_HW_EH_DoorFrame_ColumnDecor_B_56,E12F3E72-4F13-E9D1-5322-C2A5A3497612,1,DL_OVERLAND;DL_RENDER,DL_HW_EXT,LI_Hogwarts > LI_EntranceHall_EXT,/Game/Levels/Overland/Hogwarts/EntranceHall/LI_EntranceHall_EXT,,-9458.4,-29483.5,7784.2
SM_HW_EH_DoorFrame_ColumnDecor_B_57,StaticMeshActor,LV_Overland/Hogwarts/LI_Hogwarts/LevelInstances/EntranceHall/LI_EntranceHall_EXT/RENDER/Porch/SM_HW_EH_DoorFrame_ColumnDecor_B_57,A5E3F970-4665-FDD0-0CD1-8C8824F0289E,1,DL_OVERLAND;DL_RENDER,DL_HW_EXT,LI_Hogwarts > LI_EntranceHall_EXT,/Game/Levels/Overland/Hogwarts/EntranceHall/LI_EntranceHall_EXT,,-9458.4,-29483.5,7963.8
SM_HW_EH_DoorFrame_ColumnDecor_B_58,StaticMeshActor,LV_Overland/Hogwarts/LI_Hogwarts/LevelInstances/EntranceHall/LI_EntranceHall_EXT/RENDER/Porch/SM_HW_EH_DoorFrame_ColumnDecor_B_58,234AF204-4423-4127-FDB2-AAB009878D31,1,DL_OVERLAND;DL_RENDER,DL_HW_EXT,LI_Hogwarts > LI_EntranceHall_EXT,/Game/Levels/Overland/Hogwarts/EntranceHall/LI_EntranceHall_EXT,,-9437.1,-29361.6,7963.8
SM_HW_EH_DoorFrame_ColumnDecor_B_59,StaticMeshActor,LV_Overland/Hogwarts/LI_Hogwarts/LevelInstances/EntranceHall/LI_EntranceHall_EXT/RENDER/Porch/SM_HW_EH_DoorFrame_ColumnDecor_B_59,9453701F-487A-136E-0EB5-B3A3A00115B6,1,DL_OVERLAND;DL_RENDER,DL_HW_EXT,LI_Hogwarts > LI_EntranceHall_EXT,/Game/Levels/Overland/Hogwarts/EntranceHall/LI_EntranceHall_EXT,,-9414.9,-29238.9,7963.8
SM_HW_EH_DoorFrame_ColumnDecor_B_6,StaticMeshActor,LV_Overland/Hogwarts/LI_Hogwarts/LevelInstances/EntranceHall/LI_EntranceHall_EXT/RENDER/Porch/SM_HW_EH_DoorFrame_ColumnDecor_B_6,FDA8F8F9-43CE-3084-F465-3381C2E52402,1,DL_OVERLAND;DL_RENDER,DL_HW_EXT,LI_Hogwarts > LI_EntranceHall_EXT,/Game/Levels/Overland/Hogwarts/EntranceHall/LI_EntranceHall_EXT,,-9425.7,-29579.1,7963.4
SM_HW_EH_DoorFrame_ColumnDecor_B_60,StaticMeshActor,LV_Overland/Hogwarts/LI_Hogwarts/LevelInstances/EntranceHall/LI_EntranceHall_EXT/RENDER/Porch/SM_HW_EH_DoorFrame_ColumnDecor_B_60,E805E6F8-4F20-4A24-0E38-E38D06A8CE21,1,DL_OVERLAND;DL_RENDER,DL_HW_EXT,LI_Hogwarts > LI_EntranceHall_EXT,/Game/Levels/Overland/Hogwarts/EntranceHall/LI_EntranceHall_EXT,,-9458.4,-29483.5,8148.3
SM_HW_EH_DoorFrame_ColumnDecor_B_61,StaticMeshActor,LV_Overland/Hogwarts/LI_Hogwarts/LevelInstances/EntranceHall/LI_EntranceHall_EXT/RENDER/Porch/SM_HW_EH_DoorFrame_ColumnDecor_B_61,51C98244-4265-2EEB-11D2-649CE1C2552B,1,DL_OVERLAND;DL_RENDER,DL_HW_EXT,LI_Hogwarts > LI_EntranceHall_EXT,/Game/Levels/Overland/Hogwarts/EntranceHall/LI_EntranceHall_EXT,,-9437.1,-29361.6,8148.3
SM_HW_EH_DoorFrame_ColumnDecor_B_62,StaticMeshActor,LV_Overland/Hogwarts/LI_Hogwarts/LevelInstances/EntranceHall/LI_EntranceHall_EXT/RENDER/Porch/SM_HW_EH_DoorFrame_ColumnDecor_B_62,359997D4-4D52-5A39-D553-0BAD631AAF40,1,DL_OVERLAND;DL_RENDER,DL_HW_EXT,LI_Hogwarts > LI_EntranceHall_EXT,/Game/Levels/Overland/Hogwarts/EntranceHall/LI_EntranceHall_EXT,,-9414.9,-29238.9,8148.3
SM_HW_EH_DoorFrame_ColumnDecor_B_63,StaticMeshActor,LV_Overland/Hogwarts/LI_Hogwarts/LevelInstances/EntranceHall/LI_EntranceHall_EXT/RENDER/Porch/SM_HW_EH_DoorFrame_ColumnDecor_B_63,088AF576-47C0-900D-6F0F-29BD88293567,1,DL_OVERLAND;DL_RENDER,DL_HW_EXT,LI_Hogwarts > LI_EntranceHall_EXT,/Game/Levels/Overland/Hogwarts/EntranceHall/LI_EntranceHall_EXT,,-9458.4,-29483.5,8400.6
SM_HW_EH_DoorFrame_ColumnDecor_B_64,StaticMeshActor,LV_Overland/Hogwarts/LI_Hogwarts/LevelInstances/EntranceHall/LI_EntranceHall_EXT/RENDER/Porch/SM_HW_EH_DoorFrame_ColumnDecor_B_64,59772BEB-4EF0-8230-61AD-ADAA376C3990,1,DL_OVERLAND;DL_RENDER,DL_HW_EXT,LI_Hogwarts > LI_EntranceHall_EXT,/Game/Levels/Overland/Hogwarts/EntranceHall/LI_EntranceHall_EXT,,-9437.1,-29361.6,8400.6
SM_HW_EH_DoorFrame_ColumnDecor_B_65,StaticMeshActor,LV_Overland/Hogwarts/LI_Hogwarts/LevelInstances/EntranceHall/LI_EntranceHall_EXT/RENDER/Porch/SM_HW_EH_DoorFrame_ColumnDecor_B_65,799CE370-47A4-C02E-1D02-F4BBB31BF73A,1,DL_OVERLAND;DL_RENDER,DL_HW_EXT,LI_Hogwarts > LI_EntranceHall_EXT,/Game/Levels/Overland/Hogwarts/EntranceHall/LI_EntranceHall_EXT,,-9414.9,-29238.9,8400.6
SM_HW_EH_DoorFrame_ColumnDecor_B_66,StaticMeshActor,LV_Overland/Hogwarts/LI_Hogwarts/LevelInstances/EntranceHall/LI_EntranceHall_EXT/RENDER/Porch/SM_HW_EH_DoorFrame_ColumnDecor_B_66,9C726679-4364-BCEF-F70E-E48A7B28C127,1,DL_OVERLAND;DL_RENDER,DL_HW_EXT,LI_Hogwarts > LI_EntranceHall_EXT,/Game/Levels/Overland/Hogwarts/EntranceHall/LI_EntranceHall_EXT,,-9458.4,-29483.5,8601.7
SM_HW_EH_DoorFrame_ColumnDecor_B_67,StaticMeshActor,LV_Overland/Hogwarts/LI_Hogwarts/LevelInstances/EntranceHall/LI_EntranceHall_EXT/RENDER/Porch/SM_HW_EH_DoorFrame_ColumnDecor_B_67,218F3874-4F03-9960-E457-EB858CED8674,1,DL_OVERLAND;DL_RENDER,DL_HW_EXT,LI_Hogwarts > LI_EntranceHall_EXT,/Game/Levels/Overland/Hogwarts/EntranceHall/LI_EntranceHall_EXT,,-9437.1,-29361.6,8601.7
SM_HW_EH_DoorFrame_ColumnDecor_B_68,StaticMeshActor,LV_Overland/Hogwarts/LI_Hogwarts/LevelInstances/EntranceHall/LI_EntranceHall_EXT/RENDER/Porch/SM_HW_EH_DoorFrame_ColumnDecor_B_68,509936AB-4D80-95CF-6270-37B62D361B6D,1,DL_OVERLAND;DL_RENDER,DL_HW_EXT,LI_Hogwarts > LI_EntranceHall_EXT,/Game/Levels/Overland/Hogwarts/EntranceHall/LI_EntranceHall_EXT,,-9416.6,-29238.9,8601.7
SM_HW_EH_DoorFrame_ColumnDecor_B_69,StaticMeshActor,LV_Overland/Hogwarts/LI_Hogwarts/LevelInstances/EntranceHall/LI_EntranceHall_EXT/RENDER/Porch/SM_HW_EH_DoorFrame_ColumnDecor_B_69,C480896B-4027-B9EF-938C-44AF0E4FB6D9,1,DL_OVERLAND;DL_RENDER,DL_HW_EXT,LI_Hogwarts > LI_EntranceHall_EXT,/Game/Levels/Overland/Hogwarts/EntranceHall/LI_EntranceHall_EXT,,-9458.4,-29483.5,8797.7
SM_HW_EH_DoorFrame_ColumnDecor_B_7,StaticMeshActor,LV_Overland/Hogwarts/LI_Hogwarts/LevelInstances/EntranceHall/LI_EntranceHall_EXT/RENDER/Porch/SM_HW_EH_DoorFrame_ColumnDecor_B_7,B23567CE-4133-7DFB-2BBB-7186E79F1CCE,1,DL_OVERLAND;DL_RENDER,DL_HW_EXT,LI_Hogwarts > LI_EntranceHall_EXT,/Game/Levels/Overland/Hogwarts/EntranceHall/LI_EntranceHall_EXT,,-9398.2,-29584.8,7963.4
SM_HW_EH_DoorFrame_ColumnDecor_B_70,StaticMeshActor,LV_Overland/Hogwarts/LI_Hogwarts/LevelInstances/EntranceHall/LI_EntranceHall_EXT/RENDER/Porch/SM_HW_EH_DoorFrame_ColumnDecor_B_70,F646582D-4A1D-A4BE-2DBF-618EA9696016,1,DL_OVERLAND;DL_RENDER,DL_HW_EXT,LI_Hogwarts > LI_EntranceHall_EXT,/Game/Levels/Overland/Hogwarts/EntranceHall/LI_EntranceHall_EXT,,-9437.1,-29361.6,8797.7
SM_HW_EH_DoorFrame_ColumnDecor_B_71,StaticMeshActor,LV_Overland/Hogwarts/LI_Hogwarts/LevelInstances/EntranceHall/LI_EntranceHall_EXT/RENDER/Porch/SM_HW_EH_DoorFrame_ColumnDecor_B_71,6E7918ED-4EAE-419F-7C73-16B3300C6022,1,DL_OVERLAND;DL_RENDER,DL_HW_EXT,LI_Hogwarts > LI_EntranceHall_EXT,/Game/Levels/Overland/Hogwarts/EntranceHall/LI_EntranceHall_EXT,,-9414.9,-29238.9,8797.7
SM_HW_EH_DoorFrame_ColumnDecor_B_72,StaticMeshActor,LV_Overland/Hogwarts/LI_Hogwarts/LevelInstances/EntranceHall/LI_EntranceHall_EXT/RENDER/Porch/SM_HW_EH_DoorFrame_ColumnDecor_B_72,471027ED-4D14-670E-13A1-3F97847E07F3,1,DL_OVERLAND;DL_RENDER,DL_HW_EXT,LI_Hogwarts > LI_EntranceHall_EXT,/Game/Levels/Overland/Hogwarts/EntranceHall/LI_EntranceHall_EXT,,-9458.4,-29483.5,9003.3
SM_HW_EH_DoorFrame_ColumnDecor_B_73,StaticMeshActor,LV_Overland/Hogwarts/LI_Hogwarts/LevelInstances/EntranceHall/LI_EntranceHall_EXT/RENDER/Porch/SM_HW_EH_DoorFrame_ColumnDecor_B_73,FF6A0BAE-4136-44D8-CABD-FBA258C96A4F,1,DL_OVERLAND;DL_RENDER,DL_HW_EXT,LI_Hogwarts > LI_EntranceHall_EXT,/Game/Levels/Overland/Hogwarts/EntranceHall/LI_EntranceHall_EXT,,-9437.1,-29361.6,9003.3
SM_HW_EH_DoorFrame_ColumnDecor_B_74,StaticMeshActor,LV_Overland/Hogwarts/LI_Hogwarts/LevelInstances/EntranceHall/LI_EntranceHall_EXT/RENDER/Porch/SM_HW_EH_DoorFrame_ColumnDecor_B_74,B6A06A03-46F5-EDBE-B664-A2B69F6440EB,1,DL_OVERLAND;DL_RENDER,DL_HW_EXT,LI_Hogwarts > LI_EntranceHall_EXT,/Game/Levels/Overland/Hogwarts/EntranceHall/LI_EntranceHall_EXT,,-9414.9,-29238.9,9003.3
SM_HW_EH_DoorFrame_ColumnDecor_B_75,StaticMeshActor,LV_Overland/Hogwarts/LI_Hogwarts/LevelInstances/EntranceHall/LI_EntranceHall_EXT/RENDER/Porch/SM_HW_EH_DoorFrame_ColumnDecor_B_75,F514B4CB-4EBA-2D64-C59E-F2814C9C6136,1,DL_OVERLAND;DL_RENDER,DL_HW_EXT,LI_Hogwarts > LI_EntranceHall_EXT,/Game/Levels/Overland/Hogwarts/EntranceHall/LI_EntranceHall_EXT,,-9458.4,-29483.5,9154.9
SM_HW_EH_DoorFrame_ColumnDecor_B_76,StaticMeshActor,LV_Overland/Hogwarts/LI_Hogwarts/LevelInstances/EntranceHall/LI_EntranceHall_EXT/RENDER/Porch/SM_HW_EH_DoorFrame_ColumnDecor_B_76,DB167BD3-44E6-0234-D809-C1B223E8B4AF,1,DL_OVERLAND;DL_RENDER,DL_HW_EXT,LI_Hogwarts > LI_EntranceHall_EXT,/Game/Levels/Overland/Hogwarts/EntranceHall/LI_EntranceHall_EXT,,-9437.1,-29361.6,9154.9
SM_HW_EH_DoorFrame_ColumnDecor_B_77,StaticMeshActor,LV_Overland/Hogwarts/LI_Hogwarts/LevelInstances/EntranceHall/LI_EntranceHall_EXT/RENDER/Porch/SM_HW_EH_DoorFrame_ColumnDecor_B_77,B323A5AC-49CF-A2F0-5000-5F84FFF1BF9C,1,DL_OVERLAND;DL_RENDER,DL_HW_EXT,LI_Hogwarts > LI_EntranceHall_EXT,/Game/Levels/Overland/Hogwarts/EntranceHall/LI_EntranceHall_EXT,,-9414.9,-29238.9,9154.9
SM_HW_EH_DoorFrame_ColumnDecor_B_78,StaticMeshActor,LV_Overland/Hogwarts/LI_Hogwarts/LevelInstances/EntranceHall/LI_EntranceHall_EXT/RENDER/Porch/SM_HW_EH_DoorFrame_ColumnDecor_B_78,EDA6B87E-4175-62F1-EAAE-A0B9A8E61CFC,1,DL_OVERLAND;DL_RENDER,DL_HW_EXT,LI_Hogwarts > LI_EntranceHall_EXT,/Game/Levels/Overland/Hogwarts/EntranceHall/LI_EntranceHall_EXT,,-10207.5,-29352.3,9223.0
SM_HW_EH_DoorFrame_ColumnDecor_B_79,StaticMeshActor,LV_Overland/Hogwarts/LI_Hogwarts/LevelInstances/EntranceHall/LI_EntranceHall_EXT/RENDER/Porch/SM_HW_EH_DoorFrame_ColumnDecor_B_79,8E1663D9-47E4-7683-3D5B-2DA14361020E,1,DL_OVERLAND;DL_RENDER,DL_HW_EXT,LI_Hogwarts > LI_EntranceHall_EXT,/Game/Levels/Overland/Hogwarts/EntranceHall/LI_EntranceHall_EXT,,-10186.3,-29229.8,9223.0
SM_HW_EH_DoorFrame_ColumnDecor_B_8,StaticMeshActor,LV_Overland/Hogwarts/LI_Hogwarts/LevelInstances/EntranceHall/LI_EntranceHall_EXT/RENDER/Porch/SM_HW_EH_DoorFrame_ColumnDecor_B_8,1246B03A-4C89-EB32-BF20-AC9665BAFEB6,1,DL_OVERLAND;DL_RENDER,DL_HW_EXT,LI_Hogwarts > LI_EntranceHall_EXT,/Game/Levels/Overland/Hogwarts/EntranceHall/LI_EntranceHall_EXT,,-9466.0,-29515.5,7963.4
SM_HW_EH_DoorFrame_ColumnDecor_B_80,StaticMeshActor,LV_Overland/Hogwarts/LI_Hogwarts/LevelInstances/EntranceHall/LI_EntranceHall_EXT/RENDER/Porch/SM_HW_EH_DoorFrame_ColumnDecor_B_80,2DBA7ED2-4577-F648-F8DB-E494462886C2,1,DL_OVERLAND;DL_RENDER,DL_HW_EXT,LI_Hogwarts > LI_EntranceHall_EXT,/Game/Levels/Overland/Hogwarts/EntranceHall/LI_EntranceHall_EXT,,-10165.1,-29107.9,9223.0
SM_HW_EH_DoorFrame_ColumnDecor_B_81,StaticMeshActor,LV_Overland/Hogwarts/LI_Hogwarts/LevelInstances/EntranceHall/LI_EntranceHall_EXT/RENDER/Porch/SM_HW_EH_DoorFrame_ColumnDecor_B_81,BF5E3D33-4155-0DFD-5EC4-31860FFF865A,1,DL_OVERLAND;DL_RENDER,DL_HW_EXT,LI_Hogwarts > LI_EntranceHall_EXT,/Game/Levels/Overland/Hogwarts/EntranceHall/LI_EntranceHall_EXT,,-10099.2,-29083.0,8601.7
SM_HW_EH_DoorFrame_ColumnDecor_B_82,StaticMeshActor,LV_Overland/Hogwarts/LI_Hogwarts/LevelInstances/EntranceHall/LI_EntranceHall_EXT/RENDER/Porch/SM_HW_EH_DoorFrame_ColumnDecor_B_82,4A88C32E-4B28-BE7C-F314-248CE619074C,1,DL_OVERLAND;DL_RENDER,DL_HW_EXT,LI_Hogwarts > LI_EntranceHall_EXT,/Game/Levels/Overland/Hogwarts/EntranceHall/LI_EntranceHall_EXT,,-10081.5,-29081.2,8601.7
SM_HW_EH_DoorFrame_ColumnDecor_B_83,StaticMeshActor,LV_Overland/Hogwarts/LI_Hogwarts/LevelInstances/EntranceHall/LI_EntranceHall_EXT/RENDER/Porch/SM_HW_EH_DoorFrame_ColumnDecor_B_83,3C9B586E-4D8F-C678-1625-C38B131413D5,1,DL_OVERLAND;DL_RENDER,DL_HW_EXT,LI_Hogwarts > LI_EntranceHall_EXT,/Game/Levels/Overland/Hogwarts/EntranceHall/LI_EntranceHall_EXT,,-10055.9,-29077.4,8601.7
SM_HW_EH_DoorFrame_ColumnDecor_B_84,StaticMeshActor,LV_Overland/Hogwarts/LI_Hogwarts/LevelInstances/EntranceHall/LI_EntranceHall_EXT/RENDER/Porch/SM_HW_EH_DoorFrame_ColumnDecor_B_84,AA80F4EF-4A36-6D89-CB89-448B14B6C6C2,1,DL_OVERLAND;DL_RENDER,DL_HW_EXT,LI_Hogwarts > LI_EntranceHall_EXT,/Game/Levels/Overland/Hogwarts/EntranceHall/LI_EntranceHall_EXT,,-9507.1,-29176.4,8601.7
SM_HW_EH_DoorFrame_ColumnDecor_B_85,StaticMeshActor,LV_Overland/Hogwarts/LI_Hogwarts/LevelInstances/EntranceHall/LI_EntranceHall_EXT/RENDER/Porch/SM_HW_EH_DoorFrame_ColumnDecor_B_85,AA1D56A4-4A4E-9797-FCC4-3A897ECDC060,1,DL_OVERLAND;DL_RENDER,DL_HW_EXT,LI_Hogwarts > LI_EntranceHall_EXT,/Game/Levels/Overland/Hogwarts/EntranceHall/LI_EntranceHall_EXT,,-9485.1,-29187.7,8601.7
SM_HW_EH_DoorFrame_ColumnDecor_B_86,StaticMeshActor,LV_Overland/Hogwarts/LI_Hogwarts/LevelInstances/EntranceHall/LI_EntranceHall_EXT/RENDER/Porch/SM_HW_EH_DoorFrame_ColumnDecor_B_86,EC0DFBD6-43FC-125E-7866-58A155725596,1,DL_OVERLAND;DL_RENDER,DL_HW_EXT,LI_Hogwarts > LI_EntranceHall_EXT,/Game/Levels/Overland/Hogwarts/EntranceHall/LI_EntranceHall_EXT,,-9468.0,-29196.5,8601.7
SM_HW_EH_DoorFrame_ColumnDecor_B_87,StaticMeshActor,LV_Overland/Hogwarts/LI_Hogwarts/LevelInstances/EntranceHall/LI_EntranceHall_EXT/RENDER/Porch/SM_HW_EH_DoorFrame_ColumnDecor_B_87,19BC856F-44E7-4C02-EB73-53AD7936C62F,1,DL_OVERLAND;DL_RENDER,DL_HW_EXT,LI_Hogwarts > LI_EntranceHall_EXT,/Game/Levels/Overland/Hogwarts/EntranceHall/LI_EntranceHall_EXT,,-10099.2,-29083.0,8802.9
SM_HW_EH_DoorFrame_ColumnDecor_B_88,StaticMeshActor,LV_Overland/Hogwarts/LI_Hogwarts/LevelInstances/EntranceHall/LI_EntranceHall_EXT/RENDER/Porch/SM_HW_EH_DoorFrame_ColumnDecor_B_88,BBDA3747-4A02-E932-852C-43B45256FE3E,1,DL_OVERLAND;DL_RENDER,DL_HW_EXT,LI_Hogwarts > LI_EntranceHall_EXT,/Game/Levels/Overland/Hogwarts/EntranceHall/LI_EntranceHall_EXT,,-10081.6,-29081.1,8802.9
SM_HW_EH_DoorFrame_ColumnDecor_B_89,StaticMeshActor,LV_Overland/Hogwarts/LI_Hogwarts/LevelInstances/EntranceHall/LI_EntranceHall_EXT/RENDER/Porch/SM_HW_EH_DoorFrame_ColumnDecor_B_89,7FA30780-4C48-6D63-4999-5380515F4A90,1,DL_OVERLAND;DL_RENDER,DL_HW_EXT,LI_Hogwarts > LI_EntranceHall_EXT,/Game/Levels/Overland/Hogwarts/EntranceHall/LI_EntranceHall_EXT,,-10055.9,-29077.4,8802.9
SM_HW_EH_DoorFrame_ColumnDecor_B_9,StaticMeshActor,LV_Overland/Hogwarts/LI_Hogwarts/LevelInstances/EntranceHall/LI_EntranceHall_EXT/RENDER/Porch/SM_HW_EH_DoorFrame_ColumnDecor_B_9,A36AEC31-4396-E6FD-84E6-24AAC146A72B,1,DL_OVERLAND;DL_RENDER,DL_HW_EXT,LI_Hogwarts > LI_EntranceHall_EXT,/Game/Levels/Overland/Hogwarts/EntranceHall/LI_EntranceHall_EXT,,-9451.2,-29543.7,8149.1
SM_HW_EH_DoorFrame_ColumnDecor_B_90,StaticMeshActor,LV_Overland/Hogwarts/LI_Hogwarts/LevelInstances/EntranceHall/LI_EntranceHall_EXT/RENDER/Porch/SM_HW_EH_DoorFrame_ColumnDecor_B_90,6F03121D-423E-234F-E833-5DBFEBF07B46,1,DL_OVERLAND;DL_RENDER,DL_HW_EXT,LI_Hogwarts > LI_EntranceHall_EXT,/Game/Levels/Overland/Hogwarts/EntranceHall/LI_EntranceHall_EXT,,-9507.2,-29176.4,8802.9
SM_HW_EH_DoorFrame_ColumnDecor_B_91,StaticMeshActor,LV_Overland/Hogwarts/LI_Hogwarts/LevelInstances/EntranceHall/LI_EntranceHall_EXT/RENDER/Porch/SM_HW_EH_DoorFrame_ColumnDecor_B_91,FAFD9BF0-4FEA-D7BA-E70D-DF8CAFCCA855,1,DL_OVERLAND;DL_RENDER,DL_HW_EXT,LI_Hogwarts > LI_EntranceHall_EXT,/Game/Levels/Overland/Hogwarts/EntranceHall/LI_EntranceHall_EXT,,-9485.1,-29187.6,8802.9
SM_HW_EH_DoorFrame_ColumnDecor_B_92,StaticMeshActor,LV_Overland/Hogwarts/LI_Hogwarts/LevelInstances/EntranceHall/LI_EntranceHall_EXT/RENDER/Porch/SM_HW_EH_DoorFrame_ColumnDecor_B_92,2492E36C-44CD-45F5-C42A-558E2A764480,1,DL_OVERLAND;DL_RENDER,DL_HW_EXT,LI_Hogwarts > LI_EntranceHall_EXT,/Game/Levels/Overland/Hogwarts/EntranceHall/LI_EntranceHall_EXT,,-9468.0,-29196.6,8802.9
SM_HW_EH_DoorFrame_ColumnDecor_B_93,StaticMeshActor,LV_Overland/Hogwarts/LI_Hogwarts/LevelInstances/EntranceHall/LI_EntranceHall_EXT/RENDER/Porch/SM_HW_EH_DoorFrame_ColumnDecor_B_93,5D688899-4232-2A12-00F6-FE80810AE924,1,DL_OVERLAND;DL_RENDER,DL_HW_EXT,LI_Hogwarts > LI_EntranceHall_EXT,/Game/Levels/Overland/Hogwarts/EntranceHall/LI_EntranceHall_EXT,,-10099.2,-29083.0,9006.3
SM_HW_EH_DoorFrame_ColumnDecor_B_94,StaticMeshActor,LV_Overland/Hogwarts/LI_Hogwarts/LevelInstances/EntranceHall/LI_EntranceHall_EXT/RENDER/Porch/SM_HW_EH_DoorFrame_ColumnDecor_B_94,90D2AC90-44E3-DCC3-76EF-21B88FA8F35D,1,DL_OVERLAND;DL_RENDER,DL_HW_EXT,LI_Hogwarts > LI_EntranceHall_EXT,/Game/Levels/Overland/Hogwarts/EntranceHall/LI_EntranceHall_EXT,,-10081.6,-29081.1,9006.3
SM_HW_EH_DoorFrame_ColumnDecor_B_95,StaticMeshActor,LV_Overland/Hogwarts/LI_Hogwarts/LevelInstances/EntranceHall/LI_EntranceHall_EXT/RENDER/Porch/SM_HW_EH_DoorFrame_ColumnDecor_B_95,44F636E5-4F6F-FCF4-B4AF-AF8F5CFBCF67,1,DL_OVERLAND;DL_RENDER,DL_HW_EXT,LI_Hogwarts > LI_EntranceHall_EXT,/Game/Levels/Overland/Hogwarts/EntranceHall/LI_EntranceHall_EXT,,-10055.9,-29077.4,9006.3
SM_HW_EH_DoorFrame_ColumnDecor_B_96,StaticMeshActor,LV_Overland/Hogwarts/LI_Hogwarts/LevelInstances/EntranceHall/LI_EntranceHall_EXT/RENDER/Porch/SM_HW_EH_DoorFrame_ColumnDecor_B_96,DE85828C-4F2B-D1BB-386E-5CA24303DBD9,1,DL_OVERLAND;DL_RENDER,DL_HW_EXT,LI_Hogwarts > LI_EntranceHall_EXT,/Game/Levels/Overland/Hogwarts/EntranceHall/LI_EntranceHall_EXT,,-9507.1,-29176.4,9006.3
SM_HW_EH_DoorFrame_ColumnDecor_B_97,StaticMeshActor,LV_Overland/Hogwarts/LI_Hogwarts/LevelInstances/EntranceHall/LI_EntranceHall_EXT/RENDER/Porch/SM_HW_EH_DoorFrame_ColumnDecor_B_97,A2F218C5-407C-C859-E361-41A7086B5E75,1,DL_OVERLAND;DL_RENDER,DL_HW_EXT,LI_Hogwarts > LI_EntranceHall_EXT,/Game/Levels/Overland/Hogwarts/EntranceHall/LI_EntranceHall_EXT,,-9485.1,-29187.7,9006.3
SM_HW_EH_DoorFrame_ColumnDecor_B_98,StaticMeshActor,LV_Overland/Hogwarts/LI_Hogwarts/LevelInstances/EntranceHall/LI_EntranceHall_EXT/RENDER/Porch/SM_HW_EH_DoorFrame_ColumnDecor_B_98,E3A1323D-4868-A8C9-0123-27A2E08F6D2B,1,DL_OVERLAND;DL_RENDER,DL_HW_EXT,LI_Hogwarts > LI_EntranceHall_EXT,/Game/Levels/Overland/Hogwarts/EntranceHall/LI_EntranceHall_EXT,,-9468.0,-29196.6,9006.3
SM_HW_EH_DoorFrame_ColumnDecor_B_99,StaticMeshActor,LV_Overland/Hogwarts/LI_Hogwarts/LevelInstances/EntranceHall/LI_EntranceHall_EXT/RENDER/Porch/SM_HW_EH_DoorFrame_ColumnDecor_B_99,0E18F0F4-467C-F79D-EC9C-D9A44D1971B4,1,DL_OVERLAND;DL_RENDER,DL_HW_EXT,LI_Hogwarts > LI_EntranceHall_EXT,/Game/Levels/Overland/Hogwarts/EntranceHall/LI_EntranceHall_EXT,,-10099.2,-29083.0,9211.3
SM_HW_EH_DoorFrame_ColumnStack_A10,StaticMeshActor,LV_Overland/Hogwarts/LI_Hogwarts/LevelInstances/EntranceHall/LI_EntranceHall_EXT/SM_HW_EH_DoorFrame_ColumnStack_A10,E0539791-42DF-157E-5E5E-C79A2A6BD52F,1,DL_OVERLAND;DL_RENDER,DL_HW_EXT,LI_Hogwarts > LI_EntranceHall_EXT,/Game/Levels/Overland/Hogwarts/EntranceHall/LI_EntranceHall_EXT,,-9391.0,-29577.2,8300.0
SM_HW_EH_DoorFrame_ColumnStack_A11,StaticMeshActor,LV_Overland/Hogwarts/LI_Hogwarts/LevelInstances/EntranceHall/LI_EntranceHall_EXT/SM_HW_EH_DoorFrame_ColumnStack_A11,F95610C7-485E-5090-DF48-B38C14534C1B,1,DL_OVERLAND;DL_RENDER,DL_HW_EXT,LI_Hogwarts > LI_EntranceHall_EXT,/Game/Levels/Overland/Hogwarts/EntranceHall/LI_EntranceHall_EXT,,-9444.8,-29542.5,7700.0
SM_HW_EH_DoorFrame_ColumnStack_A12,StaticMeshActor,LV_Overland/Hogwarts/LI_Hogwarts/LevelInstances/EntranceHall/LI_EntranceHall_EXT/SM_HW_EH_DoorFrame_ColumnStack_A12,E796C6DC-4825-B8D4-DD58-52BD434DB303,1,DL_OVERLAND;DL_RENDER,DL_HW_EXT,LI_Hogwarts > LI_EntranceHall_EXT,/Game/Levels/Overland/Hogwarts/EntranceHall/LI_EntranceHall_EXT,,-9391.0,-29577.2,7700.0
SM_HW_EH_DoorFrame_ColumnStack_A13,StaticMeshActor,LV_Overland/Hogwarts/LI_Hogwarts/LevelInstances/EntranceHall/LI_EntranceHall_EXT/SM_HW_EH_DoorFrame_ColumnStack_A13,E2E3E22D-4926-14BD-7EC2-4AB97224FB27,1,DL_OVERLAND;DL_RENDER,DL_HW_EXT,LI_Hogwarts > LI_EntranceHall_EXT,/Game/Levels/Overland/Hogwarts/EntranceHall/LI_EntranceHall_EXT,,-9391.0,-29577.2,8700.0
SM_HW_EH_DoorFrame_ColumnStack_A14,StaticMeshActor,LV_Overland/Hogwarts/LI_Hogwarts/LevelInstances/EntranceHall/LI_EntranceHall_EXT/SM_HW_EH_DoorFrame_ColumnStack_A14,AA3631F6-4ABB-DCC1-9B07-0890D6E365A0,1,DL_OVERLAND;DL_RENDER,DL_HW_EXT,LI_Hogwarts > LI_EntranceHall_EXT,/Game/Levels/Overland/Hogwarts/EntranceHall/LI_EntranceHall_EXT,,-9444.8,-29542.5,8700.0
SM_HW_EH_DoorFrame_ColumnStack_A15,StaticMeshActor,LV_Overland/Hogwarts/LI_Hogwarts/LevelInstances/EntranceHall/LI_EntranceHall_EXT/SM_HW_EH_DoorFrame_ColumnStack_A15,4BD5B0D6-4E43-4F85-FD7F-509079EB5A9F,1,DL_OVERLAND;DL_RENDER,DL_HW_EXT,LI_Hogwarts > LI_EntranceHall_EXT,/Game/Levels/Overland/Hogwarts/EntranceHall/LI_EntranceHall_EXT,,-9444.8,-29542.5,9100.0
SM_HW_EH_DoorFrame_ColumnStack_A16,StaticMeshActor,LV_Overland/Hogwarts/LI_Hogwarts/LevelInstances/EntranceHall/LI_EntranceHall_EXT/SM_HW_EH_DoorFrame_ColumnStack_A16,93FEC17F-4A03-ED52-A928-E8A0A9163DB2,1,DL_OVERLAND;DL_RENDER,DL_HW_EXT,LI_Hogwarts > LI_EntranceHall_EXT,/Game/Levels/Overland/Hogwarts/EntranceHall/LI_EntranceHall_EXT,,-9391.0,-29577.2,9100.0
SM_HW_EH_DoorFrame_ColumnStack_A17,StaticMeshActor,LV_Overland/Hogwarts/LI_Hogwarts/LevelInstances/EntranceHall/LI_EntranceHall_EXT/SM_HW_EH_DoorFrame_ColumnStack_A17,463D8CC1-49ED-4B4F-ED9F-1C8794626B67,1,DL_OVERLAND;DL_RENDER,DL_HW_EXT,LI_Hogwarts > LI_EntranceHall_EXT,/Game/Levels/Overland/Hogwarts/EntranceHall/LI_EntranceHall_EXT,,-10303.7,-29417.3,7699.7
SM_HW_EH_DoorFrame_ColumnStack_A18,StaticMeshActor,LV_Overland/Hogwarts/LI_Hogwarts/LevelInstances/EntranceHall/LI_EntranceHall_EXT/SM_HW_EH_DoorFrame_ColumnStack_A18,C40EFD8E-4EE0-42F1-4CB5-7ABE3A5384DE,1,DL_OVERLAND;DL_RENDER,DL_HW_EXT,LI_Hogwarts > LI_EntranceHall_EXT,/Game/Levels/Overland/Hogwarts/EntranceHall/LI_EntranceHall_EXT,,-10241.3,-29403.1,7699.7
SM_HW_EH_DoorFrame_ColumnStack_A19,StaticMeshActor,LV_Overland/Hogwarts/LI_Hogwarts/LevelInstances/EntranceHall/LI_EntranceHall_EXT/SM_HW_EH_DoorFrame_ColumnStack_A19,90F52D81-4FA3-1482-ABB9-B492FA299F84,1,DL_OVERLAND;DL_RENDER,DL_HW_EXT,LI_Hogwarts > LI_EntranceHall_EXT,/Game/Levels/Overland/Hogwarts/EntranceHall/LI_EntranceHall_EXT,,-10241.3,-29403.1,8099.7
SM_HW_EH_DoorFrame_ColumnStack_A20,StaticMeshActor,LV_Overland/Hogwarts/LI_Hogwarts/LevelInstances/EntranceHall/LI_EntranceHall_EXT/SM_HW_EH_DoorFrame_ColumnStack_A20,191AF0C9-447C-5367-F4BD-4588BBABF508,1,DL_OVERLAND;DL_RENDER,DL_HW_EXT,LI_Hogwarts > LI_EntranceHall_EXT,/Game/Levels/Overland/Hogwarts/EntranceHall/LI_EntranceHall_EXT,,-10303.7,-29417.3,8099.7
SM_HW_EH_DoorFrame_ColumnStack_A21,StaticMeshActor,LV_Overland/Hogwarts/LI_Hogwarts/LevelInstances/EntranceHall/LI_EntranceHall_EXT/SM_HW_EH_DoorFrame_ColumnStack_A21,ABCB8E64-41D8-2785-F33B-7A9C4A007CD6,1,DL_OVERLAND;DL_RENDER,DL_HW_EXT,LI_Hogwarts > LI_EntranceHall_EXT,/Game/Levels/Overland/Hogwarts/EntranceHall/LI_EntranceHall_EXT,,-10303.7,-29417.3,8699.7
SM_HW_EH_DoorFrame_ColumnStack_A22,StaticMeshActor,LV_Overland/Hogwarts/LI_Hogwarts/LevelInstances/EntranceHall/LI_EntranceHall_EXT/SM_HW_EH_DoorFrame_ColumnStack_A22,647B9A57-4601-3228-AD0A-25A6B42692BA,1,DL_OVERLAND;DL_RENDER,DL_HW_EXT,LI_Hogwarts > LI_EntranceHall_EXT,/Game/Levels/Overland/Hogwarts/EntranceHall/LI_EntranceHall_EXT,,-10241.3,-29403.1,8699.7
SM_HW_EH_DoorFrame_ColumnStack_A23,StaticMeshActor,LV_Overland/Hogwarts/LI_Hogwarts/LevelInstances/EntranceHall/LI_EntranceHall_EXT/SM_HW_EH_DoorFrame_ColumnStack_A23,C6FBC8A6-4A62-3418-5329-44B5FCF1725A,1,DL_OVERLAND;DL_RENDER,DL_HW_EXT,LI_Hogwarts > LI_EntranceHall_EXT,/Game/Levels/Overland/Hogwarts/EntranceHall/LI_EntranceHall_EXT,,-10303.7,-29417.3,9099.7
SM_HW_EH_DoorFrame_ColumnStack_A24,StaticMeshActor,LV_Overland/Hogwarts/LI_Hogwarts/LevelInstances/EntranceHall/LI_EntranceHall_EXT/SM_HW_EH_DoorFrame_ColumnStack_A24,4C1DAA93-4E10-B738-A8FA-9D8FD70F897D,1,DL_OVERLAND;DL_RENDER,DL_HW_EXT,LI_Hogwarts > LI_EntranceHall_EXT,/Game/Levels/Overland/Hogwarts/EntranceHall/LI_EntranceHall_EXT,,-10241.3,-29403.1,9099.7
SM_HW_EH_DoorFrame_ColumnStack_A9,StaticMeshActor,LV_Overland/Hogwarts/LI_Hogwarts/LevelInstances/EntranceHall/LI_EntranceHall_EXT/SM_HW_EH_DoorFrame_ColumnStack_A9,6678C8D0-4BAB-397C-E02D-569B4B8ADA12,1,DL_OVERLAND;DL_RENDER,DL_HW_EXT,LI_Hogwarts > LI_EntranceHall_EXT,/Game/Levels/Overland/Hogwarts/EntranceHall/LI_EntranceHall_EXT,,-9444.8,-29542.5,8300.0
SM_HW_EH_DoorFrame_ColumnStack_A_1,StaticMeshActor,LV_Overland/Hogwarts/LI_Hogwarts/LevelInstances/EntranceHall/LI_EntranceHall_EXT/RENDER/Porch/SM_HW_EH_DoorFrame_ColumnStack_A_1,7E7AD3D9-4BAE-6A7C-5294-9CB0E00D7FC4,1,DL_OVERLAND;DL_RENDER,DL_HW_EXT,LI_Hogwarts > LI_EntranceHall_EXT,/Game/Levels/Overland/Hogwarts/EntranceHall/LI_EntranceHall_EXT,,-9568.1,-29126.0,7497.2
SM_HW_EH_DoorFrame_ColumnStack_A_2,StaticMeshActor,LV_Overland/Hogwarts/LI_Hogwarts/LevelInstances/EntranceHall/LI_EntranceHall_EXT/RENDER/Porch/SM_HW_EH_DoorFrame_ColumnStack_A_2,F6A5BA9A-4785-E5BC-C0CE-7C8484AA39D7,1,DL_OVERLAND;DL_RENDER,DL_HW_EXT,LI_Hogwarts > LI_EntranceHall_EXT,/Game/Levels/Overland/Hogwarts/EntranceHall/LI_EntranceHall_EXT,,-9568.1,-29126.0,7691.0
SM_HW_EH_DoorFrame_ColumnStack_A_4,StaticMeshActor,LV_Overland/Hogwarts/LI_Hogwarts/LevelInstances/EntranceHall/LI_EntranceHall_EXT/RENDER/Porch/SM_HW_EH_DoorFrame_ColumnStack_A_4,949C6E13-4950-3C9C-9E2D-8DA19DBA4B4A,1,DL_OVERLAND;DL_RENDER,DL_HW_EXT,LI_Hogwarts > LI_EntranceHall_EXT,/Game/Levels/Overland/Hogwarts/EntranceHall/LI_EntranceHall_EXT,,-9568.1,-29126.0,8078.7
SM_HW_EH_DoorFrame_ColumnStack_A_5,StaticMeshActor,LV_Overland/Hogwarts/LI_Hogwarts/LevelInstances/EntranceHall/LI_EntranceHall_EXT/RENDER/Porch/SM_HW_EH_DoorFrame_ColumnStack_A_5,221A3CBE-49C3-83C5-5D33-2C9D8DCFB6F9,1,DL_OVERLAND;DL_RENDER,DL_HW_EXT,LI_Hogwarts > LI_EntranceHall_EXT,/Game/Levels/Overland/Hogwarts/EntranceHall/LI_EntranceHall_EXT,,-9982.5,-29053.3,7691.1
SM_HW_EH_DoorFrame_ColumnStack_B_1,StaticMeshActor,LV_Overland/Hogwarts/LI_Hogwarts/LevelInstances/EntranceHall/LI_EntranceHall_EXT/RENDER/Porch/SM_HW_EH_DoorFrame_ColumnStack_B_1,E6912531-40D0-18D4-7A0D-1F85C3F5FE75,1,DL_OVERLAND;DL_RENDER,DL_HW_EXT,LI_Hogwarts > LI_EntranceHall_EXT,/Game/Levels/Overland/Hogwarts/EntranceHall/LI_EntranceHall_EXT,,-9445.3,-29542.4,7500.0
SM_HW_EH_DoorFrame_ColumnStack_B_10,StaticMeshActor,LV_Overland/Hogwarts/LI_Hogwarts/LevelInstances/EntranceHall/LI_EntranceHall_EXT/RENDER/Porch/SM_HW_EH_DoorFrame_ColumnStack_B_10,5420A65A-4CDD-4821-3AC3-C7B5D5766331,1,DL_OVERLAND;DL_RENDER,DL_HW_EXT,LI_Hogwarts > LI_EntranceHall_EXT,/Game/Levels/Overland/Hogwarts/EntranceHall/LI_EntranceHall_EXT,,-9568.2,-29126.5,7884.8
SM_HW_EH_DoorFrame_ColumnStack_B_11,StaticMeshActor,LV_Overland/Hogwarts/LI_Hogwarts/LevelInstances/EntranceHall/LI_EntranceHall_EXT/RENDER/Porch/SM_HW_EH_DoorFrame_ColumnStack_B_11,083A5783-45A5-E36B-6814-70B685770CCF,1,DL_OVERLAND;DL_RENDER,DL_HW_EXT,LI_Hogwarts > LI_EntranceHall_EXT,/Game/Levels/Overland/Hogwarts/EntranceHall/LI_EntranceHall_EXT,,-10240.8,-29403.2,9299.6
SM_HW_EH_DoorFrame_ColumnStack_B_12,StaticMeshActor,LV_Overland/Hogwarts/LI_Hogwarts/LevelInstances/EntranceHall/LI_EntranceHall_EXT/RENDER/Porch/SM_HW_EH_DoorFrame_ColumnStack_B_12,12CA6AE7-4E06-74E5-369D-ED9D2747D3E1,1,DL_OVERLAND;DL_RENDER,DL_HW_EXT,LI_Hogwarts > LI_EntranceHall_EXT,/Game/Levels/Overland/Hogwarts/EntranceHall/LI_EntranceHall_EXT,,-10240.8,-29403.2,9499.6
SM_HW_EH_DoorFrame_ColumnStack_B_15,StaticMeshActor,LV_Overland/Hogwarts/LI_Hogwarts/LevelInstances/EntranceHall/LI_EntranceHall_EXT/RENDER/Porch/SM_HW_EH_DoorFrame_ColumnStack_B_15,8F644BE1-497B-AC54-6B8A-20A9200391C2,1,DL_OVERLAND;DL_RENDER,DL_HW_EXT,LI_Hogwarts > LI_EntranceHall_EXT,/Game/Levels/Overland/Hogwarts/EntranceHall/LI_EntranceHall_EXT,,-9445.3,-29542.4,8500.0
SM_HW_EH_DoorFrame_ColumnStack_B_16,StaticMeshActor,LV_Overland/Hogwarts/LI_Hogwarts/LevelInstances/EntranceHall/LI_EntranceHall_EXT/RENDER/Porch/SM_HW_EH_DoorFrame_ColumnStack_B_16,AB82BD20-48B3-26FB-FA71-C28BE8A87E5C,1,DL_OVERLAND;DL_RENDER,DL_HW_EXT,LI_Hogwarts > LI_EntranceHall_EXT,/Game/Levels/Overland/Hogwarts/EntranceHall/LI_EntranceHall_EXT,,-10240.8,-29403.2,8499.6
SM_HW_EH_DoorFrame_ColumnStack_B_18,StaticMeshActor,LV_Overland/Hogwarts/LI_Hogwarts/LevelInstances/EntranceHall/LI_EntranceHall_EXT/RENDER/Porch/SM_HW_EH_DoorFrame_ColumnStack_B_18,9F5D1F41-416E-7E0C-4B16-BCB6A20D3A5D,1,DL_OVERLAND;DL_RENDER,DL_HW_EXT,LI_Hogwarts > LI_EntranceHall_EXT,/Game/Levels/Overland/Hogwarts/EntranceHall/LI_EntranceHall_EXT,,-10240.8,-29403.2,8299.6
SM_HW_EH_DoorFrame_ColumnStack_B_19,StaticMeshActor,LV_Overland/Hogwarts/LI_Hogwarts/LevelInstances/EntranceHall/LI_EntranceHall_EXT/RENDER/Porch/SM_HW_EH_DoorFrame_ColumnStack_B_19,D0EC909A-4B4F-D0EF-F239-45BB856B1BB8,1,DL_OVERLAND;DL_RENDER,DL_HW_EXT,LI_Hogwarts > LI_EntranceHall_EXT,/Game/Levels/Overland/Hogwarts/EntranceHall/LI_EntranceHall_EXT,,-9445.3,-29542.4,8900.0
SM_HW_EH_DoorFrame_ColumnStack_B_22,StaticMeshActor,LV_Overland/Hogwarts/LI_Hogwarts/LevelInstances/EntranceHall/LI_EntranceHall_EXT/RENDER/Porch/SM_HW_EH_DoorFrame_ColumnStack_B_22,986986F4-4DB2-7D32-5EE2-F1948251591B,1,DL_OVERLAND;DL_RENDER,DL_HW_EXT,LI_Hogwarts > LI_EntranceHall_EXT,/Game/Levels/Overland/Hogwarts/EntranceHall/LI_EntranceHall_EXT,,-10240.8,-29403.2,7899.6
SM_HW_EH_DoorFrame_ColumnStack_B_23,StaticMeshActor,LV_Overland/Hogwarts/LI_Hogwarts/LevelInstances/EntranceHall/LI_EntranceHall_EXT/RENDER/Porch/SM_HW_EH_DoorFrame_ColumnStack_B_23,32549B81-4BC3-A5F3-5CB9-BC93C7D59BAF,1,DL_OVERLAND;DL_RENDER,DL_HW_EXT,LI_Hogwarts > LI_EntranceHall_EXT,/Game/Levels/Overland/Hogwarts/EntranceHall/LI_EntranceHall_EXT,,-9445.3,-29542.4,9300.0
SM_HW_EH_DoorFrame_ColumnStack_B_24,StaticMeshActor,LV_Overland/Hogwarts/LI_Hogwarts/LevelInstances/EntranceHall/LI_EntranceHall_EXT/RENDER/Porch/SM_HW_EH_DoorFrame_ColumnStack_B_24,978A83D7-49E6-BCB0-155B-C0BD5471AB90,1,DL_OVERLAND;DL_RENDER,DL_HW_EXT,LI_Hogwarts > LI_EntranceHall_EXT,/Game/Levels/Overland/Hogwarts/EntranceHall/LI_EntranceHall_EXT,,-9391.3,-29577.6,9300.0
SM_HW_EH_DoorFrame_ColumnStack_B_25,StaticMeshActor,LV_Overland/Hogwarts/LI_Hogwarts/LevelInstances/EntranceHall/LI_EntranceHall_EXT/RENDER/Porch/SM_HW_EH_DoorFrame_ColumnStack_B_25,637C0321-49DF-D40D-9FDB-7A999660C0F5,1,DL_OVERLAND;DL_RENDER,DL_HW_EXT,LI_Hogwarts > LI_EntranceHall_EXT,/Game/Levels/Overland/Hogwarts/EntranceHall/LI_EntranceHall_EXT,,-9445.3,-29542.4,9500.0
SM_HW_EH_DoorFrame_ColumnStack_B_26,StaticMeshActor,LV_Overland/Hogwarts/LI_Hogwarts/LevelInstances/EntranceHall/LI_EntranceHall_EXT/RENDER/Porch/SM_HW_EH_DoorFrame_ColumnStack_B_26,A4C3E749-4B58-FB87-77F3-C1B361A07CB2,1,DL_OVERLAND;DL_RENDER,DL_HW_EXT,LI_Hogwarts > LI_EntranceHall_EXT,/Game/Levels/Overland/Hogwarts/EntranceHall/LI_EntranceHall_EXT,,-9391.3,-29577.6,9500.0
SM_HW_EH_DoorFrame_ColumnStack_B_27,StaticMeshActor,LV_Overland/Hogwarts/LI_Hogwarts/LevelInstances/EntranceHall/LI_EntranceHall_EXT/RENDER/Porch/SM_HW_EH_DoorFrame_ColumnStack_B_27,C845E87B-4F62-141F-70BF-029F5F950F23,1,DL_OVERLAND;DL_RENDER,DL_HW_EXT,LI_Hogwarts > LI_EntranceHall_EXT,/Game/Levels/Overland/Hogwarts/EntranceHall/LI_EntranceHall_EXT,,-10240.8,-29403.2,7499.6
SM_HW_EH_DoorFrame_ColumnStack_B_28,StaticMeshActor,LV_Overland/Hogwarts/LI_Hogwarts/LevelInstances/EntranceHall/LI_EntranceHall_EXT/RENDER/Porch/SM_HW_EH_DoorFrame_ColumnStack_B_28,5189E00E-4891-D290-3A5E-99B594ED252C,1,DL_OVERLAND;DL_RENDER,DL_HW_EXT,LI_Hogwarts > LI_EntranceHall_EXT,/Game/Levels/Overland/Hogwarts/EntranceHall/LI_EntranceHall_EXT,,-10303.5,-29417.8,7499.6
SM_HW_EH_DoorFrame_ColumnStack_B_3,StaticMeshActor,LV_Overland/Hogwarts/LI_Hogwarts/LevelInstances/EntranceHall/LI_EntranceHall_EXT/RENDER/Porch/SM_HW_EH_DoorFrame_ColumnStack_B_3,30FC75FD-4461-B5DA-3B8F-03B80D8E6A0E,1,DL_OVERLAND;DL_RENDER,DL_HW_EXT,LI_Hogwarts > LI_EntranceHall_EXT,/Game/Levels/Overland/Hogwarts/EntranceHall/LI_EntranceHall_EXT,,-9445.3,-29542.4,7900.0
SM_HW_EH_DoorFrame_ColumnStack_B_4,StaticMeshActor,LV_Overland/Hogwarts/LI_Hogwarts/LevelInstances/EntranceHall/LI_EntranceHall_EXT/RENDER/Porch/SM_HW_EH_DoorFrame_ColumnStack_B_4,D63692FF-4655-3C9D-F9CB-0E8E1025F7F4,1,DL_OVERLAND;DL_RENDER,DL_HW_EXT,LI_Hogwarts > LI_EntranceHall_EXT,/Game/Levels/Overland/Hogwarts/EntranceHall/LI_EntranceHall_EXT,,-9445.3,-29542.4,8100.0
SM_HW_EH_DoorFrame_ColumnStack_B_5,StaticMeshActor,LV_Overland/Hogwarts/LI_Hogwarts/LevelInstances/EntranceHall/LI_EntranceHall_EXT/RENDER/Porch/SM_HW_EH_DoorFrame_ColumnStack_B_5,AC5B44D1-42CB-1ABE-3D9E-499E2E51DB6E,1,DL_OVERLAND;DL_RENDER,DL_HW_EXT,LI_Hogwarts > LI_EntranceHall_EXT,/Game/Levels/Overland/Hogwarts/EntranceHall/LI_EntranceHall_EXT,,-9982.6,-29053.8,7497.3
SM_HW_EH_DoorFrame_ColumnStack_B_50,StaticMeshActor,LV_Overland/Hogwarts/LI_Hogwarts/LevelInstances/EntranceHall/LI_EntranceHall_EXT/RENDER/Porch/SM_HW_EH_DoorFrame_ColumnStack_B_50,198F53FD-44EF-7B01-0288-7DA70E1F5CFE,1,DL_OVERLAND;DL_RENDER,DL_HW_EXT,LI_Hogwarts > LI_EntranceHall_EXT,/Game/Levels/Overland/Hogwarts/EntranceHall/LI_EntranceHall_EXT,,-9391.3,-29577.6,8900.0
SM_HW_EH_DoorFrame_ColumnStack_B_52,StaticMeshActor,LV_Overland/Hogwarts/LI_Hogwarts/LevelInstances/EntranceHall/LI_EntranceHall_EXT/RENDER/Porch/SM_HW_EH_DoorFrame_ColumnStack_B_52,58A990FF-42A4-C0E1-1E84-458A49EA2E67,1,DL_OVERLAND;DL_RENDER,DL_HW_EXT,LI_Hogwarts > LI_EntranceHall_EXT,/Game/Levels/Overland/Hogwarts/EntranceHall/LI_EntranceHall_EXT,,-9391.3,-29577.6,8500.0
SM_HW_EH_DoorFrame_ColumnStack_B_54,StaticMeshActor,LV_Overland/Hogwarts/LI_Hogwarts/LevelInstances/EntranceHall/LI_EntranceHall_EXT/RENDER/Porch/SM_HW_EH_DoorFrame_ColumnStack_B_54,4369F432-4171-A423-BB3C-D691F2CE9B52,1,DL_OVERLAND;DL_RENDER,DL_HW_EXT,LI_Hogwarts > LI_EntranceHall_EXT,/Game/Levels/Overland/Hogwarts/EntranceHall/LI_EntranceHall_EXT,,-9391.3,-29577.6,8100.0
SM_HW_EH_DoorFrame_ColumnStack_B_55,StaticMeshActor,LV_Overland/Hogwarts/LI_Hogwarts/LevelInstances/EntranceHall/LI_EntranceHall_EXT/RENDER/Porch/SM_HW_EH_DoorFrame_ColumnStack_B_55,036A7C11-44BA-B3E3-1F17-3BB7B1914999,1,DL_OVERLAND;DL_RENDER,DL_HW_EXT,LI_Hogwarts > LI_EntranceHall_EXT,/Game/Levels/Overland/Hogwarts/EntranceHall/LI_EntranceHall_EXT,,-9391.3,-29577.6,7900.0
SM_HW_EH_DoorFrame_ColumnStack_B_57,StaticMeshActor,LV_Overland/Hogwarts/LI_Hogwarts/LevelInstances/EntranceHall/LI_EntranceHall_EXT/RENDER/Porch/SM_HW_EH_DoorFrame_ColumnStack_B_57,7F995EAD-44E3-F5A6-3FAC-2ABE5C5CBA47,1,DL_OVERLAND;DL_RENDER,DL_HW_EXT,LI_Hogwarts > LI_EntranceHall_EXT,/Game/Levels/Overland/Hogwarts/EntranceHall/LI_EntranceHall_EXT,,-9391.3,-29577.6,7500.0
SM_HW_EH_DoorFrame_ColumnStack_B_58,StaticMeshActor,LV_Overland/Hogwarts/LI_Hogwarts/LevelInstances/EntranceHall/LI_EntranceHall_EXT/RENDER/Porch/SM_HW_EH_DoorFrame_ColumnStack_B_58,A8E26800-48B1-97AF-59F2-819EA1AA2B5C,1,DL_OVERLAND;DL_RENDER,DL_HW_EXT,LI_Hogwarts > LI_EntranceHall_EXT,/Game/Levels/Overland/Hogwarts/EntranceHall/LI_EntranceHall_EXT,,-10303.5,-29417.8,7899.6
SM_HW_EH_DoorFrame_ColumnStack_B_6,StaticMeshActor,LV_Overland/Hogwarts/LI_Hogwarts/LevelInstances/EntranceHall/LI_EntranceHall_EXT/RENDER/Porch/SM_HW_EH_DoorFrame_ColumnStack_B_6,55187C37-4309-EAF3-CEB4-6F8F54329B92,1,DL_OVERLAND;DL_RENDER,DL_HW_EXT,LI_Hogwarts > LI_EntranceHall_EXT,/Game/Levels/Overland/Hogwarts/EntranceHall/LI_EntranceHall_EXT,,-10240.8,-29403.2,8899.6
SM_HW_EH_DoorFrame_ColumnStack_B_60,StaticMeshActor,LV_Overland/Hogwarts/LI_Hogwarts/LevelInstances/EntranceHall/LI_EntranceHall_EXT/RENDER/Porch/SM_HW_EH_DoorFrame_ColumnStack_B_60,938788A7-4DEB-9684-B499-56930ABA68B8,1,DL_OVERLAND;DL_RENDER,DL_HW_EXT,LI_Hogwarts > LI_EntranceHall_EXT,/Game/Levels/Overland/Hogwarts/EntranceHall/LI_EntranceHall_EXT,,-10303.5,-29417.8,8299.6
SM_HW_EH_DoorFrame_ColumnStack_B_61,StaticMeshActor,LV_Overland/Hogwarts/LI_Hogwarts/LevelInstances/EntranceHall/LI_EntranceHall_EXT/RENDER/Porch/SM_HW_EH_DoorFrame_ColumnStack_B_61,9D61FC4B-4B43-14D7-DCDB-76BBC9D3FC81,1,DL_OVERLAND;DL_RENDER,DL_HW_EXT,LI_Hogwarts > LI_EntranceHall_EXT,/Game/Levels/Overland/Hogwarts/EntranceHall/LI_EntranceHall_EXT,,-10303.5,-29417.8,8499.6
SM_HW_EH_DoorFrame_ColumnStack_B_63,StaticMeshActor,LV_Overland/Hogwarts/LI_Hogwarts/LevelInstances/EntranceHall/LI_EntranceHall_EXT/RENDER/Porch/SM_HW_EH_DoorFrame_ColumnStack_B_63,410FA689-4B0B-8F1D-8B54-B0BFC5EE5B18,1,DL_OVERLAND;DL_RENDER,DL_HW_EXT,LI_Hogwarts > LI_EntranceHall_EXT,/Game/Levels/Overland/Hogwarts/EntranceHall/LI_EntranceHall_EXT,,-10303.5,-29417.8,8899.6
SM_HW_EH_DoorFrame_ColumnStack_B_65,StaticMeshActor,LV_Overland/Hogwarts/LI_Hogwarts/LevelInstances/EntranceHall/LI_EntranceHall_EXT/RENDER/Porch/SM_HW_EH_DoorFrame_ColumnStack_B_65,EE2131AD-4BCD-5867-3476-35A9670D7461,1,DL_OVERLAND;DL_RENDER,DL_HW_EXT,LI_Hogwarts > LI_EntranceHall_EXT,/Game/Levels/Overland/Hogwarts/EntranceHall/LI_EntranceHall_EXT,,-10303.5,-29417.8,9299.6
SM_HW_EH_DoorFrame_ColumnStack_B_66,StaticMeshActor,LV_Overland/Hogwarts/LI_Hogwarts/LevelInstances/EntranceHall/LI_EntranceHall_EXT/RENDER/Porch/SM_HW_EH_DoorFrame_ColumnStack_B_66,67840C14-4CAA-E298-E9BF-6780C00D6FBE,1,DL_OVERLAND;DL_RENDER,DL_HW_EXT,LI_Hogwarts > LI_EntranceHall_EXT,/Game/Levels/Overland/Hogwarts/EntranceHall/LI_EntranceHall_EXT,,-10303.5,-29417.8,9499.6
SM_HW_EH_DoorFrame_ColumnStack_B_8,StaticMeshActor,LV_Overland/Hogwarts/LI_Hogwarts/LevelInstances/EntranceHall/LI_EntranceHall_EXT/RENDER/Porch/SM_HW_EH_DoorFrame_ColumnStack_B_8,403E9371-445B-9FA8-533C-5DA2823D00CF,1,DL_OVERLAND;DL_RENDER,DL_HW_EXT,LI_Hogwarts > LI_EntranceHall_EXT,/Game/Levels/Overland/Hogwarts/EntranceHall/LI_EntranceHall_EXT,,-9982.6,-29053.8,7884.9
SM_HW_EH_DoorFrame_ColumnStack_B_9,StaticMeshActor,LV_Overland/Hogwarts/LI_Hogwarts/LevelInstances/EntranceHall/LI_EntranceHall_EXT/RENDER/Porch/SM_HW_EH_DoorFrame_ColumnStack_B_9,46CB15F9-4C45-22F8-DDC1-409C2BF20C43,1,DL_OVERLAND;DL_RENDER,DL_HW_EXT,LI_Hogwarts > LI_EntranceHall_EXT,/Game/Levels/Overland/Hogwarts/EntranceHall/LI_EntranceHall_EXT,,-9982.6,-29053.8,8078.8
SM_HW_EH_Entrance_Arch_Lg_A,StaticMeshActor,LV_Overland/Hogwarts/LI_Hogwarts/LevelInstances/EntranceHall/LI_EntranceHall_EXT/RENDER/SM_HW_EH_Entrance_Arch_Lg_A,E3CEFC8E-4663-8767-F019-80B83E1655E2,1,DL_OVERLAND;DL_RENDER,DL_HW_EXT,LI_Hogwarts > LI_EntranceHall_EXT,/Game/Levels/Overland/Hogwarts/EntranceHall/LI_EntranceHall_EXT,,-9943.2,-30036.4,8363.9
SM_HW_EH_Entrance_Porch_A,StaticMeshActor,LV_Overland/Hogwarts/LI_Hogwarts/LevelInstances/EntranceHall/LI_EntranceHall_EXT/RENDER/SM_HW_EH_Entrance_Porch_A,E6B012F6-4237-E7D7-A89B-7BA672E2129E,1,DL_OVERLAND;DL_RENDER,DL_HW_EXT,LI_Hogwarts > LI_EntranceHall_EXT,/Game/Levels/Overland/Hogwarts/EntranceHall/LI_EntranceHall_EXT,,-9803.8,-29253.6,9160.9
SM_HW_EH_Entrance_Porch_Floor,StaticMeshActor,LV_Overland/Hogwarts/LI_Hogwarts/LevelInstances/EntranceHall/LI_EntranceHall_EXT/RENDER/SM_HW_EH_Entrance_Porch_Floor,C5D39FC5-4485-0A7A-DDAB-A2B367276B37,1,DL_OVERLAND;DL_RENDER,DL_HW_EXT,LI_Hogwarts > LI_EntranceHall_EXT,/Game/Levels/Overland/Hogwarts/EntranceHall/LI_EntranceHall_EXT,,-9864.5,-29551.4,7375.0
SM_HW_EH_Floor_Battlement_A,StaticMeshActor,LV_Overland/Hogwarts/LI_Hogwarts/LevelInstances/EntranceHall/LI_EntranceHall_EXT/RENDER/SM_HW_EH_Floor_Battlement_A,387789D1-4FD1-1A60-3C16-678E5946FD7B,1,DL_OVERLAND;DL_RENDER,DL_HW_EXT,LI_Hogwarts > LI_EntranceHall_EXT,/Game/Levels/Overland/Hogwarts/EntranceHall/LI_EntranceHall_EXT,,-11808.1,-27464.7,9375.2
SM_HW_EH_Floor_Battlement_B,StaticMeshActor,LV_Overland/Hogwarts/LI_Hogwarts/LevelInstances/EntranceHall/LI_EntranceHall_EXT/SM_HW_EH_Floor_Battlement_B,26E6FD84-4D32-5320-7123-38A1D46D4497,1,DL_OVERLAND;DL_RENDER,DL_HW_EXT,LI_Hogwarts > LI_EntranceHall_EXT,/Game/Levels/Overland/Hogwarts/EntranceHall/LI_EntranceHall_EXT,,-8434.9,-28111.2,9375.2
SM_HW_EH_JambKit_Arch_Lg_A_2,StaticMeshActor,LV_Overland/Hogwarts/LI_Hogwarts/LevelInstances/EntranceHall/LI_EntranceHall_EXT/RENDER/Porch/SM_HW_EH_JambKit_Arch_Lg_A_2,F080988B-45C6-413B-569D-81B7D1426732,1,DL_OVERLAND;DL_RENDER,DL_HW_EXT,LI_Hogwarts > LI_EntranceHall_EXT,/Game/Levels/Overland/Hogwarts/EntranceHall/LI_EntranceHall_EXT,,-9782.2,-29129.0,8468.5
SM_HW_EH_JambKit_Arch_Sm_Side_A_40,StaticMeshActor,LV_Overland/Hogwarts/LI_Hogwarts/LevelInstances/EntranceHall/LI_EntranceHall_EXT/RENDER/Porch/SM_HW_EH_JambKit_Arch_Sm_Side_A_40,53D0C2C7-4E15-4A58-6934-5CB6D0847D69,1,DL_OVERLAND;DL_RENDER,DL_HW_EXT,LI_Hogwarts > LI_EntranceHall_EXT,/Game/Levels/Overland/Hogwarts/EntranceHall/LI_EntranceHall_EXT,,-9426.6,-29363.5,8299.9
SM_HW_EH_JambKit_Arch_Sm_Side_A_43,StaticMeshActor,LV_Overland/Hogwarts/LI_Hogwarts/LevelInstances/EntranceHall/LI_EntranceHall_EXT/RENDER/Porch/SM_HW_EH_JambKit_Arch_Sm_Side_A_43,0DC53896-44AF-1F34-297D-3F9F9B1A4542,1,DL_OVERLAND;DL_RENDER,DL_HW_EXT,LI_Hogwarts > LI_EntranceHall_EXT,/Game/Levels/Overland/Hogwarts/EntranceHall/LI_EntranceHall_EXT,,-9426.6,-29363.5,7700.1
SM_HW_EH_JambKit_Arch_Sm_Side_A_5,StaticMeshActor,LV_Overland/Hogwarts/LI_Hogwarts/LevelInstances/EntranceHall/LI_EntranceHall_EXT/RENDER/Porch/SM_HW_EH_JambKit_Arch_Sm_Side_A_5,CEDDE3C8-4978-587F-905A-9FBC01EA52B2,1,DL_OVERLAND;DL_RENDER,DL_HW_EXT,LI_Hogwarts > LI_EntranceHall_EXT,/Game/Levels/Overland/Hogwarts/EntranceHall/LI_EntranceHall_EXT,,-9426.6,-29363.5,7899.8
SM_HW_EH_JambKit_Arch_Sm_Side_B,StaticMeshActor,LV_Overland/Hogwarts/LI_Hogwarts/LevelInstances/EntranceHall/LI_EntranceHall_EXT/SM_HW_EH_JambKit_Arch_Sm_Side_B,5CF4FEDD-484E-C018-24AD-9FA7E645992B,1,DL_OVERLAND;DL_RENDER,DL_HW_EXT,LI_Hogwarts > LI_EntranceHall_EXT,/Game/Levels/Overland/Hogwarts/EntranceHall/LI_EntranceHall_EXT,,-9783.5,-29137.1,9234.0
SM_HW_EH_JambKit_Column_B_2M_B,StaticMeshActor,LV_Overland/Hogwarts/LI_Hogwarts/LevelInstances/EntranceHall/LI_EntranceHall_EXT/SM_HW_EH_JambKit_Column_B_2M_B,04F90031-4C30-2953-140D-46897998E122,1,DL_OVERLAND;DL_RENDER,DL_HW_EXT,LI_Hogwarts > LI_EntranceHall_EXT,/Game/Levels/Overland/Hogwarts/EntranceHall/LI_EntranceHall_EXT,,-10056.8,-29044.9,8053.9
SM_HW_EH_JambKit_Column_B_2M_B2,StaticMeshActor,LV_Overland/Hogwarts/LI_Hogwarts/LevelInstances/EntranceHall/LI_EntranceHall_EXT/SM_HW_EH_JambKit_Column_B_2M_B2,C2A07B7E-4A52-40B9-C0F5-2EA016274386,1,DL_OVERLAND;DL_RENDER,DL_HW_EXT,LI_Hogwarts > LI_EntranceHall_EXT,/Game/Levels/Overland/Hogwarts/EntranceHall/LI_EntranceHall_EXT,,-10056.8,-29044.9,8662.4
SM_HW_EH_JambKit_Column_B_2M_B3,StaticMeshActor,LV_Overland/Hogwarts/LI_Hogwarts/LevelInstances/EntranceHall/LI_EntranceHall_EXT/SM_HW_EH_JambKit_Column_B_2M_B3,2CACB33E-4C75-BE6A-4148-FE81DC62AFB0,1,DL_OVERLAND;DL_RENDER,DL_HW_EXT,LI_Hogwarts > LI_EntranceHall_EXT,/Game/Levels/Overland/Hogwarts/EntranceHall/LI_EntranceHall_EXT,,-9494.9,-29143.9,7668.0
SM_HW_EH_JambKit_Column_B_2M_B4,StaticMeshActor,LV_Overland/Hogwarts/LI_Hogwarts/LevelInstances/EntranceHall/LI_EntranceHall_EXT/SM_HW_EH_JambKit_Column_B_2M_B4,A7C1F952-4D50-421A-4895-0EA4DA28291E,1,DL_OVERLAND;DL_RENDER,DL_HW_EXT,LI_Hogwarts > LI_EntranceHall_EXT,/Game/Levels/Overland/Hogwarts/EntranceHall/LI_EntranceHall_EXT,,-9495.0,-29144.0,8053.9
SM_HW_EH_JambKit_Column_B_2M_B5,StaticMeshActor,LV_Overland/Hogwarts/LI_Hogwarts/LevelInstances/EntranceHall/LI_EntranceHall_EXT/SM_HW_EH_JambKit_Column_B_2M_B5,6EC459BF-4FFE-5C83-14FF-45AC55D868A4,1,DL_OVERLAND;DL_RENDER,DL_HW_EXT,LI_Hogwarts > LI_EntranceHall_EXT,/Game/Levels/Overland/Hogwarts/EntranceHall/LI_EntranceHall_EXT,,-9494.9,-29143.9,9062.4
SM_HW_EH_JambKit_Column_B_2M_B6,StaticMeshActor,LV_Overland/Hogwarts/LI_Hogwarts/LevelInstances/EntranceHall/LI_EntranceHall_EXT/SM_HW_EH_JambKit_Column_B_2M_B6,0D0A1350-4A94-D4EB-95CA-A5BE44BCBEF0,1,DL_OVERLAND;DL_RENDER,DL_HW_EXT,LI_Hogwarts > LI_EntranceHall_EXT,/Game/Levels/Overland/Hogwarts/EntranceHall/LI_EntranceHall_EXT,,-9494.9,-29143.9,7475.4
SM_HW_EH_JambKit_Column_B_2M_C,StaticMeshActor,LV_Overland/Hogwarts/LI_Hogwarts/LevelInstances/EntranceHall/LI_EntranceHall_EXT/SM_HW_EH_JambKit_Column_B_2M_C,1573C94E-4247-52BE-0EFA-6B91EBFC8D1A,1,DL_OVERLAND;DL_RENDER,DL_HW_EXT,LI_Hogwarts > LI_EntranceHall_EXT,/Game/Levels/Overland/Hogwarts/EntranceHall/LI_EntranceHall_EXT,,-10056.8,-29044.9,8262.4
SM_HW_EH_JambKit_Column_B_2M_C2,StaticMeshActor,LV_Overland/Hogwarts/LI_Hogwarts/LevelInstances/EntranceHall/LI_EntranceHall_EXT/SM_HW_EH_JambKit_Column_B_2M_C2,CB56A941-4987-C594-D442-06ADFEFD8BA0,1,DL_OVERLAND;DL_RENDER,DL_HW_EXT,LI_Hogwarts > LI_EntranceHall_EXT,/Game/Levels/Overland/Hogwarts/EntranceHall/LI_EntranceHall_EXT,,-9494.9,-29143.9,8262.4
SM_HW_EH_JambKit_Column_B_2M_D,StaticMeshActor,LV_Overland/Hogwarts/LI_Hogwarts/LevelInstances/EntranceHall/LI_EntranceHall_EXT/SM_HW_EH_JambKit_Column_B_2M_D,4F219F48-41A8-FFC2-E84A-C1BAC033E0B8,1,DL_OVERLAND;DL_RENDER,DL_HW_EXT,LI_Hogwarts > LI_EntranceHall_EXT,/Game/Levels/Overland/Hogwarts/EntranceHall/LI_EntranceHall_EXT,,-10056.8,-29044.9,8462.4
SM_HW_EH_JambKit_Column_B_2M_D2,StaticMeshActor,LV_Overland/Hogwarts/LI_Hogwarts/LevelInstances/EntranceHall/LI_EntranceHall_EXT/SM_HW_EH_JambKit_Column_B_2M_D2,B1946C01-4B17-61FE-3584-0B889CA8E351,1,DL_OVERLAND;DL_RENDER,DL_HW_EXT,LI_Hogwarts > LI_EntranceHall_EXT,/Game/Levels/Overland/Hogwarts/EntranceHall/LI_EntranceHall_EXT,,-10056.8,-29044.9,8862.4
SM_HW_EH_JambKit_Column_B_2M_D3,StaticMeshActor,LV_Overland/Hogwarts/LI_Hogwarts/LevelInstances/EntranceHall/LI_EntranceHall_EXT/SM_HW_EH_JambKit_Column_B_2M_D3,39C32E83-42D9-A89D-625E-0A8DDA83AAB2,1,DL_OVERLAND;DL_RENDER,DL_HW_EXT,LI_Hogwarts > LI_EntranceHall_EXT,/Game/Levels/Overland/Hogwarts/EntranceHall/LI_EntranceHall_EXT,,-9495.0,-29144.0,7860.6
SM_HW_EH_JambKit_Column_B_2M_D4,StaticMeshActor,LV_Overland/Hogwarts/LI_Hogwarts/LevelInstances/EntranceHall/LI_EntranceHall_EXT/SM_HW_EH_JambKit_Column_B_2M_D4,88DA045C-4802-F050-A62D-C481C40BA3CD,1,DL_OVERLAND;DL_RENDER,DL_HW_EXT,LI_Hogwarts > LI_EntranceHall_EXT,/Game/Levels/Overland/Hogwarts/EntranceHall/LI_EntranceHall_EXT,,-9494.9,-29144.0,8462.4
SM_HW_EH_JambKit_Column_B_2M_D5,StaticMeshActor,LV_Overland/Hogwarts/LI_Hogwarts/LevelInstances/EntranceHall/LI_EntranceHall_EXT/SM_HW_EH_JambKit_Column_B_2M_D5,45A7213E-4477-E93F-DE85-4D84685C714B,1,DL_OVERLAND;DL_RENDER,DL_HW_EXT,LI_Hogwarts > LI_EntranceHall_EXT,/Game/Levels/Overland/Hogwarts/EntranceHall/LI_EntranceHall_EXT,,-9494.9,-29144.0,9262.4
SM_HW_EH_JambKit_Column_B_2M_D6,StaticMeshActor,LV_Overland/Hogwarts/LI_Hogwarts/LevelInstances/EntranceHall/LI_EntranceHall_EXT/SM_HW_EH_JambKit_Column_B_2M_D6,91BD030B-492A-98DE-BD62-A48480CBE691,1,DL_OVERLAND;DL_RENDER,DL_HW_EXT,LI_Hogwarts > LI_EntranceHall_EXT,/Game/Levels/Overland/Hogwarts/EntranceHall/LI_EntranceHall_EXT,,-10056.8,-29044.9,7475.4
SM_HW_EH_JambKit_Column_B_4M_A,StaticMeshActor,LV_Overland/Hogwarts/LI_Hogwarts/LevelInstances/EntranceHall/LI_EntranceHall_EXT/SM_HW_EH_JambKit_Column_B_4M_A,79894677-4F8B-A428-5F03-C99ADB289CB9,1,DL_OVERLAND;DL_RENDER,DL_HW_EXT,LI_Hogwarts > LI_EntranceHall_EXT,/Game/Levels/Overland/Hogwarts/EntranceHall/LI_EntranceHall_EXT,,-10056.8,-29044.9,7764.3
SM_HW_EH_JambKit_Column_B_4M_A2,StaticMeshActor,LV_Overland/Hogwarts/LI_Hogwarts/LevelInstances/EntranceHall/LI_EntranceHall_EXT/SM_HW_EH_JambKit_Column_B_4M_A2,2012F237-4DFF-DC1B-A6E0-22914B868CB7,1,DL_OVERLAND;DL_RENDER,DL_HW_EXT,LI_Hogwarts > LI_EntranceHall_EXT,/Game/Levels/Overland/Hogwarts/EntranceHall/LI_EntranceHall_EXT,,-10056.8,-29044.9,9162.4
SM_HW_EH_JambKit_Column_B_4M_A4,StaticMeshActor,LV_Overland/Hogwarts/LI_Hogwarts/LevelInstances/EntranceHall/LI_EntranceHall_EXT/SM_HW_EH_JambKit_Column_B_4M_A4,D9DCD3E5-427E-507A-AFD2-B88C8D2AA6E3,1,DL_OVERLAND;DL_RENDER,DL_HW_EXT,LI_Hogwarts > LI_EntranceHall_EXT,/Game/Levels/Overland/Hogwarts/EntranceHall/LI_EntranceHall_EXT,,-9494.9,-29144.0,8762.4
SM_HW_EH_JambKit_Column_Base_A11,StaticMeshActor,LV_Overland/Hogwarts/LI_Hogwarts/LevelInstances/EntranceHall/LI_EntranceHall_EXT/RENDER/SM_HW_EH_JambKit_Column_Base_A11,DAD65E27-453F-FFCB-C15C-2182603BA296,1,DL_OVERLAND;DL_RENDER,DL_HW_EXT,LI_Hogwarts > LI_EntranceHall_EXT,/Game/Levels/Overland/Hogwarts/EntranceHall/LI_EntranceHall_EXT,,-8086.8,-25925.7,9902.2
SM_HW_EH_JambKit_Column_Base_A12,StaticMeshActor,LV_Overland/Hogwarts/LI_Hogwarts/LevelInstances/EntranceHall/LI_EntranceHall_EXT/RENDER/SM_HW_EH_JambKit_Column_Base_A12,2E82A95B-4640-7F04-2398-12B809D43B98,1,DL_OVERLAND;DL_RENDER,DL_HW_EXT,LI_Hogwarts > LI_EntranceHall_EXT,/Game/Levels/Overland/Hogwarts/EntranceHall/LI_EntranceHall_EXT,,-8121.5,-26122.7,9902.2
SM_HW_EH_JambKit_Column_Base_A13,StaticMeshActor,LV_Overland/Hogwarts/LI_Hogwarts/LevelInstances/EntranceHall/LI_EntranceHall_EXT/RENDER/SM_HW_EH_JambKit_Column_Base_A13,231D1C54-4C77-9955-45B4-EC97B33C2604,1,DL_OVERLAND;DL_RENDER,DL_HW_EXT,LI_Hogwarts > LI_EntranceHall_EXT,/Game/Levels/Overland/Hogwarts/EntranceHall/LI_EntranceHall_EXT,,-8156.3,-26319.6,9902.2
SM_HW_EH_JambKit_Column_Base_A14,StaticMeshActor,LV_Overland/Hogwarts/LI_Hogwarts/LevelInstances/EntranceHall/LI_EntranceHall_EXT/RENDER/SM_HW_EH_JambKit_Column_Base_A14,2B729284-4755-67A6-FDC5-318B62B32287,1,DL_OVERLAND;DL_RENDER,DL_HW_EXT,LI_Hogwarts > LI_EntranceHall_EXT,/Game/Levels/Overland/Hogwarts/EntranceHall/LI_EntranceHall_EXT,,-8185.4,-26485.0,9902.2
SM_HW_EH_JambKit_Column_Base_A15,StaticMeshActor,LV_Overland/Hogwarts/LI_Hogwarts/LevelInstances/EntranceHall/LI_EntranceHall_EXT/RENDER/SM_HW_EH_JambKit_Column_Base_A15,A28A820A-4F66-736E-BA27-F5A4216953AC,1,DL_OVERLAND;DL_RENDER,DL_HW_EXT,LI_Hogwarts > LI_EntranceHall_EXT,/Game/Levels/Overland/Hogwarts/EntranceHall/LI_EntranceHall_EXT,,-8185.4,-26485.0,9772.4
SM_HW_EH_JambKit_Column_Base_A16,StaticMeshActor,LV_Overland/Hogwarts/LI_Hogwarts/LevelInstances/EntranceHall/LI_EntranceHall_EXT/RENDER/SM_HW_EH_JambKit_Column_Base_A16,AD3B5706-463A-81D3-A502-81885D033CDB,1,DL_OVERLAND;DL_RENDER,DL_HW_EXT,LI_Hogwarts > LI_EntranceHall_EXT,/Game/Levels/Overland/Hogwarts/EntranceHall/LI_EntranceHall_EXT,,-8156.3,-26319.6,9772.4
SM_HW_EH_JambKit_Column_Base_A17,StaticMeshActor,LV_Overland/Hogwarts/LI_Hogwarts/LevelInstances/EntranceHall/LI_EntranceHall_EXT/RENDER/SM_HW_EH_JambKit_Column_Base_A17,BE022CCD-47FA-8D84-0CDF-A39F33D8EA99,1,DL_OVERLAND;DL_RENDER,DL_HW_EXT,LI_Hogwarts > LI_EntranceHall_EXT,/Game/Levels/Overland/Hogwarts/EntranceHall/LI_EntranceHall_EXT,,-8121.5,-26122.7,9772.4
SM_HW_EH_JambKit_Column_Base_A18,StaticMeshActor,LV_Overland/Hogwarts/LI_Hogwarts/LevelInstances/EntranceHall/LI_EntranceHall_EXT/RENDER/SM_HW_EH_JambKit_Column_Base_A18,FC807963-4591-FF75-8E1B-1EA751E45582,1,DL_OVERLAND;DL_RENDER,DL_HW_EXT,LI_Hogwarts > LI_EntranceHall_EXT,/Game/Levels/Overland/Hogwarts/EntranceHall/LI_EntranceHall_EXT,,-8086.8,-25925.7,9772.4
SM_HW_EH_JambKit_Column_Base_A19,StaticMeshActor,LV_Overland/Hogwarts/LI_Hogwarts/LevelInstances/EntranceHall/LI_EntranceHall_EXT/RENDER/SM_HW_EH_JambKit_Column_Base_A19,3D18BE01-4AA6-7CC3-7039-1FABBF1D9563,1,DL_OVERLAND;DL_RENDER,DL_HW_EXT,LI_Hogwarts > LI_EntranceHall_EXT,/Game/Levels/Overland/Hogwarts/EntranceHall/LI_EntranceHall_EXT,,-8092.7,-25958.8,9839.7
SM_HW_EH_JambKit_Column_Base_A20,StaticMeshActor,LV_Overland/Hogwarts/LI_Hogwarts/LevelInstances/EntranceHall/LI_EntranceHall_EXT/RENDER/SM_HW_EH_JambKit_Column_Base_A20,679D597E-463B-41FE-0011-EBB1A5A97A3C,1,DL_OVERLAND;DL_RENDER,DL_HW_EXT,LI_Hogwarts > LI_EntranceHall_EXT,/Game/Levels/Overland/Hogwarts/EntranceHall/LI_EntranceHall_EXT,,-8111.6,-26066.4,9839.7
SM_HW_EH_JambKit_Column_Base_A21,StaticMeshActor,LV_Overland/Hogwarts/LI_Hogwarts/LevelInstances/EntranceHall/LI_EntranceHall_EXT/RENDER/SM_HW_EH_JambKit_Column_Base_A21,79A7635B-4608-C37F-1F2E-E1A0D99040FB,1,DL_OVERLAND;DL_RENDER,DL_HW_EXT,LI_Hogwarts > LI_EntranceHall_EXT,/Game/Levels/Overland/Hogwarts/EntranceHall/LI_EntranceHall_EXT,,-8131.8,-26180.8,9839.7
SM_HW_EH_JambKit_Column_Base_A22,StaticMeshActor,LV_Overland/Hogwarts/LI_Hogwarts/LevelInstances/EntranceHall/LI_EntranceHall_EXT/RENDER/SM_HW_EH_JambKit_Column_Base_A22,EABD4380-4EB4-037B-9439-3B80352E1864,1,DL_OVERLAND;DL_RENDER,DL_HW_EXT,LI_Hogwarts > LI_EntranceHall_EXT,/Game/Levels/Overland/Hogwarts/EntranceHall/LI_EntranceHall_EXT,,-8154.4,-26309.0,9839.7
SM_HW_EH_JambKit_Column_Base_A23,StaticMeshActor,LV_Overland/Hogwarts/LI_Hogwarts/LevelInstances/EntranceHall/LI_EntranceHall_EXT/RENDER/SM_HW_EH_JambKit_Column_Base_A23,554E6994-48F0-6087-AE17-F0A8DAD7AAE1,1,DL_OVERLAND;DL_RENDER,DL_HW_EXT,LI_Hogwarts > LI_EntranceHall_EXT,/Game/Levels/Overland/Hogwarts/EntranceHall/LI_EntranceHall_EXT,,-8175.7,-26429.6,9839.7
SM_HW_EH_JambKit_Column_Base_A7,StaticMeshActor,LV_Overland/Hogwarts/LI_Hogwarts/LevelInstances/EntranceHall/LI_EntranceHall_EXT/RENDER/SM_HW_EH_JambKit_Column_Base_A7,FBBF8DD5-4224-964A-F6F2-ABB5CD95F29B,1,DL_OVERLAND;DL_RENDER,DL_HW_EXT,LI_Hogwarts > LI_EntranceHall_EXT,/Game/Levels/Overland/Hogwarts/EntranceHall/LI_EntranceHall_EXT,,-8201.3,-26532.7,9843.2
SM_HW_EH_JambKit_Column_Base_A8,StaticMeshActor,LV_Overland/Hogwarts/LI_Hogwarts/LevelInstances/EntranceHall/LI_EntranceHall_EXT/RENDER/SM_HW_EH_JambKit_Column_Base_A8,C9137E8B-4034-5158-3896-66AB55A88F88,1,DL_OVERLAND;DL_RENDER,DL_HW_EXT,LI_Hogwarts > LI_EntranceHall_EXT,/Game/Levels/Overland/Hogwarts/EntranceHall/LI_EntranceHall_EXT,,-8072.9,-25846.8,9840.2
SM_HW_EH_JambKit_Column_Base_A_1,StaticMeshActor,LV_Overland/Hogwarts/LI_Hogwarts/LevelInstances/EntranceHall/LI_EntranceHall_EXT/RENDER/Porch/SM_HW_EH_JambKit_Column_Base_A_1,A19BE2F9-4302-A164-4B9B-268D454CE896,1,DL_OVERLAND;DL_RENDER,DL_HW_EXT,LI_Hogwarts > LI_EntranceHall_EXT,/Game/Levels/Overland/Hogwarts/EntranceHall/LI_EntranceHall_EXT,,-9506.3,-29171.4,7471.4
SM_HW_EH_JambKit_Column_Base_A_3,StaticMeshActor,LV_Overland/Hogwarts/LI_Hogwarts/LevelInstances/EntranceHall/LI_EntranceHall_EXT/RENDER/Porch/SM_HW_EH_JambKit_Column_Base_A_3,C74F4262-48D2-A967-2026-09AE044C3E13,1,DL_OVERLAND;DL_RENDER,DL_HW_EXT,LI_Hogwarts > LI_EntranceHall_EXT,/Game/Levels/Overland/Hogwarts/EntranceHall/LI_EntranceHall_EXT,,-10055.4,-29074.6,7471.4
SM_HW_EH_JambKit_Column_Base_C,StaticMeshActor,LV_Overland/Hogwarts/LI_Hogwarts/LevelInstances/EntranceHall/LI_EntranceHall_EXT/SM_HW_EH_JambKit_Column_Base_C,CFB35043-4FF7-D4DE-8E79-77BF7897CBC2,1,DL_OVERLAND;DL_RENDER,DL_HW_EXT,LI_Hogwarts > LI_EntranceHall_EXT,/Game/Levels/Overland/Hogwarts/EntranceHall/LI_EntranceHall_EXT,,-8336.9,-26503.7,10105.7
SM_HW_EH_JambKit_Column_Base_C3,StaticMeshActor,LV_Overland/Hogwarts/LI_Hogwarts/LevelInstances/EntranceHall/LI_EntranceHall_EXT/SM_HW_EH_JambKit_Column_Base_C3,9A837D01-4F07-C417-01BE-AB8936DDBF2F,1,DL_OVERLAND;DL_RENDER,DL_HW_EXT,LI_Hogwarts > LI_EntranceHall_EXT,/Game/Levels/Overland/Hogwarts/EntranceHall/LI_EntranceHall_EXT,,-8204.3,-26546.2,9398.0
SM_HW_EH_JambKit_Column_Base_C4,StaticMeshActor,LV_Overland/Hogwarts/LI_Hogwarts/LevelInstances/EntranceHall/LI_EntranceHall_EXT/SM_HW_EH_JambKit_Column_Base_C4,71C69CFD-438B-058F-2A0F-A1AAAEB5C0BB,1,DL_OVERLAND;DL_RENDER,DL_HW_EXT,LI_Hogwarts > LI_EntranceHall_EXT,/Game/Levels/Overland/Hogwarts/EntranceHall/LI_EntranceHall_EXT,,-8072.4,-25826.2,9398.0
SM_HW_EH_JambKit_Column_Base_C5,StaticMeshActor,LV_Overland/Hogwarts/LI_Hogwarts/LevelInstances/EntranceHall/LI_EntranceHall_EXT/SM_HW_EH_JambKit_Column_Base_C5,0139DC7E-42C3-52A9-36D8-8288B019A6CC,1,DL_OVERLAND;DL_RENDER,DL_HW_EXT,LI_Hogwarts > LI_EntranceHall_EXT,/Game/Levels/Overland/Hogwarts/EntranceHall/LI_EntranceHall_EXT,,-8216.6,-25821.4,10100.6
SM_HW_EH_JambKit_DecorPanel_A_34,StaticMeshActor,LV_Overland/Hogwarts/LI_Hogwarts/LevelInstances/EntranceHall/LI_EntranceHall_EXT/RENDER/Porch/SM_HW_EH_JambKit_DecorPanel_A_34,A3BA6DAE-4E95-EBE7-3B6F-0880DF288D04,1,DL_OVERLAND;DL_RENDER,DL_HW_EXT,LI_Hogwarts > LI_EntranceHall_EXT,/Game/Levels/Overland/Hogwarts/EntranceHall/LI_EntranceHall_EXT,,-9649.4,-29145.3,9011.6
SM_HW_EH_JambKit_DecorPanel_A_37,StaticMeshActor,LV_Overland/Hogwarts/LI_Hogwarts/LevelInstances/EntranceHall/LI_EntranceHall_EXT/RENDER/Porch/SM_HW_EH_JambKit_DecorPanel_A_37,CE3E3A6A-4ECD-4942-1932-059B32AF8167,1,DL_OVERLAND;DL_RENDER,DL_HW_EXT,LI_Hogwarts > LI_EntranceHall_EXT,/Game/Levels/Overland/Hogwarts/EntranceHall/LI_EntranceHall_EXT,,-9912.3,-29098.9,9011.6
SM_HW_EH_JambKit_DecorPanel_A_39,StaticMeshActor,LV_Overland/Hogwarts/LI_Hogwarts/LevelInstances/EntranceHall/LI_EntranceHall_EXT/RENDER/Porch/SM_HW_EH_JambKit_DecorPanel_A_39,426778F5-4EF7-2383-9959-B994CE016913,1,DL_OVERLAND;DL_RENDER,DL_HW_EXT,LI_Hogwarts > LI_EntranceHall_EXT,/Game/Levels/Overland/Hogwarts/EntranceHall/LI_EntranceHall_EXT,,-9999.9,-29083.5,8711.6
SM_HW_EH_JambKit_DecorPanel_A_41,StaticMeshActor,LV_Overland/Hogwarts/LI_Hogwarts/LevelInstances/EntranceHall/LI_EntranceHall_EXT/RENDER/Porch/SM_HW_EH_JambKit_DecorPanel_A_41,5CCD218C-4A33-7D2F-CABB-6BBF66D8C7D6,1,DL_OVERLAND;DL_RENDER,DL_HW_EXT,LI_Hogwarts > LI_EntranceHall_EXT,/Game/Levels/Overland/Hogwarts/EntranceHall/LI_EntranceHall_EXT,,-9824.6,-29114.4,8711.6
SM_HW_EH_JambKit_DecorPanel_A_43,StaticMeshActor,LV_Overland/Hogwarts/LI_Hogwarts/LevelInstances/EntranceHall/LI_EntranceHall_EXT/RENDER/Porch/SM_HW_EH_JambKit_DecorPanel_A_43,3A8BF304-41B5-F91A-6A06-D794AF599142,1,DL_OVERLAND;DL_RENDER,DL_HW_EXT,LI_Hogwarts > LI_EntranceHall_EXT,/Game/Levels/Overland/Hogwarts/EntranceHall/LI_EntranceHall_EXT,,-9649.3,-29145.3,8711.6
SM_HW_EH_JambKit_StatuePedestal_A_1,StaticMeshActor,LV_Overland/Hogwarts/LI_Hogwarts/LevelInstances/EntranceHall/LI_EntranceHall_EXT/RENDER/Porch/SM_HW_EH_JambKit_StatuePedestal_A_1,640E4622-4EA6-A4D3-9D29-4380EF0B4A71,1,DL_OVERLAND;DL_RENDER,DL_HW_EXT,LI_Hogwarts > LI_EntranceHall_EXT,/Game/Levels/Overland/Hogwarts/EntranceHall/LI_EntranceHall_EXT,,-10216.1,-29161.8,7518.9
SM_HW_EH_JambKit_StatuePedestal_A_2,StaticMeshActor,LV_Overland/Hogwarts/LI_Hogwarts/LevelInstances/EntranceHall/LI_EntranceHall_EXT/RENDER/Porch/SM_HW_EH_JambKit_StatuePedestal_A_2,36325590-4A3B-018B-D740-C19BF37F9110,1,DL_OVERLAND;DL_RENDER,DL_HW_EXT,LI_Hogwarts > LI_EntranceHall_EXT,/Game/Levels/Overland/Hogwarts/EntranceHall/LI_EntranceHall_EXT,,-10237.7,-29284.3,7518.9
SM_HW_EH_Roof_A,StaticMeshActor,LV_Overland/Hogwarts/LI_Hogwarts/LevelInstances/EntranceHall/LI_EntranceHall_EXT/RENDER/SM_HW_EH_Roof_A,240811AA-49C5-BB83-D6B1-A0B478BD0DB8,1,DL_OVERLAND;DL_RENDER,DL_HW_EXT,LI_Hogwarts > LI_EntranceHall_EXT,/Game/Levels/Overland/Hogwarts/EntranceHall/LI_EntranceHall_EXT,,-9568.4,-27913.2,10511.8
SM_HW_EH_Roof_A3,StaticMeshActor,LV_Overland/Hogwarts/LI_Hogwarts/LevelInstances/EntranceHall/LI_EntranceHall_EXT/RENDER/SM_HW_EH_Roof_A3,816A5643-4E90-935A-7B30-F3942545EFFF,1,DL_OVERLAND;DL_RENDER,DL_HW_EXT,LI_Hogwarts > LI_EntranceHall_EXT,/Game/Levels/Overland/Hogwarts/EntranceHall/LI_EntranceHall_EXT,,-11200.4,-25636.7,10246.7
SM_HW_EH_Roof_A4,StaticMeshActor,LV_Overland/Hogwarts/LI_Hogwarts/LevelInstances/EntranceHall/LI_EntranceHall_EXT/RENDER/SM_HW_EH_Roof_A4,9DED9CCF-43F2-21E7-41ED-61AD910F8282,1,DL_OVERLAND;DL_RENDER,DL_HW_EXT,LI_Hogwarts > LI_EntranceHall_EXT,/Game/Levels/Overland/Hogwarts/EntranceHall/LI_EntranceHall_EXT,,-11924.4,-27003.5,8316.0
SM_HW_EH_Tower_Roof_StoneTrim_B,StaticMeshActor,LV_Overland/Hogwarts/LI_Hogwarts/LevelInstances/EntranceHall/LI_EntranceHall_EXT/SM_HW_EH_Tower_Roof_StoneTrim_B,5C643845-4EAA-B191-0191-D491082EFBD8,1,DL_OVERLAND;DL_RENDER,DL_HW_EXT,LI_Hogwarts > LI_EntranceHall_EXT,/Game/Levels/Overland/Hogwarts/EntranceHall/LI_EntranceHall_EXT,,-9239.5,-26052.6,11495.7
SM_HW_EH_Tower_WindowDormer_A_1,StaticMeshActor,LV_Overland/Hogwarts/LI_Hogwarts/LevelInstances/EntranceHall/LI_EntranceHall_EXT/RENDER/Tower/SM_HW_EH_Tower_WindowDormer_A_1,E601EFB5-4CAF-4ADF-593A-D2948B2A03E8,1,DL_OVERLAND;DL_RENDER,DL_HW_EXT,LI_Hogwarts > LI_EntranceHall_EXT,/Game/Levels/Overland/Hogwarts/EntranceHall/LI_EntranceHall_EXT,,-8627.2,-26091.3,12068.3
SM_HW_EH_Tower_WindowDormer_A_2,StaticMeshActor,LV_Overland/Hogwarts/LI_Hogwarts/LevelInstances/EntranceHall/LI_EntranceHall_EXT/RENDER/Tower/SM_HW_EH_Tower_WindowDormer_A_2,0E0D62B8-4BC3-12F7-18A4-7A9363EC2AB9,1,DL_OVERLAND;DL_RENDER,DL_HW_EXT,LI_Hogwarts > LI_EntranceHall_EXT,/Game/Levels/Overland/Hogwarts/EntranceHall/LI_EntranceHall_EXT,,-8795.1,-26353.7,12068.3
SM_HW_EH_Tower_WindowDormer_A_3,StaticMeshActor,LV_Overland/Hogwarts/LI_Hogwarts/LevelInstances/EntranceHall/LI_EntranceHall_EXT/RENDER/Tower/SM_HW_EH_Tower_WindowDormer_A_3,C2F483C6-446B-5732-00D1-F7BE0540C2B8,1,DL_OVERLAND;DL_RENDER,DL_HW_EXT,LI_Hogwarts > LI_EntranceHall_EXT,/Game/Levels/Overland/Hogwarts/EntranceHall/LI_EntranceHall_EXT,,-8695.0,-25786.7,12068.3
SM_HW_EH_Tower_WindowDormer_A_4,StaticMeshActor,LV_Overland/Hogwarts/LI_Hogwarts/LevelInstances/EntranceHall/LI_EntranceHall_EXT/RENDER/Tower/SM_HW_EH_Tower_WindowDormer_A_4,5AC8BDD2-49AB-757D-761F-F6A91BCD1DF8,1,DL_OVERLAND;DL_RENDER,DL_HW_EXT,LI_Hogwarts > LI_EntranceHall_EXT,/Game/Levels/Overland/Hogwarts/EntranceHall/LI_EntranceHall_EXT,,-9758.1,-26182.3,12068.3
SM_HW_EH_Tower_WindowDormer_A_5,StaticMeshActor,LV_Overland/Hogwarts/LI_Hogwarts/LevelInstances/EntranceHall/LI_EntranceHall_EXT/RENDER/Tower/SM_HW_EH_Tower_WindowDormer_A_5,20EC8660-4E0A-AA90-E979-CF88650F4718,1,DL_OVERLAND;DL_RENDER,DL_HW_EXT,LI_Hogwarts > LI_EntranceHall_EXT,/Game/Levels/Overland/Hogwarts/EntranceHall/LI_EntranceHall_EXT,,-9825.4,-25879.6,12068.3
SM_HW_EH_Tower_WindowDormer_A_6,StaticMeshActor,LV_Overland/Hogwarts/LI_Hogwarts/LevelInstances/EntranceHall/LI_EntranceHall_EXT/RENDER/Tower/SM_HW_EH_Tower_WindowDormer_A_6,01DA3021-490D-528F-E0A0-E8B3B3161546,1,DL_OVERLAND;DL_RENDER,DL_HW_EXT,LI_Hogwarts > LI_EntranceHall_EXT,/Game/Levels/Overland/Hogwarts/EntranceHall/LI_EntranceHall_EXT,,-9659.0,-25617.9,12068.3
SM_HW_EH_TrimBase_A,StaticMeshActor,LV_Overland/Hogwarts/LI_Hogwarts/LevelInstances/EntranceHall/LI_EntranceHall_EXT/RENDER/SM_HW_EH_TrimBase_A,3B4F63F2-4A58-351E-DA26-A68021D654B5,1,DL_OVERLAND;DL_RENDER,DL_HW_EXT,LI_Hogwarts > LI_EntranceHall_EXT,/Game/Levels/Overland/Hogwarts/EntranceHall/LI_EntranceHall_EXT,,-8329.0,-28947.1,7482.2
SM_HW_EH_TrimBase_A2,StaticMeshActor,LV_Overland/Hogwarts/LI_Hogwarts/LevelInstances/EntranceHall/LI_EntranceHall_EXT/RENDER/SM_HW_EH_TrimBase_A2,7BB92C35-4737-26A1-9AA7-38A9402378D4,1,DL_OVERLAND;DL_RENDER,DL_HW_EXT,LI_Hogwarts > LI_EntranceHall_EXT,/Game/Levels/Overland/Hogwarts/EntranceHall/LI_EntranceHall_EXT,,-8181.4,-28110.0,7482.2
SM_HW_EH_TrimBase_A3,StaticMeshActor,LV_Overland/Hogwarts/LI_Hogwarts/LevelInstances/EntranceHall/LI_EntranceHall_EXT/RENDER/SM_HW_EH_TrimBase_A3,A2BB1C4F-47B1-34FE-BF46-FAAD642D0DA3,1,DL_OVERLAND;DL_RENDER,DL_HW_EXT,LI_Hogwarts > LI_EntranceHall_EXT,/Game/Levels/Overland/Hogwarts/EntranceHall/LI_EntranceHall_EXT,,-8045.9,-27342.0,7482.2
SM_HW_EH_TrimBase_A4,StaticMeshActor,LV_Overland/Hogwarts/LI_Hogwarts/LevelInstances/EntranceHall/LI_EntranceHall_EXT/RENDER/SM_HW_EH_TrimBase_A4,B5D31BFA-4E8C-F6C8-4B3E-B09EE68BE1C4,1,DL_OVERLAND;DL_RENDER,DL_HW_EXT,LI_Hogwarts > LI_EntranceHall_EXT,/Game/Levels/Overland/Hogwarts/EntranceHall/LI_EntranceHall_EXT,,-11084.2,-28453.9,7482.2
SM_HW_EH_TrimBase_A5,StaticMeshActor,LV_Overland/Hogwarts/LI_Hogwarts/LevelInstances/EntranceHall/LI_EntranceHall_EXT/RENDER/SM_HW_EH_TrimBase_A5,BFCA8876-42C9-B099-925E-7A878A0DE78C,1,DL_OVERLAND;DL_RENDER,DL_HW_EXT,LI_Hogwarts > LI_EntranceHall_EXT,/Game/Levels/Overland/Hogwarts/EntranceHall/LI_EntranceHall_EXT,,-10942.4,-27650.1,7482.2
SM_HW_EH_TrimBase_Dormer_A,StaticMeshActor,LV_Overland/Hogwarts/LI_Hogwarts/LevelInstances/EntranceHall/LI_EntranceHall_EXT/SM_HW_EH_TrimBase_Dormer_A,1EA9D5D2-419E-6ABD-3166-0497613DE257,1,DL_OVERLAND;DL_RENDER,DL_HW_EXT,LI_Hogwarts > LI_EntranceHall_EXT,/Game/Levels/Overland/Hogwarts/EntranceHall/LI_EntranceHall_EXT,,-8323.9,-28936.7,7590.9
SM_HW_EH_TrimBase_Dormer_A2,StaticMeshActor,LV_Overland/Hogwarts/LI_Hogwarts/LevelInstances/EntranceHall/LI_EntranceHall_EXT/SM_HW_EH_TrimBase_Dormer_A2,E6FFC981-4DC3-25B2-7C14-55BE523DBA28,1,DL_OVERLAND;DL_RENDER,DL_HW_EXT,LI_Hogwarts > LI_EntranceHall_EXT,/Game/Levels/Overland/Hogwarts/EntranceHall/LI_EntranceHall_EXT,,-8176.3,-28099.6,7590.9
SM_HW_EH_TrimBase_Dormer_A3,StaticMeshActor,LV_Overland/Hogwarts/LI_Hogwarts/LevelInstances/EntranceHall/LI_EntranceHall_EXT/SM_HW_EH_TrimBase_Dormer_A3,3382D648-4485-418D-FAA1-509020A5A2EB,1,DL_OVERLAND;DL_RENDER,DL_HW_EXT,LI_Hogwarts > LI_EntranceHall_EXT,/Game/Levels/Overland/Hogwarts/EntranceHall/LI_EntranceHall_EXT,,-11089.2,-28464.3,7590.9
SM_HW_EH_TrimSection_A,StaticMeshActor,LV_Overland/Hogwarts/LI_Hogwarts/LevelInstances/EntranceHall/LI_EntranceHall_EXT/SM_HW_EH_TrimSection_A,3EB3FAC6-4FF7-2E67-6D0F-15856885D8D4,1,DL_OVERLAND;DL_RENDER,DL_HW_EXT,LI_Hogwarts > LI_EntranceHall_EXT,/Game/Levels/Overland/Hogwarts/EntranceHall/LI_EntranceHall_EXT,,-8306.9,-28545.1,7684.9
SM_HW_EH_TrimSection_A10,StaticMeshActor,LV_Overland/Hogwarts/LI_Hogwarts/LevelInstances/EntranceHall/LI_EntranceHall_EXT/SM_HW_EH_TrimSection_A10,FB813FD6-4F31-F947-98B5-92AE0FEAED69,1,DL_OVERLAND;DL_RENDER,DL_HW_EXT,LI_Hogwarts > LI_EntranceHall_EXT,/Game/Levels/Overland/Hogwarts/EntranceHall/LI_EntranceHall_EXT,,-12941.6,-26888.8,7684.9
SM_HW_EH_TrimSection_A11,StaticMeshActor,LV_Overland/Hogwarts/LI_Hogwarts/LevelInstances/EntranceHall/LI_EntranceHall_EXT/SM_HW_EH_TrimSection_A11,7FB0BDF0-4301-B6E9-0135-879C514BFDF5,1,DL_OVERLAND;DL_RENDER,DL_HW_EXT,LI_Hogwarts > LI_EntranceHall_EXT,/Game/Levels/Overland/Hogwarts/EntranceHall/LI_EntranceHall_EXT,,-9333.2,-30038.1,7684.9
SM_HW_EH_TrimSection_A12,StaticMeshActor,LV_Overland/Hogwarts/LI_Hogwarts/LevelInstances/EntranceHall/LI_EntranceHall_EXT/SM_HW_EH_TrimSection_A12,B4B4F63D-4816-9875-DF52-E29D33938286,1,DL_OVERLAND;DL_RENDER,DL_HW_EXT,LI_Hogwarts > LI_EntranceHall_EXT,/Game/Levels/Overland/Hogwarts/EntranceHall/LI_EntranceHall_EXT,,-10514.9,-29829.7,7684.9
SM_HW_EH_TrimSection_A13,StaticMeshActor,LV_Overland/Hogwarts/LI_Hogwarts/LevelInstances/EntranceHall/LI_EntranceHall_EXT/SM_HW_EH_TrimSection_A13,D7D20CEA-4613-73D5-B423-8291F6636A85,1,DL_OVERLAND;DL_RENDER,DL_HW_EXT,LI_Hogwarts > LI_EntranceHall_EXT,/Game/Levels/Overland/Hogwarts/EntranceHall/LI_EntranceHall_EXT,,-8306.2,-28546.3,7919.0
SM_HW_EH_TrimSection_A14,StaticMeshActor,LV_Overland/Hogwarts/LI_Hogwarts/LevelInstances/EntranceHall/LI_EntranceHall_EXT/SM_HW_EH_TrimSection_A14,F48A07D4-44BD-B75F-5EC7-C6940450399E,1,DL_OVERLAND;DL_RENDER,DL_HW_EXT,LI_Hogwarts > LI_EntranceHall_EXT,/Game/Levels/Overland/Hogwarts/EntranceHall/LI_EntranceHall_EXT,,-8307.0,-28546.2,7919.0
SM_HW_EH_TrimSection_A15,StaticMeshActor,LV_Overland/Hogwarts/LI_Hogwarts/LevelInstances/EntranceHall/LI_EntranceHall_EXT/SM_HW_EH_TrimSection_A15,526F833A-4D5D-A046-9D10-C2B7891B972A,1,DL_OVERLAND;DL_RENDER,DL_HW_EXT,LI_Hogwarts > LI_EntranceHall_EXT,/Game/Levels/Overland/Hogwarts/EntranceHall/LI_EntranceHall_EXT,,-8444.4,-29327.5,7919.0
SM_HW_EH_TrimSection_A16,StaticMeshActor,LV_Overland/Hogwarts/LI_Hogwarts/LevelInstances/EntranceHall/LI_EntranceHall_EXT/SM_HW_EH_TrimSection_A16,C893067F-4D33-3F5D-EA0C-DC8096E10EAF,1,DL_OVERLAND;DL_RENDER,DL_HW_EXT,LI_Hogwarts > LI_EntranceHall_EXT,/Game/Levels/Overland/Hogwarts/EntranceHall/LI_EntranceHall_EXT,,-8163.7,-27732.0,7919.0
SM_HW_EH_TrimSection_A17,StaticMeshActor,LV_Overland/Hogwarts/LI_Hogwarts/LevelInstances/EntranceHall/LI_EntranceHall_EXT/SM_HW_EH_TrimSection_A17,895F95BF-4E6B-57AC-A4AD-5AAF1D508958,1,DL_OVERLAND;DL_RENDER,DL_HW_EXT,LI_Hogwarts > LI_EntranceHall_EXT,/Game/Levels/Overland/Hogwarts/EntranceHall/LI_EntranceHall_EXT,,-8018.6,-26909.4,7919.0
SM_HW_EH_TrimSection_A18,StaticMeshActor,LV_Overland/Hogwarts/LI_Hogwarts/LevelInstances/EntranceHall/LI_EntranceHall_EXT/SM_HW_EH_TrimSection_A18,22F05E25-4208-2153-711A-D18B30F476CA,1,DL_OVERLAND;DL_RENDER,DL_HW_EXT,LI_Hogwarts > LI_EntranceHall_EXT,/Game/Levels/Overland/Hogwarts/EntranceHall/LI_EntranceHall_EXT,,-11110.2,-28857.8,7919.0
SM_HW_EH_TrimSection_A19,StaticMeshActor,LV_Overland/Hogwarts/LI_Hogwarts/LevelInstances/EntranceHall/LI_EntranceHall_EXT/SM_HW_EH_TrimSection_A19,FC09A642-40E4-8CBF-637B-46AA61F1A5A0,1,DL_OVERLAND;DL_RENDER,DL_HW_EXT,LI_Hogwarts > LI_EntranceHall_EXT,/Game/Levels/Overland/Hogwarts/EntranceHall/LI_EntranceHall_EXT,,-10971.9,-28076.6,7919.0
SM_HW_EH_TrimSection_A2,StaticMeshActor,LV_Overland/Hogwarts/LI_Hogwarts/LevelInstances/EntranceHall/LI_EntranceHall_EXT/SM_HW_EH_TrimSection_A2,CBF3F1CE-4D64-7C85-C5B4-EC9CE493B32A,1,DL_OVERLAND;DL_RENDER,DL_HW_EXT,LI_Hogwarts > LI_EntranceHall_EXT,/Game/Levels/Overland/Hogwarts/EntranceHall/LI_EntranceHall_EXT,,-8164.4,-27733.3,7684.9
SM_HW_EH_TrimSection_A20,StaticMeshActor,LV_Overland/Hogwarts/LI_Hogwarts/LevelInstances/EntranceHall/LI_EntranceHall_EXT/SM_HW_EH_TrimSection_A20,0711B78A-4AA8-90EF-C599-6EA31C595B93,1,DL_OVERLAND;DL_RENDER,DL_HW_EXT,LI_Hogwarts > LI_EntranceHall_EXT,/Game/Levels/Overland/Hogwarts/EntranceHall/LI_EntranceHall_EXT,,-10830.3,-27262.1,7919.0
SM_HW_EH_TrimSection_A21,StaticMeshActor,LV_Overland/Hogwarts/LI_Hogwarts/LevelInstances/EntranceHall/LI_EntranceHall_EXT/SM_HW_EH_TrimSection_A21,129FAD0D-4785-18A5-B4F7-DBBFED0A6E62,1,DL_OVERLAND;DL_RENDER,DL_HW_EXT,LI_Hogwarts > LI_EntranceHall_EXT,/Game/Levels/Overland/Hogwarts/EntranceHall/LI_EntranceHall_EXT,,-11563.5,-27134.5,7919.0
SM_HW_EH_TrimSection_A22,StaticMeshActor,LV_Overland/Hogwarts/LI_Hogwarts/LevelInstances/EntranceHall/LI_EntranceHall_EXT/SM_HW_EH_TrimSection_A22,A8012B16-44BB-4E5D-3344-0BAE9D7AD59C,1,DL_OVERLAND;DL_RENDER,DL_HW_EXT,LI_Hogwarts > LI_EntranceHall_EXT,/Game/Levels/Overland/Hogwarts/EntranceHall/LI_EntranceHall_EXT,,-12252.2,-27012.9,7919.0
SM_HW_EH_TrimSection_A23,StaticMeshActor,LV_Overland/Hogwarts/LI_Hogwarts/LevelInstances/EntranceHall/LI_EntranceHall_EXT/SM_HW_EH_TrimSection_A23,C8F9B5F4-4827-0AED-3E8A-75AA8543B553,1,DL_OVERLAND;DL_RENDER,DL_HW_EXT,LI_Hogwarts > LI_EntranceHall_EXT,/Game/Levels/Overland/Hogwarts/EntranceHall/LI_EntranceHall_EXT,,-12942.3,-26891.2,7919.0
SM_HW_EH_TrimSection_A24,StaticMeshActor,LV_Overland/Hogwarts/LI_Hogwarts/LevelInstances/EntranceHall/LI_EntranceHall_EXT/SM_HW_EH_TrimSection_A24,A226B60E-4370-F83E-E0AE-65927A180B76,1,DL_OVERLAND;DL_RENDER,DL_HW_EXT,LI_Hogwarts > LI_EntranceHall_EXT,/Game/Levels/Overland/Hogwarts/EntranceHall/LI_EntranceHall_EXT,,-10516.6,-29831.0,7919.0
SM_HW_EH_TrimSection_A25,StaticMeshActor,LV_Overland/Hogwarts/LI_Hogwarts/LevelInstances/EntranceHall/LI_EntranceHall_EXT/SM_HW_EH_TrimSection_A25,ECBCFA53-4EFB-4C67-288C-7DBA786E2CFD,1,DL_OVERLAND;DL_RENDER,DL_HW_EXT,LI_Hogwarts > LI_EntranceHall_EXT,/Game/Levels/Overland/Hogwarts/EntranceHall/LI_EntranceHall_EXT,,-9331.8,-30041.4,7919.0
SM_HW_EH_TrimSection_A26,StaticMeshActor,LV_Overland/Hogwarts/LI_Hogwarts/LevelInstances/EntranceHall/LI_EntranceHall_EXT/SM_HW_EH_TrimSection_A26,81172A43-441C-9376-C621-8D9B5EAD860D,1,DL_OVERLAND;DL_RENDER,DL_HW_EXT,LI_Hogwarts > LI_EntranceHall_EXT,/Game/Levels/Overland/Hogwarts/EntranceHall/LI_EntranceHall_EXT,,-8306.2,-28546.3,9120.1
SM_HW_EH_TrimSection_A27,StaticMeshActor,LV_Overland/Hogwarts/LI_Hogwarts/LevelInstances/EntranceHall/LI_EntranceHall_EXT/SM_HW_EH_TrimSection_A27,DB19A5C4-4457-0669-005E-E293CBD9D065,1,DL_OVERLAND;DL_RENDER,DL_HW_EXT,LI_Hogwarts > LI_EntranceHall_EXT,/Game/Levels/Overland/Hogwarts/EntranceHall/LI_EntranceHall_EXT,,-8444.4,-29327.5,9120.1
SM_HW_EH_TrimSection_A28,StaticMeshActor,LV_Overland/Hogwarts/LI_Hogwarts/LevelInstances/EntranceHall/LI_EntranceHall_EXT/SM_HW_EH_TrimSection_A28,95B9ECD8-40CC-1C9D-525A-09A36569A4E1,1,DL_OVERLAND;DL_RENDER,DL_HW_EXT,LI_Hogwarts > LI_EntranceHall_EXT,/Game/Levels/Overland/Hogwarts/EntranceHall/LI_EntranceHall_EXT,,-8163.7,-27732.0,9120.1
SM_HW_EH_TrimSection_A29,StaticMeshActor,LV_Overland/Hogwarts/LI_Hogwarts/LevelInstances/EntranceHall/LI_EntranceHall_EXT/SM_HW_EH_TrimSection_A29,F56B2F2A-4EDE-E1EE-78A9-A0BC73EA17A6,1,DL_OVERLAND;DL_RENDER,DL_HW_EXT,LI_Hogwarts > LI_EntranceHall_EXT,/Game/Levels/Overland/Hogwarts/EntranceHall/LI_EntranceHall_EXT,,-8018.6,-26909.4,9120.1
SM_HW_EH_TrimSection_A3,StaticMeshActor,LV_Overland/Hogwarts/LI_Hogwarts/LevelInstances/EntranceHall/LI_EntranceHall_EXT/SM_HW_EH_TrimSection_A3,832357A9-4B89-32AB-E5FC-3E92FEDC5BA6,1,DL_OVERLAND;DL_RENDER,DL_HW_EXT,LI_Hogwarts > LI_EntranceHall_EXT,/Game/Levels/Overland/Hogwarts/EntranceHall/LI_EntranceHall_EXT,,-8445.3,-29327.2,7684.9
SM_HW_EH_TrimSection_A30,StaticMeshActor,LV_Overland/Hogwarts/LI_Hogwarts/LevelInstances/EntranceHall/LI_EntranceHall_EXT/SM_HW_EH_TrimSection_A30,EBF90710-4F81-627F-F1C3-02A77F6F698A,1,DL_OVERLAND;DL_RENDER,DL_HW_EXT,LI_Hogwarts > LI_EntranceHall_EXT,/Game/Levels/Overland/Hogwarts/EntranceHall/LI_EntranceHall_EXT,,-9331.8,-30041.4,9120.1
SM_HW_EH_TrimSection_A31,StaticMeshActor,LV_Overland/Hogwarts/LI_Hogwarts/LevelInstances/EntranceHall/LI_EntranceHall_EXT/SM_HW_EH_TrimSection_A31,12850AB2-4EF9-CDFA-9064-328E46B8E882,1,DL_OVERLAND;DL_RENDER,DL_HW_EXT,LI_Hogwarts > LI_EntranceHall_EXT,/Game/Levels/Overland/Hogwarts/EntranceHall/LI_EntranceHall_EXT,,-10424.2,-29315.2,9120.1
SM_HW_EH_TrimSection_A32,StaticMeshActor,LV_Overland/Hogwarts/LI_Hogwarts/LevelInstances/EntranceHall/LI_EntranceHall_EXT/SM_HW_EH_TrimSection_A32,8B41F767-48C3-BC72-BB42-52A6F1A12AB5,1,DL_OVERLAND;DL_RENDER,DL_HW_EXT,LI_Hogwarts > LI_EntranceHall_EXT,/Game/Levels/Overland/Hogwarts/EntranceHall/LI_EntranceHall_EXT,,-11110.2,-28857.8,9120.1
SM_HW_EH_TrimSection_A33,StaticMeshActor,LV_Overland/Hogwarts/LI_Hogwarts/LevelInstances/EntranceHall/LI_EntranceHall_EXT/SM_HW_EH_TrimSection_A33,B4DC96EA-4775-D1DC-5CAA-7F9D9181348D,1,DL_OVERLAND;DL_RENDER,DL_HW_EXT,LI_Hogwarts > LI_EntranceHall_EXT,/Game/Levels/Overland/Hogwarts/EntranceHall/LI_EntranceHall_EXT,,-10971.9,-28076.6,9120.1
SM_HW_EH_TrimSection_A34,StaticMeshActor,LV_Overland/Hogwarts/LI_Hogwarts/LevelInstances/EntranceHall/LI_EntranceHall_EXT/SM_HW_EH_TrimSection_A34,98497494-4B7A-E0B7-C9D1-26AED58C8AFA,1,DL_OVERLAND;DL_RENDER,DL_HW_EXT,LI_Hogwarts > LI_EntranceHall_EXT,/Game/Levels/Overland/Hogwarts/EntranceHall/LI_EntranceHall_EXT,,-10830.3,-27262.1,9120.1
SM_HW_EH_TrimSection_A35,StaticMeshActor,LV_Overland/Hogwarts/LI_Hogwarts/LevelInstances/EntranceHall/LI_EntranceHall_EXT/SM_HW_EH_TrimSection_A35,CDF31B46-49EE-4CCF-9A5B-38830657F86B,1,DL_OVERLAND;DL_RENDER,DL_HW_EXT,LI_Hogwarts > LI_EntranceHall_EXT,/Game/Levels/Overland/Hogwarts/EntranceHall/LI_EntranceHall_EXT,,-11563.5,-27134.5,9120.1
SM_HW_EH_TrimSection_A36,StaticMeshActor,LV_Overland/Hogwarts/LI_Hogwarts/LevelInstances/EntranceHall/LI_EntranceHall_EXT/SM_HW_EH_TrimSection_A36,B0A74C16-43AE-D5DA-EC8A-68A74086CA4B,1,DL_OVERLAND;DL_RENDER,DL_HW_EXT,LI_Hogwarts > LI_EntranceHall_EXT,/Game/Levels/Overland/Hogwarts/EntranceHall/LI_EntranceHall_EXT,,-12252.2,-27012.9,9120.1
SM_HW_EH_TrimSection_A37,StaticMeshActor,LV_Overland/Hogwarts/LI_Hogwarts/LevelInstances/EntranceHall/LI_EntranceHall_EXT/SM_HW_EH_TrimSection_A37,7C473652-4F41-7207-D550-39A8F82472A0,1,DL_OVERLAND;DL_RENDER,DL_HW_EXT,LI_Hogwarts > LI_EntranceHall_EXT,/Game/Levels/Overland/Hogwarts/EntranceHall/LI_EntranceHall_EXT,,-12942.3,-26891.2,9120.1
SM_HW_EH_TrimSection_A38,StaticMeshActor,LV_Overland/Hogwarts/LI_Hogwarts/LevelInstances/EntranceHall/LI_EntranceHall_EXT/SM_HW_EH_TrimSection_A38,442FADF6-428F-9F74-F977-D794D0D868A3,1,DL_OVERLAND;DL_RENDER,DL_HW_EXT,LI_Hogwarts > LI_EntranceHall_EXT,/Game/Levels/Overland/Hogwarts/EntranceHall/LI_EntranceHall_EXT,,-9243.4,-29521.6,9120.1
SM_HW_EH_TrimSection_A39,StaticMeshActor,LV_Overland/Hogwarts/LI_Hogwarts/LevelInstances/EntranceHall/LI_EntranceHall_EXT/SM_HW_EH_TrimSection_A39,FD5C955C-42BB-4D33-0A4C-378C60D0FE31,1,DL_OVERLAND;DL_RENDER,DL_HW_EXT,LI_Hogwarts > LI_EntranceHall_EXT,/Game/Levels/Overland/Hogwarts/EntranceHall/LI_EntranceHall_EXT,,-10514.0,-29830.5,9120.1
SM_HW_EH_TrimSection_A4,StaticMeshActor,LV_Overland/Hogwarts/LI_Hogwarts/LevelInstances/EntranceHall/LI_EntranceHall_EXT/SM_HW_EH_TrimSection_A4,973983A0-4BCC-28A1-64BA-1FA013C3DDA7,1,DL_OVERLAND;DL_RENDER,DL_HW_EXT,LI_Hogwarts > LI_EntranceHall_EXT,/Game/Levels/Overland/Hogwarts/EntranceHall/LI_EntranceHall_EXT,,-8017.9,-26909.8,7684.9
SM_HW_EH_TrimSection_A5,StaticMeshActor,LV_Overland/Hogwarts/LI_Hogwarts/LevelInstances/EntranceHall/LI_EntranceHall_EXT/SM_HW_EH_TrimSection_A5,4F7FA895-47AD-FFAB-87DB-FCBEBB9B8FEF,1,DL_OVERLAND;DL_RENDER,DL_HW_EXT,LI_Hogwarts > LI_EntranceHall_EXT,/Game/Levels/Overland/Hogwarts/EntranceHall/LI_EntranceHall_EXT,,-11107.1,-28857.8,7684.9
SM_HW_EH_TrimSection_A6,StaticMeshActor,LV_Overland/Hogwarts/LI_Hogwarts/LevelInstances/EntranceHall/LI_EntranceHall_EXT/SM_HW_EH_TrimSection_A6,895C746B-4895-20CC-15A7-91A54A9C00D2,1,DL_OVERLAND;DL_RENDER,DL_HW_EXT,LI_Hogwarts > LI_EntranceHall_EXT,/Game/Levels/Overland/Hogwarts/EntranceHall/LI_EntranceHall_EXT,,-10968.7,-28075.7,7684.9
SM_HW_EH_TrimSection_A7,StaticMeshActor,LV_Overland/Hogwarts/LI_Hogwarts/LevelInstances/EntranceHall/LI_EntranceHall_EXT/SM_HW_EH_TrimSection_A7,E401A526-4F0F-CC91-5A95-C5BE686C69C2,1,DL_OVERLAND;DL_RENDER,DL_HW_EXT,LI_Hogwarts > LI_EntranceHall_EXT,/Game/Levels/Overland/Hogwarts/EntranceHall/LI_EntranceHall_EXT,,-10826.2,-27263.8,7684.9
SM_HW_EH_TrimSection_A8,StaticMeshActor,LV_Overland/Hogwarts/LI_Hogwarts/LevelInstances/EntranceHall/LI_EntranceHall_EXT/SM_HW_EH_TrimSection_A8,5B2BB34A-445C-D261-CC50-A0AC8FC6F7AC,1,DL_OVERLAND;DL_RENDER,DL_HW_EXT,LI_Hogwarts > LI_EntranceHall_EXT,/Game/Levels/Overland/Hogwarts/EntranceHall/LI_EntranceHall_EXT,,-11563.2,-27132.0,7684.9
SM_HW_EH_TrimSection_A9,StaticMeshActor,LV_Overland/Hogwarts/LI_Hogwarts/LevelInstances/EntranceHall/LI_EntranceHall_EXT/SM_HW_EH_TrimSection_A9,34BC93AD-45F2-FF96-ED17-8F86999FCCCD,1,DL_OVERLAND;DL_RENDER,DL_HW_EXT,LI_Hogwarts > LI_EntranceHall_EXT,/Game/Levels/Overland/Hogwarts/EntranceHall/LI_EntranceHall_EXT,,-12252.3,-27011.2,7684.9
SM_HW_EH_Trim_3m,StaticMeshActor,LV_Overland/Hogwarts/LI_Hogwarts/LevelInstances/EntranceHall/LI_EntranceHall_EXT/SM_HW_EH_Trim_3m,C7A952F3-4CCC-702F-6DE3-1DA90CD51497,1,DL_OVERLAND;DL_RENDER,DL_HW_EXT,LI_Hogwarts > LI_EntranceHall_EXT,/Game/Levels/Overland/Hogwarts/EntranceHall/LI_EntranceHall_EXT,,-8172.1,-26405.5,9324.8
SM_HW_EH_Trim_3m2,StaticMeshActor,LV_Overland/Hogwarts/LI_Hogwarts/LevelInstances/EntranceHall/LI_EntranceHall_EXT/SM_HW_EH_Trim_3m2,71964A83-49DC-335F-FB11-BFBB1DDF0BE9,1,DL_OVERLAND;DL_RENDER,DL_HW_EXT,LI_Hogwarts > LI_EntranceHall_EXT,/Game/Levels/Overland/Hogwarts/EntranceHall/LI_EntranceHall_EXT,,-8093.4,-25959.2,9324.8
SM_HW_EH_Trim_3m3,StaticMeshActor,LV_Overland/Hogwarts/LI_Hogwarts/LevelInstances/EntranceHall/LI_EntranceHall_EXT/SM_HW_EH_Trim_3m3,91B7B020-42F0-0D43-F064-888517B9D8BF,1,DL_OVERLAND;DL_RENDER,DL_HW_EXT,LI_Hogwarts > LI_EntranceHall_EXT,/Game/Levels/Overland/Hogwarts/EntranceHall/LI_EntranceHall_EXT,,-8186.6,-25674.6,9324.8
SM_HW_EH_Trim_3m4,StaticMeshActor,LV_Overland/Hogwarts/LI_Hogwarts/LevelInstances/EntranceHall/LI_EntranceHall_EXT/SM_HW_EH_Trim_3m4,366805D4-4D89-EA2A-61B2-D8B6DD472B46,1,DL_OVERLAND;DL_RENDER,DL_HW_EXT,LI_Hogwarts > LI_EntranceHall_EXT,/Game/Levels/Overland/Hogwarts/EntranceHall/LI_EntranceHall_EXT,,-8306.5,-26614.0,9347.9
SM_HW_EH_Trim_3m6,StaticMeshActor,LV_Overland/Hogwarts/LI_Hogwarts/LevelInstances/EntranceHall/LI_EntranceHall_EXT/SM_HW_EH_Trim_3m6,FF521F86-4C3B-5048-6BEF-7E91A669674C,1,DL_OVERLAND;DL_RENDER,DL_HW_EXT,LI_Hogwarts > LI_EntranceHall_EXT,/Game/Levels/Overland/Hogwarts/EntranceHall/LI_EntranceHall_EXT,,-10453.2,-27141.3,9425.7
SM_HW_EH_Trim_3m7,StaticMeshActor,LV_Overland/Hogwarts/LI_Hogwarts/LevelInstances/EntranceHall/LI_EntranceHall_EXT/SM_HW_EH_Trim_3m7,6991373E-4349-08DE-54DF-108DD9AC643E,1,DL_OVERLAND;DL_RENDER,DL_HW_EXT,LI_Hogwarts > LI_EntranceHall_EXT,/Game/Levels/Overland/Hogwarts/EntranceHall/LI_EntranceHall_EXT,,-9456.7,-30002.5,7456.0
SM_HW_EH_Trim_3m8,StaticMeshActor,LV_Overland/Hogwarts/LI_Hogwarts/LevelInstances/EntranceHall/LI_EntranceHall_EXT/SM_HW_EH_Trim_3m8,E1936F70-4DDF-282E-97E4-F3833F344F0B,1,DL_OVERLAND;DL_RENDER,DL_HW_EXT,LI_Hogwarts > LI_EntranceHall_EXT,/Game/Levels/Overland/Hogwarts/EntranceHall/LI_EntranceHall_EXT,,-10385.4,-29839.7,7456.0
SM_HW_EH_Trim_3m9,StaticMeshActor,LV_Overland/Hogwarts/LI_Hogwarts/LevelInstances/EntranceHall/LI_EntranceHall_EXT/SM_HW_EH_Trim_3m9,954AC70C-48A8-A5F8-E272-EFBCE718DA1B,1,DL_OVERLAND;DL_RENDER,DL_HW_EXT,LI_Hogwarts > LI_EntranceHall_EXT,/Game/Levels/Overland/Hogwarts/EntranceHall/LI_EntranceHall_EXT,,-10760.5,-28879.4,9425.7
SM_HW_EH_Trim_A,StaticMeshActor,LV_Overland/Hogwarts/LI_Hogwarts/LevelInstances/EntranceHall/LI_EntranceHall_EXT/SM_HW_EH_Trim_A,BF8641F8-42C3-FCB0-EED0-6FAC9E3F6D9A,1,DL_OVERLAND;DL_RENDER,DL_HW_EXT,LI_Hogwarts > LI_EntranceHall_EXT,/Game/Levels/Overland/Hogwarts/EntranceHall/LI_EntranceHall_EXT,,-8313.3,-29213.2,7353.5
SM_HW_EH_Trim_A2,StaticMeshActor,LV_Overland/Hogwarts/LI_Hogwarts/LevelInstances/EntranceHall/LI_EntranceHall_EXT/SM_HW_EH_Trim_A2,CE2BBF38-4362-B122-C1E5-ED91E1873114,1,DL_OVERLAND;DL_RENDER,DL_HW_EXT,LI_Hogwarts > LI_EntranceHall_EXT,/Game/Levels/Overland/Hogwarts/EntranceHall/LI_EntranceHall_EXT,,-8243.8,-28819.3,7353.5
SM_HW_EH_Trim_A3,StaticMeshActor,LV_Overland/Hogwarts/LI_Hogwarts/LevelInstances/EntranceHall/LI_EntranceHall_EXT/SM_HW_EH_Trim_A3,328EF073-4DA3-8CDC-F11B-159D20146CA1,1,DL_OVERLAND;DL_RENDER,DL_HW_EXT,LI_Hogwarts > LI_EntranceHall_EXT,/Game/Levels/Overland/Hogwarts/EntranceHall/LI_EntranceHall_EXT,,-8101.6,-28012.8,7353.5
SM_HW_EH_Trim_A4,StaticMeshActor,LV_Overland/Hogwarts/LI_Hogwarts/LevelInstances/EntranceHall/LI_EntranceHall_EXT/SM_HW_EH_Trim_A4,A6E247C3-4298-97DE-2206-CEBB2A2C4D39,1,DL_OVERLAND;DL_RENDER,DL_HW_EXT,LI_Hogwarts > LI_EntranceHall_EXT,/Game/Levels/Overland/Hogwarts/EntranceHall/LI_EntranceHall_EXT,,-8171.1,-28406.7,7353.5
SM_HW_EH_Trim_A5,StaticMeshActor,LV_Overland/Hogwarts/LI_Hogwarts/LevelInstances/EntranceHall/LI_EntranceHall_EXT/SM_HW_EH_Trim_A5,2F7B7A9F-436F-84A8-2E80-B38DCBAC1AE9,1,DL_OVERLAND;DL_RENDER,DL_HW_EXT,LI_Hogwarts > LI_EntranceHall_EXT,/Game/Levels/Overland/Hogwarts/EntranceHall/LI_EntranceHall_EXT,,-8005.2,-27466.2,7353.5
SM_HW_EH_Trim_A6,StaticMeshActor,LV_Overland/Hogwarts/LI_Hogwarts/LevelInstances/EntranceHall/LI_EntranceHall_EXT/SM_HW_EH_Trim_A6,3ECB1C3E-4444-8109-9AE7-EFB08963015F,1,DL_OVERLAND;DL_RENDER,DL_HW_EXT,LI_Hogwarts > LI_EntranceHall_EXT,/Game/Levels/Overland/Hogwarts/EntranceHall/LI_EntranceHall_EXT,,-11124.0,-28299.1,7356.3
SM_HW_EH_Trim_A7,StaticMeshActor,LV_Overland/Hogwarts/LI_Hogwarts/LevelInstances/EntranceHall/LI_EntranceHall_EXT/SM_HW_EH_Trim_A7,11DB9BB9-468B-6095-D108-AC868320997C,1,DL_OVERLAND;DL_RENDER,DL_HW_EXT,LI_Hogwarts > LI_EntranceHall_EXT,/Game/Levels/Overland/Hogwarts/EntranceHall/LI_EntranceHall_EXT,,-11193.4,-28693.0,7356.3
SM_HW_EH_Trim_A8,StaticMeshActor,LV_Overland/Hogwarts/LI_Hogwarts/LevelInstances/EntranceHall/LI_EntranceHall_EXT/SM_HW_EH_Trim_A8,B6DB1EBA-44F8-90FB-C464-7683E4131785,1,DL_OVERLAND;DL_RENDER,DL_HW_EXT,LI_Hogwarts > LI_EntranceHall_EXT,/Game/Levels/Overland/Hogwarts/EntranceHall/LI_EntranceHall_EXT,,-10367.9,-29619.5,7455.8
SM_HW_EH_Trim_A9,StaticMeshActor,LV_Overland/Hogwarts/LI_Hogwarts/LevelInstances/EntranceHall/LI_EntranceHall_EXT/SM_HW_EH_Trim_A9,747C59C2-47C2-DE47-D847-E796BDEBDCA5,1,DL_OVERLAND;DL_RENDER,DL_HW_EXT,LI_Hogwarts > LI_EntranceHall_EXT,/Game/Levels/Overland/Hogwarts/EntranceHall/LI_EntranceHall_EXT,,-9390.9,-29713.7,7455.8
SM_HW_EH_Trim_Small_A,StaticMeshActor,LV_Overland/Hogwarts/LI_Hogwarts/LevelInstances/EntranceHall/LI_EntranceHall_EXT/SM_HW_EH_Trim_Small_A,7432ECAB-47F9-9A21-6FA3-058E96AC96B2,1,DL_OVERLAND;DL_RENDER,DL_HW_EXT,LI_Hogwarts > LI_EntranceHall_EXT,/Game/Levels/Overland/Hogwarts/EntranceHall/LI_EntranceHall_EXT,,-10469.2,-29571.1,8963.0
SM_HW_EH_Trim_Small_A2,StaticMeshActor,LV_Overland/Hogwarts/LI_Hogwarts/LevelInstances/EntranceHall/LI_EntranceHall_EXT/SM_HW_EH_Trim_Small_A2,2380017D-47F5-3C19-61E3-529529A16689,1,DL_OVERLAND;DL_RENDER,DL_HW_EXT,LI_Hogwarts > LI_EntranceHall_EXT,/Game/Levels/Overland/Hogwarts/EntranceHall/LI_EntranceHall_EXT,,-10468.8,-29558.5,7925.4
SM_HW_EH_Trim_Small_A3,StaticMeshActor,LV_Overland/Hogwarts/LI_Hogwarts/LevelInstances/EntranceHall/LI_EntranceHall_EXT/SM_HW_EH_Trim_Small_A3,63B45B47-4068-3B9B-C1F9-508EA1568879,1,DL_OVERLAND;DL_RENDER,DL_HW_EXT,LI_Hogwarts > LI_EntranceHall_EXT,/Game/Levels/Overland/Hogwarts/EntranceHall/LI_EntranceHall_EXT,,-9288.6,-29777.1,7925.4
SM_HW_EH_Trim_Small_A4,StaticMeshActor,LV_Overland/Hogwarts/LI_Hogwarts/LevelInstances/EntranceHall/LI_EntranceHall_EXT/SM_HW_EH_Trim_Small_A4,68B0E563-4B54-BE0C-0567-5F8CB79F7CCE,1,DL_OVERLAND;DL_RENDER,DL_HW_EXT,LI_Hogwarts > LI_EntranceHall_EXT,/Game/Levels/Overland/Hogwarts/EntranceHall/LI_EntranceHall_EXT,,-9299.1,-29784.4,7676.1
SM_HW_EH_Trim_Small_A5,StaticMeshActor,LV_Overland/Hogwarts/LI_Hogwarts/LevelInstances/EntranceHall/LI_EntranceHall_EXT/SM_HW_EH_Trim_Small_A5,30DA3867-4879-2A68-6DE1-E4B9C5360151,1,DL_OVERLAND;DL_RENDER,DL_HW_EXT,LI_Hogwarts > LI_EntranceHall_EXT,/Game/Levels/Overland/Hogwarts/EntranceHall/LI_EntranceHall_EXT,,-10465.5,-29578.8,7676.1
SM_HW_EH_Trim_Small_A6,StaticMeshActor,LV_Overland/Hogwarts/LI_Hogwarts/LevelInstances/EntranceHall/LI_EntranceHall_EXT/SM_HW_EH_Trim_Small_A6,AD0BBE1E-4701-8C2A-B170-59AC22A1F08F,1,DL_OVERLAND;DL_RENDER,DL_HW_EXT,LI_Hogwarts > LI_EntranceHall_EXT,/Game/Levels/Overland/Hogwarts/EntranceHall/LI_EntranceHall_EXT,,-9289.6,-29779.1,8963.0
SM_HW_EH_Trim_Small_B,StaticMeshActor,LV_Overland/Hogwarts/LI_Hogwarts/LevelInstances/EntranceHall/LI_EntranceHall_EXT/SM_HW_EH_Trim_Small_B,48642605-4E8A-8D02-C98B-B1B4846A2482,1,DL_OVERLAND;DL_RENDER,DL_HW_EXT,LI_Hogwarts > LI_EntranceHall_EXT,/Game/Levels/Overland/Hogwarts/EntranceHall/LI_EntranceHall_EXT,,-11100.0,-28570.7,9120.0
SM_HW_EH_Trim_Small_B10,StaticMeshActor,LV_Overland/Hogwarts/LI_Hogwarts/LevelInstances/EntranceHall/LI_EntranceHall_EXT/SM_HW_EH_Trim_Small_B10,B7734A6F-4678-6B34-6AC8-31AFA5198E04,1,DL_OVERLAND;DL_RENDER,DL_HW_EXT,LI_Hogwarts > LI_EntranceHall_EXT,/Game/Levels/Overland/Hogwarts/EntranceHall/LI_EntranceHall_EXT,,-8217.6,-28278.0,9120.0
SM_HW_EH_Trim_Small_B11,StaticMeshActor,LV_Overland/Hogwarts/LI_Hogwarts/LevelInstances/EntranceHall/LI_EntranceHall_EXT/SM_HW_EH_Trim_Small_B11,6F255D89-448E-8FEB-C20D-CEB51DBF2FC7,1,DL_OVERLAND;DL_RENDER,DL_HW_EXT,LI_Hogwarts > LI_EntranceHall_EXT,/Game/Levels/Overland/Hogwarts/EntranceHall/LI_EntranceHall_EXT,,-8287.1,-28671.9,9120.0
SM_HW_EH_Trim_Small_B12,StaticMeshActor,LV_Overland/Hogwarts/LI_Hogwarts/LevelInstances/EntranceHall/LI_EntranceHall_EXT/SM_HW_EH_Trim_Small_B12,B32D4DA7-4CFB-E241-B606-5E83B52473AE,1,DL_OVERLAND;DL_RENDER,DL_HW_EXT,LI_Hogwarts > LI_EntranceHall_EXT,/Game/Levels/Overland/Hogwarts/EntranceHall/LI_EntranceHall_EXT,,-8356.5,-29065.8,9120.0
SM_HW_EH_Trim_Small_B13,StaticMeshActor,LV_Overland/Hogwarts/LI_Hogwarts/LevelInstances/EntranceHall/LI_EntranceHall_EXT/SM_HW_EH_Trim_Small_B13,E76BF5F1-4A58-0DE3-8862-5E995041EA98,1,DL_OVERLAND;DL_RENDER,DL_HW_EXT,LI_Hogwarts > LI_EntranceHall_EXT,/Game/Levels/Overland/Hogwarts/EntranceHall/LI_EntranceHall_EXT,,-8078.7,-27490.1,9120.0
SM_HW_EH_Trim_Small_B14,StaticMeshActor,LV_Overland/Hogwarts/LI_Hogwarts/LevelInstances/EntranceHall/LI_EntranceHall_EXT/SM_HW_EH_Trim_Small_B14,958118F6-4A21-B3C8-5DA1-298182BFDA57,1,DL_OVERLAND;DL_RENDER,DL_HW_EXT,LI_Hogwarts > LI_EntranceHall_EXT,/Game/Levels/Overland/Hogwarts/EntranceHall/LI_EntranceHall_EXT,,-8009.2,-27096.2,9120.0
SM_HW_EH_Trim_Small_B15,StaticMeshActor,LV_Overland/Hogwarts/LI_Hogwarts/LevelInstances/EntranceHall/LI_EntranceHall_EXT/SM_HW_EH_Trim_Small_B15,F20913CB-4BFE-07C6-9777-F7AF6796164C,1,DL_OVERLAND;DL_RENDER,DL_HW_EXT,LI_Hogwarts > LI_EntranceHall_EXT,/Game/Levels/Overland/Hogwarts/EntranceHall/LI_EntranceHall_EXT,,-8035.5,-27091.6,7917.9
SM_HW_EH_Trim_Small_B16,StaticMeshActor,LV_Overland/Hogwarts/LI_Hogwarts/LevelInstances/EntranceHall/LI_EntranceHall_EXT/SM_HW_EH_Trim_Small_B16,304AAE28-4E2C-1F33-CDAE-FBBD105CC743,1,DL_OVERLAND;DL_RENDER,DL_HW_EXT,LI_Hogwarts > LI_EntranceHall_EXT,/Game/Levels/Overland/Hogwarts/EntranceHall/LI_EntranceHall_EXT,,-8105.0,-27485.5,7917.9
SM_HW_EH_Trim_Small_B17,StaticMeshActor,LV_Overland/Hogwarts/LI_Hogwarts/LevelInstances/EntranceHall/LI_EntranceHall_EXT/SM_HW_EH_Trim_Small_B17,A501C6B6-42C1-0030-3464-B8B0595EDADE,1,DL_OVERLAND;DL_RENDER,DL_HW_EXT,LI_Hogwarts > LI_EntranceHall_EXT,/Game/Levels/Overland/Hogwarts/EntranceHall/LI_EntranceHall_EXT,,-8174.4,-27879.4,7917.9
SM_HW_EH_Trim_Small_B18,StaticMeshActor,LV_Overland/Hogwarts/LI_Hogwarts/LevelInstances/EntranceHall/LI_EntranceHall_EXT/SM_HW_EH_Trim_Small_B18,59B947F5-4719-AC12-A849-7499BC470044,1,DL_OVERLAND;DL_RENDER,DL_HW_EXT,LI_Hogwarts > LI_EntranceHall_EXT,/Game/Levels/Overland/Hogwarts/EntranceHall/LI_EntranceHall_EXT,,-8243.9,-28273.3,7917.9
SM_HW_EH_Trim_Small_B19,StaticMeshActor,LV_Overland/Hogwarts/LI_Hogwarts/LevelInstances/EntranceHall/LI_EntranceHall_EXT/SM_HW_EH_Trim_Small_B19,41EF5CEB-4B59-2756-75D0-1B85D2BD0E22,1,DL_OVERLAND;DL_RENDER,DL_HW_EXT,LI_Hogwarts > LI_EntranceHall_EXT,/Game/Levels/Overland/Hogwarts/EntranceHall/LI_EntranceHall_EXT,,-8313.3,-28667.3,7917.9
SM_HW_EH_Trim_Small_B2,StaticMeshActor,LV_Overland/Hogwarts/LI_Hogwarts/LevelInstances/EntranceHall/LI_EntranceHall_EXT/SM_HW_EH_Trim_Small_B2,6FF253AB-40BF-52B5-906B-67B25D401098,1,DL_OVERLAND;DL_RENDER,DL_HW_EXT,LI_Hogwarts > LI_EntranceHall_EXT,/Game/Levels/Overland/Hogwarts/EntranceHall/LI_EntranceHall_EXT,,-11030.6,-28176.8,9120.0
SM_HW_EH_Trim_Small_B20,StaticMeshActor,LV_Overland/Hogwarts/LI_Hogwarts/LevelInstances/EntranceHall/LI_EntranceHall_EXT/SM_HW_EH_Trim_Small_B20,2954FB98-40F2-CA3D-39E6-BFBBCDDE2A3B,1,DL_OVERLAND;DL_RENDER,DL_HW_EXT,LI_Hogwarts > LI_EntranceHall_EXT,/Game/Levels/Overland/Hogwarts/EntranceHall/LI_EntranceHall_EXT,,-8382.8,-29061.2,7917.9
SM_HW_EH_Trim_Small_B21,StaticMeshActor,LV_Overland/Hogwarts/LI_Hogwarts/LevelInstances/EntranceHall/LI_EntranceHall_EXT/SM_HW_EH_Trim_Small_B21,274058CE-4753-F7A8-DD88-68B84F10FCF0,1,DL_OVERLAND;DL_RENDER,DL_HW_EXT,LI_Hogwarts > LI_EntranceHall_EXT,/Game/Levels/Overland/Hogwarts/EntranceHall/LI_EntranceHall_EXT,,-8316.6,-28666.7,7683.6
SM_HW_EH_Trim_Small_B22,StaticMeshActor,LV_Overland/Hogwarts/LI_Hogwarts/LevelInstances/EntranceHall/LI_EntranceHall_EXT/SM_HW_EH_Trim_Small_B22,506C18FD-4BF5-A3BC-4860-CEA56F7CA44E,1,DL_OVERLAND;DL_RENDER,DL_HW_EXT,LI_Hogwarts > LI_EntranceHall_EXT,/Game/Levels/Overland/Hogwarts/EntranceHall/LI_EntranceHall_EXT,,-8386.0,-29060.6,7683.6
SM_HW_EH_Trim_Small_B23,StaticMeshActor,LV_Overland/Hogwarts/LI_Hogwarts/LevelInstances/EntranceHall/LI_EntranceHall_EXT/SM_HW_EH_Trim_Small_B23,969067B8-454F-933D-1873-18AC0B3F5241,1,DL_OVERLAND;DL_RENDER,DL_HW_EXT,LI_Hogwarts > LI_EntranceHall_EXT,/Game/Levels/Overland/Hogwarts/EntranceHall/LI_EntranceHall_EXT,,-8247.1,-28272.8,7683.6
SM_HW_EH_Trim_Small_B24,StaticMeshActor,LV_Overland/Hogwarts/LI_Hogwarts/LevelInstances/EntranceHall/LI_EntranceHall_EXT/SM_HW_EH_Trim_Small_B24,4E99D3AE-4BE6-B887-A229-828D2EA03C80,1,DL_OVERLAND;DL_RENDER,DL_HW_EXT,LI_Hogwarts > LI_EntranceHall_EXT,/Game/Levels/Overland/Hogwarts/EntranceHall/LI_EntranceHall_EXT,,-8177.6,-27878.9,7683.6
SM_HW_EH_Trim_Small_B25,StaticMeshActor,LV_Overland/Hogwarts/LI_Hogwarts/LevelInstances/EntranceHall/LI_EntranceHall_EXT/SM_HW_EH_Trim_Small_B25,96A1EE22-4400-B1B7-0503-A7A81352D09D,1,DL_OVERLAND;DL_RENDER,DL_HW_EXT,LI_Hogwarts > LI_EntranceHall_EXT,/Game/Levels/Overland/Hogwarts/EntranceHall/LI_EntranceHall_EXT,,-8108.2,-27484.9,7683.6
SM_HW_EH_Trim_Small_B26,StaticMeshActor,LV_Overland/Hogwarts/LI_Hogwarts/LevelInstances/EntranceHall/LI_EntranceHall_EXT/SM_HW_EH_Trim_Small_B26,CA60B4E2-4DA1-0C84-7263-8AB53E12B3A6,1,DL_OVERLAND;DL_RENDER,DL_HW_EXT,LI_Hogwarts > LI_EntranceHall_EXT,/Game/Levels/Overland/Hogwarts/EntranceHall/LI_EntranceHall_EXT,,-8038.7,-27091.0,7683.6
SM_HW_EH_Trim_Small_B27,StaticMeshActor,LV_Overland/Hogwarts/LI_Hogwarts/LevelInstances/EntranceHall/LI_EntranceHall_EXT/SM_HW_EH_Trim_Small_B27,FD3402EB-42DB-F93A-DB25-8D907ECB8975,1,DL_OVERLAND;DL_RENDER,DL_HW_EXT,LI_Hogwarts > LI_EntranceHall_EXT,/Game/Levels/Overland/Hogwarts/EntranceHall/LI_EntranceHall_EXT,,-11060.7,-28577.6,7683.6
SM_HW_EH_Trim_Small_B28,StaticMeshActor,LV_Overland/Hogwarts/LI_Hogwarts/LevelInstances/EntranceHall/LI_EntranceHall_EXT/SM_HW_EH_Trim_Small_B28,A4DD0F8F-4761-FEA0-6EAC-7F9FDFC70FC7,1,DL_OVERLAND;DL_RENDER,DL_HW_EXT,LI_Hogwarts > LI_EntranceHall_EXT,/Game/Levels/Overland/Hogwarts/EntranceHall/LI_EntranceHall_EXT,,-10991.2,-28183.7,7683.6
SM_HW_EH_Trim_Small_B29,StaticMeshActor,LV_Overland/Hogwarts/LI_Hogwarts/LevelInstances/EntranceHall/LI_EntranceHall_EXT/SM_HW_EH_Trim_Small_B29,3C53524A-4798-87A0-D96B-12AE1AF08B2C,1,DL_OVERLAND;DL_RENDER,DL_HW_EXT,LI_Hogwarts > LI_EntranceHall_EXT,/Game/Levels/Overland/Hogwarts/EntranceHall/LI_EntranceHall_EXT,,-10921.8,-27789.8,7683.6
SM_HW_EH_Trim_Small_B3,StaticMeshActor,LV_Overland/Hogwarts/LI_Hogwarts/LevelInstances/EntranceHall/LI_EntranceHall_EXT/SM_HW_EH_Trim_Small_B3,073645DC-45F8-3606-3DCD-D796CC332324,1,DL_OVERLAND;DL_RENDER,DL_HW_EXT,LI_Hogwarts > LI_EntranceHall_EXT,/Game/Levels/Overland/Hogwarts/EntranceHall/LI_EntranceHall_EXT,,-10961.1,-27782.9,9120.0
SM_HW_EH_Trim_Small_B30,StaticMeshActor,LV_Overland/Hogwarts/LI_Hogwarts/LevelInstances/EntranceHall/LI_EntranceHall_EXT/SM_HW_EH_Trim_Small_B30,8340D8B4-43C4-B244-6D4E-0EBD7764B779,1,DL_OVERLAND;DL_RENDER,DL_HW_EXT,LI_Hogwarts > LI_EntranceHall_EXT,/Game/Levels/Overland/Hogwarts/EntranceHall/LI_EntranceHall_EXT,,-10852.3,-27395.9,7683.6
SM_HW_EH_Trim_Small_B31,StaticMeshActor,LV_Overland/Hogwarts/LI_Hogwarts/LevelInstances/EntranceHall/LI_EntranceHall_EXT/SM_HW_EH_Trim_Small_B31,649858E5-4C78-107B-97E3-BDB749ACCE00,1,DL_OVERLAND;DL_RENDER,DL_HW_EXT,LI_Hogwarts > LI_EntranceHall_EXT,/Game/Levels/Overland/Hogwarts/EntranceHall/LI_EntranceHall_EXT,,-8348.3,-28762.7,7700.4
SM_HW_EH_Trim_Small_B32,StaticMeshActor,LV_Overland/Hogwarts/LI_Hogwarts/LevelInstances/EntranceHall/LI_EntranceHall_EXT/SM_HW_EH_Trim_Small_B32,C482F555-4044-457E-2650-E79E3B83533F,1,DL_OVERLAND;DL_RENDER,DL_HW_EXT,LI_Hogwarts > LI_EntranceHall_EXT,/Game/Levels/Overland/Hogwarts/EntranceHall/LI_EntranceHall_EXT,,-8417.7,-29156.6,7700.4
SM_HW_EH_Trim_Small_B33,StaticMeshActor,LV_Overland/Hogwarts/LI_Hogwarts/LevelInstances/EntranceHall/LI_EntranceHall_EXT/SM_HW_EH_Trim_Small_B33,D6BE9E1D-4AAC-542E-31A5-B3A9AB5F27F4,1,DL_OVERLAND;DL_RENDER,DL_HW_EXT,LI_Hogwarts > LI_EntranceHall_EXT,/Game/Levels/Overland/Hogwarts/EntranceHall/LI_EntranceHall_EXT,,-8348.3,-28762.7,7663.9
SM_HW_EH_Trim_Small_B34,StaticMeshActor,LV_Overland/Hogwarts/LI_Hogwarts/LevelInstances/EntranceHall/LI_EntranceHall_EXT/SM_HW_EH_Trim_Small_B34,EDC73CD8-47BC-DC04-794D-E0A07978B237,1,DL_OVERLAND;DL_RENDER,DL_HW_EXT,LI_Hogwarts > LI_EntranceHall_EXT,/Game/Levels/Overland/Hogwarts/EntranceHall/LI_EntranceHall_EXT,,-8417.7,-29156.6,7663.9
SM_HW_EH_Trim_Small_B35,StaticMeshActor,LV_Overland/Hogwarts/LI_Hogwarts/LevelInstances/EntranceHall/LI_EntranceHall_EXT/SM_HW_EH_Trim_Small_B35,21FA40C1-4F37-1616-EB25-DF9166B2D214,1,DL_OVERLAND;DL_RENDER,DL_HW_EXT,LI_Hogwarts > LI_EntranceHall_EXT,/Game/Levels/Overland/Hogwarts/EntranceHall/LI_EntranceHall_EXT,,-8200.7,-27925.6,7700.4
SM_HW_EH_Trim_Small_B36,StaticMeshActor,LV_Overland/Hogwarts/LI_Hogwarts/LevelInstances/EntranceHall/LI_EntranceHall_EXT/SM_HW_EH_Trim_Small_B36,99EC5E2D-4BD4-2F8F-DB39-3B898A60CC4C,1,DL_OVERLAND;DL_RENDER,DL_HW_EXT,LI_Hogwarts > LI_EntranceHall_EXT,/Game/Levels/Overland/Hogwarts/EntranceHall/LI_EntranceHall_EXT,,-8200.7,-27925.6,7663.9
SM_HW_EH_Trim_Small_B37,StaticMeshActor,LV_Overland/Hogwarts/LI_Hogwarts/LevelInstances/EntranceHall/LI_EntranceHall_EXT/SM_HW_EH_Trim_Small_B37,528D0C26-474C-1877-1900-C9BE9718DF11,1,DL_OVERLAND;DL_RENDER,DL_HW_EXT,LI_Hogwarts > LI_EntranceHall_EXT,/Game/Levels/Overland/Hogwarts/EntranceHall/LI_EntranceHall_EXT,,-8270.1,-28319.5,7663.9
SM_HW_EH_Trim_Small_B38,StaticMeshActor,LV_Overland/Hogwarts/LI_Hogwarts/LevelInstances/EntranceHall/LI_EntranceHall_EXT/SM_HW_EH_Trim_Small_B38,6718B1FA-4975-1777-6874-32A4905706CF,1,DL_OVERLAND;DL_RENDER,DL_HW_EXT,LI_Hogwarts > LI_EntranceHall_EXT,/Game/Levels/Overland/Hogwarts/EntranceHall/LI_EntranceHall_EXT,,-8270.1,-28319.5,7700.4
SM_HW_EH_Trim_Small_B39,StaticMeshActor,LV_Overland/Hogwarts/LI_Hogwarts/LevelInstances/EntranceHall/LI_EntranceHall_EXT/SM_HW_EH_Trim_Small_B39,852517D9-4B84-5E00-A696-25B8B7B50722,1,DL_OVERLAND;DL_RENDER,DL_HW_EXT,LI_Hogwarts > LI_EntranceHall_EXT,/Game/Levels/Overland/Hogwarts/EntranceHall/LI_EntranceHall_EXT,,-8053.1,-27088.5,7700.4
SM_HW_EH_Trim_Small_B4,StaticMeshActor,LV_Overland/Hogwarts/LI_Hogwarts/LevelInstances/EntranceHall/LI_EntranceHall_EXT/SM_HW_EH_Trim_Small_B4,461336F9-4A5C-7732-75A8-79B7648B66C2,1,DL_OVERLAND;DL_RENDER,DL_HW_EXT,LI_Hogwarts > LI_EntranceHall_EXT,/Game/Levels/Overland/Hogwarts/EntranceHall/LI_EntranceHall_EXT,,-10891.6,-27388.9,9120.0
SM_HW_EH_Trim_Small_B40,StaticMeshActor,LV_Overland/Hogwarts/LI_Hogwarts/LevelInstances/EntranceHall/LI_EntranceHall_EXT/SM_HW_EH_Trim_Small_B40,025940C1-4804-42DF-A63C-FCBC89CDF131,1,DL_OVERLAND;DL_RENDER,DL_HW_EXT,LI_Hogwarts > LI_EntranceHall_EXT,/Game/Levels/Overland/Hogwarts/EntranceHall/LI_EntranceHall_EXT,,-8053.1,-27088.5,7663.9
SM_HW_EH_Trim_Small_B41,StaticMeshActor,LV_Overland/Hogwarts/LI_Hogwarts/LevelInstances/EntranceHall/LI_EntranceHall_EXT/SM_HW_EH_Trim_Small_B41,BC774E41-468F-FB33-FA78-BC87FD5FB080,1,DL_OVERLAND;DL_RENDER,DL_HW_EXT,LI_Hogwarts > LI_EntranceHall_EXT,/Game/Levels/Overland/Hogwarts/EntranceHall/LI_EntranceHall_EXT,,-8122.5,-27482.4,7663.9
SM_HW_EH_Trim_Small_B42,StaticMeshActor,LV_Overland/Hogwarts/LI_Hogwarts/LevelInstances/EntranceHall/LI_EntranceHall_EXT/SM_HW_EH_Trim_Small_B42,D90156DF-410B-4B3B-B1A3-1EB75D3B3158,1,DL_OVERLAND;DL_RENDER,DL_HW_EXT,LI_Hogwarts > LI_EntranceHall_EXT,/Game/Levels/Overland/Hogwarts/EntranceHall/LI_EntranceHall_EXT,,-8122.5,-27482.4,7700.4
SM_HW_EH_Trim_Small_B43,StaticMeshActor,LV_Overland/Hogwarts/LI_Hogwarts/LevelInstances/EntranceHall/LI_EntranceHall_EXT/SM_HW_EH_Trim_Small_B43,D518B936-4121-6CC9-62F0-FEA5F01E94F2,1,DL_OVERLAND;DL_RENDER,DL_HW_EXT,LI_Hogwarts > LI_EntranceHall_EXT,/Game/Levels/Overland/Hogwarts/EntranceHall/LI_EntranceHall_EXT,,-10473.0,-29034.9,9119.6
SM_HW_EH_Trim_Small_B44,StaticMeshActor,LV_Overland/Hogwarts/LI_Hogwarts/LevelInstances/EntranceHall/LI_EntranceHall_EXT/SM_HW_EH_Trim_Small_B44,BFAEC804-4C1A-71E3-C818-C0BFB73DF326,1,DL_OVERLAND;DL_RENDER,DL_HW_EXT,LI_Hogwarts > LI_EntranceHall_EXT,/Game/Levels/Overland/Hogwarts/EntranceHall/LI_EntranceHall_EXT,,-10866.9,-28965.4,9119.6
SM_HW_EH_Trim_Small_B45,StaticMeshActor,LV_Overland/Hogwarts/LI_Hogwarts/LevelInstances/EntranceHall/LI_EntranceHall_EXT/SM_HW_EH_Trim_Small_B45,88F8558E-49E6-2BB6-516D-9181178547F2,1,DL_OVERLAND;DL_RENDER,DL_HW_EXT,LI_Hogwarts > LI_EntranceHall_EXT,/Game/Levels/Overland/Hogwarts/EntranceHall/LI_EntranceHall_EXT,,-9023.9,-29290.4,9119.6
SM_HW_EH_Trim_Small_B46,StaticMeshActor,LV_Overland/Hogwarts/LI_Hogwarts/LevelInstances/EntranceHall/LI_EntranceHall_EXT/SM_HW_EH_Trim_Small_B46,423E8BE0-4ADB-1C60-B61F-19ADCDB1EA6E,1,DL_OVERLAND;DL_RENDER,DL_HW_EXT,LI_Hogwarts > LI_EntranceHall_EXT,/Game/Levels/Overland/Hogwarts/EntranceHall/LI_EntranceHall_EXT,,-8630.0,-29359.8,9119.6
SM_HW_EH_Trim_Small_B47,StaticMeshActor,LV_Overland/Hogwarts/LI_Hogwarts/LevelInstances/EntranceHall/LI_EntranceHall_EXT/SM_HW_EH_Trim_Small_B47,A3AF38BA-443F-ED3E-A2F4-73A1D1F8F767,1,DL_OVERLAND;DL_RENDER,DL_HW_EXT,LI_Hogwarts > LI_EntranceHall_EXT,/Game/Levels/Overland/Hogwarts/EntranceHall/LI_EntranceHall_EXT,,-10847.5,-27458.9,7700.4
SM_HW_EH_Trim_Small_B48,StaticMeshActor,LV_Overland/Hogwarts/LI_Hogwarts/LevelInstances/EntranceHall/LI_EntranceHall_EXT/SM_HW_EH_Trim_Small_B48,EF3A2009-4F01-FBA6-6218-9D83C2D0043A,1,DL_OVERLAND;DL_RENDER,DL_HW_EXT,LI_Hogwarts > LI_EntranceHall_EXT,/Game/Levels/Overland/Hogwarts/EntranceHall/LI_EntranceHall_EXT,,-10995.1,-28296.0,7700.4
SM_HW_EH_Trim_Small_B49,StaticMeshActor,LV_Overland/Hogwarts/LI_Hogwarts/LevelInstances/EntranceHall/LI_EntranceHall_EXT/SM_HW_EH_Trim_Small_B49,348C6C5C-4CCC-CC44-FF19-66AE5600DF34,1,DL_OVERLAND;DL_RENDER,DL_HW_EXT,LI_Hogwarts > LI_EntranceHall_EXT,/Game/Levels/Overland/Hogwarts/EntranceHall/LI_EntranceHall_EXT,,-11064.5,-28689.9,7700.4
SM_HW_EH_Trim_Small_B5,StaticMeshActor,LV_Overland/Hogwarts/LI_Hogwarts/LevelInstances/EntranceHall/LI_EntranceHall_EXT/SM_HW_EH_Trim_Small_B5,AA5715AF-40F0-F40C-B07F-C686ECF96E76,1,DL_OVERLAND;DL_RENDER,DL_HW_EXT,LI_Hogwarts > LI_EntranceHall_EXT,/Game/Levels/Overland/Hogwarts/EntranceHall/LI_EntranceHall_EXT,,-10992.7,-28183.5,7918.3
SM_HW_EH_Trim_Small_B50,StaticMeshActor,LV_Overland/Hogwarts/LI_Hogwarts/LevelInstances/EntranceHall/LI_EntranceHall_EXT/SM_HW_EH_Trim_Small_B50,611ECEBC-4BBC-B5B9-0866-D281952DE144,1,DL_OVERLAND;DL_RENDER,DL_HW_EXT,LI_Hogwarts > LI_EntranceHall_EXT,/Game/Levels/Overland/Hogwarts/EntranceHall/LI_EntranceHall_EXT,,-11073.8,-28688.3,7666.6
SM_HW_EH_Trim_Small_B51,StaticMeshActor,LV_Overland/Hogwarts/LI_Hogwarts/LevelInstances/EntranceHall/LI_EntranceHall_EXT/SM_HW_EH_Trim_Small_B51,E07BA3E2-45C8-619E-82E5-118F83EC9E2A,1,DL_OVERLAND;DL_RENDER,DL_HW_EXT,LI_Hogwarts > LI_EntranceHall_EXT,/Game/Levels/Overland/Hogwarts/EntranceHall/LI_EntranceHall_EXT,,-11004.3,-28294.3,7666.6
SM_HW_EH_Trim_Small_B52,StaticMeshActor,LV_Overland/Hogwarts/LI_Hogwarts/LevelInstances/EntranceHall/LI_EntranceHall_EXT/SM_HW_EH_Trim_Small_B52,73C29D1D-458A-7FEB-104F-F6A3B4719B0C,1,DL_OVERLAND;DL_RENDER,DL_HW_EXT,LI_Hogwarts > LI_EntranceHall_EXT,/Game/Levels/Overland/Hogwarts/EntranceHall/LI_EntranceHall_EXT,,-10856.1,-27457.4,7666.4
SM_HW_EH_Trim_Small_B53,StaticMeshActor,LV_Overland/Hogwarts/LI_Hogwarts/LevelInstances/EntranceHall/LI_EntranceHall_EXT/SM_HW_EH_Trim_Small_B53,C558A07E-487D-EE04-A972-1F8D2913CAB4,1,DL_OVERLAND;DL_RENDER,DL_HW_EXT,LI_Hogwarts > LI_EntranceHall_EXT,/Game/Levels/Overland/Hogwarts/EntranceHall/LI_EntranceHall_EXT,,-10925.6,-27851.3,7666.4
SM_HW_EH_Trim_Small_B54,StaticMeshActor,LV_Overland/Hogwarts/LI_Hogwarts/LevelInstances/EntranceHall/LI_EntranceHall_EXT/SM_HW_EH_Trim_Small_B54,5C8E1B63-4A96-C69D-9F04-4ABB0BA4DB70,1,DL_OVERLAND;DL_RENDER,DL_HW_EXT,LI_Hogwarts > LI_EntranceHall_EXT,/Game/Levels/Overland/Hogwarts/EntranceHall/LI_EntranceHall_EXT,,-10916.9,-27852.8,7700.4
SM_HW_EH_Trim_Small_B55,StaticMeshActor,LV_Overland/Hogwarts/LI_Hogwarts/LevelInstances/EntranceHall/LI_EntranceHall_EXT/SM_HW_EH_Trim_Small_B55,A5D2279C-4CE9-0B32-7DB5-16A788A02E93,1,DL_OVERLAND;DL_RENDER,DL_HW_EXT,LI_Hogwarts > LI_EntranceHall_EXT,/Game/Levels/Overland/Hogwarts/EntranceHall/LI_EntranceHall_EXT,,-11078.8,-27197.1,9120.0
SM_HW_EH_Trim_Small_B56,StaticMeshActor,LV_Overland/Hogwarts/LI_Hogwarts/LevelInstances/EntranceHall/LI_EntranceHall_EXT/SM_HW_EH_Trim_Small_B56,8E9E7CF2-4324-97AE-740E-0E8188A43A2A,1,DL_OVERLAND;DL_RENDER,DL_HW_EXT,LI_Hogwarts > LI_EntranceHall_EXT,/Game/Levels/Overland/Hogwarts/EntranceHall/LI_EntranceHall_EXT,,-11476.7,-27126.9,9120.0
SM_HW_EH_Trim_Small_B57,StaticMeshActor,LV_Overland/Hogwarts/LI_Hogwarts/LevelInstances/EntranceHall/LI_EntranceHall_EXT/SM_HW_EH_Trim_Small_B57,4B067CF4-42E2-EF27-7D21-BCB796EE0EB4,1,DL_OVERLAND;DL_RENDER,DL_HW_EXT,LI_Hogwarts > LI_EntranceHall_EXT,/Game/Levels/Overland/Hogwarts/EntranceHall/LI_EntranceHall_EXT,,-11874.5,-27056.8,9120.0
SM_HW_EH_Trim_Small_B58,StaticMeshActor,LV_Overland/Hogwarts/LI_Hogwarts/LevelInstances/EntranceHall/LI_EntranceHall_EXT/SM_HW_EH_Trim_Small_B58,5AD8C742-47BD-D685-2E41-8EA3BF12654E,1,DL_OVERLAND;DL_RENDER,DL_HW_EXT,LI_Hogwarts > LI_EntranceHall_EXT,/Game/Levels/Overland/Hogwarts/EntranceHall/LI_EntranceHall_EXT,,-12272.4,-26986.6,9120.0
SM_HW_EH_Trim_Small_B59,StaticMeshActor,LV_Overland/Hogwarts/LI_Hogwarts/LevelInstances/EntranceHall/LI_EntranceHall_EXT/SM_HW_EH_Trim_Small_B59,F1532638-4E4C-EE50-CA08-0FA4DF7B9B36,1,DL_OVERLAND;DL_RENDER,DL_HW_EXT,LI_Hogwarts > LI_EntranceHall_EXT,/Game/Levels/Overland/Hogwarts/EntranceHall/LI_EntranceHall_EXT,,-12670.3,-26916.4,9120.0
SM_HW_EH_Trim_Small_B6,StaticMeshActor,LV_Overland/Hogwarts/LI_Hogwarts/LevelInstances/EntranceHall/LI_EntranceHall_EXT/SM_HW_EH_Trim_Small_B6,ACF05F9B-4CCF-EF14-8368-6CB6554CDC0B,1,DL_OVERLAND;DL_RENDER,DL_HW_EXT,LI_Hogwarts > LI_EntranceHall_EXT,/Game/Levels/Overland/Hogwarts/EntranceHall/LI_EntranceHall_EXT,,-10923.2,-27789.5,7918.3
SM_HW_EH_Trim_Small_B60,StaticMeshActor,LV_Overland/Hogwarts/LI_Hogwarts/LevelInstances/EntranceHall/LI_EntranceHall_EXT/SM_HW_EH_Trim_Small_B60,823283B9-43E7-2C40-482F-83B8C66F8363,1,DL_OVERLAND;DL_RENDER,DL_HW_EXT,LI_Hogwarts > LI_EntranceHall_EXT,/Game/Levels/Overland/Hogwarts/EntranceHall/LI_EntranceHall_EXT,,-11074.7,-27173.6,7917.5
SM_HW_EH_Trim_Small_B61,StaticMeshActor,LV_Overland/Hogwarts/LI_Hogwarts/LevelInstances/EntranceHall/LI_EntranceHall_EXT/SM_HW_EH_Trim_Small_B61,89B4CF4A-463C-C4F2-72AE-85ADD42C611B,1,DL_OVERLAND;DL_RENDER,DL_HW_EXT,LI_Hogwarts > LI_EntranceHall_EXT,/Game/Levels/Overland/Hogwarts/EntranceHall/LI_EntranceHall_EXT,,-11472.5,-27103.5,7917.5
SM_HW_EH_Trim_Small_B62,StaticMeshActor,LV_Overland/Hogwarts/LI_Hogwarts/LevelInstances/EntranceHall/LI_EntranceHall_EXT/SM_HW_EH_Trim_Small_B62,5AA91E08-44F5-3073-21E2-A8914C891D96,1,DL_OVERLAND;DL_RENDER,DL_HW_EXT,LI_Hogwarts > LI_EntranceHall_EXT,/Game/Levels/Overland/Hogwarts/EntranceHall/LI_EntranceHall_EXT,,-11870.4,-27033.3,7917.5
SM_HW_EH_Trim_Small_B63,StaticMeshActor,LV_Overland/Hogwarts/LI_Hogwarts/LevelInstances/EntranceHall/LI_EntranceHall_EXT/SM_HW_EH_Trim_Small_B63,5FCD7906-43D6-B88B-010C-54BA28750DB5,1,DL_OVERLAND;DL_RENDER,DL_HW_EXT,LI_Hogwarts > LI_EntranceHall_EXT,/Game/Levels/Overland/Hogwarts/EntranceHall/LI_EntranceHall_EXT,,-12268.3,-26963.1,7917.5
SM_HW_EH_Trim_Small_B64,StaticMeshActor,LV_Overland/Hogwarts/LI_Hogwarts/LevelInstances/EntranceHall/LI_EntranceHall_EXT/SM_HW_EH_Trim_Small_B64,1CCE1FA8-4199-1826-030C-C9BE729F485A,1,DL_OVERLAND;DL_RENDER,DL_HW_EXT,LI_Hogwarts > LI_EntranceHall_EXT,/Game/Levels/Overland/Hogwarts/EntranceHall/LI_EntranceHall_EXT,,-12666.1,-26893.0,7917.5
SM_HW_EH_Trim_Small_B7,StaticMeshActor,LV_Overland/Hogwarts/LI_Hogwarts/LevelInstances/EntranceHall/LI_EntranceHall_EXT/SM_HW_EH_Trim_Small_B7,72C67B8F-414E-0687-8BD2-43BB084DCC13,1,DL_OVERLAND;DL_RENDER,DL_HW_EXT,LI_Hogwarts > LI_EntranceHall_EXT,/Game/Levels/Overland/Hogwarts/EntranceHall/LI_EntranceHall_EXT,,-10853.7,-27395.6,7918.3
SM_HW_EH_Trim_Small_B8,StaticMeshActor,LV_Overland/Hogwarts/LI_Hogwarts/LevelInstances/EntranceHall/LI_EntranceHall_EXT/SM_HW_EH_Trim_Small_B8,AC1ADD95-414E-100B-9542-3EAC22FE3C9C,1,DL_OVERLAND;DL_RENDER,DL_HW_EXT,LI_Hogwarts > LI_EntranceHall_EXT,/Game/Levels/Overland/Hogwarts/EntranceHall/LI_EntranceHall_EXT,,-11062.1,-28577.4,7918.3
SM_HW_EH_Trim_Small_B9,StaticMeshActor,LV_Overland/Hogwarts/LI_Hogwarts/LevelInstances/EntranceHall/LI_EntranceHall_EXT/SM_HW_EH_Trim_Small_B9,F6BA26BF-4802-DA1F-D08A-C187E80362FD,1,DL_OVERLAND;DL_RENDER,DL_HW_EXT,LI_Hogwarts > LI_EntranceHall_EXT,/Game/Levels/Overland/Hogwarts/EntranceHall/LI_EntranceHall_EXT,,-8148.2,-27884.1,9120.0
SM_HW_EH_Trim_Top_A,StaticMeshActor,LV_Overland/Hogwarts/LI_Hogwarts/LevelInstances/EntranceHall/LI_EntranceHall_EXT/SM_HW_EH_Trim_Top_A,81E6C8CE-4195-1A34-0B97-C48E829DF2BD,1,DL_OVERLAND;DL_RENDER,DL_HW_EXT,LI_Hogwarts > LI_EntranceHall_EXT,/Game/Levels/Overland/Hogwarts/EntranceHall/LI_EntranceHall_EXT,,-8348.2,-29077.5,9381.2
SM_HW_EH_Trim_Top_A10,StaticMeshActor,LV_Overland/Hogwarts/LI_Hogwarts/LevelInstances/EntranceHall/LI_EntranceHall_EXT/SM_HW_EH_Trim_Top_A10,0F64B08D-43A7-B628-E3A1-91866123E817,1,DL_OVERLAND;DL_RENDER,DL_HW_EXT,LI_Hogwarts > LI_EntranceHall_EXT,/Game/Levels/Overland/Hogwarts/EntranceHall/LI_EntranceHall_EXT,,-10982.3,-27870.4,9381.2
SM_HW_EH_Trim_Top_A11,StaticMeshActor,LV_Overland/Hogwarts/LI_Hogwarts/LevelInstances/EntranceHall/LI_EntranceHall_EXT/SM_HW_EH_Trim_Top_A11,6C031517-4CB6-9C98-CC07-D9AEAB388AAA,1,DL_OVERLAND;DL_RENDER,DL_HW_EXT,LI_Hogwarts > LI_EntranceHall_EXT,/Game/Levels/Overland/Hogwarts/EntranceHall/LI_EntranceHall_EXT,,-11051.8,-28264.3,9381.2
SM_HW_EH_Trim_Top_A12,StaticMeshActor,LV_Overland/Hogwarts/LI_Hogwarts/LevelInstances/EntranceHall/LI_EntranceHall_EXT/SM_HW_EH_Trim_Top_A12,845A3741-497E-75DC-4E15-83B41F17A561,1,DL_OVERLAND;DL_RENDER,DL_HW_EXT,LI_Hogwarts > LI_EntranceHall_EXT,/Game/Levels/Overland/Hogwarts/EntranceHall/LI_EntranceHall_EXT,,-11121.3,-28658.2,9381.2
SM_HW_EH_Trim_Top_A13,StaticMeshActor,LV_Overland/Hogwarts/LI_Hogwarts/LevelInstances/EntranceHall/LI_EntranceHall_EXT/SM_HW_EH_Trim_Top_A13,C2A7ED7A-4706-84E8-3FDB-6B9FE69549CF,1,DL_OVERLAND;DL_RENDER,DL_HW_EXT,LI_Hogwarts > LI_EntranceHall_EXT,/Game/Levels/Overland/Hogwarts/EntranceHall/LI_EntranceHall_EXT,,-11490.4,-27152.1,9381.2
SM_HW_EH_Trim_Top_A14,StaticMeshActor,LV_Overland/Hogwarts/LI_Hogwarts/LevelInstances/EntranceHall/LI_EntranceHall_EXT/SM_HW_EH_Trim_Top_A14,7693F487-4755-539C-3F34-FDB202983604,1,DL_OVERLAND;DL_RENDER,DL_HW_EXT,LI_Hogwarts > LI_EntranceHall_EXT,/Game/Levels/Overland/Hogwarts/EntranceHall/LI_EntranceHall_EXT,,-11884.3,-27082.7,9381.2
SM_HW_EH_Trim_Top_A15,StaticMeshActor,LV_Overland/Hogwarts/LI_Hogwarts/LevelInstances/EntranceHall/LI_EntranceHall_EXT/SM_HW_EH_Trim_Top_A15,0E9C5F8F-4777-5BF4-C26B-3D965FFA5BBC,1,DL_OVERLAND;DL_RENDER,DL_HW_EXT,LI_Hogwarts > LI_EntranceHall_EXT,/Game/Levels/Overland/Hogwarts/EntranceHall/LI_EntranceHall_EXT,,-12278.3,-27013.2,9381.2
SM_HW_EH_Trim_Top_A16,StaticMeshActor,LV_Overland/Hogwarts/LI_Hogwarts/LevelInstances/EntranceHall/LI_EntranceHall_EXT/SM_HW_EH_Trim_Top_A16,1EA4FEC1-4BB3-3CBF-90CC-8595B9011657,1,DL_OVERLAND;DL_RENDER,DL_HW_EXT,LI_Hogwarts > LI_EntranceHall_EXT,/Game/Levels/Overland/Hogwarts/EntranceHall/LI_EntranceHall_EXT,,-11096.5,-27221.6,9381.2
SM_HW_EH_Trim_Top_A17,StaticMeshActor,LV_Overland/Hogwarts/LI_Hogwarts/LevelInstances/EntranceHall/LI_EntranceHall_EXT/SM_HW_EH_Trim_Top_A17,FE353645-43B8-4021-3F85-E2BA447D0C04,1,DL_OVERLAND;DL_RENDER,DL_HW_EXT,LI_Hogwarts > LI_EntranceHall_EXT,/Game/Levels/Overland/Hogwarts/EntranceHall/LI_EntranceHall_EXT,,-12672.2,-26943.8,9381.2
SM_HW_EH_Trim_Top_A2,StaticMeshActor,LV_Overland/Hogwarts/LI_Hogwarts/LevelInstances/EntranceHall/LI_EntranceHall_EXT/SM_HW_EH_Trim_Top_A2,D6338076-40E9-3EA1-56E0-2FB53CB6AEBF,1,DL_OVERLAND;DL_RENDER,DL_HW_EXT,LI_Hogwarts > LI_EntranceHall_EXT,/Game/Levels/Overland/Hogwarts/EntranceHall/LI_EntranceHall_EXT,,-8278.7,-28683.6,9381.2
SM_HW_EH_Trim_Top_A3,StaticMeshActor,LV_Overland/Hogwarts/LI_Hogwarts/LevelInstances/EntranceHall/LI_EntranceHall_EXT/SM_HW_EH_Trim_Top_A3,95A5389D-4C45-643A-D120-2DB834E91D4F,1,DL_OVERLAND;DL_RENDER,DL_HW_EXT,LI_Hogwarts > LI_EntranceHall_EXT,/Game/Levels/Overland/Hogwarts/EntranceHall/LI_EntranceHall_EXT,,-8209.3,-28289.6,9381.2
SM_HW_EH_Trim_Top_A4,StaticMeshActor,LV_Overland/Hogwarts/LI_Hogwarts/LevelInstances/EntranceHall/LI_EntranceHall_EXT/SM_HW_EH_Trim_Top_A4,7A3309DB-47BA-E8D2-9A87-52A4E1753C06,1,DL_OVERLAND;DL_RENDER,DL_HW_EXT,LI_Hogwarts > LI_EntranceHall_EXT,/Game/Levels/Overland/Hogwarts/EntranceHall/LI_EntranceHall_EXT,,-8139.8,-27895.7,9381.2
SM_HW_EH_Trim_Top_A5,StaticMeshActor,LV_Overland/Hogwarts/LI_Hogwarts/LevelInstances/EntranceHall/LI_EntranceHall_EXT/SM_HW_EH_Trim_Top_A5,4E8B5AA8-4AE0-362B-03F6-1FBD89E7C63F,1,DL_OVERLAND;DL_RENDER,DL_HW_EXT,LI_Hogwarts > LI_EntranceHall_EXT,/Game/Levels/Overland/Hogwarts/EntranceHall/LI_EntranceHall_EXT,,-8070.4,-27501.8,9381.2
SM_HW_EH_Trim_Top_A6,StaticMeshActor,LV_Overland/Hogwarts/LI_Hogwarts/LevelInstances/EntranceHall/LI_EntranceHall_EXT/SM_HW_EH_Trim_Top_A6,5C1C4215-4F88-7A09-D217-F38427EBC47A,1,DL_OVERLAND;DL_RENDER,DL_HW_EXT,LI_Hogwarts > LI_EntranceHall_EXT,/Game/Levels/Overland/Hogwarts/EntranceHall/LI_EntranceHall_EXT,,-8000.9,-27107.9,9381.2
SM_HW_EH_Trim_Top_A9,StaticMeshActor,LV_Overland/Hogwarts/LI_Hogwarts/LevelInstances/EntranceHall/LI_EntranceHall_EXT/SM_HW_EH_Trim_Top_A9,2CAD1CAC-4E6A-06EA-FD50-C48B0D8BC79A,1,DL_OVERLAND;DL_RENDER,DL_HW_EXT,LI_Hogwarts > LI_EntranceHall_EXT,/Game/Levels/Overland/Hogwarts/EntranceHall/LI_EntranceHall_EXT,,-10912.9,-27476.5,9381.2
SM_HW_EH_Wall_Attic_Door_B,StaticMeshActor,LV_Overland/Hogwarts/LI_Hogwarts/LevelInstances/EntranceHall/LI_EntranceHall_EXT/SM_HW_EH_Wall_Attic_Door_B,6F735AAC-4184-9BF9-18AD-799F086970EA,1,DL_OVERLAND;DL_RENDER,DL_HW_EXT,LI_Hogwarts > LI_EntranceHall_EXT,/Game/Levels/Overland/Hogwarts/EntranceHall/LI_EntranceHall_EXT,,-8574.7,-27953.5,9485.9
SM_HW_EH_Wall_Entrance,StaticMeshActor,LV_Overland/Hogwarts/LI_Hogwarts/LevelInstances/EntranceHall/LI_EntranceHall_EXT/RENDER/SM_HW_EH_Wall_Entrance,3699DF5F-49EB-7F96-5290-35AF5D8BAB5F,1,DL_OVERLAND;DL_RENDER,DL_HW_EXT,LI_Hogwarts > LI_EntranceHall_EXT,/Game/Levels/Overland/Hogwarts/EntranceHall/LI_EntranceHall_EXT,,-9795.1,-29124.7,9301.0
SM_HW_EH_Wall_Windows2,StaticMeshActor,LV_Overland/Hogwarts/LI_Hogwarts/LevelInstances/EntranceHall/LI_EntranceHall_EXT/RENDER/SM_HW_EH_Wall_Windows2,F7E720F9-4C82-6A36-D2F1-E7ABFFB59EAF,1,DL_OVERLAND;DL_RENDER,DL_HW_EXT,LI_Hogwarts > LI_EntranceHall_EXT,/Game/Levels/Overland/Hogwarts/EntranceHall/LI_EntranceHall_EXT,,-10524.0,-27721.7,9719.1
SM_HW_EH_Wall_Windows_A,StaticMeshActor,LV_Overland/Hogwarts/LI_Hogwarts/LevelInstances/EntranceHall/LI_EntranceHall_EXT/SM_HW_EH_Wall_Windows_A,CF98A54D-4349-1DA1-C889-379F7D9C2077,1,DL_OVERLAND;DL_RENDER,DL_HW_EXT,LI_Hogwarts > LI_EntranceHall_EXT,/Game/Levels/Overland/Hogwarts/EntranceHall/LI_EntranceHall_EXT,,-8245.6,-28139.1,8328.7
SM_HW_EH_Wall_Windows_B,StaticMeshActor,LV_Overland/Hogwarts/LI_Hogwarts/LevelInstances/EntranceHall/LI_EntranceHall_EXT/SM_HW_EH_Wall_Windows_B,819C3E54-4477-211C-71CD-BF839D1A3C1E,1,DL_OVERLAND;DL_RENDER,DL_HW_EXT,LI_Hogwarts > LI_EntranceHall_EXT,/Game/Levels/Overland/Hogwarts/EntranceHall/LI_EntranceHall_EXT,,-10952.0,-27938.5,8315.5
SM_HW_EH_Wall_Windows_Small_A,StaticMeshActor,LV_Overland/Hogwarts/LI_Hogwarts/LevelInstances/EntranceHall/LI_EntranceHall_EXT/SM_HW_EH_Wall_Windows_Small_A,4908095C-443D-526A-41D1-81BAEF9C0EC4,1,DL_OVERLAND;DL_RENDER,DL_HW_EXT,LI_Hogwarts > LI_EntranceHall_EXT,/Game/Levels/Overland/Hogwarts/EntranceHall/LI_EntranceHall_EXT,,-8191.6,-28142.9,9238.1
SM_HW_EH_Wall_Windows_Small_B,StaticMeshActor,LV_Overland/Hogwarts/LI_Hogwarts/LevelInstances/EntranceHall/LI_EntranceHall_EXT/SM_HW_EH_Wall_Windows_Small_B,F259A577-4770-E3DA-D77E-9085739A7036,1,DL_OVERLAND;DL_RENDER,DL_HW_EXT,LI_Hogwarts > LI_EntranceHall_EXT,/Game/Levels/Overland/Hogwarts/EntranceHall/LI_EntranceHall_EXT,,-10988.1,-27965.1,9243.3
SM_HW_EH_WindowGlass_Circle2,StaticMeshActor,LV_Overland/Hogwarts/LI_Hogwarts/LevelInstances/EntranceHall/LI_EntranceHall_EXT/SM_HW_EH_WindowGlass_Circle2,0D2F9314-4446-3E29-EA99-ACAC9E04582C,1,DL_OVERLAND;DL_RENDER,DL_HW_EXT,LI_Hogwarts > LI_EntranceHall_EXT,/Game/Levels/Overland/Hogwarts/EntranceHall/LI_EntranceHall_EXT,,-9772.3,-29073.4,9700.0
SM_HW_Finial_A10,StaticMeshActor,LV_Overland/Hogwarts/LI_Hogwarts/LevelInstances/EntranceHall/LI_EntranceHall_EXT/SM_HW_Finial_A10,3AA7F5E1-48C2-C133-C1ED-DCAA8B34B81D,1,DL_OVERLAND;DL_RENDER,DL_HW_EXT,LI_Hogwarts > LI_EntranceHall_EXT,/Game/Levels/Overland/Hogwarts/EntranceHall/LI_EntranceHall_EXT,,-9076.7,-26011.1,13596.6
SM_HW_Finial_A11,StaticMeshActor,LV_Overland/Hogwarts/LI_Hogwarts/LevelInstances/EntranceHall/LI_EntranceHall_EXT/SM_HW_Finial_A11,957A3AA7-4710-1217-9FBB-2899544902D9,1,DL_OVERLAND;DL_RENDER,DL_HW_EXT,LI_Hogwarts > LI_EntranceHall_EXT,/Game/Levels/Overland/Hogwarts/EntranceHall/LI_EntranceHall_EXT,,-9280.9,-25975.1,13596.6
SM_HW_Finial_A12,StaticMeshActor,LV_Overland/Hogwarts/LI_Hogwarts/LevelInstances/EntranceHall/LI_EntranceHall_EXT/SM_HW_Finial_A12,1BCE94EC-4757-E2BD-E98C-D3919240C250,1,DL_OVERLAND;DL_RENDER,DL_HW_EXT,LI_Hogwarts > LI_EntranceHall_EXT,/Game/Levels/Overland/Hogwarts/EntranceHall/LI_EntranceHall_EXT,,-9379.4,-25957.8,13596.6
SM_HW_Finial_A6,StaticMeshActor,LV_Overland/Hogwarts/LI_Hogwarts/LevelInstances/EntranceHall/LI_EntranceHall_EXT/SM_HW_Finial_A6,8D10356A-41FB-6122-45CD-9DAB7DBD43CF,1,DL_OVERLAND;DL_RENDER,DL_HW_EXT,LI_Hogwarts > LI_EntranceHall_EXT,/Game/Levels/Overland/Hogwarts/EntranceHall/LI_EntranceHall_EXT,,-9226.5,-25985.0,13902.8
SM_HW_Finial_A7,StaticMeshActor,LV_Overland/Hogwarts/LI_Hogwarts/LevelInstances/EntranceHall/LI_EntranceHall_EXT/SM_HW_Finial_A7,F814B959-4727-DF83-E259-15B8C8C88585,1,DL_OVERLAND;DL_RENDER,DL_HW_EXT,LI_Hogwarts > LI_EntranceHall_EXT,/Game/Levels/Overland/Hogwarts/EntranceHall/LI_EntranceHall_EXT,,-9039.7,-26017.7,13744.0
SM_HW_Finial_A8,StaticMeshActor,LV_Overland/Hogwarts/LI_Hogwarts/LevelInstances/EntranceHall/LI_EntranceHall_EXT/SM_HW_Finial_A8,FCF112F9-4E90-8E0C-AC0B-EC8FEA3E55B4,1,DL_OVERLAND;DL_RENDER,DL_HW_EXT,LI_Hogwarts > LI_EntranceHall_EXT,/Game/Levels/Overland/Hogwarts/EntranceHall/LI_EntranceHall_EXT,,-9417.4,-25949.6,13744.0
SM_HW_Finial_A9,StaticMeshActor,LV_Overland/Hogwarts/LI_Hogwarts/LevelInstances/EntranceHall/LI_EntranceHall_EXT/SM_HW_Finial_A9,99201FDD-4E4B-1B9F-AE05-01A5FF4D7C13,1,DL_OVERLAND;DL_RENDER,DL_HW_EXT,LI_Hogwarts > LI_EntranceHall_EXT,/Game/Levels/Overland/Hogwarts/EntranceHall/LI_EntranceHall_EXT,,-9175.2,-25993.7,13596.6
SM_HW_Finial_B_5,StaticMeshActor,LV_Overland/Hogwarts/LI_Hogwarts/LevelInstances/EntranceHall/LI_EntranceHall_EXT/RENDER/Tower/SM_HW_Finial_B_5,F0A40A91-4127-3004-DB97-C78BC17D2453,1,DL_OVERLAND;DL_RENDER,DL_HW_EXT,LI_Hogwarts > LI_EntranceHall_EXT,/Game/Levels/Overland/Hogwarts/EntranceHall/LI_EntranceHall_EXT,,-9150.3,-25541.5,13331.4
SM_HW_GH_Trim_Base_A15,StaticMeshActor,LV_Overland/Hogwarts/LI_Hogwarts/LevelInstances/EntranceHall/LI_EntranceHall_EXT/RENDER/SM_HW_GH_Trim_Base_A15,195F090D-4EAA-5B84-ED4F-208683372C70,1,DL_OVERLAND;DL_RENDER,DL_HW_EXT,LI_Hogwarts > LI_EntranceHall_EXT,/Game/Levels/Overland/Hogwarts/EntranceHall/LI_EntranceHall_EXT,,-8417.8,-27198.0,9425.7
SM_HW_GH_Trim_Base_A16,StaticMeshActor,LV_Overland/Hogwarts/LI_Hogwarts/LevelInstances/EntranceHall/LI_EntranceHall_EXT/RENDER/SM_HW_GH_Trim_Base_A16,086EAD39-4A4C-ECF6-09E0-C8A4F16B55D5,1,DL_OVERLAND;DL_RENDER,DL_HW_EXT,LI_Hogwarts > LI_EntranceHall_EXT,/Game/Levels/Overland/Hogwarts/EntranceHall/LI_EntranceHall_EXT,,-8500.5,-27687.1,9425.7
SM_HW_GH_Trim_Base_A17,StaticMeshActor,LV_Overland/Hogwarts/LI_Hogwarts/LevelInstances/EntranceHall/LI_EntranceHall_EXT/RENDER/SM_HW_GH_Trim_Base_A17,7B80B20C-4E36-D04B-8249-C0BB6A1B3D48,1,DL_OVERLAND;DL_RENDER,DL_HW_EXT,LI_Hogwarts > LI_EntranceHall_EXT,/Game/Levels/Overland/Hogwarts/EntranceHall/LI_EntranceHall_EXT,,-8586.1,-28179.2,9425.7
SM_HW_GH_Trim_Base_A18,StaticMeshActor,LV_Overland/Hogwarts/LI_Hogwarts/LevelInstances/EntranceHall/LI_EntranceHall_EXT/RENDER/SM_HW_GH_Trim_Base_A18,8F024BA6-4845-188A-3CF6-FBBF983CDCAA,1,DL_OVERLAND;DL_RENDER,DL_HW_EXT,LI_Hogwarts > LI_EntranceHall_EXT,/Game/Levels/Overland/Hogwarts/EntranceHall/LI_EntranceHall_EXT,,-8675.8,-28671.7,9425.7
SM_HW_GH_Trim_Base_A19,StaticMeshActor,LV_Overland/Hogwarts/LI_Hogwarts/LevelInstances/EntranceHall/LI_EntranceHall_EXT/RENDER/SM_HW_GH_Trim_Base_A19,94A52857-4B48-CDEA-E75F-C3A616CA2FCA,1,DL_OVERLAND;DL_RENDER,DL_HW_EXT,LI_Hogwarts > LI_EntranceHall_EXT,/Game/Levels/Overland/Hogwarts/EntranceHall/LI_EntranceHall_EXT,,-8750.8,-29105.4,9425.7
SM_HW_GH_Trim_Base_A20,StaticMeshActor,LV_Overland/Hogwarts/LI_Hogwarts/LevelInstances/EntranceHall/LI_EntranceHall_EXT/RENDER/SM_HW_GH_Trim_Base_A20,CB3963D9-40CD-4A95-8566-82BAE8897B00,1,DL_OVERLAND;DL_RENDER,DL_HW_EXT,LI_Hogwarts > LI_EntranceHall_EXT,/Game/Levels/Overland/Hogwarts/EntranceHall/LI_EntranceHall_EXT,,-10638.2,-28172.4,9425.7
SM_HW_GH_Trim_Base_A21,StaticMeshActor,LV_Overland/Hogwarts/LI_Hogwarts/LevelInstances/EntranceHall/LI_EntranceHall_EXT/RENDER/SM_HW_GH_Trim_Base_A21,A7DF558F-48F7-B9CF-C54A-98A258A406DC,1,DL_OVERLAND;DL_RENDER,DL_HW_EXT,LI_Hogwarts > LI_EntranceHall_EXT,/Game/Levels/Overland/Hogwarts/EntranceHall/LI_EntranceHall_EXT,,-10571.0,-27783.8,9425.7
SM_HW_GH_Trim_Base_A22,StaticMeshActor,LV_Overland/Hogwarts/LI_Hogwarts/LevelInstances/EntranceHall/LI_EntranceHall_EXT/RENDER/SM_HW_GH_Trim_Base_A22,774C3916-477B-8328-0E27-9993682018AF,1,DL_OVERLAND;DL_RENDER,DL_HW_EXT,LI_Hogwarts > LI_EntranceHall_EXT,/Game/Levels/Overland/Hogwarts/EntranceHall/LI_EntranceHall_EXT,,-10504.7,-27401.2,9425.7
SM_HW_GH_Trim_Base_A25,StaticMeshActor,LV_Overland/Hogwarts/LI_Hogwarts/LevelInstances/EntranceHall/LI_EntranceHall_EXT/RENDER/SM_HW_GH_Trim_Base_A25,31E57100-40E9-E921-7DE7-53BF28C64D3D,1,DL_OVERLAND;DL_RENDER,DL_HW_EXT,LI_Hogwarts > LI_EntranceHall_EXT,/Game/Levels/Overland/Hogwarts/EntranceHall/LI_EntranceHall_EXT,,-10706.6,-28567.4,9425.7
SM_HW_GH_Trim_Base_A26,StaticMeshActor,LV_Overland/Hogwarts/LI_Hogwarts/LevelInstances/EntranceHall/LI_EntranceHall_EXT/RENDER/SM_HW_GH_Trim_Base_A26,22978A14-415B-5F70-DCBF-26B2B830B212,1,DL_OVERLAND;DL_RENDER,DL_HW_EXT,LI_Hogwarts > LI_EntranceHall_EXT,/Game/Levels/Overland/Hogwarts/EntranceHall/LI_EntranceHall_EXT,,-10367.2,-26638.5,9425.7
SM_HW_GH_Trim_Base_A27,StaticMeshActor,LV_Overland/Hogwarts/LI_Hogwarts/LevelInstances/EntranceHall/LI_EntranceHall_EXT/RENDER/SM_HW_GH_Trim_Base_A27,CD5528BA-453B-16F3-678F-75BDC9D94EC3,1,DL_OVERLAND;DL_RENDER,DL_HW_EXT,LI_Hogwarts > LI_EntranceHall_EXT,/Game/Levels/Overland/Hogwarts/EntranceHall/LI_EntranceHall_EXT,,-10625.4,-26456.6,9425.7
SM_HW_GH_Trim_Base_A28,StaticMeshActor,LV_Overland/Hogwarts/LI_Hogwarts/LevelInstances/EntranceHall/LI_EntranceHall_EXT/RENDER/SM_HW_GH_Trim_Base_A28,E9055228-4411-1A63-3A77-DEBE742E683C,1,DL_OVERLAND;DL_RENDER,DL_HW_EXT,LI_Hogwarts > LI_EntranceHall_EXT,/Game/Levels/Overland/Hogwarts/EntranceHall/LI_EntranceHall_EXT,,-8497.6,-26605.0,10025.1
SM_HW_GH_Trim_Base_A29,StaticMeshActor,LV_Overland/Hogwarts/LI_Hogwarts/LevelInstances/EntranceHall/LI_EntranceHall_EXT/RENDER/SM_HW_GH_Trim_Base_A29,D7088E7A-4919-C19C-51A9-5CA8831D8E73,1,DL_OVERLAND;DL_RENDER,DL_HW_EXT,LI_Hogwarts > LI_EntranceHall_EXT,/Game/Levels/Overland/Hogwarts/EntranceHall/LI_EntranceHall_EXT,,-11019.5,-26388.4,9425.7
SM_HW_GH_Trim_Base_A30,StaticMeshActor,LV_Overland/Hogwarts/LI_Hogwarts/LevelInstances/EntranceHall/LI_EntranceHall_EXT/RENDER/SM_HW_GH_Trim_Base_A30,686BD020-4EAA-A566-799F-39B539D0B5FD,1,DL_OVERLAND;DL_RENDER,DL_HW_EXT,LI_Hogwarts > LI_EntranceHall_EXT,/Game/Levels/Overland/Hogwarts/EntranceHall/LI_EntranceHall_EXT,,-11413.6,-26320.2,9425.7
SM_HW_GH_Trim_Base_A31,StaticMeshActor,LV_Overland/Hogwarts/LI_Hogwarts/LevelInstances/EntranceHall/LI_EntranceHall_EXT/RENDER/SM_HW_GH_Trim_Base_A31,7BFF1810-47B0-9B90-50C5-2FA912370B60,1,DL_OVERLAND;DL_RENDER,DL_HW_EXT,LI_Hogwarts > LI_EntranceHall_EXT,/Game/Levels/Overland/Hogwarts/EntranceHall/LI_EntranceHall_EXT,,-11807.8,-26252.0,9425.7
SM_HW_GH_Trim_Base_A32,StaticMeshActor,LV_Overland/Hogwarts/LI_Hogwarts/LevelInstances/EntranceHall/LI_EntranceHall_EXT/RENDER/SM_HW_GH_Trim_Base_A32,A1E9431E-4AE7-A591-607D-5E847BCD9AD7,1,DL_OVERLAND;DL_RENDER,DL_HW_EXT,LI_Hogwarts > LI_EntranceHall_EXT,/Game/Levels/Overland/Hogwarts/EntranceHall/LI_EntranceHall_EXT,,-12207.8,-26182.7,9425.7
SM_HW_GH_Trim_Base_A33,StaticMeshActor,LV_Overland/Hogwarts/LI_Hogwarts/LevelInstances/EntranceHall/LI_EntranceHall_EXT/RENDER/SM_HW_GH_Trim_Base_A33,BBF728B0-49BC-77F5-31BB-E7B292B574A5,1,DL_OVERLAND;DL_RENDER,DL_HW_EXT,LI_Hogwarts > LI_EntranceHall_EXT,/Game/Levels/Overland/Hogwarts/EntranceHall/LI_EntranceHall_EXT,,-8354.7,-26819.7,9347.9
SM_HW_GH_Trim_Base_A34,StaticMeshActor,LV_Overland/Hogwarts/LI_Hogwarts/LevelInstances/EntranceHall/LI_EntranceHall_EXT/RENDER/SM_HW_GH_Trim_Base_A34,7765D208-4C3B-817E-B42A-E1A7D36A4D4B,1,DL_OVERLAND;DL_RENDER,DL_HW_EXT,LI_Hogwarts > LI_EntranceHall_EXT,/Game/Levels/Overland/Hogwarts/EntranceHall/LI_EntranceHall_EXT,,-12124.3,-24757.3,9336.1
SM_HW_GH_Trim_Base_A35,StaticMeshActor,LV_Overland/Hogwarts/LI_Hogwarts/LevelInstances/EntranceHall/LI_EntranceHall_EXT/RENDER/SM_HW_GH_Trim_Base_A35,66057065-4A0D-E4F3-F582-9480EC696DAD,1,DL_OVERLAND;DL_RENDER,DL_HW_EXT,LI_Hogwarts > LI_EntranceHall_EXT,/Game/Levels/Overland/Hogwarts/EntranceHall/LI_EntranceHall_EXT,,-11730.1,-24825.5,9336.1
SM_HW_GH_Trim_Base_A36,StaticMeshActor,LV_Overland/Hogwarts/LI_Hogwarts/LevelInstances/EntranceHall/LI_EntranceHall_EXT/RENDER/SM_HW_GH_Trim_Base_A36,D9CD2682-4780-E105-DCEB-2E8092B32FAD,1,DL_OVERLAND;DL_RENDER,DL_HW_EXT,LI_Hogwarts > LI_EntranceHall_EXT,/Game/Levels/Overland/Hogwarts/EntranceHall/LI_EntranceHall_EXT,,-11336.0,-24893.7,9336.1
SM_HW_GH_Trim_Base_A37,StaticMeshActor,LV_Overland/Hogwarts/LI_Hogwarts/LevelInstances/EntranceHall/LI_EntranceHall_EXT/RENDER/SM_HW_GH_Trim_Base_A37,D4872246-462D-D951-3EB4-FF99B315A334,1,DL_OVERLAND;DL_RENDER,DL_HW_EXT,LI_Hogwarts > LI_EntranceHall_EXT,/Game/Levels/Overland/Hogwarts/EntranceHall/LI_EntranceHall_EXT,,-10941.9,-24962.0,9336.1
SM_HW_GH_Trim_Base_A38,StaticMeshActor,LV_Overland/Hogwarts/LI_Hogwarts/LevelInstances/EntranceHall/LI_EntranceHall_EXT/RENDER/SM_HW_GH_Trim_Base_A38,932AC1CF-43B2-27B5-B647-D9AD4CB2146A,1,DL_OVERLAND;DL_RENDER,DL_HW_EXT,LI_Hogwarts > LI_EntranceHall_EXT,/Game/Levels/Overland/Hogwarts/EntranceHall/LI_EntranceHall_EXT,,-10537.8,-25031.9,9336.1
SM_HW_GH_Trim_Base_A67,StaticMeshActor,LV_Overland/Hogwarts/LI_Hogwarts/LevelInstances/EntranceHall/LI_EntranceHall_EXT/RENDER/SM_HW_GH_Trim_Base_A67,D803DDAD-4373-72D2-5060-4991A9207A4A,1,DL_OVERLAND;DL_RENDER,DL_HW_EXT,LI_Hogwarts > LI_EntranceHall_EXT,/Game/Levels/Overland/Hogwarts/EntranceHall/LI_EntranceHall_EXT,,-9168.8,-26513.9,11456.0
SM_HW_GH_Trim_Base_A68,StaticMeshActor,LV_Overland/Hogwarts/LI_Hogwarts/LevelInstances/EntranceHall/LI_EntranceHall_EXT/RENDER/SM_HW_GH_Trim_Base_A68,D7651642-4F91-64DE-A426-58BB9AA432AB,1,DL_OVERLAND;DL_RENDER,DL_HW_EXT,LI_Hogwarts > LI_EntranceHall_EXT,/Game/Levels/Overland/Hogwarts/EntranceHall/LI_EntranceHall_EXT,,-9562.7,-26444.4,11456.0
SM_HW_GH_Trim_Base_A70,StaticMeshActor,LV_Overland/Hogwarts/LI_Hogwarts/LevelInstances/EntranceHall/LI_EntranceHall_EXT/RENDER/SM_HW_GH_Trim_Base_A70,6C224BFB-4F3B-9060-2CAA-5491248AEB7A,1,DL_OVERLAND;DL_RENDER,DL_HW_EXT,LI_Hogwarts > LI_EntranceHall_EXT,/Game/Levels/Overland/Hogwarts/EntranceHall/LI_EntranceHall_EXT,,-8469.4,-26113.6,11440.6
SM_HW_GH_Trim_Base_A72,StaticMeshActor,LV_Overland/Hogwarts/LI_Hogwarts/LevelInstances/EntranceHall/LI_EntranceHall_EXT/RENDER/SM_HW_GH_Trim_Base_A72,0286639E-437A-01BE-C005-FBBA5786128E,1,DL_OVERLAND;DL_RENDER,DL_HW_EXT,LI_Hogwarts > LI_EntranceHall_EXT,/Game/Levels/Overland/Hogwarts/EntranceHall/LI_EntranceHall_EXT,,-8696.2,-26479.0,11440.6
SM_HW_GH_Trim_Base_A74,StaticMeshActor,LV_Overland/Hogwarts/LI_Hogwarts/LevelInstances/EntranceHall/LI_EntranceHall_EXT/RENDER/SM_HW_GH_Trim_Base_A74,132C33BF-4939-A1A1-8584-5493B7293791,1,DL_OVERLAND;DL_RENDER,DL_HW_EXT,LI_Hogwarts > LI_EntranceHall_EXT,/Game/Levels/Overland/Hogwarts/EntranceHall/LI_EntranceHall_EXT,,-8566.1,-25695.0,11440.6
SM_HW_GH_Trim_Base_A77,StaticMeshActor,LV_Overland/Hogwarts/LI_Hogwarts/LevelInstances/EntranceHall/LI_EntranceHall_EXT/RENDER/SM_HW_GH_Trim_Base_A77,0ACABFCB-4FA3-239C-8188-97A50F3BCA5D,1,DL_OVERLAND;DL_RENDER,DL_HW_EXT,LI_Hogwarts > LI_EntranceHall_EXT,/Game/Levels/Overland/Hogwarts/EntranceHall/LI_EntranceHall_EXT,,-9888.4,-26278.3,11440.6
SM_HW_GH_Trim_Base_A79,StaticMeshActor,LV_Overland/Hogwarts/LI_Hogwarts/LevelInstances/EntranceHall/LI_EntranceHall_EXT/RENDER/SM_HW_GH_Trim_Base_A79,35EFDEFF-4BA9-366F-FCC5-2F9628454317,1,DL_OVERLAND;DL_RENDER,DL_HW_EXT,LI_Hogwarts > LI_EntranceHall_EXT,/Game/Levels/Overland/Hogwarts/EntranceHall/LI_EntranceHall_EXT,,-9759.7,-25486.7,11440.6
SM_HW_GH_Trim_Base_A80,StaticMeshActor,LV_Overland/Hogwarts/LI_Hogwarts/LevelInstances/EntranceHall/LI_EntranceHall_EXT/RENDER/SM_HW_GH_Trim_Base_A80,6B4446E5-4E36-08C5-6749-7899A54A916B,1,DL_OVERLAND;DL_RENDER,DL_HW_EXT,LI_Hogwarts > LI_EntranceHall_EXT,/Game/Levels/Overland/Hogwarts/EntranceHall/LI_EntranceHall_EXT,,-9982.8,-25844.6,11440.6
SM_HW_GH_Trim_Base_A82,StaticMeshActor,LV_Overland/Hogwarts/LI_Hogwarts/LevelInstances/EntranceHall/LI_EntranceHall_EXT/RENDER/SM_HW_GH_Trim_Base_A82,5718D40E-4B43-BC9C-9D3A-30ADA4FCEB10,1,DL_OVERLAND;DL_RENDER,DL_HW_EXT,LI_Hogwarts > LI_EntranceHall_EXT,/Game/Levels/Overland/Hogwarts/EntranceHall/LI_EntranceHall_EXT,,-9850.3,-25893.4,11485.7
SM_HW_GH_Trim_Base_A83,StaticMeshActor,LV_Overland/Hogwarts/LI_Hogwarts/LevelInstances/EntranceHall/LI_EntranceHall_EXT/RENDER/SM_HW_GH_Trim_Base_A83,AAB24CD2-4A1B-5910-82F0-5DAD1BAAB399,1,DL_OVERLAND;DL_RENDER,DL_HW_EXT,LI_Hogwarts > LI_EntranceHall_EXT,/Game/Levels/Overland/Hogwarts/EntranceHall/LI_EntranceHall_EXT,,-9668.5,-25596.4,11485.7
SM_HW_GH_Trim_Base_A84,StaticMeshActor,LV_Overland/Hogwarts/LI_Hogwarts/LevelInstances/EntranceHall/LI_EntranceHall_EXT/RENDER/SM_HW_GH_Trim_Base_A84,D01A5F80-4F02-B0F5-3FCE-0C8C50A985C6,1,DL_OVERLAND;DL_RENDER,DL_HW_EXT,LI_Hogwarts > LI_EntranceHall_EXT,/Game/Levels/Overland/Hogwarts/EntranceHall/LI_EntranceHall_EXT,,-9776.7,-26202.7,11485.7
SM_HW_GH_Trim_Base_A86,StaticMeshActor,LV_Overland/Hogwarts/LI_Hogwarts/LevelInstances/EntranceHall/LI_EntranceHall_EXT/RENDER/SM_HW_GH_Trim_Base_A86,6E5B1989-4F2C-E4CD-3A4E-2B9A4A000E8F,1,DL_OVERLAND;DL_RENDER,DL_HW_EXT,LI_Hogwarts > LI_EntranceHall_EXT,/Game/Levels/Overland/Hogwarts/EntranceHall/LI_EntranceHall_EXT,,-8606.9,-26091.2,11485.7
SM_HW_GH_Trim_Base_A87,StaticMeshActor,LV_Overland/Hogwarts/LI_Hogwarts/LevelInstances/EntranceHall/LI_EntranceHall_EXT/RENDER/SM_HW_GH_Trim_Base_A87,BF8626DB-4D77-82F7-181A-DBA6D76E64BE,1,DL_OVERLAND;DL_RENDER,DL_HW_EXT,LI_Hogwarts > LI_EntranceHall_EXT,/Game/Levels/Overland/Hogwarts/EntranceHall/LI_EntranceHall_EXT,,-8777.0,-26365.5,11485.1
SM_HW_GH_Trim_Base_A89,StaticMeshActor,LV_Overland/Hogwarts/LI_Hogwarts/LevelInstances/EntranceHall/LI_EntranceHall_EXT/RENDER/SM_HW_GH_Trim_Base_A89,841C5CAA-489C-21AA-2D71-72ADEEED3986,1,DL_OVERLAND;DL_RENDER,DL_HW_EXT,LI_Hogwarts > LI_EntranceHall_EXT,/Game/Levels/Overland/Hogwarts/EntranceHall/LI_EntranceHall_EXT,,-8672.7,-25782.2,11485.7
SM_HW_GH_WindowFrame_Lower_A_1,StaticMeshActor,LV_Overland/Hogwarts/LI_Hogwarts/LevelInstances/EntranceHall/LI_EntranceHall_EXT/RENDER/Tower/SM_HW_GH_WindowFrame_Lower_A_1,F02C9CAE-4D1D-D6F4-52AF-AD872789A826,1,DL_OVERLAND;DL_RENDER,DL_HW_EXT,LI_Hogwarts > LI_EntranceHall_EXT,/Game/Levels/Overland/Hogwarts/EntranceHall/LI_EntranceHall_EXT,,-8498.3,-26113.6,11957.0
SM_HW_GH_WindowFrame_Lower_A_10,StaticMeshActor,LV_Overland/Hogwarts/LI_Hogwarts/LevelInstances/EntranceHall/LI_EntranceHall_EXT/RENDER/Tower/SM_HW_GH_WindowFrame_Lower_A_10,59636B70-46C7-AF8D-08B6-7B96C6D90BD8,1,DL_OVERLAND;DL_RENDER,DL_HW_EXT,LI_Hogwarts > LI_EntranceHall_EXT,/Game/Levels/Overland/Hogwarts/EntranceHall/LI_EntranceHall_EXT,,-9734.5,-25510.0,11957.0
SM_HW_GH_WindowFrame_Lower_A_11,StaticMeshActor,LV_Overland/Hogwarts/LI_Hogwarts/LevelInstances/EntranceHall/LI_EntranceHall_EXT/RENDER/Tower/SM_HW_GH_WindowFrame_Lower_A_11,553E4CCA-4510-541C-F42A-EDA5AD1C73C0,1,DL_OVERLAND;DL_RENDER,DL_HW_EXT,LI_Hogwarts > LI_EntranceHall_EXT,/Game/Levels/Overland/Hogwarts/EntranceHall/LI_EntranceHall_EXT,,-9690.9,-25572.4,11978.9
SM_HW_GH_WindowFrame_Lower_A_12,StaticMeshActor,LV_Overland/Hogwarts/LI_Hogwarts/LevelInstances/EntranceHall/LI_EntranceHall_EXT/RENDER/Tower/SM_HW_GH_WindowFrame_Lower_A_12,2B23C091-49ED-CB58-E904-46B81DCED3A5,1,DL_OVERLAND;DL_RENDER,DL_HW_EXT,LI_Hogwarts > LI_EntranceHall_EXT,/Game/Levels/Overland/Hogwarts/EntranceHall/LI_EntranceHall_EXT,,-9880.1,-25870.1,11978.9
SM_HW_GH_WindowFrame_Lower_A_13,StaticMeshActor,LV_Overland/Hogwarts/LI_Hogwarts/LevelInstances/EntranceHall/LI_EntranceHall_EXT/RENDER/Tower/SM_HW_GH_WindowFrame_Lower_A_13,32A42458-43C6-FCDB-B130-D691001BFA5F,1,DL_OVERLAND;DL_RENDER,DL_HW_EXT,LI_Hogwarts > LI_EntranceHall_EXT,/Game/Levels/Overland/Hogwarts/EntranceHall/LI_EntranceHall_EXT,,-9805.6,-26213.9,11978.9
SM_HW_GH_WindowFrame_Lower_A_18,StaticMeshActor,LV_Overland/Hogwarts/LI_Hogwarts/LevelInstances/EntranceHall/LI_EntranceHall_EXT/RENDER/Tower/SM_HW_GH_WindowFrame_Lower_A_18,F6E66FD6-484F-EA60-B890-CD987DFA8BC0,1,DL_OVERLAND;DL_RENDER,DL_HW_EXT,LI_Hogwarts > LI_EntranceHall_EXT,/Game/Levels/Overland/Hogwarts/EntranceHall/LI_EntranceHall_EXT,,-9797.7,-26215.8,11542.7
SM_HW_GH_WindowFrame_Lower_A_19,StaticMeshActor,LV_Overland/Hogwarts/LI_Hogwarts/LevelInstances/EntranceHall/LI_EntranceHall_EXT/RENDER/Tower/SM_HW_GH_WindowFrame_Lower_A_19,E211594F-4E94-54C0-BA96-09B21CEB320F,1,DL_OVERLAND;DL_RENDER,DL_HW_EXT,LI_Hogwarts > LI_EntranceHall_EXT,/Game/Levels/Overland/Hogwarts/EntranceHall/LI_EntranceHall_EXT,,-8581.7,-26099.5,11545.5
SM_HW_GH_WindowFrame_Lower_A_20,StaticMeshActor,LV_Overland/Hogwarts/LI_Hogwarts/LevelInstances/EntranceHall/LI_EntranceHall_EXT/RENDER/Tower/SM_HW_GH_WindowFrame_Lower_A_20,8938C1E2-47A9-1DD0-F0DD-86AF102E59B9,1,DL_OVERLAND;DL_RENDER,DL_HW_EXT,LI_Hogwarts > LI_EntranceHall_EXT,/Game/Levels/Overland/Hogwarts/EntranceHall/LI_EntranceHall_EXT,,-9873.1,-25881.7,11542.7
SM_HW_GH_WindowFrame_Lower_A_21,StaticMeshActor,LV_Overland/Hogwarts/LI_Hogwarts/LevelInstances/EntranceHall/LI_EntranceHall_EXT/RENDER/Tower/SM_HW_GH_WindowFrame_Lower_A_21,E71F0930-4F4C-9FAA-9633-C6879080ADA2,1,DL_OVERLAND;DL_RENDER,DL_HW_EXT,LI_Hogwarts > LI_EntranceHall_EXT,/Game/Levels/Overland/Hogwarts/EntranceHall/LI_EntranceHall_EXT,,-8780.3,-26390.8,11542.7
SM_HW_GH_WindowFrame_Lower_A_22,StaticMeshActor,LV_Overland/Hogwarts/LI_Hogwarts/LevelInstances/EntranceHall/LI_EntranceHall_EXT/RENDER/Tower/SM_HW_GH_WindowFrame_Lower_A_22,603A7C57-495E-7730-BE3A-E8812515A88D,1,DL_OVERLAND;DL_RENDER,DL_HW_EXT,LI_Hogwarts > LI_EntranceHall_EXT,/Game/Levels/Overland/Hogwarts/EntranceHall/LI_EntranceHall_EXT,,-8648.2,-25760.0,11547.1
SM_HW_GH_WindowFrame_Lower_A_3,StaticMeshActor,LV_Overland/Hogwarts/LI_Hogwarts/LevelInstances/EntranceHall/LI_EntranceHall_EXT/RENDER/Tower/SM_HW_GH_WindowFrame_Lower_A_3,36E9EB1D-42BA-D26D-C485-67939C1F8F73,1,DL_OVERLAND;DL_RENDER,DL_HW_EXT,LI_Hogwarts > LI_EntranceHall_EXT,/Game/Levels/Overland/Hogwarts/EntranceHall/LI_EntranceHall_EXT,,-8572.8,-26100.4,11978.9
SM_HW_GH_WindowFrame_Lower_A_4,StaticMeshActor,LV_Overland/Hogwarts/LI_Hogwarts/LevelInstances/EntranceHall/LI_EntranceHall_EXT/RENDER/Tower/SM_HW_GH_WindowFrame_Lower_A_4,73978A4A-4633-9D41-C89F-A1981A691554,1,DL_OVERLAND;DL_RENDER,DL_HW_EXT,LI_Hogwarts > LI_EntranceHall_EXT,/Game/Levels/Overland/Hogwarts/EntranceHall/LI_EntranceHall_EXT,,-8589.5,-25712.4,11957.0
SM_HW_GH_WindowFrame_Lower_A_5,StaticMeshActor,LV_Overland/Hogwarts/LI_Hogwarts/LevelInstances/EntranceHall/LI_EntranceHall_EXT/RENDER/Tower/SM_HW_GH_WindowFrame_Lower_A_5,2E31E35E-446D-8779-6CE5-E19C8B6DB613,1,DL_OVERLAND;DL_RENDER,DL_HW_EXT,LI_Hogwarts > LI_EntranceHall_EXT,/Game/Levels/Overland/Hogwarts/EntranceHall/LI_EntranceHall_EXT,,-8651.6,-25755.4,11978.9
SM_HW_GH_WindowFrame_Lower_A_6,StaticMeshActor,LV_Overland/Hogwarts/LI_Hogwarts/LevelInstances/EntranceHall/LI_EntranceHall_EXT/RENDER/Tower/SM_HW_GH_WindowFrame_Lower_A_6,518D1CB9-477C-21F8-3487-02B41318CBEB,1,DL_OVERLAND;DL_RENDER,DL_HW_EXT,LI_Hogwarts > LI_EntranceHall_EXT,/Game/Levels/Overland/Hogwarts/EntranceHall/LI_EntranceHall_EXT,,-8720.7,-26458.7,11957.0
SM_HW_GH_WindowFrame_Lower_A_7,StaticMeshActor,LV_Overland/Hogwarts/LI_Hogwarts/LevelInstances/EntranceHall/LI_EntranceHall_EXT/RENDER/Tower/SM_HW_GH_WindowFrame_Lower_A_7,23F896B4-4FBF-776A-9705-F6ADA9ED7904,1,DL_OVERLAND;DL_RENDER,DL_HW_EXT,LI_Hogwarts > LI_EntranceHall_EXT,/Game/Levels/Overland/Hogwarts/EntranceHall/LI_EntranceHall_EXT,,-8764.3,-26397.7,11978.9
SM_HW_GH_WindowFrame_Lower_A_8,StaticMeshActor,LV_Overland/Hogwarts/LI_Hogwarts/LevelInstances/EntranceHall/LI_EntranceHall_EXT/RENDER/Tower/SM_HW_GH_WindowFrame_Lower_A_8,068FEAB9-44AF-6960-4021-EB8BB95C05CA,1,DL_OVERLAND;DL_RENDER,DL_HW_EXT,LI_Hogwarts > LI_EntranceHall_EXT,/Game/Levels/Overland/Hogwarts/EntranceHall/LI_EntranceHall_EXT,,-9866.9,-26258.0,11957.0
SM_HW_GH_WindowFrame_Lower_A_9,StaticMeshActor,LV_Overland/Hogwarts/LI_Hogwarts/LevelInstances/EntranceHall/LI_EntranceHall_EXT/RENDER/Tower/SM_HW_GH_WindowFrame_Lower_A_9,E6E46F73-4602-A389-82AA-7B8F5CB09CB1,1,DL_OVERLAND;DL_RENDER,DL_HW_EXT,LI_Hogwarts > LI_EntranceHall_EXT,/Game/Levels/Overland/Hogwarts/EntranceHall/LI_EntranceHall_EXT,,-9955.0,-25856.9,11957.0
SM_HW_GH_Window_Dormer_SM_A,StaticMeshActor,LV_Overland/Hogwarts/LI_Hogwarts/LevelInstances/EntranceHall/LI_EntranceHall_EXT/SM_HW_GH_Window_Dormer_SM_A,5535A66A-4F7F-B243-C4A9-4C981A4D274C,1,DL_OVERLAND;DL_RENDER,DL_HW_EXT,LI_Hogwarts > LI_EntranceHall_EXT,/Game/Levels/Overland/Hogwarts/EntranceHall/LI_EntranceHall_EXT,,-9210.2,-27238.3,10930.7
SM_HW_GH_Window_Dormer_SM_A2,StaticMeshActor,LV_Overland/Hogwarts/LI_Hogwarts/LevelInstances/EntranceHall/LI_EntranceHall_EXT/SM_HW_GH_Window_Dormer_SM_A2,7ED43605-490D-8A38-868A-51AC1C5545EE,1,DL_OVERLAND;DL_RENDER,DL_HW_EXT,LI_Hogwarts > LI_EntranceHall_EXT,/Game/Levels/Overland/Hogwarts/EntranceHall/LI_EntranceHall_EXT,,-9320.5,-27863.7,10930.7
SM_HW_GH_Window_Dormer_SM_A3,StaticMeshActor,LV_Overland/Hogwarts/LI_Hogwarts/LevelInstances/EntranceHall/LI_EntranceHall_EXT/SM_HW_GH_Window_Dormer_SM_A3,D67E18B3-4EBB-8940-D37C-3E97B67462E5,1,DL_OVERLAND;DL_RENDER,DL_HW_EXT,LI_Hogwarts > LI_EntranceHall_EXT,/Game/Levels/Overland/Hogwarts/EntranceHall/LI_EntranceHall_EXT,,-9431.9,-28495.4,10930.7
SM_HW_GH_Window_Dormer_SM_A4,StaticMeshActor,LV_Overland/Hogwarts/LI_Hogwarts/LevelInstances/EntranceHall/LI_EntranceHall_EXT/SM_HW_GH_Window_Dormer_SM_A4,4A3915B0-4B44-91F6-BC87-6A954AC433AB,1,DL_OVERLAND;DL_RENDER,DL_HW_EXT,LI_Hogwarts > LI_EntranceHall_EXT,/Game/Levels/Overland/Hogwarts/EntranceHall/LI_EntranceHall_EXT,,-9672.0,-27152.1,10930.7
SM_HW_GH_Window_Dormer_SM_A5,StaticMeshActor,LV_Overland/Hogwarts/LI_Hogwarts/LevelInstances/EntranceHall/LI_EntranceHall_EXT/SM_HW_GH_Window_Dormer_SM_A5,B3F96814-41B7-A302-95B2-6197DD9109E4,1,DL_OVERLAND;DL_RENDER,DL_HW_EXT,LI_Hogwarts > LI_EntranceHall_EXT,/Game/Levels/Overland/Hogwarts/EntranceHall/LI_EntranceHall_EXT,,-9893.7,-28409.3,10930.7
SM_HW_GH_Window_Dormer_SM_A6,StaticMeshActor,LV_Overland/Hogwarts/LI_Hogwarts/LevelInstances/EntranceHall/LI_EntranceHall_EXT/SM_HW_GH_Window_Dormer_SM_A6,5DD401F5-4FA0-0914-7C25-4A9FFC21CC50,1,DL_OVERLAND;DL_RENDER,DL_HW_EXT,LI_Hogwarts > LI_EntranceHall_EXT,/Game/Levels/Overland/Hogwarts/EntranceHall/LI_EntranceHall_EXT,,-9783.4,-27783.9,10930.7
SM_HW_GH_Window_Tracery_Lower_A,StaticMeshActor,LV_Overland/Hogwarts/LI_Hogwarts/LevelInstances/EntranceHall/LI_EntranceHall_EXT/SM_HW_GH_Window_Tracery_Lower_A,D61E28E7-489A-6AD5-DCCE-28B43E8FE719,1,DL_OVERLAND;DL_RENDER,DL_HW_EXT,LI_Hogwarts > LI_EntranceHall_EXT,/Game/Levels/Overland/Hogwarts/EntranceHall/LI_EntranceHall_EXT,,-9709.5,-25545.4,11959.1
SM_HW_GH_Window_Tracery_Lower_A_1,StaticMeshActor,LV_Overland/Hogwarts/LI_Hogwarts/LevelInstances/EntranceHall/LI_EntranceHall_EXT/RENDER/Tower/SM_HW_GH_Window_Tracery_Lower_A_1,CB5A39D2-4070-9507-5BE6-7DBC3D5C092C,1,DL_OVERLAND;DL_RENDER,DL_HW_EXT,LI_Hogwarts > LI_EntranceHall_EXT,/Game/Levels/Overland/Hogwarts/EntranceHall/LI_EntranceHall_EXT,,-8547.1,-26105.0,11959.1
SM_HW_GH_Window_Tracery_Lower_A_2,StaticMeshActor,LV_Overland/Hogwarts/LI_Hogwarts/LevelInstances/EntranceHall/LI_EntranceHall_EXT/RENDER/Tower/SM_HW_GH_Window_Tracery_Lower_A_2,044F7E03-4021-6337-2A24-6A9D8A976972,1,DL_OVERLAND;DL_RENDER,DL_HW_EXT,LI_Hogwarts > LI_EntranceHall_EXT,/Game/Levels/Overland/Hogwarts/EntranceHall/LI_EntranceHall_EXT,,-8749.7,-26418.1,11959.1
SM_HW_GH_Window_Tracery_Lower_A_3,StaticMeshActor,LV_Overland/Hogwarts/LI_Hogwarts/LevelInstances/EntranceHall/LI_EntranceHall_EXT/RENDER/Tower/SM_HW_GH_Window_Tracery_Lower_A_3,908A69AC-45AF-66D8-82E9-E3BD6D45F72D,1,DL_OVERLAND;DL_RENDER,DL_HW_EXT,LI_Hogwarts > LI_EntranceHall_EXT,/Game/Levels/Overland/Hogwarts/EntranceHall/LI_EntranceHall_EXT,,-8630.4,-25741.9,11956.8
SM_HW_GH_Window_Tracery_Lower_A_5,StaticMeshActor,LV_Overland/Hogwarts/LI_Hogwarts/LevelInstances/EntranceHall/LI_EntranceHall_EXT/RENDER/Tower/SM_HW_GH_Window_Tracery_Lower_A_5,708BF6BB-4A7F-7FD5-52B1-8AB510284564,1,DL_OVERLAND;DL_RENDER,DL_HW_EXT,LI_Hogwarts > LI_EntranceHall_EXT,/Game/Levels/Overland/Hogwarts/EntranceHall/LI_EntranceHall_EXT,,-9825.4,-26228.0,11959.1
SM_HW_GH_Window_Tracery_Lower_A_6,StaticMeshActor,LV_Overland/Hogwarts/LI_Hogwarts/LevelInstances/EntranceHall/LI_EntranceHall_EXT/RENDER/Tower/SM_HW_GH_Window_Tracery_Lower_A_6,8F0D747F-413A-F259-7A12-108164119A75,1,DL_OVERLAND;DL_RENDER,DL_HW_EXT,LI_Hogwarts > LI_EntranceHall_EXT,/Game/Levels/Overland/Hogwarts/EntranceHall/LI_EntranceHall_EXT,,-9903.9,-25865.7,11959.1
SM_HW_GH_Window_Tracery_Lower_A_7,StaticMeshActor,LV_Overland/Hogwarts/LI_Hogwarts/LevelInstances/EntranceHall/LI_EntranceHall_EXT/RENDER/Tower/SM_HW_GH_Window_Tracery_Lower_A_7,F99C556E-4C62-AD86-8F2C-AC84863151FA,1,DL_OVERLAND;DL_RENDER,DL_HW_EXT,LI_Hogwarts > LI_EntranceHall_EXT,/Game/Levels/Overland/Hogwarts/EntranceHall/LI_EntranceHall_EXT,,-9683.2,-25580.8,11542.7
SM_HW_RH_Roof_Wall_A,StaticMeshActor,LV_Overland/Hogwarts/LI_Hogwarts/LevelInstances/EntranceHall/LI_EntranceHall_EXT/SM_HW_RH_Roof_Wall_A,3B1F819D-42DB-305C-53DF-D3898C19268D,1,DL_OVERLAND;DL_RENDER,DL_HW_EXT,LI_Hogwarts > LI_EntranceHall_EXT,/Game/Levels/Overland/Hogwarts/EntranceHall/LI_EntranceHall_EXT,,-11298.2,-25619.5,9427.3
SM_HW_RH_Wall_Windows_Small_A,StaticMeshActor,LV_Overland/Hogwarts/LI_Hogwarts/LevelInstances/EntranceHall/LI_EntranceHall_EXT/SM_HW_RH_Wall_Windows_Small_A,E7F41F7D-45BE-A655-FA9F-DC892F0A1093,1,DL_OVERLAND;DL_RENDER,DL_HW_EXT,LI_Hogwarts > LI_EntranceHall_EXT,/Game/Levels/Overland/Hogwarts/EntranceHall/LI_EntranceHall_EXT,,-11907.7,-27045.3,9240.4
SM_HW_Stair_3x3_BrkdMdmg,StaticMeshActor,LV_Overland/Hogwarts/LI_Hogwarts/LevelInstances/EntranceHall/LI_EntranceHall_EXT/RENDER/SM_HW_Stair_3x3_BrkdMdmg,5D21BD56-4B85-56A8-1DFE-2C89911545B9,1,DL_OVERLAND;DL_RENDER,DL_HW_EXT,LI_Hogwarts > LI_EntranceHall_EXT,/Game/Levels/Overland/Hogwarts/EntranceHall/LI_EntranceHall_EXT,,-9602.0,-30243.7,7347.2
SM_HW_Stair_3x3_BrkdMdmg2,StaticMeshActor,LV_Overland/Hogwarts/LI_Hogwarts/LevelInstances/EntranceHall/LI_EntranceHall_EXT/RENDER/SM_HW_Stair_3x3_BrkdMdmg2,F32793B4-4123-FB4A-8327-7E9615A82B15,1,DL_OVERLAND;DL_RENDER,DL_HW_EXT,LI_Hogwarts > LI_EntranceHall_EXT,/Game/Levels/Overland/Hogwarts/EntranceHall/LI_EntranceHall_EXT,,-9896.6,-30194.6,7347.2
SM_HW_Stair_3x3_BrkdMdmg3,StaticMeshActor,LV_Overland/Hogwarts/LI_Hogwarts/LevelInstances/EntranceHall/LI_EntranceHall_EXT/RENDER/SM_HW_Stair_3x3_BrkdMdmg3,BE4EC906-4CC7-4AD8-CD55-9F8019BF25BA,1,DL_OVERLAND;DL_RENDER,DL_HW_EXT,LI_Hogwarts > LI_EntranceHall_EXT,/Game/Levels/Overland/Hogwarts/EntranceHall/LI_EntranceHall_EXT,,-10297.8,-30125.8,7347.2
SM_HW_Stair_3x3_Mdmg51,StaticMeshActor,LV_Overland/Hogwarts/LI_Hogwarts/LevelInstances/EntranceHall/LI_EntranceHall_EXT/SM_HW_Stair_3x3_Mdmg51,ADDF14B0-4960-A607-7181-E9AD73F5BF8F,1,DL_OVERLAND;DL_RENDER,DL_HW_EXT,LI_Hogwarts > LI_EntranceHall_EXT,/Game/Levels/Overland/Hogwarts/EntranceHall/LI_EntranceHall_EXT,,-8216.2,-26857.4,9349.9
SM_HW_Stair_End_Curved_BrkMdmg,StaticMeshActor,LV_Overland/Hogwarts/LI_Hogwarts/LevelInstances/EntranceHall/LI_EntranceHall_EXT/RENDER/SM_HW_Stair_End_Curved_BrkMdmg,84814E0E-4E9E-163F-0AD4-5A9A9A27884D,1,DL_OVERLAND;DL_RENDER,DL_HW_EXT,LI_Hogwarts > LI_EntranceHall_EXT,/Game/Levels/Overland/Hogwarts/EntranceHall/LI_EntranceHall_EXT,,-9363.9,-30273.3,7347.3
SM_HW_Stair_End_Curved_BrkMdmg2,StaticMeshActor,LV_Overland/Hogwarts/LI_Hogwarts/LevelInstances/EntranceHall/LI_EntranceHall_EXT/RENDER/SM_HW_Stair_End_Curved_BrkMdmg2,E4D72EC1-4CBF-703E-CC7D-588918E1C75F,1,DL_OVERLAND;DL_RENDER,DL_HW_EXT,LI_Hogwarts > LI_EntranceHall_EXT,/Game/Levels/Overland/Hogwarts/EntranceHall/LI_EntranceHall_EXT,,-10539.6,-30081.5,7347.1
SM_HW_VC_LargeColumn_B,StaticMeshActor,LV_Overland/Hogwarts/LI_Hogwarts/LevelInstances/EntranceHall/LI_EntranceHall_EXT/RENDER/SM_HW_VC_LargeColumn_B,EF08A169-4F0C-6009-6300-67A05B8281F7,1,DL_OVERLAND;DL_RENDER,DL_HW_EXT,LI_Hogwarts > LI_EntranceHall_EXT,/Game/Levels/Overland/Hogwarts/EntranceHall/LI_EntranceHall_EXT,,-10225.0,-29966.4,7613.3
SM_HW_VC_LargeColumn_B2,StaticMeshActor,LV_Overland/Hogwarts/LI_Hogwarts/LevelInstances/EntranceHall/LI_EntranceHall_EXT/RENDER/SM_HW_VC_LargeColumn_B2,5C8C1107-4E9C-E7B3-B28E-F4BA49E8D725,1,DL_OVERLAND;DL_RENDER,DL_HW_EXT,LI_Hogwarts > LI_EntranceHall_EXT,/Game/Levels/Overland/Hogwarts/EntranceHall/LI_EntranceHall_EXT,,-9649.0,-30070.9,7616.9
SM_Leaf_Debris_A84,StaticMeshActor,LV_Overland/Hogwarts/LI_Hogwarts/LevelInstances/EntranceHall/LI_EntranceHall_EXT/SM_Leaf_Debris_A84,CEF34B62-464F-7006-1B57-62A5E68DF516,1,DL_OVERLAND;DL_RENDER,DL_HW_EXT,LI_Hogwarts > LI_EntranceHall_EXT,/Game/Levels/Overland/Hogwarts/EntranceHall/LI_EntranceHall_EXT,,-10210.1,-29510.9,7402.7
SM_Leaf_Debris_Alcove55,StaticMeshActor,LV_Overland/Hogwarts/LI_Hogwarts/LevelInstances/EntranceHall/LI_EntranceHall_EXT/SM_Leaf_Debris_Alcove55,C0B56C5F-430D-8663-865E-C09726982840,1,DL_OVERLAND;DL_RENDER,DL_HW_EXT,LI_Hogwarts > LI_EntranceHall_EXT,/Game/Levels/Overland/Hogwarts/EntranceHall/LI_EntranceHall_EXT,,-10270.5,-29468.5,7404.3
SM_Leaf_Debris_Alcove56,StaticMeshActor,LV_Overland/Hogwarts/LI_Hogwarts/LevelInstances/EntranceHall/LI_EntranceHall_EXT/SM_Leaf_Debris_Alcove56,56FAC50F-4FCD-0641-CB53-77AFA56A4B78,1,DL_OVERLAND;DL_RENDER,DL_HW_EXT,LI_Hogwarts > LI_EntranceHall_EXT,/Game/Levels/Overland/Hogwarts/EntranceHall/LI_EntranceHall_EXT,,-10317.9,-29747.5,7404.0
SM_Leaf_Debris_Alcove57,StaticMeshActor,LV_Overland/Hogwarts/LI_Hogwarts/LevelInstances/EntranceHall/LI_EntranceHall_EXT/SM_Leaf_Debris_Alcove57,5618F466-49A7-EF4E-FDDB-8082B6454B84,1,DL_OVERLAND;DL_RENDER,DL_HW_EXT,LI_Hogwarts > LI_EntranceHall_EXT,/Game/Levels/Overland/Hogwarts/EntranceHall/LI_EntranceHall_EXT,,-9523.3,-29977.1,7404.8
SM_Leaf_Debris_Alcove58,StaticMeshActor,LV_Overland/Hogwarts/LI_Hogwarts/LevelInstances/EntranceHall/LI_EntranceHall_EXT/SM_Leaf_Debris_Alcove58,54339BB4-44B5-6071-DB27-8AB2C346DD21,1,DL_OVERLAND;DL_RENDER,DL_HW_EXT,LI_Hogwarts > LI_EntranceHall_EXT,/Game/Levels/Overland/Hogwarts/EntranceHall/LI_EntranceHall_EXT,,-9464.1,-29734.3,7403.3
SM_Leaf_Debris_Alcove59,StaticMeshActor,LV_Overland/Hogwarts/LI_Hogwarts/LevelInstances/EntranceHall/LI_EntranceHall_EXT/SM_Leaf_Debris_Alcove59,C028BCC9-45DD-7A5A-D848-BF9691F9DFFC,1,DL_OVERLAND;DL_RENDER,DL_HW_EXT,LI_Hogwarts > LI_EntranceHall_EXT,/Game/Levels/Overland/Hogwarts/EntranceHall/LI_EntranceHall_EXT,,-9462.9,-29237.5,7404.8
SM_Leaf_Debris_Alcove60,StaticMeshActor,LV_Overland/Hogwarts/LI_Hogwarts/LevelInstances/EntranceHall/LI_EntranceHall_EXT/SM_Leaf_Debris_Alcove60,D2D89DBB-4227-AACB-4DA1-2ABE58D20FE2,1,DL_OVERLAND;DL_RENDER,DL_HW_EXT,LI_Hogwarts > LI_EntranceHall_EXT,/Game/Levels/Overland/Hogwarts/EntranceHall/LI_EntranceHall_EXT,,-10316.0,-29836.6,7403.5
SM_Leaf_Debris_Alcove63,StaticMeshActor,LV_Overland/Hogwarts/LI_Hogwarts/LevelInstances/EntranceHall/LI_EntranceHall_EXT/SM_Leaf_Debris_Alcove63,F1214197-4511-5B23-B771-6A9D0CF06EF5,1,DL_OVERLAND;DL_RENDER,DL_HW_EXT,LI_Hogwarts > LI_EntranceHall_EXT,/Game/Levels/Overland/Hogwarts/EntranceHall/LI_EntranceHall_EXT,,-8230.4,-27563.8,9403.5
SM_Leaf_Debris_Corner34,StaticMeshActor,LV_Overland/Hogwarts/LI_Hogwarts/LevelInstances/EntranceHall/LI_EntranceHall_EXT/SM_Leaf_Debris_Corner34,B7EF8F66-458E-4606-8F52-F9BD98F5B533,1,DL_OVERLAND;DL_RENDER,DL_HW_EXT,LI_Hogwarts > LI_EntranceHall_EXT,/Game/Levels/Overland/Hogwarts/EntranceHall/LI_EntranceHall_EXT,,-9521.9,-29858.0,7404.9
SM_Leaf_Debris_Corner35,StaticMeshActor,LV_Overland/Hogwarts/LI_Hogwarts/LevelInstances/EntranceHall/LI_EntranceHall_EXT/SM_Leaf_Debris_Corner35,30373E20-48C8-44CA-9652-4FBA27C65914,1,DL_OVERLAND;DL_RENDER,DL_HW_EXT,LI_Hogwarts > LI_EntranceHall_EXT,/Game/Levels/Overland/Hogwarts/EntranceHall/LI_EntranceHall_EXT,,-10250.2,-29623.7,7404.0
SM_Leaf_Debris_Corner39,StaticMeshActor,LV_Overland/Hogwarts/LI_Hogwarts/LevelInstances/EntranceHall/LI_EntranceHall_EXT/SM_Leaf_Debris_Corner39,18A26BFA-46D4-EA4D-806B-84AAE6FED273,1,DL_OVERLAND;DL_RENDER,DL_HW_EXT,LI_Hogwarts > LI_EntranceHall_EXT,/Game/Levels/Overland/Hogwarts/EntranceHall/LI_EntranceHall_EXT,,-8387.9,-27404.4,9404.2
SM_Leaf_Debris_Corner40,StaticMeshActor,LV_Overland/Hogwarts/LI_Hogwarts/LevelInstances/EntranceHall/LI_EntranceHall_EXT/SM_Leaf_Debris_Corner40,4679F26E-4EDA-EC56-9526-CAB4ECC36D01,1,DL_OVERLAND;DL_RENDER,DL_HW_EXT,LI_Hogwarts > LI_EntranceHall_EXT,/Game/Levels/Overland/Hogwarts/EntranceHall/LI_EntranceHall_EXT,,-8311.6,-27009.6,9404.2
SM_Leaf_Debris_Edge_A100,StaticMeshActor,LV_Overland/Hogwarts/LI_Hogwarts/LevelInstances/EntranceHall/LI_EntranceHall_EXT/SM_Leaf_Debris_Edge_A100,1A68F197-47E1-6152-AAF3-13A8AC4EA4E1,1,DL_OVERLAND;DL_RENDER,DL_HW_EXT,LI_Hogwarts > LI_EntranceHall_EXT,/Game/Levels/Overland/Hogwarts/EntranceHall/LI_EntranceHall_EXT,,-10128.2,-29172.2,7404.5
SM_Leaf_Debris_Edge_A101,StaticMeshActor,LV_Overland/Hogwarts/LI_Hogwarts/LevelInstances/EntranceHall/LI_EntranceHall_EXT/SM_Leaf_Debris_Edge_A101,A558A2C6-4358-45C2-502E-FA888853DA59,1,DL_OVERLAND;DL_RENDER,DL_HW_EXT,LI_Hogwarts > LI_EntranceHall_EXT,/Game/Levels/Overland/Hogwarts/EntranceHall/LI_EntranceHall_EXT,,-9447.0,-29649.8,7404.8
SM_Leaf_Debris_Edge_A102,StaticMeshActor,LV_Overland/Hogwarts/LI_Hogwarts/LevelInstances/EntranceHall/LI_EntranceHall_EXT/SM_Leaf_Debris_Edge_A102,341E4C73-4E73-885B-19CC-8EA69E73923B,1,DL_OVERLAND;DL_RENDER,DL_HW_EXT,LI_Hogwarts > LI_EntranceHall_EXT,/Game/Levels/Overland/Hogwarts/EntranceHall/LI_EntranceHall_EXT,,-9471.1,-29312.5,7403.6
SM_Leaf_Debris_Edge_A103,StaticMeshActor,LV_Overland/Hogwarts/LI_Hogwarts/LevelInstances/EntranceHall/LI_EntranceHall_EXT/SM_Leaf_Debris_Edge_A103,92F4051C-4690-BB55-C8D4-FCAB8678584E,1,DL_OVERLAND;DL_RENDER,DL_HW_EXT,LI_Hogwarts > LI_EntranceHall_EXT,/Game/Levels/Overland/Hogwarts/EntranceHall/LI_EntranceHall_EXT,,-9538.5,-29207.9,7403.9
SM_Leaf_Debris_Edge_A104,StaticMeshActor,LV_Overland/Hogwarts/LI_Hogwarts/LevelInstances/EntranceHall/LI_EntranceHall_EXT/SM_Leaf_Debris_Edge_A104,3004D86A-4715-CD1E-5B74-2080D73E175F,1,DL_OVERLAND;DL_RENDER,DL_HW_EXT,LI_Hogwarts > LI_EntranceHall_EXT,/Game/Levels/Overland/Hogwarts/EntranceHall/LI_EntranceHall_EXT,,-10234.9,-29876.1,7404.8
SM_Leaf_Debris_Edge_A105,StaticMeshActor,LV_Overland/Hogwarts/LI_Hogwarts/LevelInstances/EntranceHall/LI_EntranceHall_EXT/SM_Leaf_Debris_Edge_A105,8F9B5B04-4BE3-308B-EDAA-15BD8A6E1EA9,1,DL_OVERLAND;DL_RENDER,DL_HW_EXT,LI_Hogwarts > LI_EntranceHall_EXT,/Game/Levels/Overland/Hogwarts/EntranceHall/LI_EntranceHall_EXT,,-10035.3,-29118.5,7404.5
SM_Leaf_Debris_Edge_A107,StaticMeshActor,LV_Overland/Hogwarts/LI_Hogwarts/LevelInstances/EntranceHall/LI_EntranceHall_EXT/SM_Leaf_Debris_Edge_A107,26B0718F-4824-007E-A384-A0AD4FF7B0DE,1,DL_OVERLAND;DL_RENDER,DL_HW_EXT,LI_Hogwarts > LI_EntranceHall_EXT,/Game/Levels/Overland/Hogwarts/EntranceHall/LI_EntranceHall_EXT,,-8381.9,-27310.6,9403.8
SM_Leaf_Debris_Edge_A108,StaticMeshActor,LV_Overland/Hogwarts/LI_Hogwarts/LevelInstances/EntranceHall/LI_EntranceHall_EXT/SM_Leaf_Debris_Edge_A108,16B4CD38-407A-6226-D9A3-89B69FA9B193,1,DL_OVERLAND;DL_RENDER,DL_HW_EXT,LI_Hogwarts > LI_EntranceHall_EXT,/Game/Levels/Overland/Hogwarts/EntranceHall/LI_EntranceHall_EXT,,-8423.3,-27523.8,9403.1
SM_Leaf_Debris_Edge_A109,StaticMeshActor,LV_Overland/Hogwarts/LI_Hogwarts/LevelInstances/EntranceHall/LI_EntranceHall_EXT/SM_Leaf_Debris_Edge_A109,C7995F52-4337-A566-4632-77966F254DC9,1,DL_OVERLAND;DL_RENDER,DL_HW_EXT,LI_Hogwarts > LI_EntranceHall_EXT,/Game/Levels/Overland/Hogwarts/EntranceHall/LI_EntranceHall_EXT,,-8470.5,-27841.2,9403.8
SM_Leaf_Debris_Edge_A99,StaticMeshActor,LV_Overland/Hogwarts/LI_Hogwarts/LevelInstances/EntranceHall/LI_EntranceHall_EXT/SM_Leaf_Debris_Edge_A99,E535D847-4833-3086-610D-2695CC530472,1,DL_OVERLAND;DL_RENDER,DL_HW_EXT,LI_Hogwarts > LI_EntranceHall_EXT,/Game/Levels/Overland/Hogwarts/EntranceHall/LI_EntranceHall_EXT,,-9605.8,-29983.6,7405.0
SM_Leaf_Debris_Edge_B40,StaticMeshActor,LV_Overland/Hogwarts/LI_Hogwarts/LevelInstances/EntranceHall/LI_EntranceHall_EXT/SM_Leaf_Debris_Edge_B40,DEB33079-418D-7431-0BCE-908C6194072F,1,DL_OVERLAND;DL_RENDER,DL_HW_EXT,LI_Hogwarts > LI_EntranceHall_EXT,/Game/Levels/Overland/Hogwarts/EntranceHall/LI_EntranceHall_EXT,,-10573.7,-30182.1,7300.1
SM_Leaf_Debris_Edge_B45,StaticMeshActor,LV_Overland/Hogwarts/LI_Hogwarts/LevelInstances/EntranceHall/LI_EntranceHall_EXT/SM_Leaf_Debris_Edge_B45,97248E17-4CB2-22E1-474C-0CA7C3BCBB29,1,DL_OVERLAND;DL_RENDER,DL_HW_EXT,LI_Hogwarts > LI_EntranceHall_EXT,/Game/Levels/Overland/Hogwarts/EntranceHall/LI_EntranceHall_EXT,,-10222.7,-29432.6,7403.9
SM_Leaf_Debris_Edge_B46,StaticMeshActor,LV_Overland/Hogwarts/LI_Hogwarts/LevelInstances/EntranceHall/LI_EntranceHall_EXT/SM_Leaf_Debris_Edge_B46,F0D6792F-4C81-3340-E887-07A0EEA1B114,1,DL_OVERLAND;DL_RENDER,DL_HW_EXT,LI_Hogwarts > LI_EntranceHall_EXT,/Game/Levels/Overland/Hogwarts/EntranceHall/LI_EntranceHall_EXT,,-9503.4,-29923.6,7404.5
SM_Leaf_Debris_Edge_B47,StaticMeshActor,LV_Overland/Hogwarts/LI_Hogwarts/LevelInstances/EntranceHall/LI_EntranceHall_EXT/SM_Leaf_Debris_Edge_B47,CB64CC76-43FA-F973-C775-1C8FAE7D4519,1,DL_OVERLAND;DL_RENDER,DL_HW_EXT,LI_Hogwarts > LI_EntranceHall_EXT,/Game/Levels/Overland/Hogwarts/EntranceHall/LI_EntranceHall_EXT,,-9457.7,-29586.8,7403.8
SM_Leaf_Debris_Edge_B48,StaticMeshActor,LV_Overland/Hogwarts/LI_Hogwarts/LevelInstances/EntranceHall/LI_EntranceHall_EXT/SM_Leaf_Debris_Edge_B48,B81FF125-4CF2-BB43-240E-43AEC9E89E4E,1,DL_OVERLAND;DL_RENDER,DL_HW_EXT,LI_Hogwarts > LI_EntranceHall_EXT,/Game/Levels/Overland/Hogwarts/EntranceHall/LI_EntranceHall_EXT,,-10232.0,-29694.8,7403.9
SM_Leaf_Debris_Edge_B49,StaticMeshActor,LV_Overland/Hogwarts/LI_Hogwarts/LevelInstances/EntranceHall/LI_EntranceHall_EXT/SM_Leaf_Debris_Edge_B49,68380622-4E34-0A2B-9DEE-84B0804C0798,1,DL_OVERLAND;DL_RENDER,DL_HW_EXT,LI_Hogwarts > LI_EntranceHall_EXT,/Game/Levels/Overland/Hogwarts/EntranceHall/LI_EntranceHall_EXT,,-9491.9,-29518.5,7404.2
SM_Leaf_Debris_Narrow_Cluster_A42,StaticMeshActor,LV_Overland/Hogwarts/LI_Hogwarts/LevelInstances/EntranceHall/LI_EntranceHall_EXT/SM_Leaf_Debris_Narrow_Cluster_A42,3BF34B2C-4548-511D-FC75-779C6B948F8C,1,DL_OVERLAND;DL_RENDER,DL_HW_EXT,LI_Hogwarts > LI_EntranceHall_EXT,/Game/Levels/Overland/Hogwarts/EntranceHall/LI_EntranceHall_EXT,,-8364.0,-27049.7,9405.7
SM_Leaf_Debris_Narrow_Cluster_B4,StaticMeshActor,LV_Overland/Hogwarts/LI_Hogwarts/LevelInstances/EntranceHall/LI_EntranceHall_EXT/SM_Leaf_Debris_Narrow_Cluster_B4,D47F36CA-4CC2-56E2-30F7-1AA3301A13A0,1,DL_OVERLAND;DL_RENDER,DL_HW_EXT,LI_Hogwarts > LI_EntranceHall_EXT,/Game/Levels/Overland/Hogwarts/EntranceHall/LI_EntranceHall_EXT,,-10505.1,-30194.7,7298.5
SM_Leaf_Debris_Narrow_Edge_B6,StaticMeshActor,LV_Overland/Hogwarts/LI_Hogwarts/LevelInstances/EntranceHall/LI_EntranceHall_EXT/SM_Leaf_Debris_Narrow_Edge_B6,0831E14F-4ABE-E7B0-8A2E-91BFB1A7FC8A,1,DL_OVERLAND;DL_RENDER,DL_HW_EXT,LI_Hogwarts > LI_EntranceHall_EXT,/Game/Levels/Overland/Hogwarts/EntranceHall/LI_EntranceHall_EXT,,-10313.2,-29537.0,7403.5
SM_Leaf_Debris_Narrow_Edge_B7,StaticMeshActor,LV_Overland/Hogwarts/LI_Hogwarts/LevelInstances/EntranceHall/LI_EntranceHall_EXT/SM_Leaf_Debris_Narrow_Edge_B7,1B4ED057-4F01-65CA-EDFE-A1833A4A230F,1,DL_OVERLAND;DL_RENDER,DL_HW_EXT,LI_Hogwarts > LI_EntranceHall_EXT,/Game/Levels/Overland/Hogwarts/EntranceHall/LI_EntranceHall_EXT,,-9463.8,-29412.9,7403.0
SM_Leaf_Debris_Narrow_Edge_B8,StaticMeshActor,LV_Overland/Hogwarts/LI_Hogwarts/LevelInstances/EntranceHall/LI_EntranceHall_EXT/SM_Leaf_Debris_Narrow_Edge_B8,F975D93D-4552-B288-DCF4-2B9A30F03096,1,DL_OVERLAND;DL_RENDER,DL_HW_EXT,LI_Hogwarts > LI_EntranceHall_EXT,/Game/Levels/Overland/Hogwarts/EntranceHall/LI_EntranceHall_EXT,,-10188.0,-29337.9,7403.5
SM_SlateRoofRidge_Single_A,StaticMeshActor,LV_Overland/Hogwarts/LI_Hogwarts/LevelInstances/EntranceHall/LI_EntranceHall_EXT/RENDER/SM_SlateRoofRidge_Single_A,4AB6498A-4A60-6B00-48A7-B3A5B9B639D9,1,DL_OVERLAND;DL_RENDER,DL_HW_EXT,LI_Hogwarts > LI_EntranceHall_EXT,/Game/Levels/Overland/Hogwarts/EntranceHall/LI_EntranceHall_EXT,,-8907.4,-26577.6,12338.7
SM_SlateRoofRidge_Single_A10,StaticMeshActor,LV_Overland/Hogwarts/LI_Hogwarts/LevelInstances/EntranceHall/LI_EntranceHall_EXT/RENDER/SM_SlateRoofRidge_Single_A10,44EEB9F1-4A1F-132C-9CFF-26A6DE44493D,1,DL_OVERLAND;DL_RENDER,DL_HW_EXT,LI_Hogwarts > LI_EntranceHall_EXT,/Game/Levels/Overland/Hogwarts/EntranceHall/LI_EntranceHall_EXT,,-8988.8,-26270.7,12891.0
SM_SlateRoofRidge_Single_A100,StaticMeshActor,LV_Overland/Hogwarts/LI_Hogwarts/LevelInstances/EntranceHall/LI_EntranceHall_EXT/RENDER/SM_SlateRoofRidge_Single_A100,A9164580-4893-2D64-0F6A-C98CA1263953,1,DL_OVERLAND;DL_RENDER,DL_HW_EXT,LI_Hogwarts > LI_EntranceHall_EXT,/Game/Levels/Overland/Hogwarts/EntranceHall/LI_EntranceHall_EXT,,-9498.4,-25968.9,13348.2
SM_SlateRoofRidge_Single_A101,StaticMeshActor,LV_Overland/Hogwarts/LI_Hogwarts/LevelInstances/EntranceHall/LI_EntranceHall_EXT/RENDER/SM_SlateRoofRidge_Single_A101,C560C763-4C9E-26D4-993F-76B46F50070D,1,DL_OVERLAND;DL_RENDER,DL_HW_EXT,LI_Hogwarts > LI_EntranceHall_EXT,/Game/Levels/Overland/Hogwarts/EntranceHall/LI_EntranceHall_EXT,,-9479.5,-25964.3,13395.3
SM_SlateRoofRidge_Single_A102,StaticMeshActor,LV_Overland/Hogwarts/LI_Hogwarts/LevelInstances/EntranceHall/LI_EntranceHall_EXT/RENDER/SM_SlateRoofRidge_Single_A102,4A392704-47CF-0B3A-18CE-9784D34468BB,1,DL_OVERLAND;DL_RENDER,DL_HW_EXT,LI_Hogwarts > LI_EntranceHall_EXT,/Game/Levels/Overland/Hogwarts/EntranceHall/LI_EntranceHall_EXT,,-9516.0,-25973.9,13301.7
SM_SlateRoofRidge_Single_A103,StaticMeshActor,LV_Overland/Hogwarts/LI_Hogwarts/LevelInstances/EntranceHall/LI_EntranceHall_EXT/RENDER/SM_SlateRoofRidge_Single_A103,085EB3B0-4D03-1180-DEDF-ED8CD9BEF405,1,DL_OVERLAND;DL_RENDER,DL_HW_EXT,LI_Hogwarts > LI_EntranceHall_EXT,/Game/Levels/Overland/Hogwarts/EntranceHall/LI_EntranceHall_EXT,,-9643.5,-25998.4,12959.7
SM_SlateRoofRidge_Single_A104,StaticMeshActor,LV_Overland/Hogwarts/LI_Hogwarts/LevelInstances/EntranceHall/LI_EntranceHall_EXT/RENDER/SM_SlateRoofRidge_Single_A104,92B8C326-4CFF-B4D1-F0CB-09B44A9C62B8,1,DL_OVERLAND;DL_RENDER,DL_HW_EXT,LI_Hogwarts > LI_EntranceHall_EXT,/Game/Levels/Overland/Hogwarts/EntranceHall/LI_EntranceHall_EXT,,-9733.1,-26439.6,12333.7
SM_SlateRoofRidge_Single_A105,StaticMeshActor,LV_Overland/Hogwarts/LI_Hogwarts/LevelInstances/EntranceHall/LI_EntranceHall_EXT/RENDER/SM_SlateRoofRidge_Single_A105,D9B40724-4739-0B4B-C087-57BD49258CB8,1,DL_OVERLAND;DL_RENDER,DL_HW_EXT,LI_Hogwarts > LI_EntranceHall_EXT,/Game/Levels/Overland/Hogwarts/EntranceHall/LI_EntranceHall_EXT,,-9710.7,-26412.8,12361.2
SM_SlateRoofRidge_Single_A106,StaticMeshActor,LV_Overland/Hogwarts/LI_Hogwarts/LevelInstances/EntranceHall/LI_EntranceHall_EXT/RENDER/SM_SlateRoofRidge_Single_A106,879118B0-4EAA-2A68-4B67-65AD1AC8718F,1,DL_OVERLAND;DL_RENDER,DL_HW_EXT,LI_Hogwarts > LI_EntranceHall_EXT,/Game/Levels/Overland/Hogwarts/EntranceHall/LI_EntranceHall_EXT,,-9687.9,-26378.5,12398.2
SM_SlateRoofRidge_Single_A107,StaticMeshActor,LV_Overland/Hogwarts/LI_Hogwarts/LevelInstances/EntranceHall/LI_EntranceHall_EXT/RENDER/SM_SlateRoofRidge_Single_A107,EA155655-4C15-0B77-0753-CEBADCECC0BC,1,DL_OVERLAND;DL_RENDER,DL_HW_EXT,LI_Hogwarts > LI_EntranceHall_EXT,/Game/Levels/Overland/Hogwarts/EntranceHall/LI_EntranceHall_EXT,,-9668.7,-26347.5,12437.2
SM_SlateRoofRidge_Single_A108,StaticMeshActor,LV_Overland/Hogwarts/LI_Hogwarts/LevelInstances/EntranceHall/LI_EntranceHall_EXT/RENDER/SM_SlateRoofRidge_Single_A108,A13C4BC6-43DB-C38A-AD94-6A813B7E503B,1,DL_OVERLAND;DL_RENDER,DL_HW_EXT,LI_Hogwarts > LI_EntranceHall_EXT,/Game/Levels/Overland/Hogwarts/EntranceHall/LI_EntranceHall_EXT,,-9652.5,-26322.4,12476.3
SM_SlateRoofRidge_Single_A109,StaticMeshActor,LV_Overland/Hogwarts/LI_Hogwarts/LevelInstances/EntranceHall/LI_EntranceHall_EXT/RENDER/SM_SlateRoofRidge_Single_A109,B8405B89-4FA4-5F3B-E039-72A4331CE49F,1,DL_OVERLAND;DL_RENDER,DL_HW_EXT,LI_Hogwarts > LI_EntranceHall_EXT,/Game/Levels/Overland/Hogwarts/EntranceHall/LI_EntranceHall_EXT,,-9638.2,-26302.2,12518.2
SM_SlateRoofRidge_Single_A11,StaticMeshActor,LV_Overland/Hogwarts/LI_Hogwarts/LevelInstances/EntranceHall/LI_EntranceHall_EXT/RENDER/SM_SlateRoofRidge_Single_A11,6CCB7A48-4D0E-765A-6C38-A2B2F8DEB237,1,DL_OVERLAND;DL_RENDER,DL_HW_EXT,LI_Hogwarts > LI_EntranceHall_EXT,/Game/Levels/Overland/Hogwarts/EntranceHall/LI_EntranceHall_EXT,,-8994.8,-26241.5,12969.3
SM_SlateRoofRidge_Single_A110,StaticMeshActor,LV_Overland/Hogwarts/LI_Hogwarts/LevelInstances/EntranceHall/LI_EntranceHall_EXT/RENDER/SM_SlateRoofRidge_Single_A110,C44829B1-4A4D-CB20-BC92-8C836A23ABF1,1,DL_OVERLAND;DL_RENDER,DL_HW_EXT,LI_Hogwarts > LI_EntranceHall_EXT,/Game/Levels/Overland/Hogwarts/EntranceHall/LI_EntranceHall_EXT,,-9620.3,-26273.7,12590.3
SM_SlateRoofRidge_Single_A111,StaticMeshActor,LV_Overland/Hogwarts/LI_Hogwarts/LevelInstances/EntranceHall/LI_EntranceHall_EXT/RENDER/SM_SlateRoofRidge_Single_A111,B3EFFD74-4DC9-1788-7982-BBB1FBFDD1CA,1,DL_OVERLAND;DL_RENDER,DL_HW_EXT,LI_Hogwarts > LI_EntranceHall_EXT,/Game/Levels/Overland/Hogwarts/EntranceHall/LI_EntranceHall_EXT,,-9595.3,-26237.0,12690.1
SM_SlateRoofRidge_Single_A112,StaticMeshActor,LV_Overland/Hogwarts/LI_Hogwarts/LevelInstances/EntranceHall/LI_EntranceHall_EXT/RENDER/SM_SlateRoofRidge_Single_A112,348EF628-46C9-5519-113A-4DB999794A17,1,DL_OVERLAND;DL_RENDER,DL_HW_EXT,LI_Hogwarts > LI_EntranceHall_EXT,/Game/Levels/Overland/Hogwarts/EntranceHall/LI_EntranceHall_EXT,,-9549.4,-26173.6,12892.0
SM_SlateRoofRidge_Single_A113,StaticMeshActor,LV_Overland/Hogwarts/LI_Hogwarts/LevelInstances/EntranceHall/LI_EntranceHall_EXT/RENDER/SM_SlateRoofRidge_Single_A113,29FF637E-4350-4F33-F529-BCAB8ED45B7F,1,DL_OVERLAND;DL_RENDER,DL_HW_EXT,LI_Hogwarts > LI_EntranceHall_EXT,/Game/Levels/Overland/Hogwarts/EntranceHall/LI_EntranceHall_EXT,,-9533.9,-26151.8,12962.1
SM_SlateRoofRidge_Single_A114,StaticMeshActor,LV_Overland/Hogwarts/LI_Hogwarts/LevelInstances/EntranceHall/LI_EntranceHall_EXT/RENDER/SM_SlateRoofRidge_Single_A114,4D7A4EAD-4EB1-5F6C-4447-7298774C022D,1,DL_OVERLAND;DL_RENDER,DL_HW_EXT,LI_Hogwarts > LI_EntranceHall_EXT,/Game/Levels/Overland/Hogwarts/EntranceHall/LI_EntranceHall_EXT,,-9520.6,-26126.4,13039.0
SM_SlateRoofRidge_Single_A115,StaticMeshActor,LV_Overland/Hogwarts/LI_Hogwarts/LevelInstances/EntranceHall/LI_EntranceHall_EXT/RENDER/SM_SlateRoofRidge_Single_A115,A0CEFBC6-449F-AE1F-374D-1C9812FF6D41,1,DL_OVERLAND;DL_RENDER,DL_HW_EXT,LI_Hogwarts > LI_EntranceHall_EXT,/Game/Levels/Overland/Hogwarts/EntranceHall/LI_EntranceHall_EXT,,-9499.1,-26089.7,13145.6
SM_SlateRoofRidge_Single_A116,StaticMeshActor,LV_Overland/Hogwarts/LI_Hogwarts/LevelInstances/EntranceHall/LI_EntranceHall_EXT/RENDER/SM_SlateRoofRidge_Single_A116,C159EA50-4B76-872F-83F6-2FA533B2F3FD,1,DL_OVERLAND;DL_RENDER,DL_HW_EXT,LI_Hogwarts > LI_EntranceHall_EXT,/Game/Levels/Overland/Hogwarts/EntranceHall/LI_EntranceHall_EXT,,-9479.3,-26056.1,13247.5
SM_SlateRoofRidge_Single_A117,StaticMeshActor,LV_Overland/Hogwarts/LI_Hogwarts/LevelInstances/EntranceHall/LI_EntranceHall_EXT/RENDER/SM_SlateRoofRidge_Single_A117,7923EE35-44E3-97EA-E047-18BA24E23247,1,DL_OVERLAND;DL_RENDER,DL_HW_EXT,LI_Hogwarts > LI_EntranceHall_EXT,/Game/Levels/Overland/Hogwarts/EntranceHall/LI_EntranceHall_EXT,,-9466.8,-26033.7,13315.0
SM_SlateRoofRidge_Single_A118,StaticMeshActor,LV_Overland/Hogwarts/LI_Hogwarts/LevelInstances/EntranceHall/LI_EntranceHall_EXT/RENDER/SM_SlateRoofRidge_Single_A118,8896C903-49DA-AF2A-0D30-17A5E5872DC7,1,DL_OVERLAND;DL_RENDER,DL_HW_EXT,LI_Hogwarts > LI_EntranceHall_EXT,/Game/Levels/Overland/Hogwarts/EntranceHall/LI_EntranceHall_EXT,,-9457.1,-26020.7,13355.4
SM_SlateRoofRidge_Single_A119,StaticMeshActor,LV_Overland/Hogwarts/LI_Hogwarts/LevelInstances/EntranceHall/LI_EntranceHall_EXT/RENDER/SM_SlateRoofRidge_Single_A119,5B785215-4758-FB39-19E8-A3B4A7F0C272,1,DL_OVERLAND;DL_RENDER,DL_HW_EXT,LI_Hogwarts > LI_EntranceHall_EXT,/Game/Levels/Overland/Hogwarts/EntranceHall/LI_EntranceHall_EXT,,-9450.4,-26007.4,13393.4
SM_SlateRoofRidge_Single_A12,StaticMeshActor,LV_Overland/Hogwarts/LI_Hogwarts/LevelInstances/EntranceHall/LI_EntranceHall_EXT/RENDER/SM_SlateRoofRidge_Single_A12,C5278DC1-4EC4-45E3-C70E-3398C0AD92B2,1,DL_OVERLAND;DL_RENDER,DL_HW_EXT,LI_Hogwarts > LI_EntranceHall_EXT,/Game/Levels/Overland/Hogwarts/EntranceHall/LI_EntranceHall_EXT,,-9000.2,-26216.2,13037.9
SM_SlateRoofRidge_Single_A120,StaticMeshActor,LV_Overland/Hogwarts/LI_Hogwarts/LevelInstances/EntranceHall/LI_EntranceHall_EXT/RENDER/SM_SlateRoofRidge_Single_A120,3D5E3D73-464A-9B45-E818-EC8165366661,1,DL_OVERLAND;DL_RENDER,DL_HW_EXT,LI_Hogwarts > LI_EntranceHall_EXT,/Game/Levels/Overland/Hogwarts/EntranceHall/LI_EntranceHall_EXT,,-9571.5,-26202.3,12794.7
SM_SlateRoofRidge_Single_A13,StaticMeshActor,LV_Overland/Hogwarts/LI_Hogwarts/LevelInstances/EntranceHall/LI_EntranceHall_EXT/RENDER/SM_SlateRoofRidge_Single_A13,630AD541-47A7-E432-FA93-DF98F47C5A84,1,DL_OVERLAND;DL_RENDER,DL_HW_EXT,LI_Hogwarts > LI_EntranceHall_EXT,/Game/Levels/Overland/Hogwarts/EntranceHall/LI_EntranceHall_EXT,,-9008.7,-26176.2,13145.6
SM_SlateRoofRidge_Single_A14,StaticMeshActor,LV_Overland/Hogwarts/LI_Hogwarts/LevelInstances/EntranceHall/LI_EntranceHall_EXT/RENDER/SM_SlateRoofRidge_Single_A14,178C313D-4D0B-0ADB-1C26-388987D35EF3,1,DL_OVERLAND;DL_RENDER,DL_HW_EXT,LI_Hogwarts > LI_EntranceHall_EXT,/Game/Levels/Overland/Hogwarts/EntranceHall/LI_EntranceHall_EXT,,-9017.1,-26137.5,13246.6
SM_SlateRoofRidge_Single_A15,StaticMeshActor,LV_Overland/Hogwarts/LI_Hogwarts/LevelInstances/EntranceHall/LI_EntranceHall_EXT/RENDER/SM_SlateRoofRidge_Single_A15,3DA02D8B-4CE1-E595-7942-E4872F408500,1,DL_OVERLAND;DL_RENDER,DL_HW_EXT,LI_Hogwarts > LI_EntranceHall_EXT,/Game/Levels/Overland/Hogwarts/EntranceHall/LI_EntranceHall_EXT,,-9023.1,-26112.7,13312.9
SM_SlateRoofRidge_Single_A16,StaticMeshActor,LV_Overland/Hogwarts/LI_Hogwarts/LevelInstances/EntranceHall/LI_EntranceHall_EXT/RENDER/SM_SlateRoofRidge_Single_A16,78E07BE8-46C8-8749-E3F3-138185B59A10,1,DL_OVERLAND;DL_RENDER,DL_HW_EXT,LI_Hogwarts > LI_EntranceHall_EXT,/Game/Levels/Overland/Hogwarts/EntranceHall/LI_EntranceHall_EXT,,-9025.0,-26080.1,13394.1
SM_SlateRoofRidge_Single_A17,StaticMeshActor,LV_Overland/Hogwarts/LI_Hogwarts/LevelInstances/EntranceHall/LI_EntranceHall_EXT/RENDER/SM_SlateRoofRidge_Single_A17,3E035577-4105-8D9E-3D60-BB8220316885,1,DL_OVERLAND;DL_RENDER,DL_HW_EXT,LI_Hogwarts > LI_EntranceHall_EXT,/Game/Levels/Overland/Hogwarts/EntranceHall/LI_EntranceHall_EXT,,-9023.1,-26097.5,13349.4
SM_SlateRoofRidge_Single_A18,StaticMeshActor,LV_Overland/Hogwarts/LI_Hogwarts/LevelInstances/EntranceHall/LI_EntranceHall_EXT/RENDER/SM_SlateRoofRidge_Single_A18,B93F3A1A-41FF-DF02-5B45-0C8E834092AD,1,DL_OVERLAND;DL_RENDER,DL_HW_EXT,LI_Hogwarts > LI_EntranceHall_EXT,/Game/Levels/Overland/Hogwarts/EntranceHall/LI_EntranceHall_EXT,,-8662.8,-26254.1,12479.4
SM_SlateRoofRidge_Single_A19,StaticMeshActor,LV_Overland/Hogwarts/LI_Hogwarts/LevelInstances/EntranceHall/LI_EntranceHall_EXT/RENDER/SM_SlateRoofRidge_Single_A19,FDF263E1-4BC3-8AFC-59DE-FF954D954D3C,1,DL_OVERLAND;DL_RENDER,DL_HW_EXT,LI_Hogwarts > LI_EntranceHall_EXT,/Game/Levels/Overland/Hogwarts/EntranceHall/LI_EntranceHall_EXT,,-8678.4,-26241.9,12510.5
SM_SlateRoofRidge_Single_A2,StaticMeshActor,LV_Overland/Hogwarts/LI_Hogwarts/LevelInstances/EntranceHall/LI_EntranceHall_EXT/RENDER/SM_SlateRoofRidge_Single_A2,1F1FBBA1-4C93-0530-E4E8-D485C495089F,1,DL_OVERLAND;DL_RENDER,DL_HW_EXT,LI_Hogwarts > LI_EntranceHall_EXT,/Game/Levels/Overland/Hogwarts/EntranceHall/LI_EntranceHall_EXT,,-8916.0,-26547.9,12362.3
SM_SlateRoofRidge_Single_A20,StaticMeshActor,LV_Overland/Hogwarts/LI_Hogwarts/LevelInstances/EntranceHall/LI_EntranceHall_EXT/RENDER/SM_SlateRoofRidge_Single_A20,FC73BC13-40BC-3E8C-FCB2-A98B55612D51,1,DL_OVERLAND;DL_RENDER,DL_HW_EXT,LI_Hogwarts > LI_EntranceHall_EXT,/Game/Levels/Overland/Hogwarts/EntranceHall/LI_EntranceHall_EXT,,-8709.1,-26221.4,12581.0
SM_SlateRoofRidge_Single_A21,StaticMeshActor,LV_Overland/Hogwarts/LI_Hogwarts/LevelInstances/EntranceHall/LI_EntranceHall_EXT/RENDER/SM_SlateRoofRidge_Single_A21,DEAF080F-46A7-BE5E-3A85-2986C68117B7,1,DL_OVERLAND;DL_RENDER,DL_HW_EXT,LI_Hogwarts > LI_EntranceHall_EXT,/Game/Levels/Overland/Hogwarts/EntranceHall/LI_EntranceHall_EXT,,-8748.3,-26198.6,12680.2
SM_SlateRoofRidge_Single_A22,StaticMeshActor,LV_Overland/Hogwarts/LI_Hogwarts/LevelInstances/EntranceHall/LI_EntranceHall_EXT/RENDER/SM_SlateRoofRidge_Single_A22,F41A5834-4C3C-04E1-A28F-CD8A36155A6E,1,DL_OVERLAND;DL_RENDER,DL_HW_EXT,LI_Hogwarts > LI_EntranceHall_EXT,/Game/Levels/Overland/Hogwarts/EntranceHall/LI_EntranceHall_EXT,,-8785.3,-26175.5,12784.2
SM_SlateRoofRidge_Single_A23,StaticMeshActor,LV_Overland/Hogwarts/LI_Hogwarts/LevelInstances/EntranceHall/LI_EntranceHall_EXT/RENDER/SM_SlateRoofRidge_Single_A23,AEF8D4C9-4B6C-6639-A1C1-9CAC7ECFA6C7,1,DL_OVERLAND;DL_RENDER,DL_HW_EXT,LI_Hogwarts > LI_EntranceHall_EXT,/Game/Levels/Overland/Hogwarts/EntranceHall/LI_EntranceHall_EXT,,-8841.2,-26138.0,12959.2
SM_SlateRoofRidge_Single_A24,StaticMeshActor,LV_Overland/Hogwarts/LI_Hogwarts/LevelInstances/EntranceHall/LI_EntranceHall_EXT/RENDER/SM_SlateRoofRidge_Single_A24,8BC4851C-4D9E-7163-9D65-2B9D91ABD02C,1,DL_OVERLAND;DL_RENDER,DL_HW_EXT,LI_Hogwarts > LI_EntranceHall_EXT,/Game/Levels/Overland/Hogwarts/EntranceHall/LI_EntranceHall_EXT,,-8863.1,-26125.0,13028.0
SM_SlateRoofRidge_Single_A25,StaticMeshActor,LV_Overland/Hogwarts/LI_Hogwarts/LevelInstances/EntranceHall/LI_EntranceHall_EXT/RENDER/SM_SlateRoofRidge_Single_A25,104504E5-4A4C-60D9-01E7-DDB7CBE5C542,1,DL_OVERLAND;DL_RENDER,DL_HW_EXT,LI_Hogwarts > LI_EntranceHall_EXT,/Game/Levels/Overland/Hogwarts/EntranceHall/LI_EntranceHall_EXT,,-8897.6,-26102.3,13135.6
SM_SlateRoofRidge_Single_A26,StaticMeshActor,LV_Overland/Hogwarts/LI_Hogwarts/LevelInstances/EntranceHall/LI_EntranceHall_EXT/RENDER/SM_SlateRoofRidge_Single_A26,4F308E2B-4304-CB14-80C3-AFAD093B2FCE,1,DL_OVERLAND;DL_RENDER,DL_HW_EXT,LI_Hogwarts > LI_EntranceHall_EXT,/Game/Levels/Overland/Hogwarts/EntranceHall/LI_EntranceHall_EXT,,-8930.5,-26081.2,13236.7
SM_SlateRoofRidge_Single_A27,StaticMeshActor,LV_Overland/Hogwarts/LI_Hogwarts/LevelInstances/EntranceHall/LI_EntranceHall_EXT/RENDER/SM_SlateRoofRidge_Single_A27,733C462E-41AD-E6CB-19A8-ED810BA7B705,1,DL_OVERLAND;DL_RENDER,DL_HW_EXT,LI_Hogwarts > LI_EntranceHall_EXT,/Game/Levels/Overland/Hogwarts/EntranceHall/LI_EntranceHall_EXT,,-8964.6,-26059.8,13339.3
SM_SlateRoofRidge_Single_A28,StaticMeshActor,LV_Overland/Hogwarts/LI_Hogwarts/LevelInstances/EntranceHall/LI_EntranceHall_EXT/RENDER/SM_SlateRoofRidge_Single_A28,A0477A67-4053-A923-2328-6FAE64BCD816,1,DL_OVERLAND;DL_RENDER,DL_HW_EXT,LI_Hogwarts > LI_EntranceHall_EXT,/Game/Levels/Overland/Hogwarts/EntranceHall/LI_EntranceHall_EXT,,-8951.6,-26066.7,13302.9
SM_SlateRoofRidge_Single_A29,StaticMeshActor,LV_Overland/Hogwarts/LI_Hogwarts/LevelInstances/EntranceHall/LI_EntranceHall_EXT/RENDER/SM_SlateRoofRidge_Single_A29,DCED7DA9-4545-7115-9ED3-0A9CCD5604C7,1,DL_OVERLAND;DL_RENDER,DL_HW_EXT,LI_Hogwarts > LI_EntranceHall_EXT,/Game/Levels/Overland/Hogwarts/EntranceHall/LI_EntranceHall_EXT,,-8980.2,-26051.7,13383.8
SM_SlateRoofRidge_Single_A3,StaticMeshActor,LV_Overland/Hogwarts/LI_Hogwarts/LevelInstances/EntranceHall/LI_EntranceHall_EXT/RENDER/SM_SlateRoofRidge_Single_A3,B655D93A-4066-3977-DE5C-F383E1D104CF,1,DL_OVERLAND;DL_RENDER,DL_HW_EXT,LI_Hogwarts > LI_EntranceHall_EXT,/Game/Levels/Overland/Hogwarts/EntranceHall/LI_EntranceHall_EXT,,-8926.7,-26511.1,12396.6
SM_SlateRoofRidge_Single_A30,StaticMeshActor,LV_Overland/Hogwarts/LI_Hogwarts/LevelInstances/EntranceHall/LI_EntranceHall_EXT/RENDER/SM_SlateRoofRidge_Single_A30,503E9ED8-4E85-95EA-86BF-4D9B60AC0C31,1,DL_OVERLAND;DL_RENDER,DL_HW_EXT,LI_Hogwarts > LI_EntranceHall_EXT,/Game/Levels/Overland/Hogwarts/EntranceHall/LI_EntranceHall_EXT,,-8816.4,-26156.1,12881.3
SM_SlateRoofRidge_Single_A31,StaticMeshActor,LV_Overland/Hogwarts/LI_Hogwarts/LevelInstances/EntranceHall/LI_EntranceHall_EXT/RENDER/SM_SlateRoofRidge_Single_A31,3264A3A1-41F8-EAC0-EA04-B1B1BD23D453,1,DL_OVERLAND;DL_RENDER,DL_HW_EXT,LI_Hogwarts > LI_EntranceHall_EXT,/Game/Levels/Overland/Hogwarts/EntranceHall/LI_EntranceHall_EXT,,-8604.4,-25927.9,12479.7
SM_SlateRoofRidge_Single_A32,StaticMeshActor,LV_Overland/Hogwarts/LI_Hogwarts/LevelInstances/EntranceHall/LI_EntranceHall_EXT/RENDER/SM_SlateRoofRidge_Single_A32,2EAE5F9B-4A03-99C3-8FDF-4386D58CFBC4,1,DL_OVERLAND;DL_RENDER,DL_HW_EXT,LI_Hogwarts > LI_EntranceHall_EXT,/Game/Levels/Overland/Hogwarts/EntranceHall/LI_EntranceHall_EXT,,-8623.5,-25932.4,12511.0
SM_SlateRoofRidge_Single_A33,StaticMeshActor,LV_Overland/Hogwarts/LI_Hogwarts/LevelInstances/EntranceHall/LI_EntranceHall_EXT/RENDER/SM_SlateRoofRidge_Single_A33,ED5789C3-4F98-47AA-D85F-8487CF9AC263,1,DL_OVERLAND;DL_RENDER,DL_HW_EXT,LI_Hogwarts > LI_EntranceHall_EXT,/Game/Levels/Overland/Hogwarts/EntranceHall/LI_EntranceHall_EXT,,-8658.6,-25942.6,12581.8
SM_SlateRoofRidge_Single_A34,StaticMeshActor,LV_Overland/Hogwarts/LI_Hogwarts/LevelInstances/EntranceHall/LI_EntranceHall_EXT/RENDER/SM_SlateRoofRidge_Single_A34,79ECF474-4CA6-5D5D-7F83-99AC15570C39,1,DL_OVERLAND;DL_RENDER,DL_HW_EXT,LI_Hogwarts > LI_EntranceHall_EXT,/Game/Levels/Overland/Hogwarts/EntranceHall/LI_EntranceHall_EXT,,-8703.3,-25952.5,12680.8
SM_SlateRoofRidge_Single_A35,StaticMeshActor,LV_Overland/Hogwarts/LI_Hogwarts/LevelInstances/EntranceHall/LI_EntranceHall_EXT/RENDER/SM_SlateRoofRidge_Single_A35,0DFD723C-438A-6568-4649-FBBBDA4A7B51,1,DL_OVERLAND;DL_RENDER,DL_HW_EXT,LI_Hogwarts > LI_EntranceHall_EXT,/Game/Levels/Overland/Hogwarts/EntranceHall/LI_EntranceHall_EXT,,-8746.6,-25962.2,12784.3
SM_SlateRoofRidge_Single_A36,StaticMeshActor,LV_Overland/Hogwarts/LI_Hogwarts/LevelInstances/EntranceHall/LI_EntranceHall_EXT/RENDER/SM_SlateRoofRidge_Single_A36,62A4FDE2-424B-B9D8-98D2-F483B1D05158,1,DL_OVERLAND;DL_RENDER,DL_HW_EXT,LI_Hogwarts > LI_EntranceHall_EXT,/Game/Levels/Overland/Hogwarts/EntranceHall/LI_EntranceHall_EXT,,-8782.7,-25966.4,12881.3
SM_SlateRoofRidge_Single_A37,StaticMeshActor,LV_Overland/Hogwarts/LI_Hogwarts/LevelInstances/EntranceHall/LI_EntranceHall_EXT/RENDER/SM_SlateRoofRidge_Single_A37,2B79A572-4F1D-F732-15C4-478D17E276F1,1,DL_OVERLAND;DL_RENDER,DL_HW_EXT,LI_Hogwarts > LI_EntranceHall_EXT,/Game/Levels/Overland/Hogwarts/EntranceHall/LI_EntranceHall_EXT,,-8837.9,-25975.9,13028.3
SM_SlateRoofRidge_Single_A38,StaticMeshActor,LV_Overland/Hogwarts/LI_Hogwarts/LevelInstances/EntranceHall/LI_EntranceHall_EXT/RENDER/SM_SlateRoofRidge_Single_A38,5E9A4099-4522-08BC-E6A3-CCAE564EDCAD,1,DL_OVERLAND;DL_RENDER,DL_HW_EXT,LI_Hogwarts > LI_EntranceHall_EXT,/Game/Levels/Overland/Hogwarts/EntranceHall/LI_EntranceHall_EXT,,-8879.0,-25984.8,13135.7
SM_SlateRoofRidge_Single_A39,StaticMeshActor,LV_Overland/Hogwarts/LI_Hogwarts/LevelInstances/EntranceHall/LI_EntranceHall_EXT/RENDER/SM_SlateRoofRidge_Single_A39,784ECAAB-470A-FC19-5F14-7189E2CD1042,1,DL_OVERLAND;DL_RENDER,DL_HW_EXT,LI_Hogwarts > LI_EntranceHall_EXT,/Game/Levels/Overland/Hogwarts/EntranceHall/LI_EntranceHall_EXT,,-8916.1,-25993.6,13237.0
SM_SlateRoofRidge_Single_A4,StaticMeshActor,LV_Overland/Hogwarts/LI_Hogwarts/LevelInstances/EntranceHall/LI_EntranceHall_EXT/RENDER/SM_SlateRoofRidge_Single_A4,81531F7C-49B8-DF59-A8E4-8F8AADE408FC,1,DL_OVERLAND;DL_RENDER,DL_HW_EXT,LI_Hogwarts > LI_EntranceHall_EXT,/Game/Levels/Overland/Hogwarts/EntranceHall/LI_EntranceHall_EXT,,-8936.7,-26474.1,12437.4
SM_SlateRoofRidge_Single_A40,StaticMeshActor,LV_Overland/Hogwarts/LI_Hogwarts/LevelInstances/EntranceHall/LI_EntranceHall_EXT/RENDER/SM_SlateRoofRidge_Single_A40,5A327DAD-4430-1269-D5EF-F4ABDE0EC975,1,DL_OVERLAND;DL_RENDER,DL_HW_EXT,LI_Hogwarts > LI_EntranceHall_EXT,/Game/Levels/Overland/Hogwarts/EntranceHall/LI_EntranceHall_EXT,,-8957.4,-26002.2,13348.2
SM_SlateRoofRidge_Single_A41,StaticMeshActor,LV_Overland/Hogwarts/LI_Hogwarts/LevelInstances/EntranceHall/LI_EntranceHall_EXT/RENDER/SM_SlateRoofRidge_Single_A41,67E7382D-432F-3ED2-3F78-15B94FD02231,1,DL_OVERLAND;DL_RENDER,DL_HW_EXT,LI_Hogwarts > LI_EntranceHall_EXT,/Game/Levels/Overland/Hogwarts/EntranceHall/LI_EntranceHall_EXT,,-8976.2,-26006.8,13395.3
SM_SlateRoofRidge_Single_A42,StaticMeshActor,LV_Overland/Hogwarts/LI_Hogwarts/LevelInstances/EntranceHall/LI_EntranceHall_EXT/RENDER/SM_SlateRoofRidge_Single_A42,7BF5FBAD-4871-33A2-65C7-309C95F291A2,1,DL_OVERLAND;DL_RENDER,DL_HW_EXT,LI_Hogwarts > LI_EntranceHall_EXT,/Game/Levels/Overland/Hogwarts/EntranceHall/LI_EntranceHall_EXT,,-8939.8,-25997.2,13301.7
SM_SlateRoofRidge_Single_A43,StaticMeshActor,LV_Overland/Hogwarts/LI_Hogwarts/LevelInstances/EntranceHall/LI_EntranceHall_EXT/RENDER/SM_SlateRoofRidge_Single_A43,3D2A4C2E-4677-69DE-7ABD-23BD32FA7669,1,DL_OVERLAND;DL_RENDER,DL_HW_EXT,LI_Hogwarts > LI_EntranceHall_EXT,/Game/Levels/Overland/Hogwarts/EntranceHall/LI_EntranceHall_EXT,,-8812.3,-25972.5,12959.7
SM_SlateRoofRidge_Single_A44,StaticMeshActor,LV_Overland/Hogwarts/LI_Hogwarts/LevelInstances/EntranceHall/LI_EntranceHall_EXT/RENDER/SM_SlateRoofRidge_Single_A44,CABF67B2-468B-D2DF-4101-4C9305FD8EDB,1,DL_OVERLAND;DL_RENDER,DL_HW_EXT,LI_Hogwarts > LI_EntranceHall_EXT,/Game/Levels/Overland/Hogwarts/EntranceHall/LI_EntranceHall_EXT,,-8726.8,-25535.7,12337.5
SM_SlateRoofRidge_Single_A45,StaticMeshActor,LV_Overland/Hogwarts/LI_Hogwarts/LevelInstances/EntranceHall/LI_EntranceHall_EXT/RENDER/SM_SlateRoofRidge_Single_A45,F088DC46-4CEB-6EE3-8531-A399AC343D02,1,DL_OVERLAND;DL_RENDER,DL_HW_EXT,LI_Hogwarts > LI_EntranceHall_EXT,/Game/Levels/Overland/Hogwarts/EntranceHall/LI_EntranceHall_EXT,,-8745.0,-25557.2,12362.0
SM_SlateRoofRidge_Single_A46,StaticMeshActor,LV_Overland/Hogwarts/LI_Hogwarts/LevelInstances/EntranceHall/LI_EntranceHall_EXT/RENDER/SM_SlateRoofRidge_Single_A46,4F622569-40E8-4669-3919-AA9067C3E26B,1,DL_OVERLAND;DL_RENDER,DL_HW_EXT,LI_Hogwarts > LI_EntranceHall_EXT,/Game/Levels/Overland/Hogwarts/EntranceHall/LI_EntranceHall_EXT,,-8767.7,-25591.4,12399.5
SM_SlateRoofRidge_Single_A47,StaticMeshActor,LV_Overland/Hogwarts/LI_Hogwarts/LevelInstances/EntranceHall/LI_EntranceHall_EXT/RENDER/SM_SlateRoofRidge_Single_A47,B21D2439-4860-BAD7-FDE7-37A037650E7D,1,DL_OVERLAND;DL_RENDER,DL_HW_EXT,LI_Hogwarts > LI_EntranceHall_EXT,/Game/Levels/Overland/Hogwarts/EntranceHall/LI_EntranceHall_EXT,,-8787.1,-25624.1,12439.8
SM_SlateRoofRidge_Single_A48,StaticMeshActor,LV_Overland/Hogwarts/LI_Hogwarts/LevelInstances/EntranceHall/LI_EntranceHall_EXT/RENDER/SM_SlateRoofRidge_Single_A48,7DD5591F-4015-55C6-D3B5-92B93A2A0C8C,1,DL_OVERLAND;DL_RENDER,DL_HW_EXT,LI_Hogwarts > LI_EntranceHall_EXT,/Game/Levels/Overland/Hogwarts/EntranceHall/LI_EntranceHall_EXT,,-8804.0,-25647.3,12477.2
SM_SlateRoofRidge_Single_A49,StaticMeshActor,LV_Overland/Hogwarts/LI_Hogwarts/LevelInstances/EntranceHall/LI_EntranceHall_EXT/RENDER/SM_SlateRoofRidge_Single_A49,6564F165-4E2F-1A0B-6CEF-15A32F17960F,1,DL_OVERLAND;DL_RENDER,DL_HW_EXT,LI_Hogwarts > LI_EntranceHall_EXT,/Game/Levels/Overland/Hogwarts/EntranceHall/LI_EntranceHall_EXT,,-8817.9,-25668.8,12518.2
SM_SlateRoofRidge_Single_A5,StaticMeshActor,LV_Overland/Hogwarts/LI_Hogwarts/LevelInstances/EntranceHall/LI_EntranceHall_EXT/RENDER/SM_SlateRoofRidge_Single_A5,FCF09305-47AF-68CD-C4A5-26A249B9B90A,1,DL_OVERLAND;DL_RENDER,DL_HW_EXT,LI_Hogwarts > LI_EntranceHall_EXT,/Game/Levels/Overland/Hogwarts/EntranceHall/LI_EntranceHall_EXT,,-8943.4,-26446.8,12475.0
SM_SlateRoofRidge_Single_A50,StaticMeshActor,LV_Overland/Hogwarts/LI_Hogwarts/LevelInstances/EntranceHall/LI_EntranceHall_EXT/RENDER/SM_SlateRoofRidge_Single_A50,0BCAD4CA-46AE-099D-379A-5F926BFD8CA4,1,DL_OVERLAND;DL_RENDER,DL_HW_EXT,LI_Hogwarts > LI_EntranceHall_EXT,/Game/Levels/Overland/Hogwarts/EntranceHall/LI_EntranceHall_EXT,,-8835.5,-25697.0,12590.5
SM_SlateRoofRidge_Single_A51,StaticMeshActor,LV_Overland/Hogwarts/LI_Hogwarts/LevelInstances/EntranceHall/LI_EntranceHall_EXT/RENDER/SM_SlateRoofRidge_Single_A51,E1716095-41BC-9EEF-E088-34BEA1806740,1,DL_OVERLAND;DL_RENDER,DL_HW_EXT,LI_Hogwarts > LI_EntranceHall_EXT,/Game/Levels/Overland/Hogwarts/EntranceHall/LI_EntranceHall_EXT,,-8860.7,-25734.0,12690.1
SM_SlateRoofRidge_Single_A52,StaticMeshActor,LV_Overland/Hogwarts/LI_Hogwarts/LevelInstances/EntranceHall/LI_EntranceHall_EXT/RENDER/SM_SlateRoofRidge_Single_A52,63135890-4BAE-1904-4368-41812452A66F,1,DL_OVERLAND;DL_RENDER,DL_HW_EXT,LI_Hogwarts > LI_EntranceHall_EXT,/Game/Levels/Overland/Hogwarts/EntranceHall/LI_EntranceHall_EXT,,-8906.5,-25797.4,12892.0
SM_SlateRoofRidge_Single_A53,StaticMeshActor,LV_Overland/Hogwarts/LI_Hogwarts/LevelInstances/EntranceHall/LI_EntranceHall_EXT/RENDER/SM_SlateRoofRidge_Single_A53,ED2A11F5-4001-D457-9D59-31ACCA481F7D,1,DL_OVERLAND;DL_RENDER,DL_HW_EXT,LI_Hogwarts > LI_EntranceHall_EXT,/Game/Levels/Overland/Hogwarts/EntranceHall/LI_EntranceHall_EXT,,-8922.1,-25819.2,12962.1
SM_SlateRoofRidge_Single_A54,StaticMeshActor,LV_Overland/Hogwarts/LI_Hogwarts/LevelInstances/EntranceHall/LI_EntranceHall_EXT/RENDER/SM_SlateRoofRidge_Single_A54,0F3C268C-48B9-177F-F008-0388C705C6DF,1,DL_OVERLAND;DL_RENDER,DL_HW_EXT,LI_Hogwarts > LI_EntranceHall_EXT,/Game/Levels/Overland/Hogwarts/EntranceHall/LI_EntranceHall_EXT,,-8935.3,-25844.6,13039.0
SM_SlateRoofRidge_Single_A55,StaticMeshActor,LV_Overland/Hogwarts/LI_Hogwarts/LevelInstances/EntranceHall/LI_EntranceHall_EXT/RENDER/SM_SlateRoofRidge_Single_A55,F45DBB99-4E8D-6A4C-3BC8-3292C0A48685,1,DL_OVERLAND;DL_RENDER,DL_HW_EXT,LI_Hogwarts > LI_EntranceHall_EXT,/Game/Levels/Overland/Hogwarts/EntranceHall/LI_EntranceHall_EXT,,-8956.8,-25881.4,13145.6
SM_SlateRoofRidge_Single_A56,StaticMeshActor,LV_Overland/Hogwarts/LI_Hogwarts/LevelInstances/EntranceHall/LI_EntranceHall_EXT/RENDER/SM_SlateRoofRidge_Single_A56,5CABD59C-4B1A-4419-050F-A38061C4DC97,1,DL_OVERLAND;DL_RENDER,DL_HW_EXT,LI_Hogwarts > LI_EntranceHall_EXT,/Game/Levels/Overland/Hogwarts/EntranceHall/LI_EntranceHall_EXT,,-8976.5,-25915.0,13247.5
SM_SlateRoofRidge_Single_A57,StaticMeshActor,LV_Overland/Hogwarts/LI_Hogwarts/LevelInstances/EntranceHall/LI_EntranceHall_EXT/RENDER/SM_SlateRoofRidge_Single_A57,7734D8EE-4D7E-1B38-0B77-B2B9AFEE464D,1,DL_OVERLAND;DL_RENDER,DL_HW_EXT,LI_Hogwarts > LI_EntranceHall_EXT,/Game/Levels/Overland/Hogwarts/EntranceHall/LI_EntranceHall_EXT,,-8991.8,-25935.8,13314.6
SM_SlateRoofRidge_Single_A58,StaticMeshActor,LV_Overland/Hogwarts/LI_Hogwarts/LevelInstances/EntranceHall/LI_EntranceHall_EXT/RENDER/SM_SlateRoofRidge_Single_A58,F1459400-4C3B-1F86-0A99-1585ED116ED6,1,DL_OVERLAND;DL_RENDER,DL_HW_EXT,LI_Hogwarts > LI_EntranceHall_EXT,/Game/Levels/Overland/Hogwarts/EntranceHall/LI_EntranceHall_EXT,,-8998.8,-25947.6,13351.4
SM_SlateRoofRidge_Single_A59,StaticMeshActor,LV_Overland/Hogwarts/LI_Hogwarts/LevelInstances/EntranceHall/LI_EntranceHall_EXT/RENDER/SM_SlateRoofRidge_Single_A59,C175AD09-4540-9F12-69AC-0CB19EEC6EBC,1,DL_OVERLAND;DL_RENDER,DL_HW_EXT,LI_Hogwarts > LI_EntranceHall_EXT,/Game/Levels/Overland/Hogwarts/EntranceHall/LI_EntranceHall_EXT,,-9005.6,-25962.4,13391.1
SM_SlateRoofRidge_Single_A6,StaticMeshActor,LV_Overland/Hogwarts/LI_Hogwarts/LevelInstances/EntranceHall/LI_EntranceHall_EXT/RENDER/SM_SlateRoofRidge_Single_A6,24AF1EB5-4679-25E8-5D24-CA84EC2BE241,1,DL_OVERLAND;DL_RENDER,DL_HW_EXT,LI_Hogwarts > LI_EntranceHall_EXT,/Game/Levels/Overland/Hogwarts/EntranceHall/LI_EntranceHall_EXT,,-8949.3,-26424.0,12517.7
SM_SlateRoofRidge_Single_A60,StaticMeshActor,LV_Overland/Hogwarts/LI_Hogwarts/LevelInstances/EntranceHall/LI_EntranceHall_EXT/RENDER/SM_SlateRoofRidge_Single_A60,FEE6E3E9-4D3B-8696-6B20-8D912FA05B6B,1,DL_OVERLAND;DL_RENDER,DL_HW_EXT,LI_Hogwarts > LI_EntranceHall_EXT,/Game/Levels/Overland/Hogwarts/EntranceHall/LI_EntranceHall_EXT,,-8884.3,-25768.4,12794.9
SM_SlateRoofRidge_Single_A61,StaticMeshActor,LV_Overland/Hogwarts/LI_Hogwarts/LevelInstances/EntranceHall/LI_EntranceHall_EXT/RENDER/SM_SlateRoofRidge_Single_A61,72D92D00-4256-8AE0-487E-769A23692286,1,DL_OVERLAND;DL_RENDER,DL_HW_EXT,LI_Hogwarts > LI_EntranceHall_EXT,/Game/Levels/Overland/Hogwarts/EntranceHall/LI_EntranceHall_EXT,,-9548.8,-25387.0,12334.2
SM_SlateRoofRidge_Single_A62,StaticMeshActor,LV_Overland/Hogwarts/LI_Hogwarts/LevelInstances/EntranceHall/LI_EntranceHall_EXT/RENDER/SM_SlateRoofRidge_Single_A62,B3AD4D67-4DFE-0071-6E16-09B19370CDB2,1,DL_OVERLAND;DL_RENDER,DL_HW_EXT,LI_Hogwarts > LI_EntranceHall_EXT,/Game/Levels/Overland/Hogwarts/EntranceHall/LI_EntranceHall_EXT,,-9539.2,-25423.1,12362.3
SM_SlateRoofRidge_Single_A63,StaticMeshActor,LV_Overland/Hogwarts/LI_Hogwarts/LevelInstances/EntranceHall/LI_EntranceHall_EXT/RENDER/SM_SlateRoofRidge_Single_A63,65C91CA0-45C6-78AA-4E74-568A6EB57AE3,1,DL_OVERLAND;DL_RENDER,DL_HW_EXT,LI_Hogwarts > LI_EntranceHall_EXT,/Game/Levels/Overland/Hogwarts/EntranceHall/LI_EntranceHall_EXT,,-9528.4,-25460.0,12396.6
SM_SlateRoofRidge_Single_A64,StaticMeshActor,LV_Overland/Hogwarts/LI_Hogwarts/LevelInstances/EntranceHall/LI_EntranceHall_EXT/RENDER/SM_SlateRoofRidge_Single_A64,DB8665E9-4D32-E5F5-63C8-C4A8B8C06059,1,DL_OVERLAND;DL_RENDER,DL_HW_EXT,LI_Hogwarts > LI_EntranceHall_EXT,/Game/Levels/Overland/Hogwarts/EntranceHall/LI_EntranceHall_EXT,,-9518.6,-25497.0,12437.4
SM_SlateRoofRidge_Single_A65,StaticMeshActor,LV_Overland/Hogwarts/LI_Hogwarts/LevelInstances/EntranceHall/LI_EntranceHall_EXT/RENDER/SM_SlateRoofRidge_Single_A65,748012BE-4469-8ECC-D480-43A4BB47D0F6,1,DL_OVERLAND;DL_RENDER,DL_HW_EXT,LI_Hogwarts > LI_EntranceHall_EXT,/Game/Levels/Overland/Hogwarts/EntranceHall/LI_EntranceHall_EXT,,-9511.8,-25524.3,12475.0
SM_SlateRoofRidge_Single_A66,StaticMeshActor,LV_Overland/Hogwarts/LI_Hogwarts/LevelInstances/EntranceHall/LI_EntranceHall_EXT/RENDER/SM_SlateRoofRidge_Single_A66,673FBCE2-45BE-B155-7552-9A95E8CDD4BB,1,DL_OVERLAND;DL_RENDER,DL_HW_EXT,LI_Hogwarts > LI_EntranceHall_EXT,/Game/Levels/Overland/Hogwarts/EntranceHall/LI_EntranceHall_EXT,,-9506.6,-25547.4,12517.5
SM_SlateRoofRidge_Single_A67,StaticMeshActor,LV_Overland/Hogwarts/LI_Hogwarts/LevelInstances/EntranceHall/LI_EntranceHall_EXT/RENDER/SM_SlateRoofRidge_Single_A67,D63969FB-43DD-5DB2-EB8F-6A918EA2EF6F,1,DL_OVERLAND;DL_RENDER,DL_HW_EXT,LI_Hogwarts > LI_EntranceHall_EXT,/Game/Levels/Overland/Hogwarts/EntranceHall/LI_EntranceHall_EXT,,-9498.1,-25580.4,12590.0
SM_SlateRoofRidge_Single_A68,StaticMeshActor,LV_Overland/Hogwarts/LI_Hogwarts/LevelInstances/EntranceHall/LI_EntranceHall_EXT/RENDER/SM_SlateRoofRidge_Single_A68,D50CB059-4612-A416-F245-299B35683554,1,DL_OVERLAND;DL_RENDER,DL_HW_EXT,LI_Hogwarts > LI_EntranceHall_EXT,/Game/Levels/Overland/Hogwarts/EntranceHall/LI_EntranceHall_EXT,,-9485.9,-25623.2,12689.6
SM_SlateRoofRidge_Single_A69,StaticMeshActor,LV_Overland/Hogwarts/LI_Hogwarts/LevelInstances/EntranceHall/LI_EntranceHall_EXT/RENDER/SM_SlateRoofRidge_Single_A69,6776DDFB-4970-D065-3B81-4AB949273459,1,DL_OVERLAND;DL_RENDER,DL_HW_EXT,LI_Hogwarts > LI_EntranceHall_EXT,/Game/Levels/Overland/Hogwarts/EntranceHall/LI_EntranceHall_EXT,,-9474.5,-25664.4,12794.0
SM_SlateRoofRidge_Single_A7,StaticMeshActor,LV_Overland/Hogwarts/LI_Hogwarts/LevelInstances/EntranceHall/LI_EntranceHall_EXT/RENDER/SM_SlateRoofRidge_Single_A7,70D392FF-4165-1CE4-94D9-7CA29DA24E92,1,DL_OVERLAND;DL_RENDER,DL_HW_EXT,LI_Hogwarts > LI_EntranceHall_EXT,/Game/Levels/Overland/Hogwarts/EntranceHall/LI_EntranceHall_EXT,,-8957.3,-26390.4,12589.8
SM_SlateRoofRidge_Single_A70,StaticMeshActor,LV_Overland/Hogwarts/LI_Hogwarts/LevelInstances/EntranceHall/LI_EntranceHall_EXT/RENDER/SM_SlateRoofRidge_Single_A70,557A3CCF-4772-667A-8BCA-06957DBC0989,1,DL_OVERLAND;DL_RENDER,DL_HW_EXT,LI_Hogwarts > LI_EntranceHall_EXT,/Game/Levels/Overland/Hogwarts/EntranceHall/LI_EntranceHall_EXT,,-9466.8,-25700.1,12891.1
SM_SlateRoofRidge_Single_A71,StaticMeshActor,LV_Overland/Hogwarts/LI_Hogwarts/LevelInstances/EntranceHall/LI_EntranceHall_EXT/RENDER/SM_SlateRoofRidge_Single_A71,0396ECA7-4119-70B5-8B92-EDAF400EA08A,1,DL_OVERLAND;DL_RENDER,DL_HW_EXT,LI_Hogwarts > LI_EntranceHall_EXT,/Game/Levels/Overland/Hogwarts/EntranceHall/LI_EntranceHall_EXT,,-9460.7,-25729.6,12969.3
SM_SlateRoofRidge_Single_A72,StaticMeshActor,LV_Overland/Hogwarts/LI_Hogwarts/LevelInstances/EntranceHall/LI_EntranceHall_EXT/RENDER/SM_SlateRoofRidge_Single_A72,D8EECBE2-4E9E-6060-DD51-D6990DB5B5F6,1,DL_OVERLAND;DL_RENDER,DL_HW_EXT,LI_Hogwarts > LI_EntranceHall_EXT,/Game/Levels/Overland/Hogwarts/EntranceHall/LI_EntranceHall_EXT,,-9455.3,-25754.8,13038.0
SM_SlateRoofRidge_Single_A73,StaticMeshActor,LV_Overland/Hogwarts/LI_Hogwarts/LevelInstances/EntranceHall/LI_EntranceHall_EXT/RENDER/SM_SlateRoofRidge_Single_A73,E2FC5B0E-4397-4134-DB36-7599A5BC9844,1,DL_OVERLAND;DL_RENDER,DL_HW_EXT,LI_Hogwarts > LI_EntranceHall_EXT,/Game/Levels/Overland/Hogwarts/EntranceHall/LI_EntranceHall_EXT,,-9446.8,-25794.5,13145.8
SM_SlateRoofRidge_Single_A74,StaticMeshActor,LV_Overland/Hogwarts/LI_Hogwarts/LevelInstances/EntranceHall/LI_EntranceHall_EXT/RENDER/SM_SlateRoofRidge_Single_A74,6030B981-4740-2DD9-6E23-E4B7303571B1,1,DL_OVERLAND;DL_RENDER,DL_HW_EXT,LI_Hogwarts > LI_EntranceHall_EXT,/Game/Levels/Overland/Hogwarts/EntranceHall/LI_EntranceHall_EXT,,-9437.3,-25832.4,13246.9
SM_SlateRoofRidge_Single_A75,StaticMeshActor,LV_Overland/Hogwarts/LI_Hogwarts/LevelInstances/EntranceHall/LI_EntranceHall_EXT/RENDER/SM_SlateRoofRidge_Single_A75,7AB3011B-437A-0C10-3280-63BBD580FB41,1,DL_OVERLAND;DL_RENDER,DL_HW_EXT,LI_Hogwarts > LI_EntranceHall_EXT,/Game/Levels/Overland/Hogwarts/EntranceHall/LI_EntranceHall_EXT,,-9432.6,-25858.0,13313.3
SM_SlateRoofRidge_Single_A76,StaticMeshActor,LV_Overland/Hogwarts/LI_Hogwarts/LevelInstances/EntranceHall/LI_EntranceHall_EXT/RENDER/SM_SlateRoofRidge_Single_A76,6B3146E9-410C-CB0A-6CE1-FC9825FE9D02,1,DL_OVERLAND;DL_RENDER,DL_HW_EXT,LI_Hogwarts > LI_EntranceHall_EXT,/Game/Levels/Overland/Hogwarts/EntranceHall/LI_EntranceHall_EXT,,-9431.8,-25887.9,13387.9
SM_SlateRoofRidge_Single_A77,StaticMeshActor,LV_Overland/Hogwarts/LI_Hogwarts/LevelInstances/EntranceHall/LI_EntranceHall_EXT/RENDER/SM_SlateRoofRidge_Single_A77,2CCF7FCB-4152-FB02-7566-36BE006EA6B8,1,DL_OVERLAND;DL_RENDER,DL_HW_EXT,LI_Hogwarts > LI_EntranceHall_EXT,/Game/Levels/Overland/Hogwarts/EntranceHall/LI_EntranceHall_EXT,,-9432.7,-25872.8,13349.8
SM_SlateRoofRidge_Single_A78,StaticMeshActor,LV_Overland/Hogwarts/LI_Hogwarts/LevelInstances/EntranceHall/LI_EntranceHall_EXT/RENDER/SM_SlateRoofRidge_Single_A78,7FCC008D-4C42-2501-0EEC-3FB39067AA80,1,DL_OVERLAND;DL_RENDER,DL_HW_EXT,LI_Hogwarts > LI_EntranceHall_EXT,/Game/Levels/Overland/Hogwarts/EntranceHall/LI_EntranceHall_EXT,,-9793.0,-25716.4,12479.4
SM_SlateRoofRidge_Single_A79,StaticMeshActor,LV_Overland/Hogwarts/LI_Hogwarts/LevelInstances/EntranceHall/LI_EntranceHall_EXT/RENDER/SM_SlateRoofRidge_Single_A79,AA90D7F9-4B41-717F-E21A-BF85E996A209,1,DL_OVERLAND;DL_RENDER,DL_HW_EXT,LI_Hogwarts > LI_EntranceHall_EXT,/Game/Levels/Overland/Hogwarts/EntranceHall/LI_EntranceHall_EXT,,-9776.5,-25729.2,12510.4
SM_SlateRoofRidge_Single_A8,StaticMeshActor,LV_Overland/Hogwarts/LI_Hogwarts/LevelInstances/EntranceHall/LI_EntranceHall_EXT/RENDER/SM_SlateRoofRidge_Single_A8,F41ADD74-45D7-4F42-4038-6BA1596D67D7,1,DL_OVERLAND;DL_RENDER,DL_HW_EXT,LI_Hogwarts > LI_EntranceHall_EXT,/Game/Levels/Overland/Hogwarts/EntranceHall/LI_EntranceHall_EXT,,-8969.5,-26347.4,12689.4
SM_SlateRoofRidge_Single_A80,StaticMeshActor,LV_Overland/Hogwarts/LI_Hogwarts/LevelInstances/EntranceHall/LI_EntranceHall_EXT/RENDER/SM_SlateRoofRidge_Single_A80,4884B600-4ADE-65F6-C8CB-1A99310DB5AC,1,DL_OVERLAND;DL_RENDER,DL_HW_EXT,LI_Hogwarts > LI_EntranceHall_EXT,/Game/Levels/Overland/Hogwarts/EntranceHall/LI_EntranceHall_EXT,,-9746.4,-25749.4,12581.0
SM_SlateRoofRidge_Single_A81,StaticMeshActor,LV_Overland/Hogwarts/LI_Hogwarts/LevelInstances/EntranceHall/LI_EntranceHall_EXT/RENDER/SM_SlateRoofRidge_Single_A81,A39285A1-40CF-0ADA-7367-30AA4073E05C,1,DL_OVERLAND;DL_RENDER,DL_HW_EXT,LI_Hogwarts > LI_EntranceHall_EXT,/Game/Levels/Overland/Hogwarts/EntranceHall/LI_EntranceHall_EXT,,-9707.2,-25772.2,12680.2
SM_SlateRoofRidge_Single_A82,StaticMeshActor,LV_Overland/Hogwarts/LI_Hogwarts/LevelInstances/EntranceHall/LI_EntranceHall_EXT/RENDER/SM_SlateRoofRidge_Single_A82,514B210B-4F2A-411F-BB51-8092B8C43FBC,1,DL_OVERLAND;DL_RENDER,DL_HW_EXT,LI_Hogwarts > LI_EntranceHall_EXT,/Game/Levels/Overland/Hogwarts/EntranceHall/LI_EntranceHall_EXT,,-9670.2,-25795.3,12784.2
SM_SlateRoofRidge_Single_A83,StaticMeshActor,LV_Overland/Hogwarts/LI_Hogwarts/LevelInstances/EntranceHall/LI_EntranceHall_EXT/RENDER/SM_SlateRoofRidge_Single_A83,F72DD97E-4E54-D15A-E6BC-DEBF13F00170,1,DL_OVERLAND;DL_RENDER,DL_HW_EXT,LI_Hogwarts > LI_EntranceHall_EXT,/Game/Levels/Overland/Hogwarts/EntranceHall/LI_EntranceHall_EXT,,-9614.4,-25833.0,12959.2
SM_SlateRoofRidge_Single_A84,StaticMeshActor,LV_Overland/Hogwarts/LI_Hogwarts/LevelInstances/EntranceHall/LI_EntranceHall_EXT/RENDER/SM_SlateRoofRidge_Single_A84,4981A01B-478E-8AE8-5E02-D794D42860B7,1,DL_OVERLAND;DL_RENDER,DL_HW_EXT,LI_Hogwarts > LI_EntranceHall_EXT,/Game/Levels/Overland/Hogwarts/EntranceHall/LI_EntranceHall_EXT,,-9592.5,-25846.0,13028.0
SM_SlateRoofRidge_Single_A85,StaticMeshActor,LV_Overland/Hogwarts/LI_Hogwarts/LevelInstances/EntranceHall/LI_EntranceHall_EXT/RENDER/SM_SlateRoofRidge_Single_A85,0C44B4DC-4516-901F-0325-8486F10D1114,1,DL_OVERLAND;DL_RENDER,DL_HW_EXT,LI_Hogwarts > LI_EntranceHall_EXT,/Game/Levels/Overland/Hogwarts/EntranceHall/LI_EntranceHall_EXT,,-9558.1,-25868.7,13135.6
SM_SlateRoofRidge_Single_A86,StaticMeshActor,LV_Overland/Hogwarts/LI_Hogwarts/LevelInstances/EntranceHall/LI_EntranceHall_EXT/RENDER/SM_SlateRoofRidge_Single_A86,10DE0504-4D6E-9065-90C3-839C68A40E99,1,DL_OVERLAND;DL_RENDER,DL_HW_EXT,LI_Hogwarts > LI_EntranceHall_EXT,/Game/Levels/Overland/Hogwarts/EntranceHall/LI_EntranceHall_EXT,,-9525.2,-25889.9,13236.7
SM_SlateRoofRidge_Single_A87,StaticMeshActor,LV_Overland/Hogwarts/LI_Hogwarts/LevelInstances/EntranceHall/LI_EntranceHall_EXT/RENDER/SM_SlateRoofRidge_Single_A87,E5D8CCBF-470F-CF53-541A-52AF6F6B3730,1,DL_OVERLAND;DL_RENDER,DL_HW_EXT,LI_Hogwarts > LI_EntranceHall_EXT,/Game/Levels/Overland/Hogwarts/EntranceHall/LI_EntranceHall_EXT,,-9492.3,-25911.3,13339.5
SM_SlateRoofRidge_Single_A88,StaticMeshActor,LV_Overland/Hogwarts/LI_Hogwarts/LevelInstances/EntranceHall/LI_EntranceHall_EXT/RENDER/SM_SlateRoofRidge_Single_A88,8CB4E524-46D5-BA90-218D-969E75209898,1,DL_OVERLAND;DL_RENDER,DL_HW_EXT,LI_Hogwarts > LI_EntranceHall_EXT,/Game/Levels/Overland/Hogwarts/EntranceHall/LI_EntranceHall_EXT,,-9504.0,-25904.4,13303.0
SM_SlateRoofRidge_Single_A89,StaticMeshActor,LV_Overland/Hogwarts/LI_Hogwarts/LevelInstances/EntranceHall/LI_EntranceHall_EXT/RENDER/SM_SlateRoofRidge_Single_A89,34BE9CAA-430B-0E96-8E70-AB8BF60C9251,1,DL_OVERLAND;DL_RENDER,DL_HW_EXT,LI_Hogwarts > LI_EntranceHall_EXT,/Game/Levels/Overland/Hogwarts/EntranceHall/LI_EntranceHall_EXT,,-9476.8,-25918.7,13384.4
SM_SlateRoofRidge_Single_A9,StaticMeshActor,LV_Overland/Hogwarts/LI_Hogwarts/LevelInstances/EntranceHall/LI_EntranceHall_EXT/RENDER/SM_SlateRoofRidge_Single_A9,570F57AC-4BCE-2C60-6231-18B63BAE50B1,1,DL_OVERLAND;DL_RENDER,DL_HW_EXT,LI_Hogwarts > LI_EntranceHall_EXT,/Game/Levels/Overland/Hogwarts/EntranceHall/LI_EntranceHall_EXT,,-8980.9,-26306.7,12794.0
SM_SlateRoofRidge_Single_A90,StaticMeshActor,LV_Overland/Hogwarts/LI_Hogwarts/LevelInstances/EntranceHall/LI_EntranceHall_EXT/RENDER/SM_SlateRoofRidge_Single_A90,F146C623-4DBF-D99E-BFB7-AF8DEB94AF06,1,DL_OVERLAND;DL_RENDER,DL_HW_EXT,LI_Hogwarts > LI_EntranceHall_EXT,/Game/Levels/Overland/Hogwarts/EntranceHall/LI_EntranceHall_EXT,,-9639.2,-25814.9,12881.3
SM_SlateRoofRidge_Single_A91,StaticMeshActor,LV_Overland/Hogwarts/LI_Hogwarts/LevelInstances/EntranceHall/LI_EntranceHall_EXT/RENDER/SM_SlateRoofRidge_Single_A91,90F8BF43-4E41-2AD5-4A74-B1BB371F8E41,1,DL_OVERLAND;DL_RENDER,DL_HW_EXT,LI_Hogwarts > LI_EntranceHall_EXT,/Game/Levels/Overland/Hogwarts/EntranceHall/LI_EntranceHall_EXT,,-9851.4,-26042.8,12479.7
SM_SlateRoofRidge_Single_A92,StaticMeshActor,LV_Overland/Hogwarts/LI_Hogwarts/LevelInstances/EntranceHall/LI_EntranceHall_EXT/RENDER/SM_SlateRoofRidge_Single_A92,757F5783-49B6-C59F-5330-D29F8C00F0BE,1,DL_OVERLAND;DL_RENDER,DL_HW_EXT,LI_Hogwarts > LI_EntranceHall_EXT,/Game/Levels/Overland/Hogwarts/EntranceHall/LI_EntranceHall_EXT,,-9832.3,-26038.3,12511.0
SM_SlateRoofRidge_Single_A93,StaticMeshActor,LV_Overland/Hogwarts/LI_Hogwarts/LevelInstances/EntranceHall/LI_EntranceHall_EXT/RENDER/SM_SlateRoofRidge_Single_A93,3C2F28B1-4737-8EBA-D934-1684A28A22FA,1,DL_OVERLAND;DL_RENDER,DL_HW_EXT,LI_Hogwarts > LI_EntranceHall_EXT,/Game/Levels/Overland/Hogwarts/EntranceHall/LI_EntranceHall_EXT,,-9797.2,-26028.2,12581.8
SM_SlateRoofRidge_Single_A94,StaticMeshActor,LV_Overland/Hogwarts/LI_Hogwarts/LevelInstances/EntranceHall/LI_EntranceHall_EXT/RENDER/SM_SlateRoofRidge_Single_A94,B07054FE-43D3-E7A3-14C7-74A3B37E3523,1,DL_OVERLAND;DL_RENDER,DL_HW_EXT,LI_Hogwarts > LI_EntranceHall_EXT,/Game/Levels/Overland/Hogwarts/EntranceHall/LI_EntranceHall_EXT,,-9752.5,-26018.3,12680.8
SM_SlateRoofRidge_Single_A95,StaticMeshActor,LV_Overland/Hogwarts/LI_Hogwarts/LevelInstances/EntranceHall/LI_EntranceHall_EXT/RENDER/SM_SlateRoofRidge_Single_A95,C89BB7EC-411F-711B-0A19-7AA43E348AAE,1,DL_OVERLAND;DL_RENDER,DL_HW_EXT,LI_Hogwarts > LI_EntranceHall_EXT,/Game/Levels/Overland/Hogwarts/EntranceHall/LI_EntranceHall_EXT,,-9709.2,-26008.7,12784.3
SM_SlateRoofRidge_Single_A96,StaticMeshActor,LV_Overland/Hogwarts/LI_Hogwarts/LevelInstances/EntranceHall/LI_EntranceHall_EXT/RENDER/SM_SlateRoofRidge_Single_A96,29675B4A-4DF8-4B26-7FB3-24AEB6B5CC15,1,DL_OVERLAND;DL_RENDER,DL_HW_EXT,LI_Hogwarts > LI_EntranceHall_EXT,/Game/Levels/Overland/Hogwarts/EntranceHall/LI_EntranceHall_EXT,,-9672.9,-26004.5,12881.3
SM_SlateRoofRidge_Single_A97,StaticMeshActor,LV_Overland/Hogwarts/LI_Hogwarts/LevelInstances/EntranceHall/LI_EntranceHall_EXT/RENDER/SM_SlateRoofRidge_Single_A97,90CBDC24-40F1-5CCA-6946-5E9266DF01B5,1,DL_OVERLAND;DL_RENDER,DL_HW_EXT,LI_Hogwarts > LI_EntranceHall_EXT,/Game/Levels/Overland/Hogwarts/EntranceHall/LI_EntranceHall_EXT,,-9617.9,-25995.0,13028.3
SM_SlateRoofRidge_Single_A98,StaticMeshActor,LV_Overland/Hogwarts/LI_Hogwarts/LevelInstances/EntranceHall/LI_EntranceHall_EXT/RENDER/SM_SlateRoofRidge_Single_A98,4672FF59-4B84-3464-90C0-F084F48166F8,1,DL_OVERLAND;DL_RENDER,DL_HW_EXT,LI_Hogwarts > LI_EntranceHall_EXT,/Game/Levels/Overland/Hogwarts/EntranceHall/LI_EntranceHall_EXT,,-9576.7,-25986.2,13135.7
SM_SlateRoofRidge_Single_A99,StaticMeshActor,LV_Overland/Hogwarts/LI_Hogwarts/LevelInstances/EntranceHall/LI_EntranceHall_EXT/RENDER/SM_SlateRoofRidge_Single_A99,8D6955FF-4797-5F6C-C4CE-0FB5F6D6EF60,1,DL_OVERLAND;DL_RENDER,DL_HW_EXT,LI_Hogwarts > LI_EntranceHall_EXT,/Game/Levels/Overland/Hogwarts/EntranceHall/LI_EntranceHall_EXT,,-9539.7,-25977.4,13237.0
SM_Stair_Stone_Mdmg_A6,StaticMeshActor,LV_Overland/Hogwarts/LI_Hogwarts/LevelInstances/EntranceHall/LI_EntranceHall_EXT/RENDER/SM_Stair_Stone_Mdmg_A6,31199604-41E4-0135-3D08-6D8B29BDF690,1,DL_OVERLAND;DL_RENDER,DL_HW_EXT,LI_Hogwarts > LI_EntranceHall_EXT,/Game/Levels/Overland/Hogwarts/EntranceHall/LI_EntranceHall_EXT,,-10447.1,-29984.8,7366.0
SM_Stair_Stone_Mdmg_A7,StaticMeshActor,LV_Overland/Hogwarts/LI_Hogwarts/LevelInstances/EntranceHall/LI_EntranceHall_EXT/RENDER/SM_Stair_Stone_Mdmg_A7,2DC388B9-42AF-C0B1-F891-A7BB547051FA,1,DL_OVERLAND;DL_RENDER,DL_HW_EXT,LI_Hogwarts > LI_EntranceHall_EXT,/Game/Levels/Overland/Hogwarts/EntranceHall/LI_EntranceHall_EXT,,-10407.9,-29984.0,7387.0
SM_Twig_Debris_C24,StaticMeshActor,LV_Overland/Hogwarts/LI_Hogwarts/LevelInstances/EntranceHall/LI_EntranceHall_EXT/SM_Twig_Debris_C24,AA25BCCA-4038-2B00-B847-AFAD14EABF22,1,DL_OVERLAND;DL_RENDER,DL_HW_EXT,LI_Hogwarts > LI_EntranceHall_EXT,/Game/Levels/Overland/Hogwarts/EntranceHall/LI_EntranceHall_EXT,,-10309.5,-29738.1,7403.9
SM_Twig_Debris_D20,StaticMeshActor,LV_Overland/Hogwarts/LI_Hogwarts/LevelInstances/EntranceHall/LI_EntranceHall_EXT/SM_Twig_Debris_D20,236AECF7-4128-327D-6FB2-85AFB7BA9A5E,1,DL_OVERLAND;DL_RENDER,DL_HW_EXT,LI_Hogwarts > LI_EntranceHall_EXT,/Game/Levels/Overland/Hogwarts/EntranceHall/LI_EntranceHall_EXT,,-9501.1,-29622.5,7405.0
SM_WallMount_B,StaticMeshActor,LV_Overland/Hogwarts/LI_Hogwarts/LevelInstances/EntranceHall/LI_EntranceHall_EXT/Lighting/SM_WallMount_B,1993E39D-4BDB-9414-8707-7B89BAFA280E,1,DL_LIGHTING;DL_OVERLAND;DL_RENDER,DL_HW_EXT,LI_Hogwarts > LI_EntranceHall_EXT,/Game/Levels/Overland/Hogwarts/EntranceHall/LI_EntranceHall_EXT,,-9806.2,-29293.6,8819.6
SM_WallMount_B2,StaticMeshActor,LV_Overland/Hogwarts/LI_Hogwarts/LevelInstances/EntranceHall/LI_EntranceHall_EXT/Lighting/SM_WallMount_B2,0A7E3083-4062-5CB8-9412-409A7C527C0C,1,DL_LIGHTING;DL_OVERLAND;DL_RENDER,DL_HW_EXT,LI_Hogwarts > LI_EntranceHall_EXT,/Game/Levels/Overland/Hogwarts/EntranceHall/LI_EntranceHall_EXT,,-9822.1,-29291.2,8819.6
