ActorLabel,Class,OutlinerPath,Guid,PlacementCount,OwnDataLayers,InheritedDataLayers,LevelInstanceChain,OwningLevelAsset,ReferencedLevelAsset,CenterX,CenterY,CenterZ
LA_Grassland_Mound_Heather_01a43,LevelInstance,LV_Overland/Region/Hogwarts Valley/Hogsmeade_RiverBlockout/LI_Hogsmeade_River/LA_Grassland_Mound_Heather_01a43,8ED2B209-4EE4-E327-6D49-92B0FD56F1A1,1,DL_HOGSMEADE;DL_OVERLAND,DL_HM_EXT;DL_HOGSMEADE,LI_Hogsmeade_River,/Game/Environment/River/LI_Hogsmeade_River,/Game/Environment/LevelAssemblies/Flora/LA_Heather_Cluster_Medium_B,26422.6,-87551.3,6917.7
LA_Grassland_Mound_Heather_01a46,LevelInstance,LV_Overland/Region/Hogwarts Valley/Hogsmeade_RiverBlockout/LI_Hogsmeade_River/LA_Grassland_Mound_Heather_01a46,6AA3AB3D-4AF6-646D-2541-CE9B6796AF5E,1,DL_HOGSMEADE;DL_OVERLAND,DL_HM_EXT;DL_HOGSMEADE,LI_Hogsmeade_River,/Game/Environment/River/LI_Hogsmeade_River,/Game/Environment/LevelAssemblies/Flora/LA_Heather_Cluster_Medium_B,26220.7,-87653.1,6817.3
LA_RiverBank_LargeStones_A04_noplants,LevelInstance,LV_Overland/Region/Hogwarts Valley/Hogsmeade_RiverBlockout/LI_Hogsmeade_River/LA_RiverBank_LargeStones_A04_noplants,62AD491D-4486-FF25-01D8-95975DF0411E,1,DL_HOGSMEADE;DL_OVERLAND,DL_HM_EXT;DL_HOGSMEADE,LI_Hogsmeade_River,/Game/Environment/River/LI_Hogsmeade_River,/Game/Environment/River/LevelActors/RiverBanks_Large_Stones/LA_RiverBank_LargeStones_A04_noplants,9653.6,-71076.8,3458.7
LA_RiverBank_LargeStones_A04_noplants2,LevelInstance,LV_Overland/Region/Hogwarts Valley/Hogsmeade_RiverBlockout/LI_Hogsmeade_River/LA_RiverBank_LargeStones_A04_noplants2,0A129665-4EC3-7694-6ECA-1EA06FBE10EC,1,DL_HOGSMEADE;DL_OVERLAND,DL_HM_EXT;DL_HOGSMEADE,LI_Hogsmeade_River,/Game/Environment/River/LI_Hogsmeade_River,/Game/Environment/River/LevelActors/RiverBanks_Large_Stones/LA_RiverBank_LargeStones_A04_noplants,9796.6,-70787.5,3433.1
LA_RiverBank_LargeStones_A04_noplants3,LevelInstance,LV_Overland/Region/Hogwarts Valley/Hogsmeade_RiverBlockout/LI_Hogsmeade_River/LA_RiverBank_LargeStones_A04_noplants3,0A23610C-4198-F78F-2C2B-7E84F325CB5B,1,DL_HOGSMEADE;DL_OVERLAND,DL_HM_EXT;DL_HOGSMEADE,LI_Hogsmeade_River,/Game/Environment/River/LI_Hogsmeade_River,/Game/Environment/River/LevelActors/RiverBanks_Large_Stones/LA_RiverBank_LargeStones_A04_noplants,9754.3,-71496.2,3406.4
LA_RiverBank_LargeStones_A04_noplants4,LevelInstance,LV_Overland/Region/Hogwarts Valley/Hogsmeade_RiverBlockout/LI_Hogsmeade_River/LA_RiverBank_LargeStones_A04_noplants4,0CC1A33E-41AF-9A99-8209-EB9855F00D51,1,DL_HOGSMEADE;DL_OVERLAND,DL_HM_EXT;DL_HOGSMEADE,LI_Hogsmeade_River,/Game/Environment/River/LI_Hogsmeade_River,/Game/Environment/River/LevelActors/RiverBanks_Large_Stones/LA_RiverBank_LargeStones_A04_noplants,9544.8,-71574.7,3464.6
LA_RiverBank_LargeStones_A04_noplants5,LevelInstance,LV_Overland/Region/Hogwarts Valley/Hogsmeade_RiverBlockout/LI_Hogsmeade_River/LA_RiverBank_LargeStones_A04_noplants5,74F7F1D3-4241-514D-BFC8-D98F076893F9,1,DL_HOGSMEADE;DL_OVERLAND,DL_HM_EXT;DL_HOGSMEADE,LI_Hogsmeade_River,/Game/Environment/River/LI_Hogsmeade_River,/Game/Environment/River/LevelActors/RiverBanks_Large_Stones/LA_RiverBank_LargeStones_A04_noplants,9347.1,-71841.8,3453.8
LA_RiverBank_LargeStones_A04_noplants6,LevelInstance,LV_Overland/Region/Hogwarts Valley/Hogsmeade_RiverBlockout/LI_Hogsmeade_River/LA_RiverBank_LargeStones_A04_noplants6,D6E98A86-402F-61A4-849E-F2AA5D44D28D,1,DL_HOGSMEADE;DL_OVERLAND,DL_HM_EXT;DL_HOGSMEADE,LI_Hogsmeade_River,/Game/Environment/River/LI_Hogsmeade_River,/Game/Environment/River/LevelActors/RiverBanks_Large_Stones/LA_RiverBank_LargeStones_A04_noplants,9762.8,-72234.9,3430.4
LA_RiverBank_LargeStones_A04_noplants7,LevelInstance,LV_Overland/Region/Hogwarts Valley/Hogsmeade_RiverBlockout/LI_Hogsmeade_River/LA_RiverBank_LargeStones_A04_noplants7,57F6D865-4FAB-7402-66F6-CF8CEE1493FC,1,DL_HOGSMEADE;DL_OVERLAND,DL_HM_EXT;DL_HOGSMEADE,LI_Hogsmeade_River,/Game/Environment/River/LI_Hogsmeade_River,/Game/Environment/River/LevelActors/RiverBanks_Large_Stones/LA_RiverBank_LargeStones_A04_noplants,9915.6,-70227.0,3428.1
LA_RiverBank_LargeStones_A7,LevelInstance,LV_Overland/Region/Hogwarts Valley/Hogsmeade_RiverBlockout/LI_Hogsmeade_River/LA_RiverBank_LargeStones_A7,DC2DFC57-4D05-D5CB-6D33-FF9D4013365D,1,DL_HOGSMEADE;DL_OVERLAND,DL_HM_EXT;DL_HOGSMEADE,LI_Hogsmeade_River,/Game/Environment/River/LI_Hogsmeade_River,/Game/Environment/River/LevelActors/RiverBanks_Large_Stones/LA_RiverBank_LargeStones_A04,8863.0,-72040.0,3551.2
LA_RiverBank_LargeStones_A8,LevelInstance,LV_Overland/Region/Hogwarts Valley/Hogsmeade_RiverBlockout/LI_Hogsmeade_River/LA_RiverBank_LargeStones_A8,63923EDE-4D38-51B1-7FAB-FA8B9FC148E1,1,DL_HOGSMEADE;DL_OVERLAND,DL_HM_EXT;DL_HOGSMEADE,LI_Hogsmeade_River,/Game/Environment/River/LI_Hogsmeade_River,/Game/Environment/River/LevelActors/RiverBanks_Large_Stones/LA_RiverBank_LargeStones_A04,8430.3,-72816.0,3504.6
LA_RiverBank_LargeStones_A9,LevelInstance,LV_Overland/Region/Hogwarts Valley/Hogsmeade_RiverBlockout/LI_Hogsmeade_River/LA_RiverBank_LargeStones_A9,86D58076-48E7-BCEF-8BBF-D487FD9A03C7,1,DL_HOGSMEADE;DL_OVERLAND,DL_HM_EXT;DL_HOGSMEADE,LI_Hogsmeade_River,/Game/Environment/River/LI_Hogsmeade_River,/Game/Environment/River/LevelActors/RiverBanks_Large_Stones/LA_RiverBank_LargeStones_A04,8320.4,-73129.1,3518.9
LI_RiverBank_LargeStones_A04,LevelInstance,LV_Overland/Region/Hogwarts Valley/Hogsmeade_RiverBlockout/LI_Hogsmeade_River/LI_RiverBank_LargeStones_A04,38FE8FB1-4D1F-1472-CD49-4DA0A15486D1,1,DL_HOGSMEADE;DL_OVERLAND,DL_HM_EXT;DL_HOGSMEADE,LI_Hogsmeade_River,/Game/Environment/River/LI_Hogsmeade_River,/Game/Environment/River/LevelActors/RiverBanks_Large_Stones/LA_RiverBank_LargeStones_A04,10470.8,-69945.4,3468.7
LI_RiverBank_LargeStones_A04_noplants,LevelInstance,LV_Overland/Region/Hogwarts Valley/Hogsmeade_RiverBlockout/LI_Hogsmeade_River/LI_RiverBank_LargeStones_A04_noplants,91FDEB89-4850-8150-3149-D6BCF07FD4A9,1,DL_HOGSMEADE;DL_OVERLAND,DL_HM_EXT;DL_HOGSMEADE,LI_Hogsmeade_River,/Game/Environment/River/LI_Hogsmeade_River,/Game/Environment/River/LevelActors/RiverBanks_Large_Stones/LA_RiverBank_LargeStones_A04_noplants,10611.2,-71236.4,3401.9
LI_RiverBank_LargeStones_A04_noplants10,LevelInstance,LV_Overland/Region/Hogwarts Valley/Hogsmeade_RiverBlockout/LI_Hogsmeade_River/LI_RiverBank_LargeStones_A04_noplants10,6D0BF6BD-4CDC-2DDE-4536-F893F42899A4,1,DL_HOGSMEADE;DL_OVERLAND,DL_HM_EXT;DL_HOGSMEADE,LI_Hogsmeade_River,/Game/Environment/River/LI_Hogsmeade_River,/Game/Environment/River/LevelActors/RiverBanks_Large_Stones/LA_RiverBank_LargeStones_A04_noplants,6429.2,-74494.0,4055.0
LI_RiverBank_LargeStones_A04_noplants11,LevelInstance,LV_Overland/Region/Hogwarts Valley/Hogsmeade_RiverBlockout/LI_Hogsmeade_River/LI_RiverBank_LargeStones_A04_noplants11,23B749A0-4266-A347-1778-44BE425C3714,1,DL_HOGSMEADE;DL_OVERLAND,DL_HM_EXT;DL_HOGSMEADE,LI_Hogsmeade_River,/Game/Environment/River/LI_Hogsmeade_River,/Game/Environment/River/LevelActors/RiverBanks_Large_Stones/LA_RiverBank_LargeStones_A04_noplants,5774.0,-74983.4,4075.0
LI_RiverBank_LargeStones_A04_noplants13,LevelInstance,LV_Overland/Region/Hogwarts Valley/Hogsmeade_RiverBlockout/LI_Hogsmeade_River/LI_RiverBank_LargeStones_A04_noplants13,A8A2B1C7-4536-E827-5A33-629FCB49C924,1,DL_HOGSMEADE;DL_OVERLAND,DL_HM_EXT;DL_HOGSMEADE,LI_Hogsmeade_River,/Game/Environment/River/LI_Hogsmeade_River,/Game/Environment/River/LevelActors/RiverBanks_Large_Stones/LA_RiverBank_LargeStones_A04_noplants,5448.4,-75734.4,4068.6
LI_RiverBank_LargeStones_A04_noplants14,LevelInstance,LV_Overland/Region/Hogwarts Valley/Hogsmeade_RiverBlockout/LI_Hogsmeade_River/LI_RiverBank_LargeStones_A04_noplants14,04C6A1AE-413C-C2ED-AFFD-BF9798330773,1,DL_HOGSMEADE;DL_OVERLAND,DL_HM_EXT;DL_HOGSMEADE,LI_Hogsmeade_River,/Game/Environment/River/LI_Hogsmeade_River,/Game/Environment/River/LevelActors/RiverBanks_Large_Stones/LA_RiverBank_LargeStones_A04_noplants,5515.2,-75914.6,4033.0
LI_RiverBank_LargeStones_A04_noplants15,LevelInstance,LV_Overland/Region/Hogwarts Valley/Hogsmeade_RiverBlockout/LI_Hogsmeade_River/LI_RiverBank_LargeStones_A04_noplants15,AD359089-4BE4-2918-43F6-E9B40752924F,1,DL_HOGSMEADE;DL_OVERLAND,DL_HM_EXT;DL_HOGSMEADE,LI_Hogsmeade_River,/Game/Environment/River/LI_Hogsmeade_River,/Game/Environment/River/LevelActors/RiverBanks_Large_Stones/LA_RiverBank_LargeStones_A04_noplants,5395.9,-75537.7,4099.0
LI_RiverBank_LargeStones_A04_noplants2,LevelInstance,LV_Overland/Region/Hogwarts Valley/Hogsmeade_RiverBlockout/LI_Hogsmeade_River/LI_RiverBank_LargeStones_A04_noplants2,4E0DADFD-4AEC-7B2A-52E3-0CB97840284C,1,DL_HOGSMEADE;DL_OVERLAND,DL_HM_EXT;DL_HOGSMEADE,LI_Hogsmeade_River,/Game/Environment/River/LI_Hogsmeade_River,/Game/Environment/River/LevelActors/RiverBanks_Large_Stones/LA_RiverBank_LargeStones_A04_noplants,10505.3,-70957.7,3396.9
LI_RiverBank_LargeStones_A04_noplants3,LevelInstance,LV_Overland/Region/Hogwarts Valley/Hogsmeade_RiverBlockout/LI_Hogsmeade_River/LI_RiverBank_LargeStones_A04_noplants3,2B5D59B1-4DAB-0025-FEAF-74BD86DFAF1B,1,DL_HOGSMEADE;DL_OVERLAND,DL_HM_EXT;DL_HOGSMEADE,LI_Hogsmeade_River,/Game/Environment/River/LI_Hogsmeade_River,/Game/Environment/River/LevelActors/RiverBanks_Large_Stones/LA_RiverBank_LargeStones_A04_noplants,10386.5,-70581.6,3396.9
LI_RiverBank_LargeStones_A04_noplants4,LevelInstance,LV_Overland/Region/Hogwarts Valley/Hogsmeade_RiverBlockout/LI_Hogsmeade_River/LI_RiverBank_LargeStones_A04_noplants4,4CF2ACB2-4CF9-C046-6C8E-0D9BC23C3835,1,DL_HOGSMEADE;DL_OVERLAND,DL_HM_EXT;DL_HOGSMEADE,LI_Hogsmeade_River,/Game/Environment/River/LI_Hogsmeade_River,/Game/Environment/River/LevelActors/RiverBanks_Large_Stones/LA_RiverBank_LargeStones_A04_noplants,11118.0,-70995.5,3339.5
LI_RiverBank_LargeStones_A04_noplants5,LevelInstance,LV_Overland/Region/Hogwarts Valley/Hogsmeade_RiverBlockout/LI_Hogsmeade_River/LI_RiverBank_LargeStones_A04_noplants5,5AC1D9F2-4BC0-A91A-86BE-2AAFEC02E4AB,1,DL_HOGSMEADE;DL_OVERLAND,DL_HM_EXT;DL_HOGSMEADE,LI_Hogsmeade_River,/Game/Environment/River/LI_Hogsmeade_River,/Game/Environment/River/LevelActors/RiverBanks_Large_Stones/LA_RiverBank_LargeStones_A04_noplants,10952.7,-70836.1,3361.8
LI_RiverBank_LargeStones_A04_noplants6,LevelInstance,LV_Overland/Region/Hogwarts Valley/Hogsmeade_RiverBlockout/LI_Hogsmeade_River/LI_RiverBank_LargeStones_A04_noplants6,D1D1CE0F-453C-FA19-D195-D8858F6270F7,1,DL_HOGSMEADE;DL_OVERLAND,DL_HM_EXT;DL_HOGSMEADE,LI_Hogsmeade_River,/Game/Environment/River/LI_Hogsmeade_River,/Game/Environment/River/LevelActors/RiverBanks_Large_Stones/LA_RiverBank_LargeStones_A04_noplants,6460.9,-81306.5,4010.2
LI_RiverBank_LargeStones_A04_noplants7,LevelInstance,LV_Overland/Region/Hogwarts Valley/Hogsmeade_RiverBlockout/LI_Hogsmeade_River/LI_RiverBank_LargeStones_A04_noplants7,327000E2-40EC-944C-D140-1D85310E51C3,1,DL_HOGSMEADE;DL_OVERLAND,DL_HM_EXT;DL_HOGSMEADE,LI_Hogsmeade_River,/Game/Environment/River/LI_Hogsmeade_River,/Game/Environment/River/LevelActors/RiverBanks_Large_Stones/LA_RiverBank_LargeStones_A04_noplants,6727.1,-81466.2,4019.8
LI_RiverBank_LargeStones_A04_noplants8,LevelInstance,LV_Overland/Region/Hogwarts Valley/Hogsmeade_RiverBlockout/LI_Hogsmeade_River/LI_RiverBank_LargeStones_A04_noplants8,57AC9331-43E9-0436-1203-CB8E4D3E6FFD,1,DL_HOGSMEADE;DL_OVERLAND,DL_HM_EXT;DL_HOGSMEADE,LI_Hogsmeade_River,/Game/Environment/River/LI_Hogsmeade_River,/Game/Environment/River/LevelActors/RiverBanks_Large_Stones/LA_RiverBank_LargeStones_A04_noplants,6025.3,-80912.6,4006.8
LI_RiverBank_LargeStones_A04_noplants9,LevelInstance,LV_Overland/Region/Hogwarts Valley/Hogsmeade_RiverBlockout/LI_Hogsmeade_River/LI_RiverBank_LargeStones_A04_noplants9,099AFE56-4C2F-C7D9-5127-4089B199333B,1,DL_HOGSMEADE;DL_OVERLAND,DL_HM_EXT;DL_HOGSMEADE,LI_Hogsmeade_River,/Game/Environment/River/LI_Hogsmeade_River,/Game/Environment/River/LevelActors/RiverBanks_Large_Stones/LA_RiverBank_LargeStones_A04_noplants,6007.3,-74790.7,4069.9
LI_RiverBank_LargeStones_A05,LevelInstance,LV_Overland/Region/Hogwarts Valley/Hogsmeade_RiverBlockout/LI_Hogsmeade_River/LI_RiverBank_LargeStones_A05,4778C5CA-4B49-2134-8358-37AC94429E46,1,DL_HOGSMEADE;DL_OVERLAND,DL_HM_EXT;DL_HOGSMEADE,LI_Hogsmeade_River,/Game/Environment/River/LI_Hogsmeade_River,/Game/Environment/River/LevelActors/RiverBanks_Large_Stones/LA_RiverBank_LargeStones_A05,10198.3,-71214.3,3502.8
LI_RiverBank_LargeStones_A06,LevelInstance,LV_Overland/Region/Hogwarts Valley/Hogsmeade_RiverBlockout/LI_Hogsmeade_River/LI_RiverBank_LargeStones_A06,4BDEDE0E-415A-E287-4A36-8DB624279804,1,DL_HOGSMEADE;DL_OVERLAND,DL_HM_EXT;DL_HOGSMEADE,LI_Hogsmeade_River,/Game/Environment/River/LI_Hogsmeade_River,/Game/Environment/River/LevelActors/RiverBanks_Large_Stones/LA_RiverBank_LargeStones_A06,10774.5,-71001.5,3455.6
LI_RiverBank_LargeStones_A07,LevelInstance,LV_Overland/Region/Hogwarts Valley/Hogsmeade_RiverBlockout/LI_Hogsmeade_River/LI_RiverBank_LargeStones_A07,11F736D8-44DE-0287-A3E6-839AC509BB11,1,DL_HOGSMEADE;DL_OVERLAND,DL_HM_EXT;DL_HOGSMEADE,LI_Hogsmeade_River,/Game/Environment/River/LI_Hogsmeade_River,/Game/Environment/River/LevelActors/RiverBanks_Large_Stones/Blockout/LA_River_LargeStones_A07,10745.4,-70057.5,3471.8
LI_RiverBank_LargeStones_A11,LevelInstance,LV_Overland/Region/Hogwarts Valley/Hogsmeade_RiverBlockout/LI_Hogsmeade_River/LI_RiverBank_LargeStones_A11,4B512561-44BC-9FBC-1AF8-D4AE3765E1D3,1,DL_HOGSMEADE;DL_OVERLAND,DL_HM_EXT;DL_HOGSMEADE,LI_Hogsmeade_River,/Game/Environment/River/LI_Hogsmeade_River,/Game/Environment/River/LevelActors/RiverBanks_Large_Stones/Blockout/LA_River_LargeStones_A07,9605.4,-71248.3,3505.5
LI_RiverBank_LargeStones_A12,LevelInstance,LV_Overland/Region/Hogwarts Valley/Hogsmeade_RiverBlockout/LI_Hogsmeade_River/LI_RiverBank_LargeStones_A12,892D84E4-4DD1-D992-B06B-64B4284408CA,1,DL_HOGSMEADE;DL_OVERLAND,DL_HM_EXT;DL_HOGSMEADE,LI_Hogsmeade_River,/Game/Environment/River/LI_Hogsmeade_River,/Game/Environment/River/LevelActors/RiverBanks_Large_Stones/Blockout/LA_River_LargeStones_A07,9567.7,-70627.7,3535.3
LI_RiverBank_LargeStones_A13,LevelInstance,LV_Overland/Region/Hogwarts Valley/Hogsmeade_RiverBlockout/LI_Hogsmeade_River/LI_RiverBank_LargeStones_A13,EA4A765F-4FD3-1319-B79E-F282BF41D6A8,1,DL_HOGSMEADE;DL_OVERLAND,DL_HM_EXT;DL_HOGSMEADE,LI_Hogsmeade_River,/Game/Environment/River/LI_Hogsmeade_River,/Game/Environment/River/LevelActors/RiverBanks_Large_Stones/Blockout/LA_River_LargeStones_A07,9443.7,-71368.0,3496.0
LI_RiverBank_LargeStones_A14,LevelInstance,LV_Overland/Region/Hogwarts Valley/Hogsmeade_RiverBlockout/LI_Hogsmeade_River/LI_RiverBank_LargeStones_A14,BADAEC87-437E-801E-D3FA-45A010828E76,1,DL_HOGSMEADE;DL_OVERLAND,DL_HM_EXT;DL_HOGSMEADE,LI_Hogsmeade_River,/Game/Environment/River/LI_Hogsmeade_River,/Game/Environment/River/LevelActors/RiverBanks_Large_Stones/Blockout/LA_River_LargeStones_A07,14500.1,-66339.6,3046.8
LI_RiverBank_LargeStones_A15,LevelInstance,LV_Overland/Region/Hogwarts Valley/Hogsmeade_RiverBlockout/LI_Hogsmeade_River/LI_RiverBank_LargeStones_A15,2AD4E39A-49ED-60FD-6A3B-DB999168809B,1,DL_HOGSMEADE;DL_OVERLAND,DL_HM_EXT;DL_HOGSMEADE,LI_Hogsmeade_River,/Game/Environment/River/LI_Hogsmeade_River,/Game/Environment/River/LevelActors/RiverBanks_Large_Stones/Blockout/LA_River_LargeStones_A07,14146.6,-66763.5,3265.6
LI_RiverBank_LargeStones_A16,LevelInstance,LV_Overland/Region/Hogwarts Valley/Hogsmeade_RiverBlockout/LI_Hogsmeade_River/LI_RiverBank_LargeStones_A16,21A24039-4C1F-9B9C-A5B0-36BA04B628F2,1,DL_HOGSMEADE;DL_OVERLAND,DL_HM_EXT;DL_HOGSMEADE,LI_Hogsmeade_River,/Game/Environment/River/LI_Hogsmeade_River,/Game/Environment/River/LevelActors/RiverBanks_Large_Stones/Blockout/LA_River_LargeStones_A07,14699.0,-66820.7,3236.8
LI_RiverBank_LargeStones_A26,LevelInstance,LV_Overland/Region/Hogwarts Valley/Hogsmeade_RiverBlockout/LI_Hogsmeade_River/LI_RiverBank_LargeStones_A26,6FB9945E-43CF-A199-E46B-B1A4B2720AF3,1,DL_HOGSMEADE;DL_OVERLAND,DL_HM_EXT;DL_HOGSMEADE,LI_Hogsmeade_River,/Game/Environment/River/LI_Hogsmeade_River,/Game/Environment/River/LevelActors/RiverBanks_Large_Stones/LA_RiverBank_LargeStones_A06,6382.1,-74613.8,4016.0
LI_RiverBank_LargeStones_A27,LevelInstance,LV_Overland/Region/Hogwarts Valley/Hogsmeade_RiverBlockout/LI_Hogsmeade_River/LI_RiverBank_LargeStones_A27,EE5D781E-474A-D782-0754-1E8B33E6ECE6,1,DL_HOGSMEADE;DL_OVERLAND,DL_HM_EXT;DL_HOGSMEADE,LI_Hogsmeade_River,/Game/Environment/River/LI_Hogsmeade_River,/Game/Environment/River/LevelActors/RiverBanks_Large_Stones/LA_RiverBank_LargeStones_A06,6963.2,-74823.1,3984.1
LI_RiverBank_LargeStones_A28,LevelInstance,LV_Overland/Region/Hogwarts Valley/Hogsmeade_RiverBlockout/LI_Hogsmeade_River/LI_RiverBank_LargeStones_A28,84370990-457F-E117-374F-2ABAACB0BF89,1,DL_HOGSMEADE;DL_OVERLAND,DL_HM_EXT;DL_HOGSMEADE,LI_Hogsmeade_River,/Game/Environment/River/LI_Hogsmeade_River,/Game/Environment/River/LevelActors/RiverBanks_Large_Stones/LA_RiverBank_LargeStones_A06,6950.0,-74445.9,3998.0
LI_RiverBank_LargeStones_A5,LevelInstance,LV_Overland/Region/Hogwarts Valley/Hogsmeade_RiverBlockout/LI_Hogsmeade_River/LI_RiverBank_LargeStones_A5,94A07780-43DC-C879-6E0A-7CB0EBB2428C,1,DL_HOGSMEADE;DL_OVERLAND,DL_HM_EXT;DL_HOGSMEADE,LI_Hogsmeade_River,/Game/Environment/River/LI_Hogsmeade_River,/Game/Environment/River/LevelActors/RiverBanks_Large_Stones/LA_RiverBank_LargeStones_A04,10748.1,-70355.3,3454.4
LI_RiverBank_LargeStones_A7,LevelInstance,LV_Overland/Region/Hogwarts Valley/Hogsmeade_RiverBlockout/LI_Hogsmeade_River/LI_RiverBank_LargeStones_A7,0AD23C6B-4956-16E0-5988-EDBE4759E280,1,DL_HOGSMEADE;DL_OVERLAND,DL_HM_EXT;DL_HOGSMEADE,LI_Hogsmeade_River,/Game/Environment/River/LI_Hogsmeade_River,/Game/Environment/River/LevelActors/RiverBanks_Large_Stones/LA_RiverBank_LargeStones_A06,10574.7,-70351.6,3485.0
LI_RiverBank_LargeStones_A8,LevelInstance,LV_Overland/Region/Hogwarts Valley/Hogsmeade_RiverBlockout/LI_Hogsmeade_River/LI_RiverBank_LargeStones_A8,217BC915-487A-F3DB-AC2E-1B89D0D3E862,1,DL_HOGSMEADE;DL_OVERLAND,DL_HM_EXT;DL_HOGSMEADE,LI_Hogsmeade_River,/Game/Environment/River/LI_Hogsmeade_River,/Game/Environment/River/LevelActors/RiverBanks_Large_Stones/Blockout/LA_River_LargeStones_A07,10955.9,-70091.7,3460.7
LI_RiverBank_LargeStones_A9,LevelInstance,LV_Overland/Region/Hogwarts Valley/Hogsmeade_RiverBlockout/LI_Hogsmeade_River/LI_RiverBank_LargeStones_A9,54538D7A-409A-0728-9301-E8973A59CE1F,1,DL_HOGSMEADE;DL_OVERLAND,DL_HM_EXT;DL_HOGSMEADE,LI_Hogsmeade_River,/Game/Environment/River/LI_Hogsmeade_River,/Game/Environment/River/LevelActors/RiverBanks_Large_Stones/LA_RiverBank_LargeStones_A06,10067.1,-70532.8,3462.2
LI_WaterFall_A01,LevelInstance,LV_Overland/Region/Hogwarts Valley/Hogsmeade_RiverBlockout/LI_Hogsmeade_River/LI_WaterFall_A01,B91B6164-48F7-73BA-A6CE-919262C17583,1,DL_HOGSMEADE;DL_OVERLAND,DL_HM_EXT;DL_HOGSMEADE,LI_Hogsmeade_River,/Game/Environment/River/LI_Hogsmeade_River,/Game/Environment/River/LevelActors/RiverBanks_Large_Stones/Blockout/LA_WaterFall_A01,14699.6,-66108.7,2907.3
LI_WaterFall_A10,LevelInstance,LV_Overland/Region/Hogwarts Valley/Hogsmeade_RiverBlockout/LI_Hogsmeade_River/LI_WaterFall_A10,C317288C-4465-FBBC-DC44-BB9855ED3445,1,DL_HOGSMEADE;DL_OVERLAND,DL_HM_EXT;DL_HOGSMEADE,LI_Hogsmeade_River,/Game/Environment/River/LI_Hogsmeade_River,/Game/Environment/River/LevelActors/RiverBanks_Large_Stones/Blockout/LA_WaterFall_A01,12574.2,-70034.2,3360.1
LI_WaterFall_A11,LevelInstance,LV_Overland/Region/Hogwarts Valley/Hogsmeade_RiverBlockout/LI_Hogsmeade_River/LI_WaterFall_A11,05F1C3C2-4C1B-6E01-7669-41BC8B9BF978,1,DL_HOGSMEADE;DL_OVERLAND,DL_HM_EXT;DL_HOGSMEADE,LI_Hogsmeade_River,/Game/Environment/River/LI_Hogsmeade_River,/Game/Environment/River/LevelActors/RiverBanks_Large_Stones/Blockout/LA_WaterFall_A01,12067.8,-70038.1,3360.1
LI_WaterFall_A12,LevelInstance,LV_Overland/Region/Hogwarts Valley/Hogsmeade_RiverBlockout/LI_Hogsmeade_River/LI_WaterFall_A12,61ADADAF-459E-C2D1-5D9B-88AE69AD298D,1,DL_HOGSMEADE;DL_OVERLAND,DL_HM_EXT;DL_HOGSMEADE,LI_Hogsmeade_River,/Game/Environment/River/LI_Hogsmeade_River,/Game/Environment/River/LevelActors/RiverBanks_Large_Stones/Blockout/LA_WaterFall_A01,14113.1,-66825.2,3221.8
LI_WaterFall_A13,LevelInstance,LV_Overland/Region/Hogwarts Valley/Hogsmeade_RiverBlockout/LI_Hogsmeade_River/LI_WaterFall_A13,943E20B6-4EC3-787E-3DDE-D39BC8413AF0,1,DL_HOGSMEADE;DL_OVERLAND,DL_HM_EXT;DL_HOGSMEADE,LI_Hogsmeade_River,/Game/Environment/River/LI_Hogsmeade_River,/Game/Environment/River/LevelActors/RiverBanks_Large_Stones/Blockout/LA_WaterFall_A01,14416.3,-67109.8,3221.8
LI_WaterFall_A14,LevelInstance,LV_Overland/Region/Hogwarts Valley/Hogsmeade_RiverBlockout/LI_Hogsmeade_River/LI_WaterFall_A14,DB3D7D20-4DC0-65C4-9B3F-A29BD99D5EF6,1,DL_HOGSMEADE;DL_OVERLAND,DL_HM_EXT;DL_HOGSMEADE,LI_Hogsmeade_River,/Game/Environment/River/LI_Hogsmeade_River,/Game/Environment/River/LevelActors/RiverBanks_Large_Stones/Blockout/LA_WaterFall_A01,9010.8,-72111.4,3438.1
LI_WaterFall_A15,LevelInstance,LV_Overland/Region/Hogwarts Valley/Hogsmeade_RiverBlockout/LI_Hogsmeade_River/LI_WaterFall_A15,3D425D9B-412F-5F61-FA09-20A50C67E48C,1,DL_HOGSMEADE;DL_OVERLAND,DL_HM_EXT;DL_HOGSMEADE,LI_Hogsmeade_River,/Game/Environment/River/LI_Hogsmeade_River,/Game/Environment/River/LevelActors/RiverBanks_Large_Stones/Blockout/LA_WaterFall_A01,9361.0,-72452.6,3438.1
LI_WaterFall_A16,LevelInstance,LV_Overland/Region/Hogwarts Valley/Hogsmeade_RiverBlockout/LI_Hogsmeade_River/LI_WaterFall_A16,EEE3A72C-4041-B8D2-D0F2-96B040EEAA13,1,DL_HOGSMEADE;DL_OVERLAND,DL_HM_EXT;DL_HOGSMEADE,LI_Hogsmeade_River,/Game/Environment/River/LI_Hogsmeade_River,/Game/Environment/River/LevelActors/RiverBanks_Large_Stones/Blockout/LA_WaterFall_A01,8110.7,-73839.6,3811.6
LI_WaterFall_A17,LevelInstance,LV_Overland/Region/Hogwarts Valley/Hogsmeade_RiverBlockout/LI_Hogsmeade_River/LI_WaterFall_A17,633B4B7E-477E-ED85-B38A-91A9F82CCAF5,1,DL_HOGSMEADE;DL_OVERLAND,DL_HM_EXT;DL_HOGSMEADE,LI_Hogsmeade_River,/Game/Environment/River/LI_Hogsmeade_River,/Game/Environment/River/LevelActors/RiverBanks_Large_Stones/Blockout/LA_WaterFall_A01,8494.2,-73921.1,3811.6
LI_WaterFall_A18,LevelInstance,LV_Overland/Region/Hogwarts Valley/Hogsmeade_RiverBlockout/LI_Hogsmeade_River/LI_WaterFall_A18,A3018E0C-4F5A-1894-CE07-34BDAF6585AD,1,DL_HOGSMEADE;DL_OVERLAND,DL_HM_EXT;DL_HOGSMEADE,LI_Hogsmeade_River,/Game/Environment/River/LI_Hogsmeade_River,/Game/Environment/River/LevelActors/RiverBanks_Large_Stones/Blockout/LA_WaterFall_A01,11719.6,-69988.6,3360.1
LI_WaterFall_A2,LevelInstance,LV_Overland/Region/Hogwarts Valley/Hogsmeade_RiverBlockout/LI_Hogsmeade_River/LI_WaterFall_A2,B3376536-4A4D-132D-642C-CD96DEC1D5C9,1,DL_HOGSMEADE;DL_OVERLAND,DL_HM_EXT;DL_HOGSMEADE,LI_Hogsmeade_River,/Game/Environment/River/LI_Hogsmeade_River,/Game/Environment/River/LevelActors/RiverBanks_Large_Stones/Blockout/LA_WaterFall_A01,14983.2,-66324.6,2907.3
LI_WaterFall_A3,LevelInstance,LV_Overland/Region/Hogwarts Valley/Hogsmeade_RiverBlockout/LI_Hogsmeade_River/LI_WaterFall_A3,316F164F-4832-F99E-877B-27B55FF058FC,1,DL_HOGSMEADE;DL_OVERLAND,DL_HM_EXT;DL_HOGSMEADE,LI_Hogsmeade_River,/Game/Environment/River/LI_Hogsmeade_River,/Game/Environment/River/LevelActors/RiverBanks_Large_Stones/Blockout/LA_WaterFall_A01,14351.9,-66423.3,3051.8
LI_WaterFall_A4,LevelInstance,LV_Overland/Region/Hogwarts Valley/Hogsmeade_RiverBlockout/LI_Hogsmeade_River/LI_WaterFall_A4,77E73E6B-42CF-957F-9040-7E861891F9DB,1,DL_HOGSMEADE;DL_OVERLAND,DL_HM_EXT;DL_HOGSMEADE,LI_Hogsmeade_River,/Game/Environment/River/LI_Hogsmeade_River,/Game/Environment/River/LevelActors/RiverBanks_Large_Stones/Blockout/LA_WaterFall_A01,14797.8,-66609.5,3051.8
LI_WaterFall_A5,LevelInstance,LV_Overland/Region/Hogwarts Valley/Hogsmeade_RiverBlockout/LI_Hogsmeade_River/LI_WaterFall_A5,9BDAA248-40DC-86E9-9EB6-9A9CECB306A3,1,DL_HOGSMEADE;DL_OVERLAND,DL_HM_EXT;DL_HOGSMEADE,LI_Hogsmeade_River,/Game/Environment/River/LI_Hogsmeade_River,/Game/Environment/River/LevelActors/RiverBanks_Large_Stones/Blockout/LA_WaterFall_A01,14907.4,-65846.4,2566.0
LI_WaterFall_A6,LevelInstance,LV_Overland/Region/Hogwarts Valley/Hogsmeade_RiverBlockout/LI_Hogsmeade_River/LI_WaterFall_A6,B51F370D-4E77-3E66-1EB0-828E47FD779F,1,DL_HOGSMEADE;DL_OVERLAND,DL_HM_EXT;DL_HOGSMEADE,LI_Hogsmeade_River,/Game/Environment/River/LI_Hogsmeade_River,/Game/Environment/River/LevelActors/RiverBanks_Large_Stones/Blockout/LA_WaterFall_A01,15124.5,-66012.2,2566.0
LI_WaterFall_A7,LevelInstance,LV_Overland/Region/Hogwarts Valley/Hogsmeade_RiverBlockout/LI_Hogsmeade_River/LI_WaterFall_A7,E290ADC5-4341-6051-05BA-3FBF6F6EF161,1,DL_HOGSMEADE;DL_OVERLAND,DL_HM_EXT;DL_HOGSMEADE,LI_Hogsmeade_River,/Game/Environment/River/LI_Hogsmeade_River,/Game/Environment/River/LevelActors/RiverBanks_Large_Stones/Blockout/LA_WaterFall_A01,12034.8,-69719.5,3360.1
LI_WaterFall_A8,LevelInstance,LV_Overland/Region/Hogwarts Valley/Hogsmeade_RiverBlockout/LI_Hogsmeade_River/LI_WaterFall_A8,2FF09A10-4C1E-BC4D-404B-CB8DDDFF8634,1,DL_HOGSMEADE;DL_OVERLAND,DL_HM_EXT;DL_HOGSMEADE,LI_Hogsmeade_River,/Game/Environment/River/LI_Hogsmeade_River,/Game/Environment/River/LevelActors/RiverBanks_Large_Stones/Blockout/LA_WaterFall_A01,12485.7,-69773.5,3360.1
LI_WaterFall_A9,LevelInstance,LV_Overland/Region/Hogwarts Valley/Hogsmeade_RiverBlockout/LI_Hogsmeade_River/LI_WaterFall_A9,D0A64F3A-4234-D655-D07B-34B1D9EAA392,1,DL_HOGSMEADE;DL_OVERLAND,DL_HM_EXT;DL_HOGSMEADE,LI_Hogsmeade_River,/Game/Environment/River/LI_Hogsmeade_River,/Game/Environment/River/LevelActors/RiverBanks_Large_Stones/Blockout/LA_WaterFall_A01,13061.1,-69922.5,3360.1
RiverBank_LargeStones_A04,LevelInstance,LV_Overland/Region/Hogwarts Valley/Hogsmeade_RiverBlockout/LI_Hogsmeade_River/Hogsmeade_RiverBlockout/RiverBank_LargeStones_A04,CF19D18F-41B7-DAC8-A3C0-63BA24CBDA73,1,DL_HOGSMEADE;DL_OVERLAND,DL_HM_EXT;DL_HOGSMEADE,LI_Hogsmeade_River,/Game/Environment/River/LI_Hogsmeade_River,/Game/Environment/River/LevelActors/RiverBanks_Large_Stones/LA_RiverBank_LargeStones_A04,10550.2,-72289.1,3518.3
RiverBank_LargeStones_A04_noplants,LevelInstance,LV_Overland/Region/Hogwarts Valley/Hogsmeade_RiverBlockout/LI_Hogsmeade_River/Hogsmeade_RiverBlockout/RiverBank_LargeStones_A04_noplants,B9D0F8D0-4B9A-3673-4486-F1986889FB6B,1,DL_HOGSMEADE;DL_OVERLAND,DL_HM_EXT;DL_HOGSMEADE,LI_Hogsmeade_River,/Game/Environment/River/LI_Hogsmeade_River,/Game/Environment/River/LevelActors/RiverBanks_Large_Stones/LA_RiverBank_LargeStones_A04_noplants,12185.5,-70483.4,3267.6
RiverBank_LargeStones_A04_noplants10,LevelInstance,LV_Overland/Region/Hogwarts Valley/Hogsmeade_RiverBlockout/LI_Hogsmeade_River/Hogsmeade_RiverBlockout/RiverBank_LargeStones_A04_noplants10,B3FEE56C-4620-F6A7-5EAD-E1BD0A32C183,1,DL_HOGSMEADE;DL_OVERLAND,DL_HM_EXT;DL_HOGSMEADE,LI_Hogsmeade_River,/Game/Environment/River/LI_Hogsmeade_River,/Game/Environment/River/LevelActors/RiverBanks_Large_Stones/LA_RiverBank_LargeStones_A04_noplants,7660.5,-83638.4,4311.5
RiverBank_LargeStones_A04_noplants12,LevelInstance,LV_Overland/Region/Hogwarts Valley/Hogsmeade_RiverBlockout/LI_Hogsmeade_River/Hogsmeade_RiverBlockout/RiverBank_LargeStones_A04_noplants12,2E125AF7-4F24-AF5F-FE23-5B98D349680A,1,DL_HOGSMEADE;DL_OVERLAND,DL_HM_EXT;DL_HOGSMEADE,LI_Hogsmeade_River,/Game/Environment/River/LI_Hogsmeade_River,/Game/Environment/River/LevelActors/RiverBanks_Large_Stones/LA_RiverBank_LargeStones_A04_noplants,4613.1,-79771.3,3778.6
RiverBank_LargeStones_A04_noplants13,LevelInstance,LV_Overland/Region/Hogwarts Valley/Hogsmeade_RiverBlockout/LI_Hogsmeade_River/Hogsmeade_RiverBlockout/RiverBank_LargeStones_A04_noplants13,F33AB514-4152-2916-6CAB-598FB59811BF,1,DL_HOGSMEADE;DL_OVERLAND,DL_HM_EXT;DL_HOGSMEADE,LI_Hogsmeade_River,/Game/Environment/River/LI_Hogsmeade_River,/Game/Environment/River/LevelActors/RiverBanks_Large_Stones/LA_RiverBank_LargeStones_A04_noplants,4953.2,-80059.2,3831.6
RiverBank_LargeStones_A04_noplants14,LevelInstance,LV_Overland/Region/Hogwarts Valley/Hogsmeade_RiverBlockout/LI_Hogsmeade_River/Hogsmeade_RiverBlockout/RiverBank_LargeStones_A04_noplants14,2F1A1184-452A-62D5-F1D6-638814C54FD6,1,DL_HOGSMEADE;DL_OVERLAND,DL_HM_EXT;DL_HOGSMEADE,LI_Hogsmeade_River,/Game/Environment/River/LI_Hogsmeade_River,/Game/Environment/River/LevelActors/RiverBanks_Large_Stones/LA_RiverBank_LargeStones_A04_noplants,6537.7,-76511.7,3889.1
RiverBank_LargeStones_A04_noplants15,LevelInstance,LV_Overland/Region/Hogwarts Valley/Hogsmeade_RiverBlockout/LI_Hogsmeade_River/Hogsmeade_RiverBlockout/RiverBank_LargeStones_A04_noplants15,5BA3B8D2-4AA2-EE13-FDC5-2B849176A56E,1,DL_HOGSMEADE;DL_OVERLAND,DL_HM_EXT;DL_HOGSMEADE,LI_Hogsmeade_River,/Game/Environment/River/LI_Hogsmeade_River,/Game/Environment/River/LevelActors/RiverBanks_Large_Stones/LA_RiverBank_LargeStones_A04_noplants,6424.1,-76825.7,3910.1
RiverBank_LargeStones_A04_noplants16,LevelInstance,LV_Overland/Region/Hogwarts Valley/Hogsmeade_RiverBlockout/LI_Hogsmeade_River/Hogsmeade_RiverBlockout/RiverBank_LargeStones_A04_noplants16,1E76761E-48FC-0C44-06B2-2F8AF04AE268,1,DL_HOGSMEADE;DL_OVERLAND,DL_HM_EXT;DL_HOGSMEADE,LI_Hogsmeade_River,/Game/Environment/River/LI_Hogsmeade_River,/Game/Environment/River/LevelActors/RiverBanks_Large_Stones/LA_RiverBank_LargeStones_A04_noplants,4889.0,-79116.6,3770.8
RiverBank_LargeStones_A04_noplants17,LevelInstance,LV_Overland/Region/Hogwarts Valley/Hogsmeade_RiverBlockout/LI_Hogsmeade_River/Hogsmeade_RiverBlockout/RiverBank_LargeStones_A04_noplants17,D92D23ED-44BA-2963-4F62-F8A8BE6E5491,1,DL_HOGSMEADE;DL_OVERLAND,DL_HM_EXT;DL_HOGSMEADE,LI_Hogsmeade_River,/Game/Environment/River/LI_Hogsmeade_River,/Game/Environment/River/LevelActors/RiverBanks_Large_Stones/LA_RiverBank_LargeStones_A04_noplants,7629.4,-75260.2,3863.5
RiverBank_LargeStones_A04_noplants18,LevelInstance,LV_Overland/Region/Hogwarts Valley/Hogsmeade_RiverBlockout/LI_Hogsmeade_River/Hogsmeade_RiverBlockout/RiverBank_LargeStones_A04_noplants18,45A244CA-413B-FDB8-4014-30860C14AC82,1,DL_HOGSMEADE;DL_OVERLAND,DL_HM_EXT;DL_HOGSMEADE,LI_Hogsmeade_River,/Game/Environment/River/LI_Hogsmeade_River,/Game/Environment/River/LevelActors/RiverBanks_Large_Stones/LA_RiverBank_LargeStones_A04_noplants,8833.1,-74414.9,3976.5
RiverBank_LargeStones_A04_noplants19,LevelInstance,LV_Overland/Region/Hogwarts Valley/Hogsmeade_RiverBlockout/LI_Hogsmeade_River/Hogsmeade_RiverBlockout/RiverBank_LargeStones_A04_noplants19,0C164695-4B44-D5EA-F3B5-84A9A0703B8D,1,DL_HOGSMEADE;DL_OVERLAND,DL_HM_EXT;DL_HOGSMEADE,LI_Hogsmeade_River,/Game/Environment/River/LI_Hogsmeade_River,/Game/Environment/River/LevelActors/RiverBanks_Large_Stones/LA_RiverBank_LargeStones_A04_noplants,9291.3,-72157.0,3423.4
RiverBank_LargeStones_A04_noplants2,LevelInstance,LV_Overland/Region/Hogwarts Valley/Hogsmeade_RiverBlockout/LI_Hogsmeade_River/Hogsmeade_RiverBlockout/RiverBank_LargeStones_A04_noplants2,EC113676-4C0D-0034-67CA-F580DD0B8DF9,1,DL_HOGSMEADE;DL_OVERLAND,DL_HM_EXT;DL_HOGSMEADE,LI_Hogsmeade_River,/Game/Environment/River/LI_Hogsmeade_River,/Game/Environment/River/LevelActors/RiverBanks_Large_Stones/LA_RiverBank_LargeStones_A04_noplants,11847.1,-68574.6,3285.4
RiverBank_LargeStones_A04_noplants20,LevelInstance,LV_Overland/Region/Hogwarts Valley/Hogsmeade_RiverBlockout/LI_Hogsmeade_River/Hogsmeade_RiverBlockout/RiverBank_LargeStones_A04_noplants20,82B98377-4DAC-963E-BCEB-F1AB08C75A4C,1,DL_HOGSMEADE;DL_OVERLAND,DL_HM_EXT;DL_HOGSMEADE,LI_Hogsmeade_River,/Game/Environment/River/LI_Hogsmeade_River,/Game/Environment/River/LevelActors/RiverBanks_Large_Stones/LA_RiverBank_LargeStones_A04_noplants,6779.6,-75271.6,3898.8
RiverBank_LargeStones_A04_noplants21,LevelInstance,LV_Overland/Region/Hogwarts Valley/Hogsmeade_RiverBlockout/LI_Hogsmeade_River/Hogsmeade_RiverBlockout/RiverBank_LargeStones_A04_noplants21,A01B0724-4347-C91E-0638-939339C49F81,1,DL_HOGSMEADE;DL_OVERLAND,DL_HM_EXT;DL_HOGSMEADE,LI_Hogsmeade_River,/Game/Environment/River/LI_Hogsmeade_River,/Game/Environment/River/LevelActors/RiverBanks_Large_Stones/LA_RiverBank_LargeStones_A04_noplants,7540.7,-74733.8,3908.1
RiverBank_LargeStones_A04_noplants22,LevelInstance,LV_Overland/Region/Hogwarts Valley/Hogsmeade_RiverBlockout/LI_Hogsmeade_River/Hogsmeade_RiverBlockout/RiverBank_LargeStones_A04_noplants22,6FB91C54-4637-64B0-1F50-BAA78A8E01EF,1,DL_HOGSMEADE;DL_OVERLAND,DL_HM_EXT;DL_HOGSMEADE,LI_Hogsmeade_River,/Game/Environment/River/LI_Hogsmeade_River,/Game/Environment/River/LevelActors/RiverBanks_Large_Stones/LA_RiverBank_LargeStones_A04_noplants,8445.4,-73523.7,3556.5
RiverBank_LargeStones_A04_noplants23,LevelInstance,LV_Overland/Region/Hogwarts Valley/Hogsmeade_RiverBlockout/LI_Hogsmeade_River/Hogsmeade_RiverBlockout/RiverBank_LargeStones_A04_noplants23,9952233B-4CC1-B407-79D6-118FD1202688,1,DL_HOGSMEADE;DL_OVERLAND,DL_HM_EXT;DL_HOGSMEADE,LI_Hogsmeade_River,/Game/Environment/River/LI_Hogsmeade_River,/Game/Environment/River/LevelActors/RiverBanks_Large_Stones/LA_RiverBank_LargeStones_A04_noplants,6943.6,-82693.1,3951.0
RiverBank_LargeStones_A04_noplants24,LevelInstance,LV_Overland/Region/Hogwarts Valley/Hogsmeade_RiverBlockout/LI_Hogsmeade_River/Hogsmeade_RiverBlockout/RiverBank_LargeStones_A04_noplants24,6B7D64F5-41BD-105A-EF59-929C9B4C2705,1,DL_HOGSMEADE;DL_OVERLAND,DL_HM_EXT;DL_HOGSMEADE,LI_Hogsmeade_River,/Game/Environment/River/LI_Hogsmeade_River,/Game/Environment/River/LevelActors/RiverBanks_Large_Stones/LA_RiverBank_LargeStones_A04_noplants,6585.6,-82611.5,3951.0
RiverBank_LargeStones_A04_noplants25,LevelInstance,LV_Overland/Region/Hogwarts Valley/Hogsmeade_RiverBlockout/LI_Hogsmeade_River/Hogsmeade_RiverBlockout/RiverBank_LargeStones_A04_noplants25,8DB269B4-40BE-628A-FE00-52AF4BD5EF0B,1,DL_HOGSMEADE;DL_OVERLAND,DL_HM_EXT;DL_HOGSMEADE,LI_Hogsmeade_River,/Game/Environment/River/LI_Hogsmeade_River,/Game/Environment/River/LevelActors/RiverBanks_Large_Stones/LA_RiverBank_LargeStones_A04_noplants,6715.5,-82668.3,3951.0
RiverBank_LargeStones_A04_noplants26,LevelInstance,LV_Overland/Region/Hogwarts Valley/Hogsmeade_RiverBlockout/LI_Hogsmeade_River/Hogsmeade_RiverBlockout/RiverBank_LargeStones_A04_noplants26,9793FB46-43E9-28C7-C0A4-80891D054316,1,DL_HOGSMEADE;DL_OVERLAND,DL_HM_EXT;DL_HOGSMEADE,LI_Hogsmeade_River,/Game/Environment/River/LI_Hogsmeade_River,/Game/Environment/River/LevelActors/RiverBanks_Large_Stones/LA_RiverBank_SmallSharpRocks_A01,12825.6,-71006.9,3434.5
RiverBank_LargeStones_A04_noplants27,LevelInstance,LV_Overland/Region/Hogwarts Valley/Hogsmeade_RiverBlockout/LI_Hogsmeade_River/Hogsmeade_RiverBlockout/RiverBank_LargeStones_A04_noplants27,7FF7D319-47A7-15A8-5CDD-AB8AEBC7E397,1,DL_HOGSMEADE;DL_OVERLAND,DL_HM_EXT;DL_HOGSMEADE,LI_Hogsmeade_River,/Game/Environment/River/LI_Hogsmeade_River,/Game/Environment/River/LevelActors/RiverBanks_Large_Stones/LA_RiverBank_LargeStones_A04_noplants,12173.7,-70073.3,3255.1
RiverBank_LargeStones_A04_noplants28,LevelInstance,LV_Overland/Region/Hogwarts Valley/Hogsmeade_RiverBlockout/LI_Hogsmeade_River/Hogsmeade_RiverBlockout/RiverBank_LargeStones_A04_noplants28,FC4CFD06-41A6-842A-AC08-8099A6E67A3A,1,DL_HOGSMEADE;DL_OVERLAND,DL_HM_EXT;DL_HOGSMEADE,LI_Hogsmeade_River,/Game/Environment/River/LI_Hogsmeade_River,/Game/Environment/River/LevelActors/RiverBanks_Large_Stones/LA_RiverBank_LargeStones_A04_noplants,12160.5,-69725.3,3260.7
RiverBank_LargeStones_A04_noplants29,LevelInstance,LV_Overland/Region/Hogwarts Valley/Hogsmeade_RiverBlockout/LI_Hogsmeade_River/Hogsmeade_RiverBlockout/RiverBank_LargeStones_A04_noplants29,39FBE853-466A-D891-D363-AAA841D09C22,1,DL_HOGSMEADE;DL_OVERLAND,DL_HM_EXT;DL_HOGSMEADE,LI_Hogsmeade_River,/Game/Environment/River/LI_Hogsmeade_River,/Game/Environment/River/LevelActors/RiverBanks_Large_Stones/LA_RiverBank_LargeStones_A04_noplants,12214.3,-69885.7,3260.7
RiverBank_LargeStones_A04_noplants3,LevelInstance,LV_Overland/Region/Hogwarts Valley/Hogsmeade_RiverBlockout/LI_Hogsmeade_River/Hogsmeade_RiverBlockout/RiverBank_LargeStones_A04_noplants3,352EC708-4AAB-173E-C902-7FBD0142AE7E,1,DL_HOGSMEADE;DL_OVERLAND,DL_HM_EXT;DL_HOGSMEADE,LI_Hogsmeade_River,/Game/Environment/River/LI_Hogsmeade_River,/Game/Environment/River/LevelActors/RiverBanks_Large_Stones/LA_RiverBank_LargeStones_A04_noplants,11904.5,-68001.9,3256.6
RiverBank_LargeStones_A04_noplants30,LevelInstance,LV_Overland/Region/Hogwarts Valley/Hogsmeade_RiverBlockout/LI_Hogsmeade_River/Hogsmeade_RiverBlockout/RiverBank_LargeStones_A04_noplants30,1C40D43C-48DE-7D50-3352-308B615BB612,1,DL_HOGSMEADE;DL_OVERLAND,DL_HM_EXT;DL_HOGSMEADE,LI_Hogsmeade_River,/Game/Environment/River/LI_Hogsmeade_River,/Game/Environment/River/LevelActors/RiverBanks_Large_Stones/LA_RiverBank_LargeStones_A04_noplants,12640.2,-68970.7,3277.5
RiverBank_LargeStones_A04_noplants31,LevelInstance,LV_Overland/Region/Hogwarts Valley/Hogsmeade_RiverBlockout/LI_Hogsmeade_River/Hogsmeade_RiverBlockout/RiverBank_LargeStones_A04_noplants31,DF641FA0-4B7A-C846-4586-379CB542EC5F,1,DL_HOGSMEADE;DL_OVERLAND,DL_HM_EXT;DL_HOGSMEADE,LI_Hogsmeade_River,/Game/Environment/River/LI_Hogsmeade_River,/Game/Environment/River/LevelActors/RiverBanks_Large_Stones/LA_RiverBank_LargeStones_A04_noplants,9066.3,-73035.5,3454.7
RiverBank_LargeStones_A04_noplants32,LevelInstance,LV_Overland/Region/Hogwarts Valley/Hogsmeade_RiverBlockout/LI_Hogsmeade_River/Hogsmeade_RiverBlockout/RiverBank_LargeStones_A04_noplants32,39ABA6BD-43FB-B899-5C34-9680AB06ED2C,1,DL_HOGSMEADE;DL_OVERLAND,DL_HM_EXT;DL_HOGSMEADE,LI_Hogsmeade_River,/Game/Environment/River/LI_Hogsmeade_River,/Game/Environment/River/LevelActors/RiverBanks_Large_Stones/LA_RiverBank_LargeStones_A04_noplants,8633.7,-73349.5,3478.2
RiverBank_LargeStones_A04_noplants33,LevelInstance,LV_Overland/Region/Hogwarts Valley/Hogsmeade_RiverBlockout/LI_Hogsmeade_River/Hogsmeade_RiverBlockout/RiverBank_LargeStones_A04_noplants33,32605035-4DE1-B32B-5FDA-4F9D25BD36D2,1,DL_HOGSMEADE;DL_OVERLAND,DL_HM_EXT;DL_HOGSMEADE,LI_Hogsmeade_River,/Game/Environment/River/LI_Hogsmeade_River,/Game/Environment/River/LevelActors/RiverBanks_Large_Stones/LA_RiverBank_LargeStones_A04_noplants,5730.5,-78491.8,3789.4
RiverBank_LargeStones_A04_noplants34,LevelInstance,LV_Overland/Region/Hogwarts Valley/Hogsmeade_RiverBlockout/LI_Hogsmeade_River/Hogsmeade_RiverBlockout/RiverBank_LargeStones_A04_noplants34,997D6462-41B4-9604-4DB8-B889197D91AD,1,DL_HOGSMEADE;DL_OVERLAND,DL_HM_EXT;DL_HOGSMEADE,LI_Hogsmeade_River,/Game/Environment/River/LI_Hogsmeade_River,/Game/Environment/River/LevelActors/RiverBanks_Large_Stones/LA_RiverBank_LargeStones_A04_noplants,5562.5,-78418.7,3775.4
RiverBank_LargeStones_A04_noplants36,LevelInstance,LV_Overland/Region/Hogwarts Valley/Hogsmeade_RiverBlockout/LI_Hogsmeade_River/RiverBank_LargeStones_A04_noplants36,1D4B3794-48F1-B4CC-8C90-EAB4B5A74929,1,DL_HOGSMEADE;DL_OVERLAND,DL_HM_EXT;DL_HOGSMEADE,LI_Hogsmeade_River,/Game/Environment/River/LI_Hogsmeade_River,/Game/Environment/River/LevelActors/RiverBanks_Large_Stones/LA_RiverBank_LargeStones_A04_noplants,5767.4,-77777.8,3995.8
RiverBank_LargeStones_A04_noplants37,LevelInstance,LV_Overland/Region/Hogwarts Valley/Hogsmeade_RiverBlockout/LI_Hogsmeade_River/RiverBank_LargeStones_A04_noplants37,BD72EE7B-4A72-5268-16F0-C4B01E2A8640,1,DL_HOGSMEADE;DL_OVERLAND,DL_HM_EXT;DL_HOGSMEADE,LI_Hogsmeade_River,/Game/Environment/River/LI_Hogsmeade_River,/Game/Environment/River/LevelActors/RiverBanks_Large_Stones/LA_RiverBank_LargeStones_A04_noplants,5545.6,-78106.8,3850.4
RiverBank_LargeStones_A04_noplants43,LevelInstance,LV_Overland/Region/Hogwarts Valley/Hogsmeade_RiverBlockout/LI_Hogsmeade_River/RiverBank_LargeStones_A04_noplants43,5D1E364D-4065-30BF-B1BF-CEBF1A8D9CA7,1,DL_HOGSMEADE;DL_OVERLAND,DL_HM_EXT;DL_HOGSMEADE,LI_Hogsmeade_River,/Game/Environment/River/LI_Hogsmeade_River,/Game/Environment/River/LevelActors/RiverBanks_Large_Stones/LA_RiverBank_LargeStones_A04_noplants,6924.2,-76246.8,3927.4
RiverBank_LargeStones_A04_noplants45,LevelInstance,LV_Overland/Region/Hogwarts Valley/Hogsmeade_RiverBlockout/LI_Hogsmeade_River/RiverBank_LargeStones_A04_noplants45,9DC90FA3-498D-8045-F12C-C990148D42A8,1,DL_HOGSMEADE;DL_OVERLAND,DL_HM_EXT;DL_HOGSMEADE,LI_Hogsmeade_River,/Game/Environment/River/LI_Hogsmeade_River,/Game/Environment/River/LevelActors/RiverBanks_Large_Stones/LA_RiverBank_LargeStones_A04_noplants,6824.6,-76554.1,3954.5
RiverBank_LargeStones_A04_noplants46,LevelInstance,LV_Overland/Region/Hogwarts Valley/Hogsmeade_RiverBlockout/LI_Hogsmeade_River/RiverBank_LargeStones_A04_noplants46,98C677C9-4971-1C5E-9D0F-0BA9DB155D53,1,DL_HOGSMEADE;DL_OVERLAND,DL_HM_EXT;DL_HOGSMEADE,LI_Hogsmeade_River,/Game/Environment/River/LI_Hogsmeade_River,/Game/Environment/River/LevelActors/RiverBanks_Large_Stones/LA_RiverBank_LargeStones_A04_noplants,7325.0,-75114.6,3976.4
RiverBank_LargeStones_A04_noplants47,LevelInstance,LV_Overland/Region/Hogwarts Valley/Hogsmeade_RiverBlockout/LI_Hogsmeade_River/RiverBank_LargeStones_A04_noplants47,9C2671AA-4A02-CFA9-88E7-59B4B1F54C62,1,DL_HOGSMEADE;DL_OVERLAND,DL_HM_EXT;DL_HOGSMEADE,LI_Hogsmeade_River,/Game/Environment/River/LI_Hogsmeade_River,/Game/Environment/River/LevelActors/RiverBanks_Large_Stones/LA_RiverBank_LargeStones_A04_noplants,8432.2,-75046.4,3895.2
RiverBank_LargeStones_A04_noplants48,LevelInstance,LV_Overland/Region/Hogwarts Valley/Hogsmeade_RiverBlockout/LI_Hogsmeade_River/RiverBank_LargeStones_A04_noplants48,D568FDA3-4CB1-F2C4-9CA8-2BAEE6C21BF8,1,DL_HOGSMEADE;DL_OVERLAND,DL_HM_EXT;DL_HOGSMEADE,LI_Hogsmeade_River,/Game/Environment/River/LI_Hogsmeade_River,/Game/Environment/River/LevelActors/RiverBanks_Large_Stones/LA_RiverBank_LargeStones_A04_noplants,7896.6,-74995.6,3889.2
RiverBank_LargeStones_A04_noplants49,LevelInstance,LV_Overland/Region/Hogwarts Valley/Hogsmeade_RiverBlockout/LI_Hogsmeade_River/RiverBank_LargeStones_A04_noplants49,775484DC-4DC6-96B9-0EDA-E29DDB56E207,1,DL_HOGSMEADE;DL_OVERLAND,DL_HM_EXT;DL_HOGSMEADE,LI_Hogsmeade_River,/Game/Environment/River/LI_Hogsmeade_River,/Game/Environment/River/LevelActors/RiverBanks_Large_Stones/LA_RiverBank_LargeStones_A04_noplants,3016.3,-77881.3,4089.9
RiverBank_LargeStones_A04_noplants5,LevelInstance,LV_Overland/Region/Hogwarts Valley/Hogsmeade_RiverBlockout/LI_Hogsmeade_River/Hogsmeade_RiverBlockout/RiverBank_LargeStones_A04_noplants5,23D32955-4B53-E1A1-AE26-25834286D994,1,DL_HOGSMEADE;DL_OVERLAND,DL_HM_EXT;DL_HOGSMEADE,LI_Hogsmeade_River,/Game/Environment/River/LI_Hogsmeade_River,/Game/Environment/River/LevelActors/RiverBanks_Large_Stones/LA_RiverBank_LargeStones_A04_noplants,5100.2,-77334.0,3904.0
RiverBank_LargeStones_A04_noplants6,LevelInstance,LV_Overland/Region/Hogwarts Valley/Hogsmeade_RiverBlockout/LI_Hogsmeade_River/Hogsmeade_RiverBlockout/RiverBank_LargeStones_A04_noplants6,768FBB92-4C64-5DCF-D579-4B9B56479025,1,DL_HOGSMEADE;DL_OVERLAND,DL_HM_EXT;DL_HOGSMEADE,LI_Hogsmeade_River,/Game/Environment/River/LI_Hogsmeade_River,/Game/Environment/River/LevelActors/RiverBanks_Large_Stones/LA_RiverBank_LargeStones_A04_noplants,5272.0,-77235.3,3932.1
RiverBank_LargeStones_A04_noplants7,LevelInstance,LV_Overland/Region/Hogwarts Valley/Hogsmeade_RiverBlockout/LI_Hogsmeade_River/Hogsmeade_RiverBlockout/RiverBank_LargeStones_A04_noplants7,BA4EB1B9-423D-C956-B2B5-70BE8B6E8364,1,DL_HOGSMEADE;DL_OVERLAND,DL_HM_EXT;DL_HOGSMEADE,LI_Hogsmeade_River,/Game/Environment/River/LI_Hogsmeade_River,/Game/Environment/River/LevelActors/RiverBanks_Large_Stones/LA_RiverBank_LargeStones_A04_noplants,5702.0,-76764.4,3944.3
RiverBank_LargeStones_A04_noplants8,LevelInstance,LV_Overland/Region/Hogwarts Valley/Hogsmeade_RiverBlockout/LI_Hogsmeade_River/Hogsmeade_RiverBlockout/RiverBank_LargeStones_A04_noplants8,F208A33B-4AAA-CD45-3EB4-288952CFD89C,1,DL_HOGSMEADE;DL_OVERLAND,DL_HM_EXT;DL_HOGSMEADE,LI_Hogsmeade_River,/Game/Environment/River/LI_Hogsmeade_River,/Game/Environment/River/LevelActors/RiverBanks_Large_Stones/LA_RiverBank_LargeStones_A04_noplants,5693.9,-76598.6,3944.2
RiverBank_LargeStones_A04_noplants9,LevelInstance,LV_Overland/Region/Hogwarts Valley/Hogsmeade_RiverBlockout/LI_Hogsmeade_River/Hogsmeade_RiverBlockout/RiverBank_LargeStones_A04_noplants9,7BDB6B60-40F4-1288-BE09-B0A007006227,1,DL_HOGSMEADE;DL_OVERLAND,DL_HM_EXT;DL_HOGSMEADE,LI_Hogsmeade_River,/Game/Environment/River/LI_Hogsmeade_River,/Game/Environment/River/LevelActors/RiverBanks_Large_Stones/LA_RiverBank_LargeStones_A04_noplants,8691.1,-84076.0,4650.3
RiverBank_LargeStones_A06,LevelInstance,LV_Overland/Region/Hogwarts Valley/Hogsmeade_RiverBlockout/LI_Hogsmeade_River/Hogsmeade_RiverBlockout/RiverBank_LargeStones_A06,1B7ED67C-4565-AD49-D2E4-90A1AA436546,1,DL_HOGSMEADE;DL_OVERLAND,DL_HM_EXT;DL_HOGSMEADE,LI_Hogsmeade_River,/Game/Environment/River/LI_Hogsmeade_River,/Game/Environment/River/LevelActors/RiverBanks_Large_Stones/LA_RiverBank_LargeStones_A06,10243.8,-72530.7,3581.3
RiverBank_LargeStones_A07,LevelInstance,LV_Overland/Region/Hogwarts Valley/Hogsmeade_RiverBlockout/LI_Hogsmeade_River/Hogsmeade_RiverBlockout/RiverBank_LargeStones_A07,82EEB9EC-48AC-4544-BC64-89A60BFCC694,1,DL_HOGSMEADE;DL_OVERLAND,DL_HM_EXT;DL_HOGSMEADE,LI_Hogsmeade_River,/Game/Environment/River/LI_Hogsmeade_River,/Game/Environment/River/LevelActors/RiverBanks_Large_Stones/Blockout/LA_River_LargeStones_A07,11377.6,-70122.7,3418.9
RiverBank_LargeStones_A10,LevelInstance,LV_Overland/Region/Hogwarts Valley/Hogsmeade_RiverBlockout/LI_Hogsmeade_River/Hogsmeade_RiverBlockout/RiverBank_LargeStones_A10,C0393A03-4D50-E3A8-F445-B0B39C768B11,1,DL_HOGSMEADE;DL_OVERLAND,DL_HM_EXT;DL_HOGSMEADE,LI_Hogsmeade_River,/Game/Environment/River/LI_Hogsmeade_River,/Game/Environment/River/LevelActors/RiverBanks_Large_Stones/LA_RiverBank_LargeStones_A06,13079.3,-69901.5,3386.6
RiverBank_LargeStones_A100,LevelInstance,LV_Overland/Region/Hogwarts Valley/Hogsmeade_RiverBlockout/LI_Hogsmeade_River/Hogsmeade_RiverBlockout/RiverBank_LargeStones_A100,3636837E-4603-3CD2-6D97-18ADB73DABA8,1,DL_HOGSMEADE;DL_OVERLAND,DL_HM_EXT;DL_HOGSMEADE,LI_Hogsmeade_River,/Game/Environment/River/LI_Hogsmeade_River,/Game/Environment/River/LevelActors/RiverBanks_Large_Stones/LA_RiverBank_LargeStones_A06,7616.0,-83193.9,4047.6
RiverBank_LargeStones_A101,LevelInstance,LV_Overland/Region/Hogwarts Valley/Hogsmeade_RiverBlockout/LI_Hogsmeade_River/Hogsmeade_RiverBlockout/RiverBank_LargeStones_A101,BB685EFF-47C9-9585-21B8-F7AF0BF5C263,1,DL_HOGSMEADE;DL_OVERLAND,DL_HM_EXT;DL_HOGSMEADE,LI_Hogsmeade_River,/Game/Environment/River/LI_Hogsmeade_River,/Game/Environment/River/LevelActors/RiverBanks_Large_Stones/LA_RiverBank_LargeStones_A04,6535.4,-83117.3,3997.9
RiverBank_LargeStones_A102,LevelInstance,LV_Overland/Region/Hogwarts Valley/Hogsmeade_RiverBlockout/LI_Hogsmeade_River/Hogsmeade_RiverBlockout/RiverBank_LargeStones_A102,AC673A85-4912-7214-D95E-D3B39E89D936,1,DL_HOGSMEADE;DL_OVERLAND,DL_HM_EXT;DL_HOGSMEADE,LI_Hogsmeade_River,/Game/Environment/River/LI_Hogsmeade_River,/Game/Environment/River/LevelActors/RiverBanks_Large_Stones/LA_RiverBank_LargeStones_A06,6222.2,-83005.8,4020.7
RiverBank_LargeStones_A103,LevelInstance,LV_Overland/Region/Hogwarts Valley/Hogsmeade_RiverBlockout/LI_Hogsmeade_River/Hogsmeade_RiverBlockout/RiverBank_LargeStones_A103,A17B9B5C-4C89-4B36-59C4-A5B0E1B76107,1,DL_HOGSMEADE;DL_OVERLAND,DL_HM_EXT;DL_HOGSMEADE,LI_Hogsmeade_River,/Game/Environment/River/LI_Hogsmeade_River,/Game/Environment/River/LevelActors/RiverBanks_Large_Stones/LA_RiverBank_LargeStones_A06,6383.0,-81603.1,3965.7
RiverBank_LargeStones_A104,LevelInstance,LV_Overland/Region/Hogwarts Valley/Hogsmeade_RiverBlockout/LI_Hogsmeade_River/Hogsmeade_RiverBlockout/RiverBank_LargeStones_A104,3528EDB6-473D-4FC5-A67D-939D02072880,1,DL_HOGSMEADE;DL_OVERLAND,DL_HM_EXT;DL_HOGSMEADE,LI_Hogsmeade_River,/Game/Environment/River/LI_Hogsmeade_River,/Game/Environment/River/LevelActors/RiverBanks_Large_Stones/LA_RiverBank_LargeStones_A04,7503.1,-83858.7,4320.2
RiverBank_LargeStones_A105,LevelInstance,LV_Overland/Region/Hogwarts Valley/Hogsmeade_RiverBlockout/LI_Hogsmeade_River/Hogsmeade_RiverBlockout/RiverBank_LargeStones_A105,F78C44D2-41A9-5502-E549-B1967A0CCD92,1,DL_HOGSMEADE;DL_OVERLAND,DL_HM_EXT;DL_HOGSMEADE,LI_Hogsmeade_River,/Game/Environment/River/LI_Hogsmeade_River,/Game/Environment/River/LevelActors/RiverBanks_Large_Stones/LA_RiverBank_LargeStones_A06,7126.6,-83730.8,4129.5
RiverBank_LargeStones_A106,LevelInstance,LV_Overland/Region/Hogwarts Valley/Hogsmeade_RiverBlockout/LI_Hogsmeade_River/Hogsmeade_RiverBlockout/RiverBank_LargeStones_A106,DE1C97CC-4F16-B076-4B2E-80A093FDE261,1,DL_HOGSMEADE;DL_OVERLAND,DL_HM_EXT;DL_HOGSMEADE,LI_Hogsmeade_River,/Game/Environment/River/LI_Hogsmeade_River,/Game/Environment/River/LevelActors/RiverBanks_Large_Stones/LA_RiverBank_LargeStones_A05,6852.5,-83547.4,4010.8
RiverBank_LargeStones_A107,LevelInstance,LV_Overland/Region/Hogwarts Valley/Hogsmeade_RiverBlockout/LI_Hogsmeade_River/Hogsmeade_RiverBlockout/RiverBank_LargeStones_A107,4149F1F8-4F7B-5934-B2AF-7FACADD656F0,1,DL_HOGSMEADE;DL_OVERLAND,DL_HM_EXT;DL_HOGSMEADE,LI_Hogsmeade_River,/Game/Environment/River/LI_Hogsmeade_River,/Game/Environment/River/LevelActors/RiverBanks_Large_Stones/LA_RiverBank_LargeStones_A06,6999.1,-83307.9,3958.8
RiverBank_LargeStones_A108,LevelInstance,LV_Overland/Region/Hogwarts Valley/Hogsmeade_RiverBlockout/LI_Hogsmeade_River/Hogsmeade_RiverBlockout/RiverBank_LargeStones_A108,7C36CD2B-44D2-92A6-5CA8-889B0E1B4AA3,1,DL_HOGSMEADE;DL_OVERLAND,DL_HM_EXT;DL_HOGSMEADE,LI_Hogsmeade_River,/Game/Environment/River/LI_Hogsmeade_River,/Game/Environment/River/LevelActors/RiverBanks_Large_Stones/LA_RiverBank_LargeStones_A06,6766.4,-83137.5,3991.6
RiverBank_LargeStones_A109,LevelInstance,LV_Overland/Region/Hogwarts Valley/Hogsmeade_RiverBlockout/LI_Hogsmeade_River/Hogsmeade_RiverBlockout/RiverBank_LargeStones_A109,A46418AE-4F0A-DC10-0F58-0BB11DDCF21E,1,DL_HOGSMEADE;DL_OVERLAND,DL_HM_EXT;DL_HOGSMEADE,LI_Hogsmeade_River,/Game/Environment/River/LI_Hogsmeade_River,/Game/Environment/River/LevelActors/RiverBanks_Large_Stones/LA_RiverBank_LargeStones_A05,6135.6,-79203.6,4071.0
RiverBank_LargeStones_A110,LevelInstance,LV_Overland/Region/Hogwarts Valley/Hogsmeade_RiverBlockout/LI_Hogsmeade_River/Hogsmeade_RiverBlockout/RiverBank_LargeStones_A110,44BA12B0-401F-0154-0F8D-6FBA5BB0EDA8,1,DL_HOGSMEADE;DL_OVERLAND,DL_HM_EXT;DL_HOGSMEADE,LI_Hogsmeade_River,/Game/Environment/River/LI_Hogsmeade_River,/Game/Environment/River/LevelActors/RiverBanks_Large_Stones/LA_RiverBank_LargeStones_A06,6292.5,-78976.1,3913.0
RiverBank_LargeStones_A111,LevelInstance,LV_Overland/Region/Hogwarts Valley/Hogsmeade_RiverBlockout/LI_Hogsmeade_River/Hogsmeade_RiverBlockout/RiverBank_LargeStones_A111,D645DAF8-416D-D614-0A0B-D297BFA7E866,1,DL_HOGSMEADE;DL_OVERLAND,DL_HM_EXT;DL_HOGSMEADE,LI_Hogsmeade_River,/Game/Environment/River/LI_Hogsmeade_River,/Game/Environment/River/LevelActors/RiverBanks_Large_Stones/LA_RiverBank_LargeStones_A06,5907.5,-78866.0,3871.5
RiverBank_LargeStones_A112,LevelInstance,LV_Overland/Region/Hogwarts Valley/Hogsmeade_RiverBlockout/LI_Hogsmeade_River/Hogsmeade_RiverBlockout/RiverBank_LargeStones_A112,8BAD684F-46DB-9898-680B-4BAB420208F1,1,DL_HOGSMEADE;DL_OVERLAND,DL_HM_EXT;DL_HOGSMEADE,LI_Hogsmeade_River,/Game/Environment/River/LI_Hogsmeade_River,/Game/Environment/River/LevelActors/RiverBanks_Large_Stones/LA_RiverBank_LargeStones_A05,6379.7,-78766.8,3966.2
RiverBank_LargeStones_A115,LevelInstance,LV_Overland/Region/Hogwarts Valley/Hogsmeade_RiverBlockout/LI_Hogsmeade_River/Hogsmeade_RiverBlockout/RiverBank_LargeStones_A115,26113F1B-43FD-6F77-5879-ED9BA6448E4E,1,DL_HOGSMEADE;DL_OVERLAND,DL_HM_EXT;DL_HOGSMEADE,LI_Hogsmeade_River,/Game/Environment/River/LI_Hogsmeade_River,/Game/Environment/River/LevelActors/RiverBanks_Large_Stones/LA_RiverBank_LargeStones_A05,5927.0,-80771.9,4009.1
RiverBank_LargeStones_A116,LevelInstance,LV_Overland/Region/Hogwarts Valley/Hogsmeade_RiverBlockout/LI_Hogsmeade_River/Hogsmeade_RiverBlockout/RiverBank_LargeStones_A116,F8C84952-453A-CE5A-DE30-E0BD7011572D,1,DL_HOGSMEADE;DL_OVERLAND,DL_HM_EXT;DL_HOGSMEADE,LI_Hogsmeade_River,/Game/Environment/River/LI_Hogsmeade_River,/Game/Environment/River/LevelActors/RiverBanks_Large_Stones/LA_RiverBank_LargeStones_A06,5351.2,-80725.9,3923.0
RiverBank_LargeStones_A118,LevelInstance,LV_Overland/Region/Hogwarts Valley/Hogsmeade_RiverBlockout/LI_Hogsmeade_River/Hogsmeade_RiverBlockout/RiverBank_LargeStones_A118,098BFD08-4BA4-704D-E690-83837ECAE3EC,1,DL_HOGSMEADE;DL_OVERLAND,DL_HM_EXT;DL_HOGSMEADE,LI_Hogsmeade_River,/Game/Environment/River/LI_Hogsmeade_River,/Game/Environment/River/LevelActors/RiverBanks_Large_Stones/LA_RiverBank_LargeStones_A06,4677.6,-79351.7,3814.5
RiverBank_LargeStones_A119,LevelInstance,LV_Overland/Region/Hogwarts Valley/Hogsmeade_RiverBlockout/LI_Hogsmeade_River/Hogsmeade_RiverBlockout/RiverBank_LargeStones_A119,BFF4FD2B-401A-6F38-237C-31B5612B3228,1,DL_HOGSMEADE;DL_OVERLAND,DL_HM_EXT;DL_HOGSMEADE,LI_Hogsmeade_River,/Game/Environment/River/LI_Hogsmeade_River,/Game/Environment/River/LevelActors/RiverBanks_Large_Stones/LA_RiverBank_LargeStones_A06,5000.5,-79549.3,3833.0
RiverBank_LargeStones_A12,LevelInstance,LV_Overland/Region/Hogwarts Valley/Hogsmeade_RiverBlockout/LI_Hogsmeade_River/Hogsmeade_RiverBlockout/RiverBank_LargeStones_A12,C567E9A4-4413-D51F-6A44-309A250C0A04,1,DL_HOGSMEADE;DL_OVERLAND,DL_HM_EXT;DL_HOGSMEADE,LI_Hogsmeade_River,/Game/Environment/River/LI_Hogsmeade_River,/Game/Environment/River/LevelActors/RiverBanks_Large_Stones/LA_RiverBank_LargeStones_A06,5832.6,-78233.8,3898.7
RiverBank_LargeStones_A123,LevelInstance,LV_Overland/Region/Hogwarts Valley/Hogsmeade_RiverBlockout/LI_Hogsmeade_River/Hogsmeade_RiverBlockout/RiverBank_LargeStones_A123,842E464E-4E1F-6ED4-0B86-62A3DD9172E6,1,DL_HOGSMEADE;DL_OVERLAND,DL_HM_EXT;DL_HOGSMEADE,LI_Hogsmeade_River,/Game/Environment/River/LI_Hogsmeade_River,/Game/Environment/River/LevelActors/RiverBanks_Large_Stones/LA_RiverBank_LargeStones_A06,6710.5,-74792.1,3984.6
RiverBank_LargeStones_A126,LevelInstance,LV_Overland/Region/Hogwarts Valley/Hogsmeade_RiverBlockout/LI_Hogsmeade_River/Hogsmeade_RiverBlockout/RiverBank_LargeStones_A126,F550A390-463A-B94C-3274-5CA1D6DD65CA,1,DL_HOGSMEADE;DL_OVERLAND,DL_HM_EXT;DL_HOGSMEADE,LI_Hogsmeade_River,/Game/Environment/River/LI_Hogsmeade_River,/Game/Environment/River/LevelActors/RiverBanks_Large_Stones/LA_RiverBank_LargeStones_A05,5820.2,-76095.9,3928.6
RiverBank_LargeStones_A128,LevelInstance,LV_Overland/Region/Hogwarts Valley/Hogsmeade_RiverBlockout/LI_Hogsmeade_River/Hogsmeade_RiverBlockout/RiverBank_LargeStones_A128,9940FFA9-4E12-E594-9261-EEBAED732A83,1,DL_HOGSMEADE;DL_OVERLAND,DL_HM_EXT;DL_HOGSMEADE,LI_Hogsmeade_River,/Game/Environment/River/LI_Hogsmeade_River,/Game/Environment/River/LevelActors/RiverBanks_Large_Stones/LA_RiverBank_LargeStones_A06,5872.0,-76219.4,3956.6
RiverBank_LargeStones_A129,LevelInstance,LV_Overland/Region/Hogwarts Valley/Hogsmeade_RiverBlockout/LI_Hogsmeade_River/Hogsmeade_RiverBlockout/RiverBank_LargeStones_A129,071D2F0C-4E06-FCDF-760D-7BA33CE89D3C,1,DL_HOGSMEADE;DL_OVERLAND,DL_HM_EXT;DL_HOGSMEADE,LI_Hogsmeade_River,/Game/Environment/River/LI_Hogsmeade_River,/Game/Environment/River/LevelActors/RiverBanks_Large_Stones/LA_RiverBank_LargeStones_A04,5699.7,-77010.6,3981.5
RiverBank_LargeStones_A13,LevelInstance,LV_Overland/Region/Hogwarts Valley/Hogsmeade_RiverBlockout/LI_Hogsmeade_River/Hogsmeade_RiverBlockout/RiverBank_LargeStones_A13,3BC692B0-4B99-581D-A6F6-3BBE14713717,1,DL_HOGSMEADE;DL_OVERLAND,DL_HM_EXT;DL_HOGSMEADE,LI_Hogsmeade_River,/Game/Environment/River/LI_Hogsmeade_River,/Game/Environment/River/LevelActors/RiverBanks_Large_Stones/LA_RiverBank_LargeStones_A06,5127.3,-80887.4,3856.2
RiverBank_LargeStones_A130,LevelInstance,LV_Overland/Region/Hogwarts Valley/Hogsmeade_RiverBlockout/LI_Hogsmeade_River/Hogsmeade_RiverBlockout/RiverBank_LargeStones_A130,CF0E035A-47D2-3CC5-4AA8-CEA246405B85,1,DL_HOGSMEADE;DL_OVERLAND,DL_HM_EXT;DL_HOGSMEADE,LI_Hogsmeade_River,/Game/Environment/River/LI_Hogsmeade_River,/Game/Environment/River/LevelActors/RiverBanks_Large_Stones/LA_RiverBank_LargeStones_A04,6252.4,-77436.2,4061.9
RiverBank_LargeStones_A131,LevelInstance,LV_Overland/Region/Hogwarts Valley/Hogsmeade_RiverBlockout/LI_Hogsmeade_River/Hogsmeade_RiverBlockout/RiverBank_LargeStones_A131,A3AE3A68-42E1-CCA6-5220-B39C2BF6097C,1,DL_HOGSMEADE;DL_OVERLAND,DL_HM_EXT;DL_HOGSMEADE,LI_Hogsmeade_River,/Game/Environment/River/LI_Hogsmeade_River,/Game/Environment/River/LevelActors/RiverBanks_Large_Stones/Blockout/LA_River_LargeStones_A07,7982.6,-74458.2,3921.6
RiverBank_LargeStones_A133,LevelInstance,LV_Overland/Region/Hogwarts Valley/Hogsmeade_RiverBlockout/LI_Hogsmeade_River/Hogsmeade_RiverBlockout/RiverBank_LargeStones_A133,488641D8-41EB-3762-F759-A88842AD410D,1,DL_HOGSMEADE;DL_OVERLAND,DL_HM_EXT;DL_HOGSMEADE,LI_Hogsmeade_River,/Game/Environment/River/LI_Hogsmeade_River,/Game/Environment/River/LevelActors/RiverBanks_Large_Stones/Blockout/LA_River_LargeStones_A07,8210.8,-75368.1,3934.8
RiverBank_LargeStones_A134,LevelInstance,LV_Overland/Region/Hogwarts Valley/Hogsmeade_RiverBlockout/LI_Hogsmeade_River/Hogsmeade_RiverBlockout/RiverBank_LargeStones_A134,1A496DD0-43E1-2587-228E-5689873F84A7,1,DL_HOGSMEADE;DL_OVERLAND,DL_HM_EXT;DL_HOGSMEADE,LI_Hogsmeade_River,/Game/Environment/River/LI_Hogsmeade_River,/Game/Environment/River/LevelActors/RiverBanks_Large_Stones/Blockout/LA_River_LargeStones_A07,7212.5,-75472.3,3943.4
RiverBank_LargeStones_A135,LevelInstance,LV_Overland/Region/Hogwarts Valley/Hogsmeade_RiverBlockout/LI_Hogsmeade_River/Hogsmeade_RiverBlockout/RiverBank_LargeStones_A135,774AA829-4B35-CB8E-27E9-B294FBB8854A,1,DL_HOGSMEADE;DL_OVERLAND,DL_HM_EXT;DL_HOGSMEADE,LI_Hogsmeade_River,/Game/Environment/River/LI_Hogsmeade_River,/Game/Environment/River/LevelActors/RiverBanks_Large_Stones/LA_RiverBank_LargeStones_A04,6990.5,-76030.7,3945.3
RiverBank_LargeStones_A137,LevelInstance,LV_Overland/Region/Hogwarts Valley/Hogsmeade_RiverBlockout/LI_Hogsmeade_River/Hogsmeade_RiverBlockout/RiverBank_LargeStones_A137,AFB2A153-4F56-C98F-AE7E-DBA1C4427046,1,DL_HOGSMEADE;DL_OVERLAND,DL_HM_EXT;DL_HOGSMEADE,LI_Hogsmeade_River,/Game/Environment/River/LI_Hogsmeade_River,/Game/Environment/River/LevelActors/RiverBanks_Large_Stones/LA_RiverBank_LargeStones_A06,7750.2,-74210.7,4017.4
RiverBank_LargeStones_A142,LevelInstance,LV_Overland/Region/Hogwarts Valley/Hogsmeade_RiverBlockout/LI_Hogsmeade_River/Hogsmeade_RiverBlockout/RiverBank_LargeStones_A142,3AC918F8-46DF-4214-C0D4-90AB18983F81,1,DL_HOGSMEADE;DL_OVERLAND,DL_HM_EXT;DL_HOGSMEADE,LI_Hogsmeade_River,/Game/Environment/River/LI_Hogsmeade_River,/Game/Environment/River/LevelActors/RiverBanks_Large_Stones/LA_RiverBank_LargeStones_A06,6658.0,-74288.4,4040.4
RiverBank_LargeStones_A143,LevelInstance,LV_Overland/Region/Hogwarts Valley/Hogsmeade_RiverBlockout/LI_Hogsmeade_River/Hogsmeade_RiverBlockout/RiverBank_LargeStones_A143,BFDCB5BB-40FB-2763-6236-5C907AE52025,1,DL_HOGSMEADE;DL_OVERLAND,DL_HM_EXT;DL_HOGSMEADE,LI_Hogsmeade_River,/Game/Environment/River/LI_Hogsmeade_River,/Game/Environment/River/LevelActors/RiverBanks_Large_Stones/Blockout/LA_River_LargeStones_A07,8554.2,-84870.5,4711.9
RiverBank_LargeStones_A144,LevelInstance,LV_Overland/Region/Hogwarts Valley/Hogsmeade_RiverBlockout/LI_Hogsmeade_River/Hogsmeade_RiverBlockout/RiverBank_LargeStones_A144,56B0219D-479C-5EAF-3343-728AFDE0166F,1,DL_HOGSMEADE;DL_OVERLAND,DL_HM_EXT;DL_HOGSMEADE,LI_Hogsmeade_River,/Game/Environment/River/LI_Hogsmeade_River,/Game/Environment/River/LevelActors/RiverBanks_Large_Stones/Blockout/LA_River_LargeStones_A07,8928.1,-84341.0,4711.7
RiverBank_LargeStones_A145,LevelInstance,LV_Overland/Region/Hogwarts Valley/Hogsmeade_RiverBlockout/LI_Hogsmeade_River/Hogsmeade_RiverBlockout/RiverBank_LargeStones_A145,C9C62F61-4BC3-640C-2F05-298DF308CEC3,1,DL_HOGSMEADE;DL_OVERLAND,DL_HM_EXT;DL_HOGSMEADE,LI_Hogsmeade_River,/Game/Environment/River/LI_Hogsmeade_River,/Game/Environment/River/LevelActors/RiverBanks_Large_Stones/LA_RiverBank_LargeStones_A06,7953.1,-84790.8,4706.0
RiverBank_LargeStones_A146,LevelInstance,LV_Overland/Region/Hogwarts Valley/Hogsmeade_RiverBlockout/LI_Hogsmeade_River/Hogsmeade_RiverBlockout/RiverBank_LargeStones_A146,49F19A97-4031-A57C-79F5-7C8BF43598C3,1,DL_HOGSMEADE;DL_OVERLAND,DL_HM_EXT;DL_HOGSMEADE,LI_Hogsmeade_River,/Game/Environment/River/LI_Hogsmeade_River,/Game/Environment/River/LevelActors/RiverBanks_Large_Stones/LA_RiverBank_LargeStones_A04,6358.8,-77265.4,4043.6
RiverBank_LargeStones_A147,LevelInstance,LV_Overland/Region/Hogwarts Valley/Hogsmeade_RiverBlockout/LI_Hogsmeade_River/Hogsmeade_RiverBlockout/RiverBank_LargeStones_A147,6900EFF4-46F2-A3CE-5354-1CB332154902,1,DL_HOGSMEADE;DL_OVERLAND,DL_HM_EXT;DL_HOGSMEADE,LI_Hogsmeade_River,/Game/Environment/River/LI_Hogsmeade_River,/Game/Environment/River/LevelActors/RiverBanks_Large_Stones/LA_RiverBank_LargeStones_A04,9124.1,-85216.8,4679.1
RiverBank_LargeStones_A148,LevelInstance,LV_Overland/Region/Hogwarts Valley/Hogsmeade_RiverBlockout/LI_Hogsmeade_River/Hogsmeade_RiverBlockout/RiverBank_LargeStones_A148,166DE91A-4837-6CC1-64E0-F2A25BFF45FD,1,DL_HOGSMEADE;DL_OVERLAND,DL_HM_EXT;DL_HOGSMEADE,LI_Hogsmeade_River,/Game/Environment/River/LI_Hogsmeade_River,/Game/Environment/River/LevelActors/RiverBanks_Large_Stones/LA_RiverBank_LargeStones_A04,9079.9,-84654.4,4679.1
RiverBank_LargeStones_A149,LevelInstance,LV_Overland/Region/Hogwarts Valley/Hogsmeade_RiverBlockout/LI_Hogsmeade_River/Hogsmeade_RiverBlockout/RiverBank_LargeStones_A149,EA66994B-4C91-1143-5CDD-3E87D0515BE8,1,DL_HOGSMEADE;DL_OVERLAND,DL_HM_EXT;DL_HOGSMEADE,LI_Hogsmeade_River,/Game/Environment/River/LI_Hogsmeade_River,/Game/Environment/River/LevelActors/RiverBanks_Large_Stones/LA_RiverBank_LargeStones_A06,7809.0,-84077.7,4464.4
RiverBank_LargeStones_A15,LevelInstance,LV_Overland/Region/Hogwarts Valley/Hogsmeade_RiverBlockout/LI_Hogsmeade_River/Hogsmeade_RiverBlockout/RiverBank_LargeStones_A15,E3AFAC3E-40C7-C23C-4049-7796D3E47A1C,1,DL_HOGSMEADE;DL_OVERLAND,DL_HM_EXT;DL_HOGSMEADE,LI_Hogsmeade_River,/Game/Environment/River/LI_Hogsmeade_River,/Game/Environment/River/LevelActors/RiverBanks_Large_Stones/LA_RiverBank_LargeStones_A06,13975.3,-85971.9,5382.9
RiverBank_LargeStones_A150,LevelInstance,LV_Overland/Region/Hogwarts Valley/Hogsmeade_RiverBlockout/LI_Hogsmeade_River/Hogsmeade_RiverBlockout/RiverBank_LargeStones_A150,751EE432-4AA2-AC82-EE93-0F96ADF1CCFA,1,DL_HOGSMEADE;DL_OVERLAND,DL_HM_EXT;DL_HOGSMEADE,LI_Hogsmeade_River,/Game/Environment/River/LI_Hogsmeade_River,/Game/Environment/River/LevelActors/RiverBanks_Large_Stones/LA_RiverBank_LargeStones_A06,8207.8,-83890.5,4573.0
RiverBank_LargeStones_A151,LevelInstance,LV_Overland/Region/Hogwarts Valley/Hogsmeade_RiverBlockout/LI_Hogsmeade_River/Hogsmeade_RiverBlockout/RiverBank_LargeStones_A151,B478ECAB-43AA-79A1-030D-E0A53041E1BB,1,DL_HOGSMEADE;DL_OVERLAND,DL_HM_EXT;DL_HOGSMEADE,LI_Hogsmeade_River,/Game/Environment/River/LI_Hogsmeade_River,/Game/Environment/River/LevelActors/RiverBanks_Large_Stones/LA_RiverBank_LargeStones_A06,7282.2,-82553.5,4060.1
RiverBank_LargeStones_A153,LevelInstance,LV_Overland/Region/Hogwarts Valley/Hogsmeade_RiverBlockout/LI_Hogsmeade_River/Hogsmeade_RiverBlockout/RiverBank_LargeStones_A153,550AA4D1-4DD1-5A29-6B44-6AAE6BB49FC6,1,DL_HOGSMEADE;DL_OVERLAND,DL_HM_EXT;DL_HOGSMEADE,LI_Hogsmeade_River,/Game/Environment/River/LI_Hogsmeade_River,/Game/Environment/River/LevelActors/RiverBanks_Large_Stones/LA_RiverBank_LargeStones_A06,9782.1,-86091.5,5011.1
RiverBank_LargeStones_A154,LevelInstance,LV_Overland/Region/Hogwarts Valley/Hogsmeade_RiverBlockout/LI_Hogsmeade_River/Hogsmeade_RiverBlockout/RiverBank_LargeStones_A154,77E1D6E0-45CC-EE63-4000-299A80513E7D,1,DL_HOGSMEADE;DL_OVERLAND,DL_HM_EXT;DL_HOGSMEADE,LI_Hogsmeade_River,/Game/Environment/River/LI_Hogsmeade_River,/Game/Environment/River/LevelActors/RiverBanks_Large_Stones/LA_RiverBank_LargeStones_A04,6520.1,-77110.2,4049.1
RiverBank_LargeStones_A155,LevelInstance,LV_Overland/Region/Hogwarts Valley/Hogsmeade_RiverBlockout/LI_Hogsmeade_River/Hogsmeade_RiverBlockout/RiverBank_LargeStones_A155,B6147632-4477-E3A0-5D7E-F3943FEEB683,1,DL_HOGSMEADE;DL_OVERLAND,DL_HM_EXT;DL_HOGSMEADE,LI_Hogsmeade_River,/Game/Environment/River/LI_Hogsmeade_River,/Game/Environment/River/LevelActors/RiverBanks_Large_Stones/Blockout/LA_River_LargeStones_A07,10441.1,-85708.2,5041.7
RiverBank_LargeStones_A156,LevelInstance,LV_Overland/Region/Hogwarts Valley/Hogsmeade_RiverBlockout/LI_Hogsmeade_River/Hogsmeade_RiverBlockout/RiverBank_LargeStones_A156,34533EFB-4159-5C55-20BB-178FE8005591,1,DL_HOGSMEADE;DL_OVERLAND,DL_HM_EXT;DL_HOGSMEADE,LI_Hogsmeade_River,/Game/Environment/River/LI_Hogsmeade_River,/Game/Environment/River/LevelActors/RiverBanks_Large_Stones/Blockout/LA_River_LargeStones_A07,10120.2,-85393.7,5033.6
RiverBank_LargeStones_A157,LevelInstance,LV_Overland/Region/Hogwarts Valley/Hogsmeade_RiverBlockout/LI_Hogsmeade_River/Hogsmeade_RiverBlockout/RiverBank_LargeStones_A157,A47BEAD8-41E4-5613-5CFC-62BD3CD935D6,1,DL_HOGSMEADE;DL_OVERLAND,DL_HM_EXT;DL_HOGSMEADE,LI_Hogsmeade_River,/Game/Environment/River/LI_Hogsmeade_River,/Game/Environment/River/LevelActors/RiverBanks_Large_Stones/LA_RiverBank_LargeStones_A06,10325.2,-86069.6,5039.3
RiverBank_LargeStones_A158,LevelInstance,LV_Overland/Region/Hogwarts Valley/Hogsmeade_RiverBlockout/LI_Hogsmeade_River/Hogsmeade_RiverBlockout/RiverBank_LargeStones_A158,523890C0-46E5-BA69-D471-6195FBCC5341,1,DL_HOGSMEADE;DL_OVERLAND,DL_HM_EXT;DL_HOGSMEADE,LI_Hogsmeade_River,/Game/Environment/River/LI_Hogsmeade_River,/Game/Environment/River/LevelActors/RiverBanks_Large_Stones/LA_RiverBank_LargeStones_A06,10302.0,-85428.4,5033.1
RiverBank_LargeStones_A159,LevelInstance,LV_Overland/Region/Hogwarts Valley/Hogsmeade_RiverBlockout/LI_Hogsmeade_River/Hogsmeade_RiverBlockout/RiverBank_LargeStones_A159,EC67F38B-4B1C-1B3E-9854-A6A762DF95ED,1,DL_HOGSMEADE;DL_OVERLAND,DL_HM_EXT;DL_HOGSMEADE,LI_Hogsmeade_River,/Game/Environment/River/LI_Hogsmeade_River,/Game/Environment/River/LevelActors/RiverBanks_Large_Stones/LA_RiverBank_LargeStones_A04,7158.4,-75765.4,3938.4
RiverBank_LargeStones_A160,LevelInstance,LV_Overland/Region/Hogwarts Valley/Hogsmeade_RiverBlockout/LI_Hogsmeade_River/Hogsmeade_RiverBlockout/RiverBank_LargeStones_A160,96E9FA87-479B-CA02-4FB3-AD8ECB8B003C,1,DL_HOGSMEADE;DL_OVERLAND,DL_HM_EXT;DL_HOGSMEADE,LI_Hogsmeade_River,/Game/Environment/River/LI_Hogsmeade_River,/Game/Environment/River/LevelActors/RiverBanks_Large_Stones/LA_RiverBank_LargeStones_A04,9644.7,-86124.2,5145.8
RiverBank_LargeStones_A162,LevelInstance,LV_Overland/Region/Hogwarts Valley/Hogsmeade_RiverBlockout/LI_Hogsmeade_River/Hogsmeade_RiverBlockout/RiverBank_LargeStones_A162,A0975262-4911-04E6-658D-61BB48AC4B89,1,DL_HOGSMEADE;DL_OVERLAND,DL_HM_EXT;DL_HOGSMEADE,LI_Hogsmeade_River,/Game/Environment/River/LI_Hogsmeade_River,/Game/Environment/River/LevelActors/RiverBanks_Large_Stones/LA_RiverBank_LargeStones_A05,10548.8,-86764.7,5242.3
RiverBank_LargeStones_A164,LevelInstance,LV_Overland/Region/Hogwarts Valley/Hogsmeade_RiverBlockout/LI_Hogsmeade_River/Hogsmeade_RiverBlockout/RiverBank_LargeStones_A164,DE647B7E-4E3F-9901-8281-E386FCBEEE94,1,DL_HOGSMEADE;DL_OVERLAND,DL_HM_EXT;DL_HOGSMEADE,LI_Hogsmeade_River,/Game/Environment/River/LI_Hogsmeade_River,/Game/Environment/River/LevelActors/RiverBanks_Large_Stones/LA_RiverBank_LargeStones_A04,4808.4,-80357.9,3843.2
RiverBank_LargeStones_A165,LevelInstance,LV_Overland/Region/Hogwarts Valley/Hogsmeade_RiverBlockout/LI_Hogsmeade_River/Hogsmeade_RiverBlockout/RiverBank_LargeStones_A165,4F747164-40A1-96B4-86AC-53AEBE47604D,1,DL_HOGSMEADE;DL_OVERLAND,DL_HM_EXT;DL_HOGSMEADE,LI_Hogsmeade_River,/Game/Environment/River/LI_Hogsmeade_River,/Game/Environment/River/LevelActors/RiverBanks_Large_Stones/LA_RiverBank_LargeStones_A04,5629.1,-79751.5,3993.0
RiverBank_LargeStones_A166,LevelInstance,LV_Overland/Region/Hogwarts Valley/Hogsmeade_RiverBlockout/LI_Hogsmeade_River/Hogsmeade_RiverBlockout/RiverBank_LargeStones_A166,9A142695-430E-F18A-FC68-8B86068DB2B9,1,DL_HOGSMEADE;DL_OVERLAND,DL_HM_EXT;DL_HOGSMEADE,LI_Hogsmeade_River,/Game/Environment/River/LI_Hogsmeade_River,/Game/Environment/River/LevelActors/RiverBanks_Large_Stones/LA_RiverBank_LargeStones_A05,6304.0,-79971.6,4155.8
RiverBank_LargeStones_A17,LevelInstance,LV_Overland/Region/Hogwarts Valley/Hogsmeade_RiverBlockout/LI_Hogsmeade_River/Hogsmeade_RiverBlockout/RiverBank_LargeStones_A17,25749460-45BF-0774-A328-61B74F96B84A,1,DL_HOGSMEADE;DL_OVERLAND,DL_HM_EXT;DL_HOGSMEADE,LI_Hogsmeade_River,/Game/Environment/River/LI_Hogsmeade_River,/Game/Environment/River/LevelActors/RiverBanks_Large_Stones/LA_RiverBank_LargeStones_A05,21599.6,-89809.4,5723.1
RiverBank_LargeStones_A172,LevelInstance,LV_Overland/Region/Hogwarts Valley/Hogsmeade_RiverBlockout/LI_Hogsmeade_River/Hogsmeade_RiverBlockout/RiverBank_LargeStones_A172,13806B67-4D23-ACF7-13EA-6EAD7344FAA0,1,DL_HOGSMEADE;DL_OVERLAND,DL_HM_EXT;DL_HOGSMEADE,LI_Hogsmeade_River,/Game/Environment/River/LI_Hogsmeade_River,/Game/Environment/River/LevelActors/RiverBanks_Large_Stones/LA_RiverBank_LargeStones_A05,5155.5,-79343.9,3885.2
RiverBank_LargeStones_A173,LevelInstance,LV_Overland/Region/Hogwarts Valley/Hogsmeade_RiverBlockout/LI_Hogsmeade_River/Hogsmeade_RiverBlockout/RiverBank_LargeStones_A173,B013A839-450C-FE02-B67A-08BADAA6F188,1,DL_HOGSMEADE;DL_OVERLAND,DL_HM_EXT;DL_HOGSMEADE,LI_Hogsmeade_River,/Game/Environment/River/LI_Hogsmeade_River,/Game/Environment/River/LevelActors/RiverBanks_Large_Stones/Blockout/LA_River_LargeStones_A07,6914.5,-76211.6,3939.2
RiverBank_LargeStones_A174,LevelInstance,LV_Overland/Region/Hogwarts Valley/Hogsmeade_RiverBlockout/LI_Hogsmeade_River/Hogsmeade_RiverBlockout/RiverBank_LargeStones_A174,86E2EDF0-476D-FA7A-BBE6-D3A8119297C6,1,DL_HOGSMEADE;DL_OVERLAND,DL_HM_EXT;DL_HOGSMEADE,LI_Hogsmeade_River,/Game/Environment/River/LI_Hogsmeade_River,/Game/Environment/River/LevelActors/RiverBanks_Large_Stones/Blockout/LA_River_LargeStones_A07,6713.3,-76600.6,3965.0
RiverBank_LargeStones_A175,LevelInstance,LV_Overland/Region/Hogwarts Valley/Hogsmeade_RiverBlockout/LI_Hogsmeade_River/Hogsmeade_RiverBlockout/RiverBank_LargeStones_A175,504270E6-4636-C670-BBD9-5FB64E91A9DE,1,DL_HOGSMEADE;DL_OVERLAND,DL_HM_EXT;DL_HOGSMEADE,LI_Hogsmeade_River,/Game/Environment/River/LI_Hogsmeade_River,/Game/Environment/River/LevelActors/RiverBanks_Large_Stones/LA_RiverBank_LargeStones_A05,6921.8,-76370.3,3964.2
RiverBank_LargeStones_A176,LevelInstance,LV_Overland/Region/Hogwarts Valley/Hogsmeade_RiverBlockout/LI_Hogsmeade_River/Hogsmeade_RiverBlockout/RiverBank_LargeStones_A176,D0AD807E-4484-69DA-A08D-38B638F644A7,1,DL_HOGSMEADE;DL_OVERLAND,DL_HM_EXT;DL_HOGSMEADE,LI_Hogsmeade_River,/Game/Environment/River/LI_Hogsmeade_River,/Game/Environment/River/LevelActors/RiverBanks_Large_Stones/LA_RiverBank_LargeStones_A04,7463.1,-75520.2,3983.9
RiverBank_LargeStones_A177,LevelInstance,LV_Overland/Region/Hogwarts Valley/Hogsmeade_RiverBlockout/LI_Hogsmeade_River/Hogsmeade_RiverBlockout/RiverBank_LargeStones_A177,92310C26-4D55-0189-87DE-3780C326322D,1,DL_HOGSMEADE;DL_OVERLAND,DL_HM_EXT;DL_HOGSMEADE,LI_Hogsmeade_River,/Game/Environment/River/LI_Hogsmeade_River,/Game/Environment/River/LevelActors/RiverBanks_Large_Stones/LA_RiverBank_LargeStones_A04,8728.8,-74296.2,3937.8
RiverBank_LargeStones_A178,LevelInstance,LV_Overland/Region/Hogwarts Valley/Hogsmeade_RiverBlockout/LI_Hogsmeade_River/Hogsmeade_RiverBlockout/RiverBank_LargeStones_A178,8DC41535-41CF-EB64-6118-D481E5603C3D,1,DL_HOGSMEADE;DL_OVERLAND,DL_HM_EXT;DL_HOGSMEADE,LI_Hogsmeade_River,/Game/Environment/River/LI_Hogsmeade_River,/Game/Environment/River/LevelActors/RiverBanks_Large_Stones/LA_RiverBank_LargeStones_A04,8630.3,-74523.5,3938.4
RiverBank_LargeStones_A179,LevelInstance,LV_Overland/Region/Hogwarts Valley/Hogsmeade_RiverBlockout/LI_Hogsmeade_River/Hogsmeade_RiverBlockout/RiverBank_LargeStones_A179,CDB9BDAF-4B48-C768-C3AE-33BAA6C90695,1,DL_HOGSMEADE;DL_OVERLAND,DL_HM_EXT;DL_HOGSMEADE,LI_Hogsmeade_River,/Game/Environment/River/LI_Hogsmeade_River,/Game/Environment/River/LevelActors/RiverBanks_Large_Stones/LA_RiverBank_LargeStones_A04,6706.3,-76786.2,3982.8
RiverBank_LargeStones_A18,LevelInstance,LV_Overland/Region/Hogwarts Valley/Hogsmeade_RiverBlockout/LI_Hogsmeade_River/Hogsmeade_RiverBlockout/RiverBank_LargeStones_A18,3B949A9F-418A-0FC1-625C-ABB1E15FEF7C,1,DL_HOGSMEADE;DL_OVERLAND,DL_HM_EXT;DL_HOGSMEADE,LI_Hogsmeade_River,/Game/Environment/River/LI_Hogsmeade_River,/Game/Environment/River/LevelActors/RiverBanks_Large_Stones/LA_RiverBank_LargeStones_A06,22032.6,-89925.2,5777.0
RiverBank_LargeStones_A180,LevelInstance,LV_Overland/Region/Hogwarts Valley/Hogsmeade_RiverBlockout/LI_Hogsmeade_River/Hogsmeade_RiverBlockout/RiverBank_LargeStones_A180,AC68183C-407D-D99F-9E0C-75866B9B4B60,1,DL_HOGSMEADE;DL_OVERLAND,DL_HM_EXT;DL_HOGSMEADE,LI_Hogsmeade_River,/Game/Environment/River/LI_Hogsmeade_River,/Game/Environment/River/LevelActors/RiverBanks_Large_Stones/Blockout/LA_River_LargeStones_A07,8894.3,-73302.0,3609.4
RiverBank_LargeStones_A181,LevelInstance,LV_Overland/Region/Hogwarts Valley/Hogsmeade_RiverBlockout/LI_Hogsmeade_River/Hogsmeade_RiverBlockout/RiverBank_LargeStones_A181,460A7D06-4B15-3EA7-D488-689B52CBB657,1,DL_HOGSMEADE;DL_OVERLAND,DL_HM_EXT;DL_HOGSMEADE,LI_Hogsmeade_River,/Game/Environment/River/LI_Hogsmeade_River,/Game/Environment/River/LevelActors/RiverBanks_Large_Stones/Blockout/LA_River_LargeStones_A07,8348.8,-73358.1,3554.8
RiverBank_LargeStones_A182,LevelInstance,LV_Overland/Region/Hogwarts Valley/Hogsmeade_RiverBlockout/LI_Hogsmeade_River/Hogsmeade_RiverBlockout/RiverBank_LargeStones_A182,1AC24BE3-4608-9BC9-F58E-E29F7C63A2DB,1,DL_HOGSMEADE;DL_OVERLAND,DL_HM_EXT;DL_HOGSMEADE,LI_Hogsmeade_River,/Game/Environment/River/LI_Hogsmeade_River,/Game/Environment/River/LevelActors/RiverBanks_Large_Stones/Blockout/LA_River_LargeStones_A07,8282.1,-73007.6,3540.9
RiverBank_LargeStones_A183,LevelInstance,LV_Overland/Region/Hogwarts Valley/Hogsmeade_RiverBlockout/LI_Hogsmeade_River/Hogsmeade_RiverBlockout/RiverBank_LargeStones_A183,16A63C39-4D0F-3D5A-FC73-5A89E601603C,1,DL_HOGSMEADE;DL_OVERLAND,DL_HM_EXT;DL_HOGSMEADE,LI_Hogsmeade_River,/Game/Environment/River/LI_Hogsmeade_River,/Game/Environment/River/LevelActors/RiverBanks_Large_Stones/LA_RiverBank_LargeStones_A05,8113.3,-73536.9,3699.4
RiverBank_LargeStones_A184,LevelInstance,LV_Overland/Region/Hogwarts Valley/Hogsmeade_RiverBlockout/LI_Hogsmeade_River/Hogsmeade_RiverBlockout/RiverBank_LargeStones_A184,A392DE3B-4C6E-84E3-CE33-899CFAA0342E,1,DL_HOGSMEADE;DL_OVERLAND,DL_HM_EXT;DL_HOGSMEADE,LI_Hogsmeade_River,/Game/Environment/River/LI_Hogsmeade_River,/Game/Environment/River/LevelActors/RiverBanks_Large_Stones/LA_RiverBank_LargeStones_A06,8081.5,-73820.9,3777.3
RiverBank_LargeStones_A185,LevelInstance,LV_Overland/Region/Hogwarts Valley/Hogsmeade_RiverBlockout/LI_Hogsmeade_River/Hogsmeade_RiverBlockout/RiverBank_LargeStones_A185,7A9BC972-4339-EF67-A70B-F282C4D5E771,1,DL_HOGSMEADE;DL_OVERLAND,DL_HM_EXT;DL_HOGSMEADE,LI_Hogsmeade_River,/Game/Environment/River/LI_Hogsmeade_River,/Game/Environment/River/LevelActors/RiverBanks_Large_Stones/LA_RiverBank_LargeStones_A04,8555.3,-74828.3,3945.3
RiverBank_LargeStones_A186,LevelInstance,LV_Overland/Region/Hogwarts Valley/Hogsmeade_RiverBlockout/LI_Hogsmeade_River/Hogsmeade_RiverBlockout/RiverBank_LargeStones_A186,98E379B2-4E7A-8E01-8D40-81ACDE069006,1,DL_HOGSMEADE;DL_OVERLAND,DL_HM_EXT;DL_HOGSMEADE,LI_Hogsmeade_River,/Game/Environment/River/LI_Hogsmeade_River,/Game/Environment/River/LevelActors/RiverBanks_Large_Stones/LA_RiverBank_LargeStones_A04,8101.0,-75195.1,3926.9
RiverBank_LargeStones_A187,LevelInstance,LV_Overland/Region/Hogwarts Valley/Hogsmeade_RiverBlockout/LI_Hogsmeade_River/Hogsmeade_RiverBlockout/RiverBank_LargeStones_A187,8DA445C5-4040-5DCB-5B9D-688CE4F95B67,1,DL_HOGSMEADE;DL_OVERLAND,DL_HM_EXT;DL_HOGSMEADE,LI_Hogsmeade_River,/Game/Environment/River/LI_Hogsmeade_River,/Game/Environment/River/LevelActors/RiverBanks_Large_Stones/LA_RiverBank_LargeStones_A04,7056.0,-75000.3,3970.0
RiverBank_LargeStones_A188,LevelInstance,LV_Overland/Region/Hogwarts Valley/Hogsmeade_RiverBlockout/LI_Hogsmeade_River/Hogsmeade_RiverBlockout/RiverBank_LargeStones_A188,E2B3CFF3-4EBC-81D2-E618-D68902F3AF6D,1,DL_HOGSMEADE;DL_OVERLAND,DL_HM_EXT;DL_HOGSMEADE,LI_Hogsmeade_River,/Game/Environment/River/LI_Hogsmeade_River,/Game/Environment/River/LevelActors/RiverBanks_Large_Stones/LA_RiverBank_LargeStones_A04,7183.5,-74664.8,3988.6
RiverBank_LargeStones_A19,LevelInstance,LV_Overland/Region/Hogwarts Valley/Hogsmeade_RiverBlockout/LI_Hogsmeade_River/Hogsmeade_RiverBlockout/RiverBank_LargeStones_A19,A2C53BC4-4BF7-E1F6-FA4D-788CEB42E47A,1,DL_HOGSMEADE;DL_OVERLAND,DL_HM_EXT;DL_HOGSMEADE,LI_Hogsmeade_River,/Game/Environment/River/LI_Hogsmeade_River,/Game/Environment/River/LevelActors/RiverBanks_Large_Stones/LA_RiverBank_LargeStones_A05,21843.0,-89339.8,5651.6
RiverBank_LargeStones_A192,LevelInstance,LV_Overland/Region/Hogwarts Valley/Hogsmeade_RiverBlockout/LI_Hogsmeade_River/Hogsmeade_RiverBlockout/RiverBank_LargeStones_A192,12B972D7-4CC9-996A-071A-3F86B6CB4026,1,DL_HOGSMEADE;DL_OVERLAND,DL_HM_EXT;DL_HOGSMEADE,LI_Hogsmeade_River,/Game/Environment/River/LI_Hogsmeade_River,/Game/Environment/River/LevelActors/RiverBanks_Large_Stones/LA_RiverBank_LargeStones_A06,9571.6,-72651.5,3465.2
RiverBank_LargeStones_A193,LevelInstance,LV_Overland/Region/Hogwarts Valley/Hogsmeade_RiverBlockout/LI_Hogsmeade_River/Hogsmeade_RiverBlockout/RiverBank_LargeStones_A193,4637505D-41BA-549B-5BC3-90AEBC7CBED7,1,DL_HOGSMEADE;DL_OVERLAND,DL_HM_EXT;DL_HOGSMEADE,LI_Hogsmeade_River,/Game/Environment/River/LI_Hogsmeade_River,/Game/Environment/River/LevelActors/RiverBanks_Large_Stones/LA_RiverBank_LargeStones_A06,8445.5,-72567.4,3509.4
RiverBank_LargeStones_A194,LevelInstance,LV_Overland/Region/Hogwarts Valley/Hogsmeade_RiverBlockout/LI_Hogsmeade_River/Hogsmeade_RiverBlockout/RiverBank_LargeStones_A194,87433BFF-49D3-D712-0D83-91B588CF4D4E,1,DL_HOGSMEADE;DL_OVERLAND,DL_HM_EXT;DL_HOGSMEADE,LI_Hogsmeade_River,/Game/Environment/River/LI_Hogsmeade_River,/Game/Environment/River/LevelActors/RiverBanks_Large_Stones/LA_RiverBank_LargeStones_A06,8723.2,-72174.1,3496.5
RiverBank_LargeStones_A195,LevelInstance,LV_Overland/Region/Hogwarts Valley/Hogsmeade_RiverBlockout/LI_Hogsmeade_River/Hogsmeade_RiverBlockout/RiverBank_LargeStones_A195,1D4A564A-411D-A01A-8B31-F787938C37DE,1,DL_HOGSMEADE;DL_OVERLAND,DL_HM_EXT;DL_HOGSMEADE,LI_Hogsmeade_River,/Game/Environment/River/LI_Hogsmeade_River,/Game/Environment/River/LevelActors/RiverBanks_Large_Stones/LA_RiverBank_LargeStones_A06,8915.1,-72127.9,3432.8
RiverBank_LargeStones_A196,LevelInstance,LV_Overland/Region/Hogwarts Valley/Hogsmeade_RiverBlockout/LI_Hogsmeade_River/Hogsmeade_RiverBlockout/RiverBank_LargeStones_A196,9B33D59D-465D-80A3-8CFC-5B92939A8192,1,DL_HOGSMEADE;DL_OVERLAND,DL_HM_EXT;DL_HOGSMEADE,LI_Hogsmeade_River,/Game/Environment/River/LI_Hogsmeade_River,/Game/Environment/River/LevelActors/RiverBanks_Large_Stones/LA_RiverBank_LargeStones_A05,8407.7,-72373.8,3549.0
RiverBank_LargeStones_A197,LevelInstance,LV_Overland/Region/Hogwarts Valley/Hogsmeade_RiverBlockout/LI_Hogsmeade_River/Hogsmeade_RiverBlockout/RiverBank_LargeStones_A197,0BA04A45-4968-7C03-3C17-0E8705E4B22A,1,DL_HOGSMEADE;DL_OVERLAND,DL_HM_EXT;DL_HOGSMEADE,LI_Hogsmeade_River,/Game/Environment/River/LI_Hogsmeade_River,/Game/Environment/River/LevelActors/RiverBanks_Large_Stones/LA_RiverBank_LargeStones_A04,8641.1,-72362.2,3534.7
RiverBank_LargeStones_A198,LevelInstance,LV_Overland/Region/Hogwarts Valley/Hogsmeade_RiverBlockout/LI_Hogsmeade_River/Hogsmeade_RiverBlockout/RiverBank_LargeStones_A198,C4ED421D-4A7B-EBAD-BABD-EEAA754FD6A3,1,DL_HOGSMEADE;DL_OVERLAND,DL_HM_EXT;DL_HOGSMEADE,LI_Hogsmeade_River,/Game/Environment/River/LI_Hogsmeade_River,/Game/Environment/River/LevelActors/RiverBanks_Large_Stones/LA_RiverBank_LargeStones_A04,8556.8,-72541.1,3569.6
RiverBank_LargeStones_A199,LevelInstance,LV_Overland/Region/Hogwarts Valley/Hogsmeade_RiverBlockout/LI_Hogsmeade_River/Hogsmeade_RiverBlockout/RiverBank_LargeStones_A199,DD3A647D-457C-4F65-AE63-3B9C40690DFB,1,DL_HOGSMEADE;DL_OVERLAND,DL_HM_EXT;DL_HOGSMEADE,LI_Hogsmeade_River,/Game/Environment/River/LI_Hogsmeade_River,/Game/Environment/River/LevelActors/RiverBanks_Large_Stones/LA_RiverBank_LargeStones_A04_noplants,8811.5,-72445.2,3451.1
RiverBank_LargeStones_A200,LevelInstance,LV_Overland/Region/Hogwarts Valley/Hogsmeade_RiverBlockout/LI_Hogsmeade_River/Hogsmeade_RiverBlockout/RiverBank_LargeStones_A200,7687F22E-49ED-D946-9C40-E9B4BBED8F2C,1,DL_HOGSMEADE;DL_OVERLAND,DL_HM_EXT;DL_HOGSMEADE,LI_Hogsmeade_River,/Game/Environment/River/LI_Hogsmeade_River,/Game/Environment/River/LevelActors/RiverBanks_Large_Stones/Blockout/LA_River_LargeStones_A07,11545.4,-86400.7,5287.3
RiverBank_LargeStones_A201,LevelInstance,LV_Overland/Region/Hogwarts Valley/Hogsmeade_RiverBlockout/LI_Hogsmeade_River/Hogsmeade_RiverBlockout/RiverBank_LargeStones_A201,58B0A79D-45F9-F6A1-4B13-CAA145BB9753,1,DL_HOGSMEADE;DL_OVERLAND,DL_HM_EXT;DL_HOGSMEADE,LI_Hogsmeade_River,/Game/Environment/River/LI_Hogsmeade_River,/Game/Environment/River/LevelActors/RiverBanks_Large_Stones/LA_RiverBank_LargeStones_A04,11259.5,-86554.9,5279.1
RiverBank_LargeStones_A202,LevelInstance,LV_Overland/Region/Hogwarts Valley/Hogsmeade_RiverBlockout/LI_Hogsmeade_River/Hogsmeade_RiverBlockout/RiverBank_LargeStones_A202,756492DC-4715-3E9A-18BB-D4B16B07D081,1,DL_HOGSMEADE;DL_OVERLAND,DL_HM_EXT;DL_HOGSMEADE,LI_Hogsmeade_River,/Game/Environment/River/LI_Hogsmeade_River,/Game/Environment/River/LevelActors/RiverBanks_Large_Stones/LA_RiverBank_LargeStones_A05,12060.9,-86412.7,5308.9
RiverBank_LargeStones_A203,LevelInstance,LV_Overland/Region/Hogwarts Valley/Hogsmeade_RiverBlockout/LI_Hogsmeade_River/Hogsmeade_RiverBlockout/RiverBank_LargeStones_A203,B01C6328-4770-8418-6B83-94AC2F5B1791,1,DL_HOGSMEADE;DL_OVERLAND,DL_HM_EXT;DL_HOGSMEADE,LI_Hogsmeade_River,/Game/Environment/River/LI_Hogsmeade_River,/Game/Environment/River/LevelActors/RiverBanks_Large_Stones/Blockout/LA_River_LargeStones_A07,12268.3,-86234.7,5292.2
RiverBank_LargeStones_A204,LevelInstance,LV_Overland/Region/Hogwarts Valley/Hogsmeade_RiverBlockout/LI_Hogsmeade_River/Hogsmeade_RiverBlockout/RiverBank_LargeStones_A204,36125B45-4DFE-9A2C-2A71-2DA6BFC5AA4D,1,DL_HOGSMEADE;DL_OVERLAND,DL_HM_EXT;DL_HOGSMEADE,LI_Hogsmeade_River,/Game/Environment/River/LI_Hogsmeade_River,/Game/Environment/River/LevelActors/RiverBanks_Large_Stones/Blockout/LA_River_LargeStones_A07,12384.1,-85797.5,5301.4
RiverBank_LargeStones_A205,LevelInstance,LV_Overland/Region/Hogwarts Valley/Hogsmeade_RiverBlockout/LI_Hogsmeade_River/Hogsmeade_RiverBlockout/RiverBank_LargeStones_A205,60117D33-4AF8-D006-1D35-E79EE0702B90,1,DL_HOGSMEADE;DL_OVERLAND,DL_HM_EXT;DL_HOGSMEADE,LI_Hogsmeade_River,/Game/Environment/River/LI_Hogsmeade_River,/Game/Environment/River/LevelActors/RiverBanks_Large_Stones/LA_RiverBank_LargeStones_A01,11944.2,-85724.9,5294.3
RiverBank_LargeStones_A206,LevelInstance,LV_Overland/Region/Hogwarts Valley/Hogsmeade_RiverBlockout/LI_Hogsmeade_River/Hogsmeade_RiverBlockout/RiverBank_LargeStones_A206,25B68907-4C84-100F-0A45-39801300A7EC,1,DL_HOGSMEADE;DL_OVERLAND,DL_HM_EXT;DL_HOGSMEADE,LI_Hogsmeade_River,/Game/Environment/River/LI_Hogsmeade_River,/Game/Environment/River/LevelActors/RiverBanks_Large_Stones/LA_RiverBank_LargeStones_A06,12588.6,-86425.0,5390.9
RiverBank_LargeStones_A207,LevelInstance,LV_Overland/Region/Hogwarts Valley/Hogsmeade_RiverBlockout/LI_Hogsmeade_River/Hogsmeade_RiverBlockout/RiverBank_LargeStones_A207,B6092D1B-4E3F-896F-5BBF-8A8BB7CC0AA2,1,DL_HOGSMEADE;DL_OVERLAND,DL_HM_EXT;DL_HOGSMEADE,LI_Hogsmeade_River,/Game/Environment/River/LI_Hogsmeade_River,/Game/Environment/River/LevelActors/RiverBanks_Large_Stones/LA_RiverBank_LargeStones_A01,12527.2,-86487.3,5447.1
RiverBank_LargeStones_A208,LevelInstance,LV_Overland/Region/Hogwarts Valley/Hogsmeade_RiverBlockout/LI_Hogsmeade_River/Hogsmeade_RiverBlockout/RiverBank_LargeStones_A208,20D26799-4E2F-16D2-5DFC-A69F04087C08,1,DL_HOGSMEADE;DL_OVERLAND,DL_HM_EXT;DL_HOGSMEADE,LI_Hogsmeade_River,/Game/Environment/River/LI_Hogsmeade_River,/Game/Environment/River/LevelActors/RiverBanks_Large_Stones/Blockout/LA_River_LargeStones_A07,13835.4,-86424.8,5410.6
RiverBank_LargeStones_A209,LevelInstance,LV_Overland/Region/Hogwarts Valley/Hogsmeade_RiverBlockout/LI_Hogsmeade_River/Hogsmeade_RiverBlockout/RiverBank_LargeStones_A209,568AB045-4B6B-570C-B141-4BA5A7C472FB,1,DL_HOGSMEADE;DL_OVERLAND,DL_HM_EXT;DL_HOGSMEADE,LI_Hogsmeade_River,/Game/Environment/River/LI_Hogsmeade_River,/Game/Environment/River/LevelActors/RiverBanks_Large_Stones/Blockout/LA_River_LargeStones_A07,13135.1,-86295.9,5411.8
RiverBank_LargeStones_A210,LevelInstance,LV_Overland/Region/Hogwarts Valley/Hogsmeade_RiverBlockout/LI_Hogsmeade_River/Hogsmeade_RiverBlockout/RiverBank_LargeStones_A210,057F2214-46BF-88B5-C197-428B34290617,1,DL_HOGSMEADE;DL_OVERLAND,DL_HM_EXT;DL_HOGSMEADE,LI_Hogsmeade_River,/Game/Environment/River/LI_Hogsmeade_River,/Game/Environment/River/LevelActors/RiverBanks_Large_Stones/LA_RiverBank_LargeStones_A06,13493.5,-86329.5,5383.6
RiverBank_LargeStones_A212,LevelInstance,LV_Overland/Region/Hogwarts Valley/Hogsmeade_RiverBlockout/LI_Hogsmeade_River/Hogsmeade_RiverBlockout/RiverBank_LargeStones_A212,91DA4C31-4248-643D-F5A5-2E97FA2B70BA,1,DL_HOGSMEADE;DL_OVERLAND,DL_HM_EXT;DL_HOGSMEADE,LI_Hogsmeade_River,/Game/Environment/River/LI_Hogsmeade_River,/Game/Environment/River/LevelActors/RiverBanks_Large_Stones/LA_RiverBank_LargeStones_A06,12852.7,-85591.5,5397.4
RiverBank_LargeStones_A213,LevelInstance,LV_Overland/Region/Hogwarts Valley/Hogsmeade_RiverBlockout/LI_Hogsmeade_River/Hogsmeade_RiverBlockout/RiverBank_LargeStones_A213,C8185208-4449-D690-48FD-CA83F6622438,1,DL_HOGSMEADE;DL_OVERLAND,DL_HM_EXT;DL_HOGSMEADE,LI_Hogsmeade_River,/Game/Environment/River/LI_Hogsmeade_River,/Game/Environment/River/LevelActors/RiverBanks_Large_Stones/LA_RiverBank_LargeStones_A04,11467.5,-85849.1,5264.9
RiverBank_LargeStones_A214,LevelInstance,LV_Overland/Region/Hogwarts Valley/Hogsmeade_RiverBlockout/LI_Hogsmeade_River/Hogsmeade_RiverBlockout/RiverBank_LargeStones_A214,ECE582A3-40A5-8C35-E580-788B2E092726,1,DL_HOGSMEADE;DL_OVERLAND,DL_HM_EXT;DL_HOGSMEADE,LI_Hogsmeade_River,/Game/Environment/River/LI_Hogsmeade_River,/Game/Environment/River/LevelActors/RiverBanks_Large_Stones/Blockout/LA_River_LargeStones_A07,22928.3,-89515.6,5627.9
RiverBank_LargeStones_A215,LevelInstance,LV_Overland/Region/Hogwarts Valley/Hogsmeade_RiverBlockout/LI_Hogsmeade_River/Hogsmeade_RiverBlockout/RiverBank_LargeStones_A215,4C6B456F-443E-65E4-C1DE-E88C1EFBEC6D,1,DL_HOGSMEADE;DL_OVERLAND,DL_HM_EXT;DL_HOGSMEADE,LI_Hogsmeade_River,/Game/Environment/River/LI_Hogsmeade_River,/Game/Environment/River/LevelActors/RiverBanks_Large_Stones/LA_RiverBank_LargeStones_A04,11495.4,-86434.9,5296.5
RiverBank_LargeStones_A216,LevelInstance,LV_Overland/Region/Hogwarts Valley/Hogsmeade_RiverBlockout/LI_Hogsmeade_River/Hogsmeade_RiverBlockout/RiverBank_LargeStones_A216,B27C61E7-495E-8B16-C630-5EA700FA0FCE,1,DL_HOGSMEADE;DL_OVERLAND,DL_HM_EXT;DL_HOGSMEADE,LI_Hogsmeade_River,/Game/Environment/River/LI_Hogsmeade_River,/Game/Environment/River/LevelActors/RiverBanks_Large_Stones/LA_RiverBank_LargeStones_A06,11722.2,-86395.4,5257.8
RiverBank_LargeStones_A217,LevelInstance,LV_Overland/Region/Hogwarts Valley/Hogsmeade_RiverBlockout/LI_Hogsmeade_River/Hogsmeade_RiverBlockout/RiverBank_LargeStones_A217,5E5FF8BD-4C58-3B4B-7AB0-75BB5E0AC233,1,DL_HOGSMEADE;DL_OVERLAND,DL_HM_EXT;DL_HOGSMEADE,LI_Hogsmeade_River,/Game/Environment/River/LI_Hogsmeade_River,/Game/Environment/River/LevelActors/RiverBanks_Large_Stones/LA_RiverBank_LargeStones_A06,14365.1,-86711.3,5679.0
RiverBank_LargeStones_A218,LevelInstance,LV_Overland/Region/Hogwarts Valley/Hogsmeade_RiverBlockout/LI_Hogsmeade_River/Hogsmeade_RiverBlockout/RiverBank_LargeStones_A218,D9D6D49C-4BA2-9C99-D3C6-53A89333C702,1,DL_HOGSMEADE;DL_OVERLAND,DL_HM_EXT;DL_HOGSMEADE,LI_Hogsmeade_River,/Game/Environment/River/LI_Hogsmeade_River,/Game/Environment/River/LevelActors/RiverBanks_Large_Stones/LA_RiverBank_LargeStones_A06,14633.8,-85982.8,5681.3
RiverBank_LargeStones_A219,LevelInstance,LV_Overland/Region/Hogwarts Valley/Hogsmeade_RiverBlockout/LI_Hogsmeade_River/Hogsmeade_RiverBlockout/RiverBank_LargeStones_A219,D1F8EDAB-48C8-922F-7702-4C83F4095DC2,1,DL_HOGSMEADE;DL_OVERLAND,DL_HM_EXT;DL_HOGSMEADE,LI_Hogsmeade_River,/Game/Environment/River/LI_Hogsmeade_River,/Game/Environment/River/LevelActors/RiverBanks_Large_Stones/LA_RiverBank_LargeStones_A06,14218.8,-86739.4,5624.1
RiverBank_LargeStones_A22,LevelInstance,LV_Overland/Region/Hogwarts Valley/Hogsmeade_RiverBlockout/LI_Hogsmeade_River/Hogsmeade_RiverBlockout/RiverBank_LargeStones_A22,FE4045FC-4A3D-0738-FB07-15ACECFEA386,1,DL_HOGSMEADE;DL_OVERLAND,DL_HM_EXT;DL_HOGSMEADE,LI_Hogsmeade_River,/Game/Environment/River/LI_Hogsmeade_River,/Game/Environment/River/LevelActors/RiverBanks_Large_Stones/Blockout/LA_River_LargeStones_A07,22486.0,-89715.7,5620.7
RiverBank_LargeStones_A226,LevelInstance,LV_Overland/Region/Hogwarts Valley/Hogsmeade_RiverBlockout/LI_Hogsmeade_River/Hogsmeade_RiverBlockout/RiverBank_LargeStones_A226,2823EAF5-4504-58E6-EEB1-50843314BB4E,1,DL_HOGSMEADE;DL_OVERLAND,DL_HM_EXT;DL_HOGSMEADE,LI_Hogsmeade_River,/Game/Environment/River/LI_Hogsmeade_River,/Game/Environment/River/LevelActors/RiverBanks_Large_Stones/LA_RiverBank_LargeStones_A06,23177.9,-89351.3,5592.3
RiverBank_LargeStones_A23,LevelInstance,LV_Overland/Region/Hogwarts Valley/Hogsmeade_RiverBlockout/LI_Hogsmeade_River/Hogsmeade_RiverBlockout/RiverBank_LargeStones_A23,4A4141E9-4CAC-D386-BC80-21AFCC18C5B5,1,DL_HOGSMEADE;DL_OVERLAND,DL_HM_EXT;DL_HOGSMEADE,LI_Hogsmeade_River,/Game/Environment/River/LI_Hogsmeade_River,/Game/Environment/River/LevelActors/RiverBanks_Large_Stones/Blockout/LA_River_LargeStones_A07,10685.2,-71877.4,3415.6
RiverBank_LargeStones_A230,LevelInstance,LV_Overland/Region/Hogwarts Valley/Hogsmeade_RiverBlockout/LI_Hogsmeade_River/Hogsmeade_RiverBlockout/RiverBank_LargeStones_A230,B6F5D08D-4934-CCE9-8AB0-8B8753F60874,1,DL_HOGSMEADE;DL_OVERLAND,DL_HM_EXT;DL_HOGSMEADE,LI_Hogsmeade_River,/Game/Environment/River/LI_Hogsmeade_River,/Game/Environment/River/LevelActors/RiverBanks_Large_Stones/LA_RiverBank_LargeStones_A05,23455.5,-88310.3,5383.7
RiverBank_LargeStones_A231,LevelInstance,LV_Overland/Region/Hogwarts Valley/Hogsmeade_RiverBlockout/LI_Hogsmeade_River/Hogsmeade_RiverBlockout/RiverBank_LargeStones_A231,E11842CA-4378-3407-E1CA-E0B3FF9AD05B,1,DL_HOGSMEADE;DL_OVERLAND,DL_HM_EXT;DL_HOGSMEADE,LI_Hogsmeade_River,/Game/Environment/River/LI_Hogsmeade_River,/Game/Environment/River/LevelActors/RiverBanks_Large_Stones/Blockout/LA_River_LargeStones_A07,25536.2,-88294.2,5704.8
RiverBank_LargeStones_A232,LevelInstance,LV_Overland/Region/Hogwarts Valley/Hogsmeade_RiverBlockout/LI_Hogsmeade_River/Hogsmeade_RiverBlockout/RiverBank_LargeStones_A232,C6982F77-4147-D3F0-4066-1CAB7312A91B,1,DL_HOGSMEADE;DL_OVERLAND,DL_HM_EXT;DL_HOGSMEADE,LI_Hogsmeade_River,/Game/Environment/River/LI_Hogsmeade_River,/Game/Environment/River/LevelActors/RiverBanks_Large_Stones/Blockout/LA_River_LargeStones_A07,25598.7,-88111.1,5723.0
RiverBank_LargeStones_A233,LevelInstance,LV_Overland/Region/Hogwarts Valley/Hogsmeade_RiverBlockout/LI_Hogsmeade_River/Hogsmeade_RiverBlockout/RiverBank_LargeStones_A233,1078F9CA-4134-5014-9F3E-E4934C99C818,1,DL_HOGSMEADE;DL_OVERLAND,DL_HM_EXT;DL_HOGSMEADE,LI_Hogsmeade_River,/Game/Environment/River/LI_Hogsmeade_River,/Game/Environment/River/LevelActors/RiverBanks_Large_Stones/Blockout/LA_River_LargeStones_A07,25542.9,-87823.1,5593.6
RiverBank_LargeStones_A236,LevelInstance,LV_Overland/Region/Hogwarts Valley/Hogsmeade_RiverBlockout/LI_Hogsmeade_River/Hogsmeade_RiverBlockout/RiverBank_LargeStones_A236,21C1DC0B-4E9A-D4DE-421C-808843AC6B2A,1,DL_HOGSMEADE;DL_OVERLAND,DL_HM_EXT;DL_HOGSMEADE,LI_Hogsmeade_River,/Game/Environment/River/LI_Hogsmeade_River,/Game/Environment/River/LevelActors/RiverBanks_Large_Stones/LA_RiverBank_LargeStones_A06,25416.1,-87431.2,5448.3
RiverBank_LargeStones_A237,LevelInstance,LV_Overland/Region/Hogwarts Valley/Hogsmeade_RiverBlockout/LI_Hogsmeade_River/Hogsmeade_RiverBlockout/RiverBank_LargeStones_A237,8D8E0848-4485-AD39-2DF7-C087CB8CCA1A,1,DL_HOGSMEADE;DL_OVERLAND,DL_HM_EXT;DL_HOGSMEADE,LI_Hogsmeade_River,/Game/Environment/River/LI_Hogsmeade_River,/Game/Environment/River/LevelActors/RiverBanks_Large_Stones/LA_RiverBank_LargeStones_A05,23651.5,-87558.8,5334.7
RiverBank_LargeStones_A239,LevelInstance,LV_Overland/Region/Hogwarts Valley/Hogsmeade_RiverBlockout/LI_Hogsmeade_River/Hogsmeade_RiverBlockout/RiverBank_LargeStones_A239,C8253F3B-4959-EFB1-F07A-0D9AC7DF44E8,1,DL_HOGSMEADE;DL_OVERLAND,DL_HM_EXT;DL_HOGSMEADE,LI_Hogsmeade_River,/Game/Environment/River/LI_Hogsmeade_River,/Game/Environment/River/LevelActors/RiverBanks_Large_Stones/Blockout/LA_River_LargeStones_A07,23444.1,-87254.2,5340.4
RiverBank_LargeStones_A24,LevelInstance,LV_Overland/Region/Hogwarts Valley/Hogsmeade_RiverBlockout/LI_Hogsmeade_River/Hogsmeade_RiverBlockout/RiverBank_LargeStones_A24,F57DCDC4-47CD-216A-DE15-AAB85A4B8415,1,DL_HOGSMEADE;DL_OVERLAND,DL_HM_EXT;DL_HOGSMEADE,LI_Hogsmeade_River,/Game/Environment/River/LI_Hogsmeade_River,/Game/Environment/River/LevelActors/RiverBanks_Large_Stones/LA_RiverBank_LargeStones_A06,11030.8,-71972.8,3550.7
RiverBank_LargeStones_A240,LevelInstance,LV_Overland/Region/Hogwarts Valley/Hogsmeade_RiverBlockout/LI_Hogsmeade_River/Hogsmeade_RiverBlockout/RiverBank_LargeStones_A240,F26F61F9-48E0-7C7A-242B-39AA20941F2A,1,DL_HOGSMEADE;DL_OVERLAND,DL_HM_EXT;DL_HOGSMEADE,LI_Hogsmeade_River,/Game/Environment/River/LI_Hogsmeade_River,/Game/Environment/River/LevelActors/RiverBanks_Large_Stones/LA_RiverBank_LargeStones_A06,25959.8,-85960.8,5540.6
RiverBank_LargeStones_A247,LevelInstance,LV_Overland/Region/Hogwarts Valley/Hogsmeade_RiverBlockout/LI_Hogsmeade_River/Hogsmeade_RiverBlockout/RiverBank_LargeStones_A247,2AE9F47D-4DB2-5B16-35EF-55A5641CBA64,1,DL_HOGSMEADE;DL_OVERLAND,DL_HM_EXT;DL_HOGSMEADE,LI_Hogsmeade_River,/Game/Environment/River/LI_Hogsmeade_River,/Game/Environment/River/LevelActors/RiverBanks_Large_Stones/LA_RiverBank_LargeStones_A05,22213.3,-85832.5,5304.8
RiverBank_LargeStones_A248,LevelInstance,LV_Overland/Region/Hogwarts Valley/Hogsmeade_RiverBlockout/LI_Hogsmeade_River/Hogsmeade_RiverBlockout/RiverBank_LargeStones_A248,BF02C587-43B5-7181-DC21-73B3C58088D9,1,DL_HOGSMEADE;DL_OVERLAND,DL_HM_EXT;DL_HOGSMEADE,LI_Hogsmeade_River,/Game/Environment/River/LI_Hogsmeade_River,/Game/Environment/River/LevelActors/RiverBanks_Large_Stones/LA_RiverBank_LargeStones_A05,22552.1,-85407.5,5393.7
RiverBank_LargeStones_A252,LevelInstance,LV_Overland/Region/Hogwarts Valley/Hogsmeade_RiverBlockout/LI_Hogsmeade_River/RiverBank_LargeStones_A252,9B78AB05-4FA5-CE58-6582-819882F8B823,1,DL_HOGSMEADE;DL_OVERLAND,DL_HM_EXT;DL_HOGSMEADE,LI_Hogsmeade_River,/Game/Environment/River/LI_Hogsmeade_River,/Game/Environment/River/LevelActors/RiverBanks_Large_Stones/Blockout/LA_River_LargeStones_A07,14910.4,-86757.4,5735.5
RiverBank_LargeStones_A254,LevelInstance,LV_Overland/Region/Hogwarts Valley/Hogsmeade_RiverBlockout/LI_Hogsmeade_River/RiverBank_LargeStones_A254,5E591959-431C-97F4-E9CF-D18F515417DB,1,DL_HOGSMEADE;DL_OVERLAND,DL_HM_EXT;DL_HOGSMEADE,LI_Hogsmeade_River,/Game/Environment/River/LI_Hogsmeade_River,/Game/Environment/River/LevelActors/RiverBanks_Large_Stones/LA_RiverBank_LargeStones_A05,15569.4,-87322.6,5770.8
RiverBank_LargeStones_A27,LevelInstance,LV_Overland/Region/Hogwarts Valley/Hogsmeade_RiverBlockout/LI_Hogsmeade_River/Hogsmeade_RiverBlockout/RiverBank_LargeStones_A27,F56CC35D-48FA-CBD3-3D38-C6A2B0B1ED65,1,DL_HOGSMEADE;DL_OVERLAND,DL_HM_EXT;DL_HOGSMEADE,LI_Hogsmeade_River,/Game/Environment/River/LI_Hogsmeade_River,/Game/Environment/River/LevelActors/RiverBanks_Large_Stones/LA_RiverBank_LargeStones_A06,10686.0,-71113.0,3361.7
RiverBank_LargeStones_A271,LevelInstance,LV_Overland/Region/Hogwarts Valley/Hogsmeade_RiverBlockout/LI_Hogsmeade_River/RiverBank_LargeStones_A271,DBAF1A03-4993-9E52-47C0-329C6C241192,1,DL_HOGSMEADE;DL_OVERLAND,DL_HM_EXT;DL_HOGSMEADE,LI_Hogsmeade_River,/Game/Environment/River/LI_Hogsmeade_River,/Game/Environment/River/LevelActors/RiverBanks_Large_Stones/LA_RiverBank_LargeStones_A05,19180.9,-90030.8,5739.3
RiverBank_LargeStones_A278,LevelInstance,LV_Overland/Region/Hogwarts Valley/Hogsmeade_RiverBlockout/LI_Hogsmeade_River/RiverBank_LargeStones_A278,2E90F3CE-4303-1A04-407A-DDBD0216F456,1,DL_HOGSMEADE;DL_OVERLAND,DL_HM_EXT;DL_HOGSMEADE,LI_Hogsmeade_River,/Game/Environment/River/LI_Hogsmeade_River,/Game/Environment/River/LevelActors/RiverBanks_Large_Stones/LA_RiverBank_LargeStones_A06,19426.0,-89487.4,5695.1
RiverBank_LargeStones_A279,LevelInstance,LV_Overland/Region/Hogwarts Valley/Hogsmeade_RiverBlockout/LI_Hogsmeade_River/Hogsmeade_RiverBlockout/RiverBank_LargeStones_A279,283BE88D-49C7-3F90-198B-B2B713E92BE3,1,DL_HOGSMEADE;DL_OVERLAND,DL_HM_EXT;DL_HOGSMEADE,LI_Hogsmeade_River,/Game/Environment/River/LI_Hogsmeade_River,/Game/Environment/River/LevelActors/RiverBanks_Large_Stones/Blockout/LA_River_LargeStones_A07,22073.0,-89636.1,5608.7
RiverBank_LargeStones_A28,LevelInstance,LV_Overland/Region/Hogwarts Valley/Hogsmeade_RiverBlockout/LI_Hogsmeade_River/Hogsmeade_RiverBlockout/RiverBank_LargeStones_A28,78CDC169-476B-69A1-2C95-0E81E20AB229,1,DL_HOGSMEADE;DL_OVERLAND,DL_HM_EXT;DL_HOGSMEADE,LI_Hogsmeade_River,/Game/Environment/River/LI_Hogsmeade_River,/Game/Environment/River/LevelActors/RiverBanks_Large_Stones/LA_RiverBank_LargeStones_A05,10296.1,-71150.7,3424.3
RiverBank_LargeStones_A280,LevelInstance,LV_Overland/Region/Hogwarts Valley/Hogsmeade_RiverBlockout/LI_Hogsmeade_River/Hogsmeade_RiverBlockout/RiverBank_LargeStones_A280,45760D74-48E8-D459-5F5E-BD8F9ED780C4,1,DL_HOGSMEADE;DL_OVERLAND,DL_HM_EXT;DL_HOGSMEADE,LI_Hogsmeade_River,/Game/Environment/River/LI_Hogsmeade_River,/Game/Environment/River/LevelActors/RiverBanks_Large_Stones/Blockout/LA_River_LargeStones_A07,21531.5,-89543.9,5600.5
RiverBank_LargeStones_A286,LevelInstance,LV_Overland/Region/Hogwarts Valley/Hogsmeade_RiverBlockout/LI_Hogsmeade_River/Hogsmeade_RiverBlockout/RiverBank_LargeStones_A286,0449C03C-4E61-D781-DF91-F78AE4273198,1,DL_HOGSMEADE;DL_OVERLAND,DL_HM_EXT;DL_HOGSMEADE,LI_Hogsmeade_River,/Game/Environment/River/LI_Hogsmeade_River,/Game/Environment/River/LevelActors/RiverBanks_Large_Stones/Blockout/LA_River_LargeStones_A07,13687.2,-67823.3,3325.6
RiverBank_LargeStones_A287,LevelInstance,LV_Overland/Region/Hogwarts Valley/Hogsmeade_RiverBlockout/LI_Hogsmeade_River/Hogsmeade_RiverBlockout/RiverBank_LargeStones_A287,0C958A76-4693-ACED-A090-9DB134A071EC,1,DL_HOGSMEADE;DL_OVERLAND,DL_HM_EXT;DL_HOGSMEADE,LI_Hogsmeade_River,/Game/Environment/River/LI_Hogsmeade_River,/Game/Environment/River/LevelActors/RiverBanks_Large_Stones/LA_RiverBank_LargeStones_A06,14414.4,-67491.9,3306.9
RiverBank_LargeStones_A288,LevelInstance,LV_Overland/Region/Hogwarts Valley/Hogsmeade_RiverBlockout/LI_Hogsmeade_River/Hogsmeade_RiverBlockout/RiverBank_LargeStones_A288,9E44061A-4F6F-09B6-CA8E-59832109A185,1,DL_HOGSMEADE;DL_OVERLAND,DL_HM_EXT;DL_HOGSMEADE,LI_Hogsmeade_River,/Game/Environment/River/LI_Hogsmeade_River,/Game/Environment/River/LevelActors/RiverBanks_Large_Stones/LA_RiverBank_LargeStones_A06,13988.6,-67736.2,3289.8
RiverBank_LargeStones_A289,LevelInstance,LV_Overland/Region/Hogwarts Valley/Hogsmeade_RiverBlockout/LI_Hogsmeade_River/Hogsmeade_RiverBlockout/RiverBank_LargeStones_A289,B3DEE03F-4A87-0FC9-4644-BDB5C1BE6317,1,DL_HOGSMEADE;DL_OVERLAND,DL_HM_EXT;DL_HOGSMEADE,LI_Hogsmeade_River,/Game/Environment/River/LI_Hogsmeade_River,/Game/Environment/River/LevelActors/RiverBanks_Large_Stones/LA_RiverBank_LargeStones_A05,13839.1,-67883.2,3362.9
RiverBank_LargeStones_A29,LevelInstance,LV_Overland/Region/Hogwarts Valley/Hogsmeade_RiverBlockout/LI_Hogsmeade_River/Hogsmeade_RiverBlockout/RiverBank_LargeStones_A29,0EAD4643-41DD-DB47-206E-99911DAB0044,1,DL_HOGSMEADE;DL_OVERLAND,DL_HM_EXT;DL_HOGSMEADE,LI_Hogsmeade_River,/Game/Environment/River/LI_Hogsmeade_River,/Game/Environment/River/LevelActors/RiverBanks_Large_Stones/Blockout/LA_River_LargeStones_A07,10059.9,-72245.4,3435.3
RiverBank_LargeStones_A290,LevelInstance,LV_Overland/Region/Hogwarts Valley/Hogsmeade_RiverBlockout/LI_Hogsmeade_River/Hogsmeade_RiverBlockout/RiverBank_LargeStones_A290,4F5BC715-433C-26EF-C173-AE9199BBA243,1,DL_HOGSMEADE;DL_OVERLAND,DL_HM_EXT;DL_HOGSMEADE,LI_Hogsmeade_River,/Game/Environment/River/LI_Hogsmeade_River,/Game/Environment/River/LevelActors/RiverBanks_Large_Stones/LA_RiverBank_LargeStones_A06,14055.0,-66638.3,3284.4
RiverBank_LargeStones_A30,LevelInstance,LV_Overland/Region/Hogwarts Valley/Hogsmeade_RiverBlockout/LI_Hogsmeade_River/Hogsmeade_RiverBlockout/RiverBank_LargeStones_A30,7332CAB9-4D7B-8C02-6B24-6E9F8181FF08,1,DL_HOGSMEADE;DL_OVERLAND,DL_HM_EXT;DL_HOGSMEADE,LI_Hogsmeade_River,/Game/Environment/River/LI_Hogsmeade_River,/Game/Environment/River/LevelActors/RiverBanks_Large_Stones/LA_RiverBank_LargeStones_A05,9901.8,-72594.0,3537.8
RiverBank_LargeStones_A31,LevelInstance,LV_Overland/Region/Hogwarts Valley/Hogsmeade_RiverBlockout/LI_Hogsmeade_River/Hogsmeade_RiverBlockout/RiverBank_LargeStones_A31,F1070BB8-4A82-7A76-119A-64941D84516B,1,DL_HOGSMEADE;DL_OVERLAND,DL_HM_EXT;DL_HOGSMEADE,LI_Hogsmeade_River,/Game/Environment/River/LI_Hogsmeade_River,/Game/Environment/River/LevelActors/RiverBanks_Large_Stones/LA_RiverBank_LargeStones_A04,10789.8,-72070.3,3529.4
RiverBank_LargeStones_A32,LevelInstance,LV_Overland/Region/Hogwarts Valley/Hogsmeade_RiverBlockout/LI_Hogsmeade_River/Hogsmeade_RiverBlockout/RiverBank_LargeStones_A32,B489E61B-40A5-8594-344A-01B522262E8A,1,DL_HOGSMEADE;DL_OVERLAND,DL_HM_EXT;DL_HOGSMEADE,LI_Hogsmeade_River,/Game/Environment/River/LI_Hogsmeade_River,/Game/Environment/River/LevelActors/RiverBanks_Large_Stones/LA_RiverBank_LargeStones_A04,10679.5,-72168.1,3521.9
RiverBank_LargeStones_A33,LevelInstance,LV_Overland/Region/Hogwarts Valley/Hogsmeade_RiverBlockout/LI_Hogsmeade_River/Hogsmeade_RiverBlockout/RiverBank_LargeStones_A33,259988A8-498B-58BC-1EEB-A8AA0CCDB1A0,1,DL_HOGSMEADE;DL_OVERLAND,DL_HM_EXT;DL_HOGSMEADE,LI_Hogsmeade_River,/Game/Environment/River/LI_Hogsmeade_River,/Game/Environment/River/LevelActors/RiverBanks_Large_Stones/LA_RiverBank_LargeStones_A04_noplants,10841.0,-71581.7,3328.2
RiverBank_LargeStones_A34,LevelInstance,LV_Overland/Region/Hogwarts Valley/Hogsmeade_RiverBlockout/LI_Hogsmeade_River/Hogsmeade_RiverBlockout/RiverBank_LargeStones_A34,AD58E697-40DA-FC64-2AA2-DBBF1E39521B,1,DL_HOGSMEADE;DL_OVERLAND,DL_HM_EXT;DL_HOGSMEADE,LI_Hogsmeade_River,/Game/Environment/River/LI_Hogsmeade_River,/Game/Environment/River/LevelActors/RiverBanks_Large_Stones/LA_RiverBank_LargeStones_A04,11032.8,-71272.2,3337.1
RiverBank_LargeStones_A37,LevelInstance,LV_Overland/Region/Hogwarts Valley/Hogsmeade_RiverBlockout/LI_Hogsmeade_River/Hogsmeade_RiverBlockout/RiverBank_LargeStones_A37,0DB21984-459F-ACFD-AA3B-FA969A9D16E9,1,DL_HOGSMEADE;DL_OVERLAND,DL_HM_EXT;DL_HOGSMEADE,LI_Hogsmeade_River,/Game/Environment/River/LI_Hogsmeade_River,/Game/Environment/River/LevelActors/RiverBanks_Large_Stones/LA_RiverBank_LargeStones_A04_noplants,10393.3,-71619.5,3323.2
RiverBank_LargeStones_A38,LevelInstance,LV_Overland/Region/Hogwarts Valley/Hogsmeade_RiverBlockout/LI_Hogsmeade_River/Hogsmeade_RiverBlockout/RiverBank_LargeStones_A38,4DB1521F-4C48-4AC7-A847-3A8DB3F24676,1,DL_HOGSMEADE;DL_OVERLAND,DL_HM_EXT;DL_HOGSMEADE,LI_Hogsmeade_River,/Game/Environment/River/LI_Hogsmeade_River,/Game/Environment/River/LevelActors/RiverBanks_Large_Stones/LA_RiverBank_LargeStones_A04_noplants,9948.8,-71995.1,3365.3
RiverBank_LargeStones_A39,LevelInstance,LV_Overland/Region/Hogwarts Valley/Hogsmeade_RiverBlockout/LI_Hogsmeade_River/Hogsmeade_RiverBlockout/RiverBank_LargeStones_A39,8011FB97-4DB0-06B1-F908-09B2FBC36FE7,1,DL_HOGSMEADE;DL_OVERLAND,DL_HM_EXT;DL_HOGSMEADE,LI_Hogsmeade_River,/Game/Environment/River/LI_Hogsmeade_River,/Game/Environment/River/LevelActors/RiverBanks_Large_Stones/LA_RiverBank_LargeStones_A04,10698.0,-71472.5,3340.8
RiverBank_LargeStones_A41,LevelInstance,LV_Overland/Region/Hogwarts Valley/Hogsmeade_RiverBlockout/LI_Hogsmeade_River/Hogsmeade_RiverBlockout/RiverBank_LargeStones_A41,D6A5CC84-4D3F-B5F0-75C5-30AEE7AE72F5,1,DL_HOGSMEADE;DL_OVERLAND,DL_HM_EXT;DL_HOGSMEADE,LI_Hogsmeade_River,/Game/Environment/River/LI_Hogsmeade_River,/Game/Environment/River/LevelActors/RiverBanks_Large_Stones/LA_RiverBank_LargeStones_A05,11842.0,-71418.9,3409.1
RiverBank_LargeStones_A42,LevelInstance,LV_Overland/Region/Hogwarts Valley/Hogsmeade_RiverBlockout/LI_Hogsmeade_River/Hogsmeade_RiverBlockout/RiverBank_LargeStones_A42,DB394E88-4DA6-0572-EE6A-40AE9AC4610D,1,DL_HOGSMEADE;DL_OVERLAND,DL_HM_EXT;DL_HOGSMEADE,LI_Hogsmeade_River,/Game/Environment/River/LI_Hogsmeade_River,/Game/Environment/River/LevelActors/RiverBanks_Large_Stones/LA_RiverBank_LargeStones_A06,12119.7,-71020.5,3364.5
RiverBank_LargeStones_A43,LevelInstance,LV_Overland/Region/Hogwarts Valley/Hogsmeade_RiverBlockout/LI_Hogsmeade_River/Hogsmeade_RiverBlockout/RiverBank_LargeStones_A43,79949730-47A0-BCEC-8A61-9EAEAF1BBD09,1,DL_HOGSMEADE;DL_OVERLAND,DL_HM_EXT;DL_HOGSMEADE,LI_Hogsmeade_River,/Game/Environment/River/LI_Hogsmeade_River,/Game/Environment/River/LevelActors/RiverBanks_Large_Stones/LA_RiverBank_LargeStones_A05,8988.6,-71893.7,3511.4
RiverBank_LargeStones_A44,LevelInstance,LV_Overland/Region/Hogwarts Valley/Hogsmeade_RiverBlockout/LI_Hogsmeade_River/Hogsmeade_RiverBlockout/RiverBank_LargeStones_A44,A299077E-4727-7143-A561-3D804983B83E,1,DL_HOGSMEADE;DL_OVERLAND,DL_HM_EXT;DL_HOGSMEADE,LI_Hogsmeade_River,/Game/Environment/River/LI_Hogsmeade_River,/Game/Environment/River/LevelActors/RiverBanks_Large_Stones/Blockout/LA_River_LargeStones_A07,9387.2,-71782.6,3475.6
RiverBank_LargeStones_A45,LevelInstance,LV_Overland/Region/Hogwarts Valley/Hogsmeade_RiverBlockout/LI_Hogsmeade_River/Hogsmeade_RiverBlockout/RiverBank_LargeStones_A45,944E7E31-476B-6B83-9640-A1A48CF342D8,1,DL_HOGSMEADE;DL_OVERLAND,DL_HM_EXT;DL_HOGSMEADE,LI_Hogsmeade_River,/Game/Environment/River/LI_Hogsmeade_River,/Game/Environment/River/LevelActors/RiverBanks_Large_Stones/LA_RiverBank_LargeStones_A04,11011.9,-68116.7,3382.0
RiverBank_LargeStones_A46,LevelInstance,LV_Overland/Region/Hogwarts Valley/Hogsmeade_RiverBlockout/LI_Hogsmeade_River/Hogsmeade_RiverBlockout/RiverBank_LargeStones_A46,9CAD5393-4EB2-1E1C-053A-43BA2175C4CF,1,DL_HOGSMEADE;DL_OVERLAND,DL_HM_EXT;DL_HOGSMEADE,LI_Hogsmeade_River,/Game/Environment/River/LI_Hogsmeade_River,/Game/Environment/River/LevelActors/RiverBanks_Large_Stones/LA_RiverBank_LargeStones_A06,11152.6,-68400.2,3420.7
RiverBank_LargeStones_A47,LevelInstance,LV_Overland/Region/Hogwarts Valley/Hogsmeade_RiverBlockout/LI_Hogsmeade_River/Hogsmeade_RiverBlockout/RiverBank_LargeStones_A47,6F08BABF-4449-F6B8-FAB3-56BF733E4DEB,1,DL_HOGSMEADE;DL_OVERLAND,DL_HM_EXT;DL_HOGSMEADE,LI_Hogsmeade_River,/Game/Environment/River/LI_Hogsmeade_River,/Game/Environment/River/LevelActors/RiverBanks_Large_Stones/LA_RiverBank_LargeStones_A04_noplants,11577.9,-68547.1,3300.1
RiverBank_LargeStones_A48,LevelInstance,LV_Overland/Region/Hogwarts Valley/Hogsmeade_RiverBlockout/LI_Hogsmeade_River/Hogsmeade_RiverBlockout/RiverBank_LargeStones_A48,F17A4EE8-458F-4692-E9B9-69B9F0796400,1,DL_HOGSMEADE;DL_OVERLAND,DL_HM_EXT;DL_HOGSMEADE,LI_Hogsmeade_River,/Game/Environment/River/LI_Hogsmeade_River,/Game/Environment/River/LevelActors/RiverBanks_Large_Stones/LA_RiverBank_LargeStones_A05,11416.8,-68666.8,3440.1
RiverBank_LargeStones_A49,LevelInstance,LV_Overland/Region/Hogwarts Valley/Hogsmeade_RiverBlockout/LI_Hogsmeade_River/Hogsmeade_RiverBlockout/RiverBank_LargeStones_A49,C2F5E971-402C-18D0-2E30-89898DAF9DAD,1,DL_HOGSMEADE;DL_OVERLAND,DL_HM_EXT;DL_HOGSMEADE,LI_Hogsmeade_River,/Game/Environment/River/LI_Hogsmeade_River,/Game/Environment/River/LevelActors/RiverBanks_Large_Stones/Blockout/LA_River_LargeStones_A07,12060.6,-69281.0,3331.5
RiverBank_LargeStones_A5,LevelInstance,LV_Overland/Region/Hogwarts Valley/Hogsmeade_RiverBlockout/LI_Hogsmeade_River/Hogsmeade_RiverBlockout/RiverBank_LargeStones_A5,35910A21-4040-2F4B-EE81-468EC597799A,1,DL_HOGSMEADE;DL_OVERLAND,DL_HM_EXT;DL_HOGSMEADE,LI_Hogsmeade_River,/Game/Environment/River/LI_Hogsmeade_River,/Game/Environment/River/LevelActors/RiverBanks_Large_Stones/LA_RiverBank_LargeStones_A04,12918.8,-70547.7,3339.9
RiverBank_LargeStones_A50,LevelInstance,LV_Overland/Region/Hogwarts Valley/Hogsmeade_RiverBlockout/LI_Hogsmeade_River/Hogsmeade_RiverBlockout/RiverBank_LargeStones_A50,0C8E8E57-437B-3734-233B-C39379400F9D,1,DL_HOGSMEADE;DL_OVERLAND,DL_HM_EXT;DL_HOGSMEADE,LI_Hogsmeade_River,/Game/Environment/River/LI_Hogsmeade_River,/Game/Environment/River/LevelActors/RiverBanks_Large_Stones/LA_RiverBank_LargeStones_A04,11401.4,-68339.6,3350.0
RiverBank_LargeStones_A51,LevelInstance,LV_Overland/Region/Hogwarts Valley/Hogsmeade_RiverBlockout/LI_Hogsmeade_River/Hogsmeade_RiverBlockout/RiverBank_LargeStones_A51,F75E69CF-4992-DBF4-5B2F-14B442C9A939,1,DL_HOGSMEADE;DL_OVERLAND,DL_HM_EXT;DL_HOGSMEADE,LI_Hogsmeade_River,/Game/Environment/River/LI_Hogsmeade_River,/Game/Environment/River/LevelActors/RiverBanks_Large_Stones/Blockout/LA_River_LargeStones_A07,11895.1,-68647.1,3321.1
RiverBank_LargeStones_A52,LevelInstance,LV_Overland/Region/Hogwarts Valley/Hogsmeade_RiverBlockout/LI_Hogsmeade_River/Hogsmeade_RiverBlockout/RiverBank_LargeStones_A52,FBC13E3C-4E4A-C886-A811-04B33FEF8BE1,1,DL_HOGSMEADE;DL_OVERLAND,DL_HM_EXT;DL_HOGSMEADE,LI_Hogsmeade_River,/Game/Environment/River/LI_Hogsmeade_River,/Game/Environment/River/LevelActors/RiverBanks_Large_Stones/LA_RiverBank_LargeStones_A04_noplants,12070.1,-68691.7,3268.5
RiverBank_LargeStones_A53,LevelInstance,LV_Overland/Region/Hogwarts Valley/Hogsmeade_RiverBlockout/LI_Hogsmeade_River/Hogsmeade_RiverBlockout/RiverBank_LargeStones_A53,5D190AE9-4ED4-6226-0A49-4F93FA09935D,1,DL_HOGSMEADE;DL_OVERLAND,DL_HM_EXT;DL_HOGSMEADE,LI_Hogsmeade_River,/Game/Environment/River/LI_Hogsmeade_River,/Game/Environment/River/LevelActors/RiverBanks_Large_Stones/LA_RiverBank_LargeStones_A06,12041.3,-68881.1,3303.4
RiverBank_LargeStones_A54,LevelInstance,LV_Overland/Region/Hogwarts Valley/Hogsmeade_RiverBlockout/LI_Hogsmeade_River/Hogsmeade_RiverBlockout/RiverBank_LargeStones_A54,A412FFF4-4E0E-9106-6CCF-EFB21A7832FD,1,DL_HOGSMEADE;DL_OVERLAND,DL_HM_EXT;DL_HOGSMEADE,LI_Hogsmeade_River,/Game/Environment/River/LI_Hogsmeade_River,/Game/Environment/River/LevelActors/RiverBanks_Large_Stones/LA_RiverBank_LargeStones_A06,11945.2,-67716.6,3319.2
RiverBank_LargeStones_A55,LevelInstance,LV_Overland/Region/Hogwarts Valley/Hogsmeade_RiverBlockout/LI_Hogsmeade_River/Hogsmeade_RiverBlockout/RiverBank_LargeStones_A55,752A6F9E-4F4A-4518-B986-A8AFF9AC2712,1,DL_HOGSMEADE;DL_OVERLAND,DL_HM_EXT;DL_HOGSMEADE,LI_Hogsmeade_River,/Game/Environment/River/LI_Hogsmeade_River,/Game/Environment/River/LevelActors/RiverBanks_Large_Stones/LA_RiverBank_LargeStones_A05,12105.1,-67564.8,3365.7
RiverBank_LargeStones_A56,LevelInstance,LV_Overland/Region/Hogwarts Valley/Hogsmeade_RiverBlockout/LI_Hogsmeade_River/Hogsmeade_RiverBlockout/RiverBank_LargeStones_A56,AB92F32D-4E67-DD6D-5311-00AE140F1F9B,1,DL_HOGSMEADE;DL_OVERLAND,DL_HM_EXT;DL_HOGSMEADE,LI_Hogsmeade_River,/Game/Environment/River/LI_Hogsmeade_River,/Game/Environment/River/LevelActors/RiverBanks_Large_Stones/Blockout/LA_River_LargeStones_A07,12640.3,-67494.3,3328.3
RiverBank_LargeStones_A57,LevelInstance,LV_Overland/Region/Hogwarts Valley/Hogsmeade_RiverBlockout/LI_Hogsmeade_River/Hogsmeade_RiverBlockout/RiverBank_LargeStones_A57,B2558794-4265-E563-DD9A-BA9057E861C1,1,DL_HOGSMEADE;DL_OVERLAND,DL_HM_EXT;DL_HOGSMEADE,LI_Hogsmeade_River,/Game/Environment/River/LI_Hogsmeade_River,/Game/Environment/River/LevelActors/RiverBanks_Large_Stones/Blockout/LA_River_LargeStones_A07,13009.5,-67303.3,3334.7
RiverBank_LargeStones_A58,LevelInstance,LV_Overland/Region/Hogwarts Valley/Hogsmeade_RiverBlockout/LI_Hogsmeade_River/Hogsmeade_RiverBlockout/RiverBank_LargeStones_A58,407411BB-4901-E7BA-2312-0E84EECF9F21,1,DL_HOGSMEADE;DL_OVERLAND,DL_HM_EXT;DL_HOGSMEADE,LI_Hogsmeade_River,/Game/Environment/River/LI_Hogsmeade_River,/Game/Environment/River/LevelActors/RiverBanks_Large_Stones/LA_RiverBank_LargeStones_A05,11648.7,-69364.0,3468.3
RiverBank_LargeStones_A59,LevelInstance,LV_Overland/Region/Hogwarts Valley/Hogsmeade_RiverBlockout/LI_Hogsmeade_River/Hogsmeade_RiverBlockout/RiverBank_LargeStones_A59,B66E566C-4B5E-9971-C78E-E1A152398749,1,DL_HOGSMEADE;DL_OVERLAND,DL_HM_EXT;DL_HOGSMEADE,LI_Hogsmeade_River,/Game/Environment/River/LI_Hogsmeade_River,/Game/Environment/River/LevelActors/RiverBanks_Large_Stones/LA_RiverBank_LargeStones_A06,11958.4,-69524.3,3368.8
RiverBank_LargeStones_A6,LevelInstance,LV_Overland/Region/Hogwarts Valley/Hogsmeade_RiverBlockout/LI_Hogsmeade_River/Hogsmeade_RiverBlockout/RiverBank_LargeStones_A6,4C3339A7-4FDB-2D99-C991-F7973822B484,1,DL_HOGSMEADE;DL_OVERLAND,DL_HM_EXT;DL_HOGSMEADE,LI_Hogsmeade_River,/Game/Environment/River/LI_Hogsmeade_River,/Game/Environment/River/LevelActors/RiverBanks_Large_Stones/LA_RiverBank_LargeStones_A05,12974.0,-70308.4,3352.0
RiverBank_LargeStones_A60,LevelInstance,LV_Overland/Region/Hogwarts Valley/Hogsmeade_RiverBlockout/LI_Hogsmeade_River/Hogsmeade_RiverBlockout/RiverBank_LargeStones_A60,7BB01441-488E-5C5C-9AE6-0BB38F521E7C,1,DL_HOGSMEADE;DL_OVERLAND,DL_HM_EXT;DL_HOGSMEADE,LI_Hogsmeade_River,/Game/Environment/River/LI_Hogsmeade_River,/Game/Environment/River/LevelActors/RiverBanks_Large_Stones/LA_RiverBank_LargeStones_A06,11549.8,-67802.1,3341.0
RiverBank_LargeStones_A61,LevelInstance,LV_Overland/Region/Hogwarts Valley/Hogsmeade_RiverBlockout/LI_Hogsmeade_River/Hogsmeade_RiverBlockout/RiverBank_LargeStones_A61,BAD4AF78-4E73-0625-2CCB-83BADC82215E,1,DL_HOGSMEADE;DL_OVERLAND,DL_HM_EXT;DL_HOGSMEADE,LI_Hogsmeade_River,/Game/Environment/River/LI_Hogsmeade_River,/Game/Environment/River/LevelActors/RiverBanks_Large_Stones/LA_RiverBank_LargeStones_A06,11807.7,-67668.4,3390.1
RiverBank_LargeStones_A62,LevelInstance,LV_Overland/Region/Hogwarts Valley/Hogsmeade_RiverBlockout/LI_Hogsmeade_River/Hogsmeade_RiverBlockout/RiverBank_LargeStones_A62,7431F81B-4EB2-5A6B-00B1-D6A75D320F6F,1,DL_HOGSMEADE;DL_OVERLAND,DL_HM_EXT;DL_HOGSMEADE,LI_Hogsmeade_River,/Game/Environment/River/LI_Hogsmeade_River,/Game/Environment/River/LevelActors/RiverBanks_Large_Stones/LA_RiverBank_LargeStones_A04,11549.4,-68169.1,3308.0
RiverBank_LargeStones_A63,LevelInstance,LV_Overland/Region/Hogwarts Valley/Hogsmeade_RiverBlockout/LI_Hogsmeade_River/Hogsmeade_RiverBlockout/RiverBank_LargeStones_A63,BC63F740-4002-57EC-761D-7F8E82EF3D86,1,DL_HOGSMEADE;DL_OVERLAND,DL_HM_EXT;DL_HOGSMEADE,LI_Hogsmeade_River,/Game/Environment/River/LI_Hogsmeade_River,/Game/Environment/River/LevelActors/RiverBanks_Large_Stones/LA_RiverBank_LargeStones_A04,11100.4,-67751.0,3357.1
RiverBank_LargeStones_A64,LevelInstance,LV_Overland/Region/Hogwarts Valley/Hogsmeade_RiverBlockout/LI_Hogsmeade_River/Hogsmeade_RiverBlockout/RiverBank_LargeStones_A64,2FDC85AF-487B-9590-8EA4-8FA6DC27BCC6,1,DL_HOGSMEADE;DL_OVERLAND,DL_HM_EXT;DL_HOGSMEADE,LI_Hogsmeade_River,/Game/Environment/River/LI_Hogsmeade_River,/Game/Environment/River/LevelActors/RiverBanks_Large_Stones/LA_RiverBank_LargeStones_A04,10943.4,-67774.0,3363.2
RiverBank_LargeStones_A65,LevelInstance,LV_Overland/Region/Hogwarts Valley/Hogsmeade_RiverBlockout/LI_Hogsmeade_River/Hogsmeade_RiverBlockout/RiverBank_LargeStones_A65,65C49976-4821-93DA-5397-61958696A326,1,DL_HOGSMEADE;DL_OVERLAND,DL_HM_EXT;DL_HOGSMEADE,LI_Hogsmeade_River,/Game/Environment/River/LI_Hogsmeade_River,/Game/Environment/River/LevelActors/RiverBanks_Large_Stones/LA_RiverBank_LargeStones_A04,10843.9,-67798.6,3368.3
RiverBank_LargeStones_A66,LevelInstance,LV_Overland/Region/Hogwarts Valley/Hogsmeade_RiverBlockout/LI_Hogsmeade_River/Hogsmeade_RiverBlockout/RiverBank_LargeStones_A66,F7CE5E2A-432F-E022-0098-2A842DBC304B,1,DL_HOGSMEADE;DL_OVERLAND,DL_HM_EXT;DL_HOGSMEADE,LI_Hogsmeade_River,/Game/Environment/River/LI_Hogsmeade_River,/Game/Environment/River/LevelActors/RiverBanks_Large_Stones/LA_RiverBank_LargeStones_A04,10769.1,-67972.8,3391.1
RiverBank_LargeStones_A67,LevelInstance,LV_Overland/Region/Hogwarts Valley/Hogsmeade_RiverBlockout/LI_Hogsmeade_River/Hogsmeade_RiverBlockout/RiverBank_LargeStones_A67,19CDFF94-44F1-44CB-A49B-5BA1B29D503A,1,DL_HOGSMEADE;DL_OVERLAND,DL_HM_EXT;DL_HOGSMEADE,LI_Hogsmeade_River,/Game/Environment/River/LI_Hogsmeade_River,/Game/Environment/River/LevelActors/RiverBanks_Large_Stones/LA_RiverBank_LargeStones_A04,11223.4,-67829.5,3353.9
RiverBank_LargeStones_A68,LevelInstance,LV_Overland/Region/Hogwarts Valley/Hogsmeade_RiverBlockout/LI_Hogsmeade_River/Hogsmeade_RiverBlockout/RiverBank_LargeStones_A68,C538BDDA-4C77-26DC-CA05-4B84BB7436AE,1,DL_HOGSMEADE;DL_OVERLAND,DL_HM_EXT;DL_HOGSMEADE,LI_Hogsmeade_River,/Game/Environment/River/LI_Hogsmeade_River,/Game/Environment/River/LevelActors/RiverBanks_Large_Stones/LA_RiverBank_LargeStones_A04,11938.8,-68832.1,3368.9
RiverBank_LargeStones_A69,LevelInstance,LV_Overland/Region/Hogwarts Valley/Hogsmeade_RiverBlockout/LI_Hogsmeade_River/Hogsmeade_RiverBlockout/RiverBank_LargeStones_A69,0A420AB8-4720-F866-0070-A58C44074E8D,1,DL_HOGSMEADE;DL_OVERLAND,DL_HM_EXT;DL_HOGSMEADE,LI_Hogsmeade_River,/Game/Environment/River/LI_Hogsmeade_River,/Game/Environment/River/LevelActors/RiverBanks_Large_Stones/LA_RiverBank_LargeStones_A06,12650.6,-69400.3,3329.1
RiverBank_LargeStones_A7,LevelInstance,LV_Overland/Region/Hogwarts Valley/Hogsmeade_RiverBlockout/LI_Hogsmeade_River/Hogsmeade_RiverBlockout/RiverBank_LargeStones_A7,9E3EAE44-4550-8C7E-B129-098AC336B519,1,DL_HOGSMEADE;DL_OVERLAND,DL_HM_EXT;DL_HOGSMEADE,LI_Hogsmeade_River,/Game/Environment/River/LI_Hogsmeade_River,/Game/Environment/River/LevelActors/RiverBanks_Large_Stones/LA_RiverBank_LargeStones_A06,13075.4,-70183.8,3354.7
RiverBank_LargeStones_A70,LevelInstance,LV_Overland/Region/Hogwarts Valley/Hogsmeade_RiverBlockout/LI_Hogsmeade_River/Hogsmeade_RiverBlockout/RiverBank_LargeStones_A70,3E73E847-484A-5274-500D-BC840ABCC86A,1,DL_HOGSMEADE;DL_OVERLAND,DL_HM_EXT;DL_HOGSMEADE,LI_Hogsmeade_River,/Game/Environment/River/LI_Hogsmeade_River,/Game/Environment/River/LevelActors/RiverBanks_Large_Stones/LA_RiverBank_LargeStones_A05,12261.4,-70881.0,3443.9
RiverBank_LargeStones_A71,LevelInstance,LV_Overland/Region/Hogwarts Valley/Hogsmeade_RiverBlockout/LI_Hogsmeade_River/Hogsmeade_RiverBlockout/RiverBank_LargeStones_A71,8D051262-4542-FAC0-4A81-5D8F828448A6,1,DL_HOGSMEADE;DL_OVERLAND,DL_HM_EXT;DL_HOGSMEADE,LI_Hogsmeade_River,/Game/Environment/River/LI_Hogsmeade_River,/Game/Environment/River/LevelActors/RiverBanks_Large_Stones/Blockout/LA_River_LargeStones_A07,12937.0,-68071.1,3331.5
RiverBank_LargeStones_A72,LevelInstance,LV_Overland/Region/Hogwarts Valley/Hogsmeade_RiverBlockout/LI_Hogsmeade_River/Hogsmeade_RiverBlockout/RiverBank_LargeStones_A72,0910F775-4D80-0AE5-06D5-93AA122D2E06,1,DL_HOGSMEADE;DL_OVERLAND,DL_HM_EXT;DL_HOGSMEADE,LI_Hogsmeade_River,/Game/Environment/River/LI_Hogsmeade_River,/Game/Environment/River/LevelActors/RiverBanks_Large_Stones/Blockout/LA_River_LargeStones_A07,12563.6,-68577.1,3331.5
RiverBank_LargeStones_A73,LevelInstance,LV_Overland/Region/Hogwarts Valley/Hogsmeade_RiverBlockout/LI_Hogsmeade_River/Hogsmeade_RiverBlockout/RiverBank_LargeStones_A73,1929DEC8-483C-2293-28F2-FA9C621B558A,1,DL_HOGSMEADE;DL_OVERLAND,DL_HM_EXT;DL_HOGSMEADE,LI_Hogsmeade_River,/Game/Environment/River/LI_Hogsmeade_River,/Game/Environment/River/LevelActors/RiverBanks_Large_Stones/LA_RiverBank_LargeStones_A05,12701.8,-68359.2,3362.7
RiverBank_LargeStones_A74,LevelInstance,LV_Overland/Region/Hogwarts Valley/Hogsmeade_RiverBlockout/LI_Hogsmeade_River/Hogsmeade_RiverBlockout/RiverBank_LargeStones_A74,2E2813C7-4A36-97C6-00C5-9596C77885EA,1,DL_HOGSMEADE;DL_OVERLAND,DL_HM_EXT;DL_HOGSMEADE,LI_Hogsmeade_River,/Game/Environment/River/LI_Hogsmeade_River,/Game/Environment/River/LevelActors/RiverBanks_Large_Stones/Blockout/LA_River_LargeStones_A07,12784.4,-70726.7,3344.7
RiverBank_LargeStones_A75,LevelInstance,LV_Overland/Region/Hogwarts Valley/Hogsmeade_RiverBlockout/LI_Hogsmeade_River/Hogsmeade_RiverBlockout/RiverBank_LargeStones_A75,A9D3AA28-4555-1891-4436-ABA68EE20B35,1,DL_HOGSMEADE;DL_OVERLAND,DL_HM_EXT;DL_HOGSMEADE,LI_Hogsmeade_River,/Game/Environment/River/LI_Hogsmeade_River,/Game/Environment/River/LevelActors/RiverBanks_Large_Stones/Blockout/LA_River_LargeStones_A07,7194.8,-83744.5,4208.9
RiverBank_LargeStones_A76,LevelInstance,LV_Overland/Region/Hogwarts Valley/Hogsmeade_RiverBlockout/LI_Hogsmeade_River/Hogsmeade_RiverBlockout/RiverBank_LargeStones_A76,712E2161-46BF-CD11-0367-CBA2A79756C9,1,DL_HOGSMEADE;DL_OVERLAND,DL_HM_EXT;DL_HOGSMEADE,LI_Hogsmeade_River,/Game/Environment/River/LI_Hogsmeade_River,/Game/Environment/River/LevelActors/RiverBanks_Large_Stones/Blockout/LA_River_LargeStones_A07,6874.2,-83502.6,4058.9
RiverBank_LargeStones_A77,LevelInstance,LV_Overland/Region/Hogwarts Valley/Hogsmeade_RiverBlockout/LI_Hogsmeade_River/Hogsmeade_RiverBlockout/RiverBank_LargeStones_A77,7FCA00E9-4F10-2F18-045C-8F8E75C3DAC4,1,DL_HOGSMEADE;DL_OVERLAND,DL_HM_EXT;DL_HOGSMEADE,LI_Hogsmeade_River,/Game/Environment/River/LI_Hogsmeade_River,/Game/Environment/River/LevelActors/RiverBanks_Large_Stones/Blockout/LA_River_LargeStones_A07,7286.3,-83465.4,4058.9
RiverBank_LargeStones_A78,LevelInstance,LV_Overland/Region/Hogwarts Valley/Hogsmeade_RiverBlockout/LI_Hogsmeade_River/Hogsmeade_RiverBlockout/RiverBank_LargeStones_A78,F91B1548-434F-6ECE-5301-22B6E766719C,1,DL_HOGSMEADE;DL_OVERLAND,DL_HM_EXT;DL_HOGSMEADE,LI_Hogsmeade_River,/Game/Environment/River/LI_Hogsmeade_River,/Game/Environment/River/LevelActors/RiverBanks_Large_Stones/Blockout/LA_River_LargeStones_A07,3884.1,-80594.7,3997.9
RiverBank_LargeStones_A79,LevelInstance,LV_Overland/Region/Hogwarts Valley/Hogsmeade_RiverBlockout/LI_Hogsmeade_River/Hogsmeade_RiverBlockout/RiverBank_LargeStones_A79,1CD1C924-4454-94BB-F7AC-E7B40703045B,1,DL_HOGSMEADE;DL_OVERLAND,DL_HM_EXT;DL_HOGSMEADE,LI_Hogsmeade_River,/Game/Environment/River/LI_Hogsmeade_River,/Game/Environment/River/LevelActors/RiverBanks_Large_Stones/LA_RiverBank_LargeStones_A06,3553.9,-77652.5,4026.9
RiverBank_LargeStones_A8,LevelInstance,LV_Overland/Region/Hogwarts Valley/Hogsmeade_RiverBlockout/LI_Hogsmeade_River/Hogsmeade_RiverBlockout/RiverBank_LargeStones_A8,E20E1EA5-44CB-F680-816D-B0AD87992ED6,1,DL_HOGSMEADE;DL_OVERLAND,DL_HM_EXT;DL_HOGSMEADE,LI_Hogsmeade_River,/Game/Environment/River/LI_Hogsmeade_River,/Game/Environment/River/LevelActors/RiverBanks_Large_Stones/Blockout/LA_River_LargeStones_A07,11482.5,-71513.3,3454.6
RiverBank_LargeStones_A80,LevelInstance,LV_Overland/Region/Hogwarts Valley/Hogsmeade_RiverBlockout/LI_Hogsmeade_River/Hogsmeade_RiverBlockout/RiverBank_LargeStones_A80,CC75AC5E-4881-E119-0B4F-4282084554C0,1,DL_HOGSMEADE;DL_OVERLAND,DL_HM_EXT;DL_HOGSMEADE,LI_Hogsmeade_River,/Game/Environment/River/LI_Hogsmeade_River,/Game/Environment/River/LevelActors/RiverBanks_Large_Stones/LA_RiverBank_LargeStones_A04,3821.3,-77835.1,3996.4
RiverBank_LargeStones_A81,LevelInstance,LV_Overland/Region/Hogwarts Valley/Hogsmeade_RiverBlockout/LI_Hogsmeade_River/Hogsmeade_RiverBlockout/RiverBank_LargeStones_A81,68E0F46C-438F-9EE2-1EE9-7C88E7D2548E,1,DL_HOGSMEADE;DL_OVERLAND,DL_HM_EXT;DL_HOGSMEADE,LI_Hogsmeade_River,/Game/Environment/River/LI_Hogsmeade_River,/Game/Environment/River/LevelActors/RiverBanks_Large_Stones/LA_RiverBank_LargeStones_A04,4227.9,-77382.8,4011.7
RiverBank_LargeStones_A82,LevelInstance,LV_Overland/Region/Hogwarts Valley/Hogsmeade_RiverBlockout/LI_Hogsmeade_River/Hogsmeade_RiverBlockout/RiverBank_LargeStones_A82,F672073B-440C-D710-599C-7AA05AD27A31,1,DL_HOGSMEADE;DL_OVERLAND,DL_HM_EXT;DL_HOGSMEADE,LI_Hogsmeade_River,/Game/Environment/River/LI_Hogsmeade_River,/Game/Environment/River/LevelActors/RiverBanks_Large_Stones/LA_RiverBank_LargeStones_A05,3870.1,-77423.9,4063.9
RiverBank_LargeStones_A83,LevelInstance,LV_Overland/Region/Hogwarts Valley/Hogsmeade_RiverBlockout/LI_Hogsmeade_River/Hogsmeade_RiverBlockout/RiverBank_LargeStones_A83,88101A9E-44ED-5691-F76B-8F9BC474C5DB,1,DL_HOGSMEADE;DL_OVERLAND,DL_HM_EXT;DL_HOGSMEADE,LI_Hogsmeade_River,/Game/Environment/River/LI_Hogsmeade_River,/Game/Environment/River/LevelActors/RiverBanks_Large_Stones/Blockout/LA_River_LargeStones_A07,3307.8,-78089.8,4029.9
RiverBank_LargeStones_A84,LevelInstance,LV_Overland/Region/Hogwarts Valley/Hogsmeade_RiverBlockout/LI_Hogsmeade_River/Hogsmeade_RiverBlockout/RiverBank_LargeStones_A84,95F4DB2C-47E4-3107-7D9B-DD84DCD04F6A,1,DL_HOGSMEADE;DL_OVERLAND,DL_HM_EXT;DL_HOGSMEADE,LI_Hogsmeade_River,/Game/Environment/River/LI_Hogsmeade_River,/Game/Environment/River/LevelActors/RiverBanks_Large_Stones/LA_RiverBank_LargeStones_A04,2689.4,-78107.5,4119.7
RiverBank_LargeStones_A85,LevelInstance,LV_Overland/Region/Hogwarts Valley/Hogsmeade_RiverBlockout/LI_Hogsmeade_River/Hogsmeade_RiverBlockout/RiverBank_LargeStones_A85,2BC5431B-42BA-AF3A-9132-8099E241E730,1,DL_HOGSMEADE;DL_OVERLAND,DL_HM_EXT;DL_HOGSMEADE,LI_Hogsmeade_River,/Game/Environment/River/LI_Hogsmeade_River,/Game/Environment/River/LevelActors/RiverBanks_Large_Stones/LA_RiverBank_LargeStones_A04,2864.8,-79185.9,4089.4
RiverBank_LargeStones_A87,LevelInstance,LV_Overland/Region/Hogwarts Valley/Hogsmeade_RiverBlockout/LI_Hogsmeade_River/Hogsmeade_RiverBlockout/RiverBank_LargeStones_A87,3E08B252-4FA6-39D6-780D-A8ACC4232E9E,1,DL_HOGSMEADE;DL_OVERLAND,DL_HM_EXT;DL_HOGSMEADE,LI_Hogsmeade_River,/Game/Environment/River/LI_Hogsmeade_River,/Game/Environment/River/LevelActors/RiverBanks_Large_Stones/LA_RiverBank_LargeStones_A04,3874.8,-79193.3,3801.1
RiverBank_LargeStones_A88,LevelInstance,LV_Overland/Region/Hogwarts Valley/Hogsmeade_RiverBlockout/LI_Hogsmeade_River/Hogsmeade_RiverBlockout/RiverBank_LargeStones_A88,CADF8115-44AE-43A8-767E-0882C52CD974,1,DL_HOGSMEADE;DL_OVERLAND,DL_HM_EXT;DL_HOGSMEADE,LI_Hogsmeade_River,/Game/Environment/River/LI_Hogsmeade_River,/Game/Environment/River/LevelActors/RiverBanks_Large_Stones/Blockout/LA_River_LargeStones_A07,5196.3,-82260.3,3946.9
RiverBank_LargeStones_A89,LevelInstance,LV_Overland/Region/Hogwarts Valley/Hogsmeade_RiverBlockout/LI_Hogsmeade_River/Hogsmeade_RiverBlockout/RiverBank_LargeStones_A89,0AAB6917-43F9-0FD7-FAD3-93806655FE55,1,DL_HOGSMEADE;DL_OVERLAND,DL_HM_EXT;DL_HOGSMEADE,LI_Hogsmeade_River,/Game/Environment/River/LI_Hogsmeade_River,/Game/Environment/River/LevelActors/RiverBanks_Large_Stones/Blockout/LA_River_LargeStones_A07,5812.7,-82658.8,3987.4
RiverBank_LargeStones_A9,LevelInstance,LV_Overland/Region/Hogwarts Valley/Hogsmeade_RiverBlockout/LI_Hogsmeade_River/Hogsmeade_RiverBlockout/RiverBank_LargeStones_A9,3543343C-448B-553C-616F-71BD6C20FD95,1,DL_HOGSMEADE;DL_OVERLAND,DL_HM_EXT;DL_HOGSMEADE,LI_Hogsmeade_River,/Game/Environment/River/LI_Hogsmeade_River,/Game/Environment/River/LevelActors/RiverBanks_Large_Stones/Blockout/LA_River_LargeStones_A07,12862.1,-69933.7,3331.4
RiverBank_LargeStones_A90,LevelInstance,LV_Overland/Region/Hogwarts Valley/Hogsmeade_RiverBlockout/LI_Hogsmeade_River/Hogsmeade_RiverBlockout/RiverBank_LargeStones_A90,7584E275-4289-8365-2529-52B6EE5328E6,1,DL_HOGSMEADE;DL_OVERLAND,DL_HM_EXT;DL_HOGSMEADE,LI_Hogsmeade_River,/Game/Environment/River/LI_Hogsmeade_River,/Game/Environment/River/LevelActors/RiverBanks_Large_Stones/LA_RiverBank_LargeStones_A06,5593.5,-82501.9,3957.5
RiverBank_LargeStones_A92,LevelInstance,LV_Overland/Region/Hogwarts Valley/Hogsmeade_RiverBlockout/LI_Hogsmeade_River/Hogsmeade_RiverBlockout/RiverBank_LargeStones_A92,7C4503DC-43C3-334C-CD90-2F8DA330DCA0,1,DL_HOGSMEADE;DL_OVERLAND,DL_HM_EXT;DL_HOGSMEADE,LI_Hogsmeade_River,/Game/Environment/River/LI_Hogsmeade_River,/Game/Environment/River/LevelActors/RiverBanks_Large_Stones/LA_RiverBank_LargeStones_A04,5003.0,-81347.2,3826.0
RiverBank_LargeStones_A93,LevelInstance,LV_Overland/Region/Hogwarts Valley/Hogsmeade_RiverBlockout/LI_Hogsmeade_River/Hogsmeade_RiverBlockout/RiverBank_LargeStones_A93,BDC5459D-4F21-54C8-CB15-75B2B269BA2B,1,DL_HOGSMEADE;DL_OVERLAND,DL_HM_EXT;DL_HOGSMEADE,LI_Hogsmeade_River,/Game/Environment/River/LI_Hogsmeade_River,/Game/Environment/River/LevelActors/RiverBanks_Large_Stones/LA_RiverBank_LargeStones_A04,5563.4,-82049.7,3878.5
RiverBank_LargeStones_A94,LevelInstance,LV_Overland/Region/Hogwarts Valley/Hogsmeade_RiverBlockout/LI_Hogsmeade_River/Hogsmeade_RiverBlockout/RiverBank_LargeStones_A94,41F3DC30-41F6-CA82-0759-69BB469A0CF4,1,DL_HOGSMEADE;DL_OVERLAND,DL_HM_EXT;DL_HOGSMEADE,LI_Hogsmeade_River,/Game/Environment/River/LI_Hogsmeade_River,/Game/Environment/River/LevelActors/RiverBanks_Large_Stones/LA_RiverBank_LargeStones_A05,4101.7,-81537.3,3943.3
RiverBank_LargeStones_A95,LevelInstance,LV_Overland/Region/Hogwarts Valley/Hogsmeade_RiverBlockout/LI_Hogsmeade_River/Hogsmeade_RiverBlockout/RiverBank_LargeStones_A95,9F4203F2-4E4F-C8FA-7F27-9DBE23CDF04C,1,DL_HOGSMEADE;DL_OVERLAND,DL_HM_EXT;DL_HOGSMEADE,LI_Hogsmeade_River,/Game/Environment/River/LI_Hogsmeade_River,/Game/Environment/River/LevelActors/RiverBanks_Large_Stones/LA_RiverBank_LargeStones_A06,6529.2,-82338.8,3992.7
RiverBank_LargeStones_A96,LevelInstance,LV_Overland/Region/Hogwarts Valley/Hogsmeade_RiverBlockout/LI_Hogsmeade_River/Hogsmeade_RiverBlockout/RiverBank_LargeStones_A96,DB3F72C2-43D5-0C3B-192D-6A9C423A6CA2,1,DL_HOGSMEADE;DL_OVERLAND,DL_HM_EXT;DL_HOGSMEADE,LI_Hogsmeade_River,/Game/Environment/River/LI_Hogsmeade_River,/Game/Environment/River/LevelActors/RiverBanks_Large_Stones/LA_RiverBank_LargeStones_A05,5767.9,-82269.3,3893.3
RiverBank_LargeStones_A97,LevelInstance,LV_Overland/Region/Hogwarts Valley/Hogsmeade_RiverBlockout/LI_Hogsmeade_River/Hogsmeade_RiverBlockout/RiverBank_LargeStones_A97,81E82DDE-4876-8986-998A-81B6F74EAFED,1,DL_HOGSMEADE;DL_OVERLAND,DL_HM_EXT;DL_HOGSMEADE,LI_Hogsmeade_River,/Game/Environment/River/LI_Hogsmeade_River,/Game/Environment/River/LevelActors/RiverBanks_Large_Stones/LA_RiverBank_LargeStones_A05,6983.5,-82162.3,4059.6
RiverBank_LargeStones_A98,LevelInstance,LV_Overland/Region/Hogwarts Valley/Hogsmeade_RiverBlockout/LI_Hogsmeade_River/Hogsmeade_RiverBlockout/RiverBank_LargeStones_A98,F16E75AA-4650-A6A0-4A52-0EA012D0BEAF,1,DL_HOGSMEADE;DL_OVERLAND,DL_HM_EXT;DL_HOGSMEADE,LI_Hogsmeade_River,/Game/Environment/River/LI_Hogsmeade_River,/Game/Environment/River/LevelActors/RiverBanks_Large_Stones/LA_RiverBank_LargeStones_A04,7246.2,-83090.4,3983.4
RiverBank_LargeStones_A99,LevelInstance,LV_Overland/Region/Hogwarts Valley/Hogsmeade_RiverBlockout/LI_Hogsmeade_River/Hogsmeade_RiverBlockout/RiverBank_LargeStones_A99,7BED5446-4DE6-3B1B-4382-DBA9E27A7102,1,DL_HOGSMEADE;DL_OVERLAND,DL_HM_EXT;DL_HOGSMEADE,LI_Hogsmeade_River,/Game/Environment/River/LI_Hogsmeade_River,/Game/Environment/River/LevelActors/RiverBanks_Large_Stones/LA_RiverBank_LargeStones_A06,7365.9,-82883.3,3998.4
RiverBank_SmallSharpRocks_A10,LevelInstance,LV_Overland/Region/Hogwarts Valley/Hogsmeade_RiverBlockout/LI_Hogsmeade_River/Hogsmeade_RiverBlockout/RiverBank_SmallSharpRocks_A10,BA65E31A-4D52-653C-78C0-6ABC8FBEA867,1,DL_HOGSMEADE;DL_OVERLAND,DL_HM_EXT;DL_HOGSMEADE,LI_Hogsmeade_River,/Game/Environment/River/LI_Hogsmeade_River,/Game/Environment/River/LevelActors/RiverBanks_Large_Stones/LA_RiverBank_SmallSharpRocks_A01,5307.8,-81299.3,3803.4
RiverBank_SmallSharpRocks_A11,LevelInstance,LV_Overland/Region/Hogwarts Valley/Hogsmeade_RiverBlockout/LI_Hogsmeade_River/Hogsmeade_RiverBlockout/RiverBank_SmallSharpRocks_A11,C1A2A614-4021-0719-8FEF-0BBD6C273A87,1,DL_HOGSMEADE;DL_OVERLAND,DL_HM_EXT;DL_HOGSMEADE,LI_Hogsmeade_River,/Game/Environment/River/LI_Hogsmeade_River,/Game/Environment/River/LevelActors/RiverBanks_Large_Stones/LA_RiverBank_SmallSharpRocks_A01,8890.6,-85059.6,4658.1
RiverBank_SmallSharpRocks_A12,LevelInstance,LV_Overland/Region/Hogwarts Valley/Hogsmeade_RiverBlockout/LI_Hogsmeade_River/Hogsmeade_RiverBlockout/RiverBank_SmallSharpRocks_A12,EAE469BA-40EC-36A0-A013-EC9CBA713F0C,1,DL_HOGSMEADE;DL_OVERLAND,DL_HM_EXT;DL_HOGSMEADE,LI_Hogsmeade_River,/Game/Environment/River/LI_Hogsmeade_River,/Game/Environment/River/LevelActors/RiverBanks_Large_Stones/LA_RiverBank_SmallSharpRocks_A01,9454.4,-85853.2,5010.3
RiverBank_SmallSharpRocks_A2,LevelInstance,LV_Overland/Region/Hogwarts Valley/Hogsmeade_RiverBlockout/LI_Hogsmeade_River/Hogsmeade_RiverBlockout/RiverBank_SmallSharpRocks_A2,E078706A-4759-8470-FA55-ABBEF3975E87,1,DL_HOGSMEADE;DL_OVERLAND,DL_HM_EXT;DL_HOGSMEADE,LI_Hogsmeade_River,/Game/Environment/River/LI_Hogsmeade_River,/Game/Environment/River/LevelActors/RiverBanks_Large_Stones/LA_RiverBank_SmallSharpRocks_A01,5470.0,-81759.5,3844.0
RiverBank_SmallSharpRocks_A3,LevelInstance,LV_Overland/Region/Hogwarts Valley/Hogsmeade_RiverBlockout/LI_Hogsmeade_River/Hogsmeade_RiverBlockout/RiverBank_SmallSharpRocks_A3,5E02A7C8-452A-EDA1-36AC-0E8864E46908,1,DL_HOGSMEADE;DL_OVERLAND,DL_HM_EXT;DL_HOGSMEADE,LI_Hogsmeade_River,/Game/Environment/River/LI_Hogsmeade_River,/Game/Environment/River/LevelActors/RiverBanks_Large_Stones/LA_RiverBank_SmallSharpRocks_A01,3743.4,-78215.6,3903.8
RiverBank_SmallSharpRocks_A4,LevelInstance,LV_Overland/Region/Hogwarts Valley/Hogsmeade_RiverBlockout/LI_Hogsmeade_River/Hogsmeade_RiverBlockout/RiverBank_SmallSharpRocks_A4,0DC3CC01-45FD-C3AA-50F7-60B670C96407,1,DL_HOGSMEADE;DL_OVERLAND,DL_HM_EXT;DL_HOGSMEADE,LI_Hogsmeade_River,/Game/Environment/River/LI_Hogsmeade_River,/Game/Environment/River/LevelActors/RiverBanks_Large_Stones/LA_RiverBank_SmallSharpRocks_A01,5750.7,-82259.8,3892.5
RiverBank_SmallSharpRocks_A5,LevelInstance,LV_Overland/Region/Hogwarts Valley/Hogsmeade_RiverBlockout/LI_Hogsmeade_River/Hogsmeade_RiverBlockout/RiverBank_SmallSharpRocks_A5,94CBBED4-4704-8D73-D976-11A53C290B45,1,DL_HOGSMEADE;DL_OVERLAND,DL_HM_EXT;DL_HOGSMEADE,LI_Hogsmeade_River,/Game/Environment/River/LI_Hogsmeade_River,/Game/Environment/River/LevelActors/RiverBanks_Large_Stones/LA_RiverBank_SmallSharpRocks_A01,3401.3,-78302.8,3938.5
RiverBank_SmallSharpRocks_A6,LevelInstance,LV_Overland/Region/Hogwarts Valley/Hogsmeade_RiverBlockout/LI_Hogsmeade_River/Hogsmeade_RiverBlockout/RiverBank_SmallSharpRocks_A6,991A8759-4514-45A3-BB1F-2C8675794DBE,1,DL_HOGSMEADE;DL_OVERLAND,DL_HM_EXT;DL_HOGSMEADE,LI_Hogsmeade_River,/Game/Environment/River/LI_Hogsmeade_River,/Game/Environment/River/LevelActors/RiverBanks_Large_Stones/LA_RiverBank_SmallSharpRocks_A01,3118.0,-78566.2,3944.8
RiverBank_SmallSharpRocks_A7,LevelInstance,LV_Overland/Region/Hogwarts Valley/Hogsmeade_RiverBlockout/LI_Hogsmeade_River/Hogsmeade_RiverBlockout/RiverBank_SmallSharpRocks_A7,1E1A63E0-4B7F-C9DB-B41F-33A5CE6C1883,1,DL_HOGSMEADE;DL_OVERLAND,DL_HM_EXT;DL_HOGSMEADE,LI_Hogsmeade_River,/Game/Environment/River/LI_Hogsmeade_River,/Game/Environment/River/LevelActors/RiverBanks_Large_Stones/LA_RiverBank_SmallSharpRocks_A01,4522.0,-78427.6,3758.7
RiverBank_SmallSharpRocks_A8,LevelInstance,LV_Overland/Region/Hogwarts Valley/Hogsmeade_RiverBlockout/LI_Hogsmeade_River/Hogsmeade_RiverBlockout/RiverBank_SmallSharpRocks_A8,90DF0C81-4945-9E6B-9CA5-0BA2D12A2B67,1,DL_HOGSMEADE;DL_OVERLAND,DL_HM_EXT;DL_HOGSMEADE,LI_Hogsmeade_River,/Game/Environment/River/LI_Hogsmeade_River,/Game/Environment/River/LevelActors/RiverBanks_Large_Stones/LA_RiverBank_SmallSharpRocks_A01,5044.8,-78268.0,3770.4
RiverBank_SmallSharpRocks_A9,LevelInstance,LV_Overland/Region/Hogwarts Valley/Hogsmeade_RiverBlockout/LI_Hogsmeade_River/Hogsmeade_RiverBlockout/RiverBank_SmallSharpRocks_A9,C267B040-479E-B7FD-A710-E689488B57E8,1,DL_HOGSMEADE;DL_OVERLAND,DL_HM_EXT;DL_HOGSMEADE,LI_Hogsmeade_River,/Game/Environment/River/LI_Hogsmeade_River,/Game/Environment/River/LevelActors/RiverBanks_Large_Stones/LA_RiverBank_SmallSharpRocks_A01,5238.5,-78108.4,3805.3
RiverBank_Verticle_A26,LevelInstance,LV_Overland/Region/Hogwarts Valley/Hogsmeade_RiverBlockout/LI_Hogsmeade_River/Hogsmeade_RiverBlockout/RiverBank_Verticle_A26,152F765A-4902-49FE-1212-71BABC08326C,1,DL_HOGSMEADE;DL_OVERLAND,DL_HM_EXT;DL_HOGSMEADE,LI_Hogsmeade_River,/Game/Environment/River/LI_Hogsmeade_River,/Game/Environment/River/LevelActors/RiverBanks_Large_Stones/LA_RiverBank_Verticle_A01,11428.4,-69117.1,3594.2
RiverBank_Verticle_A27,LevelInstance,LV_Overland/Region/Hogwarts Valley/Hogsmeade_RiverBlockout/LI_Hogsmeade_River/Hogsmeade_RiverBlockout/RiverBank_Verticle_A27,057E935F-40DC-0D9E-2259-E382FDBFDD0B,1,DL_HOGSMEADE;DL_OVERLAND,DL_HM_EXT;DL_HOGSMEADE,LI_Hogsmeade_River,/Game/Environment/River/LI_Hogsmeade_River,/Game/Environment/River/LevelActors/RiverBanks_Large_Stones/LA_RiverBank_Verticle_A01,11431.9,-68865.6,3567.0
RiverBank_Verticle_A28,LevelInstance,LV_Overland/Region/Hogwarts Valley/Hogsmeade_RiverBlockout/LI_Hogsmeade_River/Hogsmeade_RiverBlockout/RiverBank_Verticle_A28,2F7C16D2-45A7-2A3B-A048-EE894143C5C1,1,DL_HOGSMEADE;DL_OVERLAND,DL_HM_EXT;DL_HOGSMEADE,LI_Hogsmeade_River,/Game/Environment/River/LI_Hogsmeade_River,/Game/Environment/River/LevelActors/RiverBanks_Large_Stones/LA_RiverBank_Verticle_A01,11245.9,-68682.0,3526.9
RiverBank_Verticle_A29,LevelInstance,LV_Overland/Region/Hogwarts Valley/Hogsmeade_RiverBlockout/LI_Hogsmeade_River/Hogsmeade_RiverBlockout/RiverBank_Verticle_A29,3C43B5AF-43FE-1F58-B49F-0D8832C96C97,1,DL_HOGSMEADE;DL_OVERLAND,DL_HM_EXT;DL_HOGSMEADE,LI_Hogsmeade_River,/Game/Environment/River/LI_Hogsmeade_River,/Game/Environment/River/LevelActors/RiverBanks_Large_Stones/LA_RiverBank_Verticle_A01,11059.2,-68510.3,3526.9
RiverBank_Verticle_A30,LevelInstance,LV_Overland/Region/Hogwarts Valley/Hogsmeade_RiverBlockout/LI_Hogsmeade_River/Hogsmeade_RiverBlockout/RiverBank_Verticle_A30,478D9D2B-4F28-CBE9-5C4F-4FB16C0B8771,1,DL_HOGSMEADE;DL_OVERLAND,DL_HM_EXT;DL_HOGSMEADE,LI_Hogsmeade_River,/Game/Environment/River/LI_Hogsmeade_River,/Game/Environment/River/LevelActors/RiverBanks_Large_Stones/LA_RiverBank_Verticle_A01,11255.8,-68941.6,3587.4
RiverBank_Verticle_A31,LevelInstance,LV_Overland/Region/Hogwarts Valley/Hogsmeade_RiverBlockout/LI_Hogsmeade_River/Hogsmeade_RiverBlockout/RiverBank_Verticle_A31,C1D5BCFF-4D31-0957-2718-B7BE203E1C42,1,DL_HOGSMEADE;DL_OVERLAND,DL_HM_EXT;DL_HOGSMEADE,LI_Hogsmeade_River,/Game/Environment/River/LI_Hogsmeade_River,/Game/Environment/River/LevelActors/RiverBanks_Large_Stones/LA_RiverBank_Verticle_A01,11129.8,-68732.8,3571.0
RiverBank_Verticle_A32,LevelInstance,LV_Overland/Region/Hogwarts Valley/Hogsmeade_RiverBlockout/LI_Hogsmeade_River/Hogsmeade_RiverBlockout/RiverBank_Verticle_A32,B6D73C79-4A47-05C5-D1B8-07AC6499D707,1,DL_HOGSMEADE;DL_OVERLAND,DL_HM_EXT;DL_HOGSMEADE,LI_Hogsmeade_River,/Game/Environment/River/LI_Hogsmeade_River,/Game/Environment/River/LevelActors/RiverBanks_Large_Stones/LA_RiverBank_Verticle_A01,11605.7,-67640.4,3448.5
RiverBank_Verticle_A33,LevelInstance,LV_Overland/Region/Hogwarts Valley/Hogsmeade_RiverBlockout/LI_Hogsmeade_River/Hogsmeade_RiverBlockout/RiverBank_Verticle_A33,1D14D0EC-4FF6-FE8E-DF32-668D4A734342,1,DL_HOGSMEADE;DL_OVERLAND,DL_HM_EXT;DL_HOGSMEADE,LI_Hogsmeade_River,/Game/Environment/River/LI_Hogsmeade_River,/Game/Environment/River/LevelActors/RiverBanks_Large_Stones/LA_RiverBank_Verticle_A01,11423.5,-67592.4,3448.5
RiverBank_Verticle_A34,LevelInstance,LV_Overland/Region/Hogwarts Valley/Hogsmeade_RiverBlockout/LI_Hogsmeade_River/Hogsmeade_RiverBlockout/RiverBank_Verticle_A34,3FB7F51C-42FE-A9A0-510F-8E943791B6BE,1,DL_HOGSMEADE;DL_OVERLAND,DL_HM_EXT;DL_HOGSMEADE,LI_Hogsmeade_River,/Game/Environment/River/LI_Hogsmeade_River,/Game/Environment/River/LevelActors/RiverBanks_Large_Stones/LA_RiverBank_Verticle_A01,11228.7,-67653.8,3366.9
RiverBank_Verticle_A35,LevelInstance,LV_Overland/Region/Hogwarts Valley/Hogsmeade_RiverBlockout/LI_Hogsmeade_River/Hogsmeade_RiverBlockout/RiverBank_Verticle_A35,F88DD31F-4E3D-1F93-6A76-5EB70210815F,1,DL_HOGSMEADE;DL_OVERLAND,DL_HM_EXT;DL_HOGSMEADE,LI_Hogsmeade_River,/Game/Environment/River/LI_Hogsmeade_River,/Game/Environment/River/LevelActors/RiverBanks_Large_Stones/LA_RiverBank_Verticle_A01,10962.8,-68300.8,3423.3
RiverBank_Verticle_A36,LevelInstance,LV_Overland/Region/Hogwarts Valley/Hogsmeade_RiverBlockout/LI_Hogsmeade_River/Hogsmeade_RiverBlockout/RiverBank_Verticle_A36,2286947D-40B4-9830-76C9-E48AAD0751E2,1,DL_HOGSMEADE;DL_OVERLAND,DL_HM_EXT;DL_HOGSMEADE,LI_Hogsmeade_River,/Game/Environment/River/LI_Hogsmeade_River,/Game/Environment/River/LevelActors/RiverBanks_Large_Stones/LA_RiverBank_Verticle_A01,10753.6,-68220.7,3399.2
RiverBank_Verticle_A37,LevelInstance,LV_Overland/Region/Hogwarts Valley/Hogsmeade_RiverBlockout/LI_Hogsmeade_River/Hogsmeade_RiverBlockout/RiverBank_Verticle_A37,3BAC81BD-4169-83A7-6225-20856A09B0D6,1,DL_HOGSMEADE;DL_OVERLAND,DL_HM_EXT;DL_HOGSMEADE,LI_Hogsmeade_River,/Game/Environment/River/LI_Hogsmeade_River,/Game/Environment/River/LevelActors/RiverBanks_Large_Stones/LA_RiverBank_Verticle_A01,10836.7,-68416.5,3471.4
RiverBank_Verticle_A38,LevelInstance,LV_Overland/Region/Hogwarts Valley/Hogsmeade_RiverBlockout/LI_Hogsmeade_River/Hogsmeade_RiverBlockout/RiverBank_Verticle_A38,7EA4DA34-4663-EF83-2016-2AA2C040073C,1,DL_HOGSMEADE;DL_OVERLAND,DL_HM_EXT;DL_HOGSMEADE,LI_Hogsmeade_River,/Game/Environment/River/LI_Hogsmeade_River,/Game/Environment/River/LevelActors/RiverBanks_Large_Stones/LA_RiverBank_Verticle_A01,10958.8,-67619.0,3366.9
RiverBank_Verticle_A39,LevelInstance,LV_Overland/Region/Hogwarts Valley/Hogsmeade_RiverBlockout/LI_Hogsmeade_River/Hogsmeade_RiverBlockout/RiverBank_Verticle_A39,FD7D257F-443C-8BC5-0849-E784CA727876,1,DL_HOGSMEADE;DL_OVERLAND,DL_HM_EXT;DL_HOGSMEADE,LI_Hogsmeade_River,/Game/Environment/River/LI_Hogsmeade_River,/Game/Environment/River/LevelActors/RiverBanks_Large_Stones/LA_RiverBank_Verticle_A01,10701.4,-67691.7,3366.9
RiverBank_Verticle_A40,LevelInstance,LV_Overland/Region/Hogwarts Valley/Hogsmeade_RiverBlockout/LI_Hogsmeade_River/Hogsmeade_RiverBlockout/RiverBank_Verticle_A40,E0A22E01-48E2-4353-EAC4-1A8C2AF0675C,1,DL_HOGSMEADE;DL_OVERLAND,DL_HM_EXT;DL_HOGSMEADE,LI_Hogsmeade_River,/Game/Environment/River/LI_Hogsmeade_River,/Game/Environment/River/LevelActors/RiverBanks_Large_Stones/LA_RiverBank_Verticle_A01,10597.2,-68012.9,3371.5
RiverBank_Verticle_A41,LevelInstance,LV_Overland/Region/Hogwarts Valley/Hogsmeade_RiverBlockout/LI_Hogsmeade_River/Hogsmeade_RiverBlockout/RiverBank_Verticle_A41,316E8962-4DB2-0EC3-48F1-859EFB49BCF9,1,DL_HOGSMEADE;DL_OVERLAND,DL_HM_EXT;DL_HOGSMEADE,LI_Hogsmeade_River,/Game/Environment/River/LI_Hogsmeade_River,/Game/Environment/River/LevelActors/RiverBanks_Large_Stones/LA_RiverBank_Verticle_A01,10571.8,-67822.2,3347.5
RiverBank_Verticle_A42,LevelInstance,LV_Overland/Region/Hogwarts Valley/Hogsmeade_RiverBlockout/LI_Hogsmeade_River/Hogsmeade_RiverBlockout/RiverBank_Verticle_A42,E8D2CC8D-48C2-73BE-216E-44A7DB875DF7,1,DL_HOGSMEADE;DL_OVERLAND,DL_HM_EXT;DL_HOGSMEADE,LI_Hogsmeade_River,/Game/Environment/River/LI_Hogsmeade_River,/Game/Environment/River/LevelActors/RiverBanks_Large_Stones/LA_RiverBank_Verticle_A01,11453.5,-69326.6,3594.2
RiverBank_Verticle_A46,LevelInstance,LV_Overland/Region/Hogwarts Valley/Hogsmeade_RiverBlockout/LI_Hogsmeade_River/Hogsmeade_RiverBlockout/RiverBank_Verticle_A46,3E33BBFE-4A89-2F60-663E-9C996129FCC7,1,DL_HOGSMEADE;DL_OVERLAND,DL_HM_EXT;DL_HOGSMEADE,LI_Hogsmeade_River,/Game/Environment/River/LI_Hogsmeade_River,/Game/Environment/River/LevelActors/RiverBanks_Large_Stones/LA_RiverBank_Verticle_A01,11801.8,-67556.3,3454.9
RiverBank_Verticle_A47,LevelInstance,LV_Overland/Region/Hogwarts Valley/Hogsmeade_RiverBlockout/LI_Hogsmeade_River/Hogsmeade_RiverBlockout/RiverBank_Verticle_A47,E23CC850-4066-AABD-8AD0-1BB12AE7BECB,1,DL_HOGSMEADE;DL_OVERLAND,DL_HM_EXT;DL_HOGSMEADE,LI_Hogsmeade_River,/Game/Environment/River/LI_Hogsmeade_River,/Game/Environment/River/LevelActors/RiverBanks_Large_Stones/LA_RiverBank_Verticle_A01,12098.5,-67350.8,3454.9
RiverBank_Verticle_A48,LevelInstance,LV_Overland/Region/Hogwarts Valley/Hogsmeade_RiverBlockout/LI_Hogsmeade_River/Hogsmeade_RiverBlockout/RiverBank_Verticle_A48,3DD9B145-4839-5C9A-7C42-D5868588DD2E,1,DL_HOGSMEADE;DL_OVERLAND,DL_HM_EXT;DL_HOGSMEADE,LI_Hogsmeade_River,/Game/Environment/River/LI_Hogsmeade_River,/Game/Environment/River/LevelActors/RiverBanks_Large_Stones/LA_RiverBank_Verticle_A01,12135.5,-67130.0,3462.5
RiverBank_Verticle_A49,LevelInstance,LV_Overland/Region/Hogwarts Valley/Hogsmeade_RiverBlockout/LI_Hogsmeade_River/Hogsmeade_RiverBlockout/RiverBank_Verticle_A49,B91D3877-4CF0-5C72-5DA3-7EAA345EF918,1,DL_HOGSMEADE;DL_OVERLAND,DL_HM_EXT;DL_HOGSMEADE,LI_Hogsmeade_River,/Game/Environment/River/LI_Hogsmeade_River,/Game/Environment/River/LevelActors/RiverBanks_Large_Stones/LA_RiverBank_Verticle_A01,11876.4,-67401.3,3476.9
RiverBank_Verticle_A50,LevelInstance,LV_Overland/Region/Hogwarts Valley/Hogsmeade_RiverBlockout/LI_Hogsmeade_River/Hogsmeade_RiverBlockout/RiverBank_Verticle_A50,6E8E7997-4465-C957-375F-7CA2AE76A318,1,DL_HOGSMEADE;DL_OVERLAND,DL_HM_EXT;DL_HOGSMEADE,LI_Hogsmeade_River,/Game/Environment/River/LI_Hogsmeade_River,/Game/Environment/River/LevelActors/RiverBanks_Large_Stones/LA_RiverBank_Verticle_A01,12467.0,-66912.3,3485.7
RiverBank_Verticle_A51,LevelInstance,LV_Overland/Region/Hogwarts Valley/Hogsmeade_RiverBlockout/LI_Hogsmeade_River/Hogsmeade_RiverBlockout/RiverBank_Verticle_A51,655F1EE9-4D95-8A38-9A27-1780E2EE506E,1,DL_HOGSMEADE;DL_OVERLAND,DL_HM_EXT;DL_HOGSMEADE,LI_Hogsmeade_River,/Game/Environment/River/LI_Hogsmeade_River,/Game/Environment/River/LevelActors/RiverBanks_Large_Stones/LA_RiverBank_Verticle_A01,12240.2,-66926.8,3482.8
RiverBank_Verticle_A52,LevelInstance,LV_Overland/Region/Hogwarts Valley/Hogsmeade_RiverBlockout/LI_Hogsmeade_River/Hogsmeade_RiverBlockout/RiverBank_Verticle_A52,6C67060F-4FAC-BC5F-0024-61B39F53E951,1,DL_HOGSMEADE;DL_OVERLAND,DL_HM_EXT;DL_HOGSMEADE,LI_Hogsmeade_River,/Game/Environment/River/LI_Hogsmeade_River,/Game/Environment/River/LevelActors/RiverBanks_Large_Stones/LA_RiverBank_Verticle_A01,12311.7,-66824.6,3494.0
RiverBank_Verticle_A53,LevelInstance,LV_Overland/Region/Hogwarts Valley/Hogsmeade_RiverBlockout/LI_Hogsmeade_River/Hogsmeade_RiverBlockout/RiverBank_Verticle_A53,CAF6C000-48E3-7537-4DB6-F09BB468482C,1,DL_HOGSMEADE;DL_OVERLAND,DL_HM_EXT;DL_HOGSMEADE,LI_Hogsmeade_River,/Game/Environment/River/LI_Hogsmeade_River,/Game/Environment/River/LevelActors/RiverBanks_Large_Stones/LA_RiverBank_Verticle_A01,12640.6,-66859.7,3512.3
RiverBank_Verticle_A54,LevelInstance,LV_Overland/Region/Hogwarts Valley/Hogsmeade_RiverBlockout/LI_Hogsmeade_River/Hogsmeade_RiverBlockout/RiverBank_Verticle_A54,2AD7AD55-4166-6816-05F3-C786A5D72D44,1,DL_HOGSMEADE;DL_OVERLAND,DL_HM_EXT;DL_HOGSMEADE,LI_Hogsmeade_River,/Game/Environment/River/LI_Hogsmeade_River,/Game/Environment/River/LevelActors/RiverBanks_Large_Stones/LA_RiverBank_Verticle_A01,12936.9,-66849.7,3512.3
WaterFall_A01,LevelInstance,LV_Overland/Region/Hogwarts Valley/Hogsmeade_RiverBlockout/LI_Hogsmeade_River/Hogsmeade_RiverBlockout/WaterFall_A01,97D9FBBC-4723-C7D7-71C5-659B841264E1,1,DL_HOGSMEADE;DL_OVERLAND,DL_HM_EXT;DL_HOGSMEADE,LI_Hogsmeade_River,/Game/Environment/River/LI_Hogsmeade_River,/Game/Environment/River/LevelActors/RiverBanks_Large_Stones/Blockout/LA_WaterFall_A01,14150.8,-86195.5,5419.5
WaterFall_A10,LevelInstance,LV_Overland/Region/Hogwarts Valley/Hogsmeade_RiverBlockout/LI_Hogsmeade_River/Hogsmeade_RiverBlockout/WaterFall_A10,ED7ADBC7-4E1F-EEA6-83CA-42BBB502048E,1,DL_HOGSMEADE;DL_OVERLAND,DL_HM_EXT;DL_HOGSMEADE,LI_Hogsmeade_River,/Game/Environment/River/LI_Hogsmeade_River,/Game/Environment/River/LevelActors/RiverBanks_Large_Stones/Blockout/LA_WaterFall_A01,7917.7,-84372.2,4578.9
WaterFall_A11,LevelInstance,LV_Overland/Region/Hogwarts Valley/Hogsmeade_RiverBlockout/LI_Hogsmeade_River/Hogsmeade_RiverBlockout/WaterFall_A11,86A7BC0A-411C-382F-D214-7592F9D85A1C,1,DL_HOGSMEADE;DL_OVERLAND,DL_HM_EXT;DL_HOGSMEADE,LI_Hogsmeade_River,/Game/Environment/River/LI_Hogsmeade_River,/Game/Environment/River/LevelActors/RiverBanks_Large_Stones/Blockout/LA_WaterFall_A01,8233.0,-84248.9,4582.2
WaterFall_A12,LevelInstance,LV_Overland/Region/Hogwarts Valley/Hogsmeade_RiverBlockout/LI_Hogsmeade_River/Hogsmeade_RiverBlockout/WaterFall_A12,D5A5E6AF-46F4-DCB6-5FDE-B993E77A51BF,1,DL_HOGSMEADE;DL_OVERLAND,DL_HM_EXT;DL_HOGSMEADE,LI_Hogsmeade_River,/Game/Environment/River/LI_Hogsmeade_River,/Game/Environment/River/LevelActors/RiverBanks_Large_Stones/Blockout/LA_WaterFall_A01,8361.9,-83921.2,4579.6
WaterFall_A13,LevelInstance,LV_Overland/Region/Hogwarts Valley/Hogsmeade_RiverBlockout/LI_Hogsmeade_River/Hogsmeade_RiverBlockout/WaterFall_A13,E7966EBA-4A0E-BEB2-E7EC-AC84BE2678F1,1,DL_HOGSMEADE;DL_OVERLAND,DL_HM_EXT;DL_HOGSMEADE,LI_Hogsmeade_River,/Game/Environment/River/LI_Hogsmeade_River,/Game/Environment/River/LevelActors/RiverBanks_Large_Stones/Blockout/LA_WaterFall_A01,7987.7,-84128.1,4439.5
WaterFall_A14,LevelInstance,LV_Overland/Region/Hogwarts Valley/Hogsmeade_RiverBlockout/LI_Hogsmeade_River/Hogsmeade_RiverBlockout/WaterFall_A14,C8504062-48AB-C3C1-EC97-81B02318C99C,1,DL_HOGSMEADE;DL_OVERLAND,DL_HM_EXT;DL_HOGSMEADE,LI_Hogsmeade_River,/Game/Environment/River/LI_Hogsmeade_River,/Game/Environment/River/LevelActors/RiverBanks_Large_Stones/Blockout/LA_WaterFall_A01,9371.9,-85387.5,4650.6
WaterFall_A15,LevelInstance,LV_Overland/Region/Hogwarts Valley/Hogsmeade_RiverBlockout/LI_Hogsmeade_River/Hogsmeade_RiverBlockout/WaterFall_A15,CBA3541A-4525-E936-AD8D-C283F939F8FF,1,DL_HOGSMEADE;DL_OVERLAND,DL_HM_EXT;DL_HOGSMEADE,LI_Hogsmeade_River,/Game/Environment/River/LI_Hogsmeade_River,/Game/Environment/River/LevelActors/RiverBanks_Large_Stones/Blockout/LA_WaterFall_A01,9596.7,-85046.4,4689.5
WaterFall_A16,LevelInstance,LV_Overland/Region/Hogwarts Valley/Hogsmeade_RiverBlockout/LI_Hogsmeade_River/Hogsmeade_RiverBlockout/WaterFall_A16,78169EE5-4B3E-97EC-F2FD-899D6805035E,1,DL_HOGSMEADE;DL_OVERLAND,DL_HM_EXT;DL_HOGSMEADE,LI_Hogsmeade_River,/Game/Environment/River/LI_Hogsmeade_River,/Game/Environment/River/LevelActors/RiverBanks_Large_Stones/Blockout/LA_WaterFall_A01,9372.6,-84699.6,4686.3
WaterFall_A17,LevelInstance,LV_Overland/Region/Hogwarts Valley/Hogsmeade_RiverBlockout/LI_Hogsmeade_River/Hogsmeade_RiverBlockout/WaterFall_A17,FEEB9ED1-45C3-8E60-4EB7-3BB354578BD7,1,DL_HOGSMEADE;DL_OVERLAND,DL_HM_EXT;DL_HOGSMEADE,LI_Hogsmeade_River,/Game/Environment/River/LI_Hogsmeade_River,/Game/Environment/River/LevelActors/RiverBanks_Large_Stones/Blockout/LA_WaterFall_A01,9004.3,-85540.1,4904.6
WaterFall_A18,LevelInstance,LV_Overland/Region/Hogwarts Valley/Hogsmeade_RiverBlockout/LI_Hogsmeade_River/Hogsmeade_RiverBlockout/WaterFall_A18,D7A61102-44AC-E3BD-0793-3BA040A9EC43,1,DL_HOGSMEADE;DL_OVERLAND,DL_HM_EXT;DL_HOGSMEADE,LI_Hogsmeade_River,/Game/Environment/River/LI_Hogsmeade_River,/Game/Environment/River/LevelActors/RiverBanks_Large_Stones/Blockout/LA_WaterFall_A01,9461.3,-85639.4,4904.0
WaterFall_A19,LevelInstance,LV_Overland/Region/Hogwarts Valley/Hogsmeade_RiverBlockout/LI_Hogsmeade_River/Hogsmeade_RiverBlockout/WaterFall_A19,F41A7F90-45E4-0609-6F3D-4295DAC7C258,1,DL_HOGSMEADE;DL_OVERLAND,DL_HM_EXT;DL_HOGSMEADE,LI_Hogsmeade_River,/Game/Environment/River/LI_Hogsmeade_River,/Game/Environment/River/LevelActors/RiverBanks_Large_Stones/Blockout/LA_WaterFall_A01,9852.7,-85315.0,4893.9
WaterFall_A2,LevelInstance,LV_Overland/Region/Hogwarts Valley/Hogsmeade_RiverBlockout/LI_Hogsmeade_River/Hogsmeade_RiverBlockout/WaterFall_A2,991EABC6-467E-4E63-EF77-CF8FBA51131F,1,DL_HOGSMEADE;DL_OVERLAND,DL_HM_EXT;DL_HOGSMEADE,LI_Hogsmeade_River,/Game/Environment/River/LI_Hogsmeade_River,/Game/Environment/River/LevelActors/RiverBanks_Large_Stones/Blockout/LA_WaterFall_A01,10961.2,-71877.2,3408.0
WaterFall_A20,LevelInstance,LV_Overland/Region/Hogwarts Valley/Hogsmeade_RiverBlockout/LI_Hogsmeade_River/Hogsmeade_RiverBlockout/WaterFall_A20,7980B8B7-47E2-396C-77BA-7DA8776D14CE,1,DL_HOGSMEADE;DL_OVERLAND,DL_HM_EXT;DL_HOGSMEADE,LI_Hogsmeade_River,/Game/Environment/River/LI_Hogsmeade_River,/Game/Environment/River/LevelActors/RiverBanks_Large_Stones/Blockout/LA_WaterFall_A01,10088.9,-86208.5,5043.1
WaterFall_A21,LevelInstance,LV_Overland/Region/Hogwarts Valley/Hogsmeade_RiverBlockout/LI_Hogsmeade_River/Hogsmeade_RiverBlockout/WaterFall_A21,0584FF1A-413A-8017-1057-9CA80A3A0CF9,1,DL_HOGSMEADE;DL_OVERLAND,DL_HM_EXT;DL_HOGSMEADE,LI_Hogsmeade_River,/Game/Environment/River/LI_Hogsmeade_River,/Game/Environment/River/LevelActors/RiverBanks_Large_Stones/Blockout/LA_WaterFall_A01,10618.3,-86119.4,5043.1
WaterFall_A22,LevelInstance,LV_Overland/Region/Hogwarts Valley/Hogsmeade_RiverBlockout/LI_Hogsmeade_River/Hogsmeade_RiverBlockout/WaterFall_A22,82608F0D-46E1-EB65-F200-DEA85982F1E1,1,DL_HOGSMEADE;DL_OVERLAND,DL_HM_EXT;DL_HOGSMEADE,LI_Hogsmeade_River,/Game/Environment/River/LI_Hogsmeade_River,/Game/Environment/River/LevelActors/RiverBanks_Large_Stones/Blockout/LA_WaterFall_A01,8191.7,-73668.0,3633.8
WaterFall_A23,LevelInstance,LV_Overland/Region/Hogwarts Valley/Hogsmeade_RiverBlockout/LI_Hogsmeade_River/Hogsmeade_RiverBlockout/WaterFall_A23,4F214CFF-4B97-6252-959B-15B5C61F3292,1,DL_HOGSMEADE;DL_OVERLAND,DL_HM_EXT;DL_HOGSMEADE,LI_Hogsmeade_River,/Game/Environment/River/LI_Hogsmeade_River,/Game/Environment/River/LevelActors/RiverBanks_Large_Stones/Blockout/LA_WaterFall_A01,8660.6,-73751.9,3679.4
WaterFall_A24,LevelInstance,LV_Overland/Region/Hogwarts Valley/Hogsmeade_RiverBlockout/LI_Hogsmeade_River/Hogsmeade_RiverBlockout/WaterFall_A24,5132A430-4DE7-3E03-AC53-AE8FAB6D9079,1,DL_HOGSMEADE;DL_OVERLAND,DL_HM_EXT;DL_HOGSMEADE,LI_Hogsmeade_River,/Game/Environment/River/LI_Hogsmeade_River,/Game/Environment/River/LevelActors/RiverBanks_Large_Stones/Blockout/LA_WaterFall_A01,8920.5,-73700.2,3689.6
WaterFall_A25,LevelInstance,LV_Overland/Region/Hogwarts Valley/Hogsmeade_RiverBlockout/LI_Hogsmeade_River/Hogsmeade_RiverBlockout/WaterFall_A25,5EEAF05D-44F6-72C9-6AC2-80A02D18E678,1,DL_HOGSMEADE;DL_OVERLAND,DL_HM_EXT;DL_HOGSMEADE,LI_Hogsmeade_River,/Game/Environment/River/LI_Hogsmeade_River,/Game/Environment/River/LevelActors/RiverBanks_Large_Stones/Blockout/LA_WaterFall_A01,8785.1,-73723.3,3747.9
WaterFall_A26,LevelInstance,LV_Overland/Region/Hogwarts Valley/Hogsmeade_RiverBlockout/LI_Hogsmeade_River/Hogsmeade_RiverBlockout/WaterFall_A26,666D0BC5-4645-870F-3CB1-5BBEF414564D,1,DL_HOGSMEADE;DL_OVERLAND,DL_HM_EXT;DL_HOGSMEADE,LI_Hogsmeade_River,/Game/Environment/River/LI_Hogsmeade_River,/Game/Environment/River/LevelActors/RiverBanks_Large_Stones/Blockout/LA_WaterFall_A01,11238.1,-86360.9,5151.8
WaterFall_A27,LevelInstance,LV_Overland/Region/Hogwarts Valley/Hogsmeade_RiverBlockout/LI_Hogsmeade_River/Hogsmeade_RiverBlockout/WaterFall_A27,D321B657-489C-FC59-5013-5A9CA272D268,1,DL_HOGSMEADE;DL_OVERLAND,DL_HM_EXT;DL_HOGSMEADE,LI_Hogsmeade_River,/Game/Environment/River/LI_Hogsmeade_River,/Game/Environment/River/LevelActors/RiverBanks_Large_Stones/Blockout/LA_WaterFall_A01,11112.0,-85823.6,5170.3
WaterFall_A28,LevelInstance,LV_Overland/Region/Hogwarts Valley/Hogsmeade_RiverBlockout/LI_Hogsmeade_River/Hogsmeade_RiverBlockout/WaterFall_A28,09D83AEF-49D0-5B31-5806-72ABA9C57EF2,1,DL_HOGSMEADE;DL_OVERLAND,DL_HM_EXT;DL_HOGSMEADE,LI_Hogsmeade_River,/Game/Environment/River/LI_Hogsmeade_River,/Game/Environment/River/LevelActors/RiverBanks_Large_Stones/Blockout/LA_WaterFall_A01,12500.1,-86346.2,5267.2
WaterFall_A29,LevelInstance,LV_Overland/Region/Hogwarts Valley/Hogsmeade_RiverBlockout/LI_Hogsmeade_River/Hogsmeade_RiverBlockout/WaterFall_A29,FD64738C-4300-920F-7F4C-068C4F65C785,1,DL_HOGSMEADE;DL_OVERLAND,DL_HM_EXT;DL_HOGSMEADE,LI_Hogsmeade_River,/Game/Environment/River/LI_Hogsmeade_River,/Game/Environment/River/LevelActors/RiverBanks_Large_Stones/Blockout/LA_WaterFall_A01,12824.9,-85924.1,5267.2
WaterFall_A3,LevelInstance,LV_Overland/Region/Hogwarts Valley/Hogsmeade_RiverBlockout/LI_Hogsmeade_River/Hogsmeade_RiverBlockout/WaterFall_A3,E0C509B6-4D37-E165-DC9A-96BDA7F7A91A,1,DL_HOGSMEADE;DL_OVERLAND,DL_HM_EXT;DL_HOGSMEADE,LI_Hogsmeade_River,/Game/Environment/River/LI_Hogsmeade_River,/Game/Environment/River/LevelActors/RiverBanks_Large_Stones/Blockout/LA_WaterFall_A01,10457.5,-72401.5,3420.9
WaterFall_A30,LevelInstance,LV_Overland/Region/Hogwarts Valley/Hogsmeade_RiverBlockout/LI_Hogsmeade_River/Hogsmeade_RiverBlockout/WaterFall_A30,6B829207-4D03-A84A-B289-C8B19B9805E2,1,DL_HOGSMEADE;DL_OVERLAND,DL_HM_EXT;DL_HOGSMEADE,LI_Hogsmeade_River,/Game/Environment/River/LI_Hogsmeade_River,/Game/Environment/River/LevelActors/RiverBanks_Large_Stones/Blockout/LA_WaterFall_A01,14361.8,-86311.7,5574.5
WaterFall_A31,LevelInstance,LV_Overland/Region/Hogwarts Valley/Hogsmeade_RiverBlockout/LI_Hogsmeade_River/Hogsmeade_RiverBlockout/WaterFall_A31,1B22AA7E-455D-D127-980D-32A006FA6F59,1,DL_HOGSMEADE;DL_OVERLAND,DL_HM_EXT;DL_HOGSMEADE,LI_Hogsmeade_River,/Game/Environment/River/LI_Hogsmeade_River,/Game/Environment/River/LevelActors/RiverBanks_Large_Stones/Blockout/LA_WaterFall_A01,7716.9,-75248.7,3953.4
WaterFall_A32,LevelInstance,LV_Overland/Region/Hogwarts Valley/Hogsmeade_RiverBlockout/LI_Hogsmeade_River/Hogsmeade_RiverBlockout/WaterFall_A32,5EA7C6B1-423C-E51D-8035-C0A5E2523144,1,DL_HOGSMEADE;DL_OVERLAND,DL_HM_EXT;DL_HOGSMEADE,LI_Hogsmeade_River,/Game/Environment/River/LI_Hogsmeade_River,/Game/Environment/River/LevelActors/RiverBanks_Large_Stones/Blockout/LA_WaterFall_A01,7525.7,-74810.9,3953.4
WaterFall_A33,LevelInstance,LV_Overland/Region/Hogwarts Valley/Hogsmeade_RiverBlockout/LI_Hogsmeade_River/Hogsmeade_RiverBlockout/WaterFall_A33,6C60F6DC-4FF3-891B-048B-FF85426A4A70,1,DL_HOGSMEADE;DL_OVERLAND,DL_HM_EXT;DL_HOGSMEADE,LI_Hogsmeade_River,/Game/Environment/River/LI_Hogsmeade_River,/Game/Environment/River/LevelActors/RiverBanks_Large_Stones/Blockout/LA_WaterFall_A01,24347.6,-88453.5,5442.2
WaterFall_A35,LevelInstance,LV_Overland/Region/Hogwarts Valley/Hogsmeade_RiverBlockout/LI_Hogsmeade_River/Hogsmeade_RiverBlockout/WaterFall_A35,2CD1B4AC-4158-D9A7-2C07-FE849D9A3E76,1,DL_HOGSMEADE;DL_OVERLAND,DL_HM_EXT;DL_HOGSMEADE,LI_Hogsmeade_River,/Game/Environment/River/LI_Hogsmeade_River,/Game/Environment/River/LevelActors/RiverBanks_Large_Stones/Blockout/LA_WaterFall_A01,25192.0,-88437.2,5611.1
WaterFall_A36,LevelInstance,LV_Overland/Region/Hogwarts Valley/Hogsmeade_RiverBlockout/LI_Hogsmeade_River/Hogsmeade_RiverBlockout/WaterFall_A36,C481209C-4760-99F3-8E24-E48932B851E6,1,DL_HOGSMEADE;DL_OVERLAND,DL_HM_EXT;DL_HOGSMEADE,LI_Hogsmeade_River,/Game/Environment/River/LI_Hogsmeade_River,/Game/Environment/River/LevelActors/RiverBanks_Large_Stones/Blockout/LA_WaterFall_A01,25614.8,-88668.0,5753.2
WaterFall_A37,LevelInstance,LV_Overland/Region/Hogwarts Valley/Hogsmeade_RiverBlockout/LI_Hogsmeade_River/Hogsmeade_RiverBlockout/WaterFall_A37,9A1D44BA-43EE-22D2-D44F-C5A76C55402B,1,DL_HOGSMEADE;DL_OVERLAND,DL_HM_EXT;DL_HOGSMEADE,LI_Hogsmeade_River,/Game/Environment/River/LI_Hogsmeade_River,/Game/Environment/River/LevelActors/RiverBanks_Large_Stones/Blockout/LA_WaterFall_A01,25569.6,-87892.7,5524.0
WaterFall_A38,LevelInstance,LV_Overland/Region/Hogwarts Valley/Hogsmeade_RiverBlockout/LI_Hogsmeade_River/Hogsmeade_RiverBlockout/WaterFall_A38,E08FBDE4-434C-441A-C564-7F85A122436D,1,DL_HOGSMEADE;DL_OVERLAND,DL_HM_EXT;DL_HOGSMEADE,LI_Hogsmeade_River,/Game/Environment/River/LI_Hogsmeade_River,/Game/Environment/River/LevelActors/RiverBanks_Large_Stones/Blockout/LA_WaterFall_A01,25621.0,-87518.0,5540.3
WaterFall_A39,LevelInstance,LV_Overland/Region/Hogwarts Valley/Hogsmeade_RiverBlockout/LI_Hogsmeade_River/Hogsmeade_RiverBlockout/WaterFall_A39,4D874B57-4C44-8160-2E77-1D9E11B04802,1,DL_HOGSMEADE;DL_OVERLAND,DL_HM_EXT;DL_HOGSMEADE,LI_Hogsmeade_River,/Game/Environment/River/LI_Hogsmeade_River,/Game/Environment/River/LevelActors/RiverBanks_Large_Stones/Blockout/LA_WaterFall_A01,25679.6,-87064.7,5566.2
WaterFall_A4,LevelInstance,LV_Overland/Region/Hogwarts Valley/Hogsmeade_RiverBlockout/LI_Hogsmeade_River/Hogsmeade_RiverBlockout/WaterFall_A4,27AD9B1C-48AE-0B6B-294B-3FA2A3DA4177,1,DL_HOGSMEADE;DL_OVERLAND,DL_HM_EXT;DL_HOGSMEADE,LI_Hogsmeade_River,/Game/Environment/River/LI_Hogsmeade_River,/Game/Environment/River/LevelActors/RiverBanks_Large_Stones/Blockout/LA_WaterFall_A01,10278.9,-71940.1,3263.8
WaterFall_A41,LevelInstance,LV_Overland/Region/Hogwarts Valley/Hogsmeade_RiverBlockout/LI_Hogsmeade_River/Hogsmeade_RiverBlockout/WaterFall_A41,D44B530F-445A-D8D4-7BB4-1BA30F4F4672,1,DL_HOGSMEADE;DL_OVERLAND,DL_HM_EXT;DL_HOGSMEADE,LI_Hogsmeade_River,/Game/Environment/River/LI_Hogsmeade_River,/Game/Environment/River/LevelActors/RiverBanks_Large_Stones/Blockout/LA_WaterFall_A01,25765.3,-86421.3,5573.0
WaterFall_A42,LevelInstance,LV_Overland/Region/Hogwarts Valley/Hogsmeade_RiverBlockout/LI_Hogsmeade_River/Hogsmeade_RiverBlockout/WaterFall_A42,04F65F03-4308-E377-C7C7-E0B2D805B448,1,DL_HOGSMEADE;DL_OVERLAND,DL_HM_EXT;DL_HOGSMEADE,LI_Hogsmeade_River,/Game/Environment/River/LI_Hogsmeade_River,/Game/Environment/River/LevelActors/RiverBanks_Large_Stones/Blockout/LA_WaterFall_A01,25336.5,-86316.6,5344.2
WaterFall_A43,LevelInstance,LV_Overland/Region/Hogwarts Valley/Hogsmeade_RiverBlockout/LI_Hogsmeade_River/Hogsmeade_RiverBlockout/WaterFall_A43,C65757CD-4456-D633-C000-9AA571B11FA3,1,DL_HOGSMEADE;DL_OVERLAND,DL_HM_EXT;DL_HOGSMEADE,LI_Hogsmeade_River,/Game/Environment/River/LI_Hogsmeade_River,/Game/Environment/River/LevelActors/RiverBanks_Large_Stones/Blockout/LA_WaterFall_A01,24893.1,-86217.0,5321.6
WaterFall_A44,LevelInstance,LV_Overland/Region/Hogwarts Valley/Hogsmeade_RiverBlockout/LI_Hogsmeade_River/Hogsmeade_RiverBlockout/WaterFall_A44,343452BA-44A7-FC50-0077-DBA2CB9AEC0F,1,DL_HOGSMEADE;DL_OVERLAND,DL_HM_EXT;DL_HOGSMEADE,LI_Hogsmeade_River,/Game/Environment/River/LI_Hogsmeade_River,/Game/Environment/River/LevelActors/RiverBanks_Large_Stones/Blockout/LA_WaterFall_A01,24727.6,-88118.6,5292.6
WaterFall_A45,LevelInstance,LV_Overland/Region/Hogwarts Valley/Hogsmeade_RiverBlockout/LI_Hogsmeade_River/Hogsmeade_RiverBlockout/WaterFall_A45,E54D8C1A-40AB-45FD-C07D-41A300CADDD6,1,DL_HOGSMEADE;DL_OVERLAND,DL_HM_EXT;DL_HOGSMEADE,LI_Hogsmeade_River,/Game/Environment/River/LI_Hogsmeade_River,/Game/Environment/River/LevelActors/RiverBanks_Large_Stones/Blockout/LA_WaterFall_A01,25070.6,-88133.8,5370.8
WaterFall_A46,LevelInstance,LV_Overland/Region/Hogwarts Valley/Hogsmeade_RiverBlockout/LI_Hogsmeade_River/Hogsmeade_RiverBlockout/WaterFall_A46,B8169173-4EA5-208F-CEC8-7C894569BEFD,1,DL_HOGSMEADE;DL_OVERLAND,DL_HM_EXT;DL_HOGSMEADE,LI_Hogsmeade_River,/Game/Environment/River/LI_Hogsmeade_River,/Game/Environment/River/LevelActors/RiverBanks_Large_Stones/Blockout/LA_WaterFall_A01,24889.5,-87784.9,5148.3
WaterFall_A47,LevelInstance,LV_Overland/Region/Hogwarts Valley/Hogsmeade_RiverBlockout/LI_Hogsmeade_River/Hogsmeade_RiverBlockout/WaterFall_A47,21B99475-4A0D-DF30-5F4F-A69131EE18BB,1,DL_HOGSMEADE;DL_OVERLAND,DL_HM_EXT;DL_HOGSMEADE,LI_Hogsmeade_River,/Game/Environment/River/LI_Hogsmeade_River,/Game/Environment/River/LevelActors/RiverBanks_Large_Stones/Blockout/LA_WaterFall_A01,23602.3,-87978.5,5248.7
WaterFall_A48,LevelInstance,LV_Overland/Region/Hogwarts Valley/Hogsmeade_RiverBlockout/LI_Hogsmeade_River/Hogsmeade_RiverBlockout/WaterFall_A48,EED92202-4461-2283-79EF-2CAC80BDF0C6,1,DL_HOGSMEADE;DL_OVERLAND,DL_HM_EXT;DL_HOGSMEADE,LI_Hogsmeade_River,/Game/Environment/River/LI_Hogsmeade_River,/Game/Environment/River/LevelActors/RiverBanks_Large_Stones/Blockout/LA_WaterFall_A01,24009.3,-88071.3,5167.9
WaterFall_A49,LevelInstance,LV_Overland/Region/Hogwarts Valley/Hogsmeade_RiverBlockout/LI_Hogsmeade_River/Hogsmeade_RiverBlockout/WaterFall_A49,CA3835B4-4DB3-18E8-DF86-D7AB009553C9,1,DL_HOGSMEADE;DL_OVERLAND,DL_HM_EXT;DL_HOGSMEADE,LI_Hogsmeade_River,/Game/Environment/River/LI_Hogsmeade_River,/Game/Environment/River/LevelActors/RiverBanks_Large_Stones/Blockout/LA_WaterFall_A01,24327.8,-88241.6,5218.6
WaterFall_A5,LevelInstance,LV_Overland/Region/Hogwarts Valley/Hogsmeade_RiverBlockout/LI_Hogsmeade_River/Hogsmeade_RiverBlockout/WaterFall_A5,56AE658D-4E4C-F97A-B89B-CBA0E8762C8F,1,DL_HOGSMEADE;DL_OVERLAND,DL_HM_EXT;DL_HOGSMEADE,LI_Hogsmeade_River,/Game/Environment/River/LI_Hogsmeade_River,/Game/Environment/River/LevelActors/RiverBanks_Large_Stones/Blockout/LA_WaterFall_A01,11542.5,-69970.6,3345.1
WaterFall_A50,LevelInstance,LV_Overland/Region/Hogwarts Valley/Hogsmeade_RiverBlockout/LI_Hogsmeade_River/Hogsmeade_RiverBlockout/WaterFall_A50,B550046E-4F2F-9A76-A658-57AE8EE14FD5,1,DL_HOGSMEADE;DL_OVERLAND,DL_HM_EXT;DL_HOGSMEADE,LI_Hogsmeade_River,/Game/Environment/River/LI_Hogsmeade_River,/Game/Environment/River/LevelActors/RiverBanks_Large_Stones/Blockout/LA_WaterFall_A01,23225.9,-86905.6,5220.8
WaterFall_A51,LevelInstance,LV_Overland/Region/Hogwarts Valley/Hogsmeade_RiverBlockout/LI_Hogsmeade_River/Hogsmeade_RiverBlockout/WaterFall_A51,3404FD7E-4457-C4EB-6012-64964D4057D4,1,DL_HOGSMEADE;DL_OVERLAND,DL_HM_EXT;DL_HOGSMEADE,LI_Hogsmeade_River,/Game/Environment/River/LI_Hogsmeade_River,/Game/Environment/River/LevelActors/RiverBanks_Large_Stones/Blockout/LA_WaterFall_A01,24480.5,-85875.3,5321.6
WaterFall_A58,LevelInstance,LV_Overland/Region/Hogwarts Valley/Hogsmeade_RiverBlockout/LI_Hogsmeade_River/Hogsmeade_RiverBlockout/WaterFall_A58,975B22B5-4E76-E3A2-8FD8-81A8158C78E9,1,DL_HOGSMEADE;DL_OVERLAND,DL_HM_EXT;DL_HOGSMEADE,LI_Hogsmeade_River,/Game/Environment/River/LI_Hogsmeade_River,/Game/Environment/River/LevelActors/RiverBanks_Large_Stones/Blockout/LA_WaterFall_A01,10910.8,-86682.6,5151.5
WaterFall_A59,LevelInstance,LV_Overland/Region/Hogwarts Valley/Hogsmeade_RiverBlockout/LI_Hogsmeade_River/Hogsmeade_RiverBlockout/WaterFall_A59,073ABA96-4383-D4F1-041D-B1BF033538E5,1,DL_HOGSMEADE;DL_OVERLAND,DL_HM_EXT;DL_HOGSMEADE,LI_Hogsmeade_River,/Game/Environment/River/LI_Hogsmeade_River,/Game/Environment/River/LevelActors/RiverBanks_Large_Stones/Blockout/LA_WaterFall_A01,7554.1,-74731.3,3894.1
WaterFall_A6,LevelInstance,LV_Overland/Region/Hogwarts Valley/Hogsmeade_RiverBlockout/LI_Hogsmeade_River/Hogsmeade_RiverBlockout/WaterFall_A6,4F9097F7-4E3B-9C9B-68C6-E6A21C22398A,1,DL_HOGSMEADE;DL_OVERLAND,DL_HM_EXT;DL_HOGSMEADE,LI_Hogsmeade_River,/Game/Environment/River/LI_Hogsmeade_River,/Game/Environment/River/LevelActors/RiverBanks_Large_Stones/Blockout/LA_WaterFall_A01,7753.8,-83906.3,4334.1
WaterFall_A60,LevelInstance,LV_Overland/Region/Hogwarts Valley/Hogsmeade_RiverBlockout/LI_Hogsmeade_River/Hogsmeade_RiverBlockout/WaterFall_A60,7CD2C68C-43E5-FB01-4E01-63AD03EFB84A,1,DL_HOGSMEADE;DL_OVERLAND,DL_HM_EXT;DL_HOGSMEADE,LI_Hogsmeade_River,/Game/Environment/River/LI_Hogsmeade_River,/Game/Environment/River/LevelActors/RiverBanks_Large_Stones/Blockout/LA_WaterFall_A01,7745.3,-75169.1,3894.1
WaterFall_A7,LevelInstance,LV_Overland/Region/Hogwarts Valley/Hogsmeade_RiverBlockout/LI_Hogsmeade_River/Hogsmeade_RiverBlockout/WaterFall_A7,B24A9A2F-48F7-F6DB-1C20-54A7058E2F37,1,DL_HOGSMEADE;DL_OVERLAND,DL_HM_EXT;DL_HOGSMEADE,LI_Hogsmeade_River,/Game/Environment/River/LI_Hogsmeade_River,/Game/Environment/River/LevelActors/RiverBanks_Large_Stones/Blockout/LA_WaterFall_A01,7585.8,-83713.5,4213.3
WaterFall_A8,LevelInstance,LV_Overland/Region/Hogwarts Valley/Hogsmeade_RiverBlockout/LI_Hogsmeade_River/Hogsmeade_RiverBlockout/WaterFall_A8,133ACBD7-48C5-786F-E87E-51B5DE8700B8,1,DL_HOGSMEADE;DL_OVERLAND,DL_HM_EXT;DL_HOGSMEADE,LI_Hogsmeade_River,/Game/Environment/River/LI_Hogsmeade_River,/Game/Environment/River/LevelActors/RiverBanks_Large_Stones/Blockout/LA_WaterFall_A01,7816.7,-74313.1,3887.2
WaterFall_A9,LevelInstance,LV_Overland/Region/Hogwarts Valley/Hogsmeade_RiverBlockout/LI_Hogsmeade_River/Hogsmeade_RiverBlockout/WaterFall_A9,76B457B3-4FAB-0F1A-E1F6-D79DCACAB851,1,DL_HOGSMEADE;DL_OVERLAND,DL_HM_EXT;DL_HOGSMEADE,LI_Hogsmeade_River,/Game/Environment/River/LI_Hogsmeade_River,/Game/Environment/River/LevelActors/RiverBanks_Large_Stones/Blockout/LA_WaterFall_A01,8920.5,-85325.6,4654.7
Cube12,StaticMeshActor,LV_Overland/Region/Hogwarts Valley/Hogsmeade_RiverBlockout/LI_Hogsmeade_River/Cube12,C07A42FD-45B6-1E47-75AD-8EB9E14D7989,1,DL_OVERLAND;DL_RENDER,DL_HM_EXT;DL_HOGSMEADE,LI_Hogsmeade_River,/Game/Environment/River/LI_Hogsmeade_River,,19925.3,-88601.4,5592.5
Cube13,StaticMeshActor,LV_Overland/Region/Hogwarts Valley/Hogsmeade_RiverBlockout/LI_Hogsmeade_River/Cube13,5EBDD251-4D3F-FA37-FA44-00B0D710BE78,1,DL_OVERLAND;DL_RENDER,DL_HM_EXT;DL_HOGSMEADE,LI_Hogsmeade_River,/Game/Environment/River/LI_Hogsmeade_River,,19470.5,-88547.0,5709.2
RiverBank_LargeStones_A92,StaticMeshActor,LV_Overland/Region/Hogwarts Valley/Hogsmeade_RiverBlockout/LI_Hogsmeade_River/Hogsmeade_RiverBlockout/RiverBank_LargeStones_A04_noplants26/RiverBank_LargeStones_A92,010B2E4A-4991-A85E-28C9-0D9BA5EADAE9,12,DL_OVERLAND;DL_RENDER,DL_HM_EXT;DL_HOGSMEADE;DL_OVERLAND,LI_Hogsmeade_River > RiverBank_SmallSharpRocks_A7,/Game/Environment/River/LevelActors/RiverBanks_Large_Stones/LA_RiverBank_SmallSharpRocks_A01,,4522.0,-78427.6,3762.0
RiverBank_LargeStones_A92,StaticMeshActor,LV_Overland/Region/Hogwarts Valley/Hogsmeade_RiverBlockout/LI_Hogsmeade_River/Hogsmeade_RiverBlockout/RiverBank_SmallSharpRocks_A10/RiverBank_LargeStones_A92,010B2E4A-4991-A85E-28C9-0D9BA5EADAE9,12,DL_OVERLAND;DL_RENDER,DL_HM_EXT;DL_HOGSMEADE;DL_OVERLAND,LI_Hogsmeade_River > RiverBank_SmallSharpRocks_A7,/Game/Environment/River/LevelActors/RiverBanks_Large_Stones/LA_RiverBank_SmallSharpRocks_A01,,4522.0,-78427.6,3762.0
RiverBank_LargeStones_A92,StaticMeshActor,LV_Overland/Region/Hogwarts Valley/Hogsmeade_RiverBlockout/LI_Hogsmeade_River/Hogsmeade_RiverBlockout/RiverBank_SmallSharpRocks_A11/RiverBank_LargeStones_A92,010B2E4A-4991-A85E-28C9-0D9BA5EADAE9,12,DL_OVERLAND;DL_RENDER,DL_HM_EXT;DL_HOGSMEADE;DL_OVERLAND,LI_Hogsmeade_River > RiverBank_SmallSharpRocks_A7,/Game/Environment/River/LevelActors/RiverBanks_Large_Stones/LA_RiverBank_SmallSharpRocks_A01,,4522.0,-78427.6,3762.0
RiverBank_LargeStones_A92,StaticMeshActor,LV_Overland/Region/Hogwarts Valley/Hogsmeade_RiverBlockout/LI_Hogsmeade_River/Hogsmeade_RiverBlockout/RiverBank_SmallSharpRocks_A12/RiverBank_LargeStones_A92,010B2E4A-4991-A85E-28C9-0D9BA5EADAE9,12,DL_OVERLAND;DL_RENDER,DL_HM_EXT;DL_HOGSMEADE;DL_OVERLAND,LI_Hogsmeade_River > RiverBank_SmallSharpRocks_A7,/Game/Environment/River/LevelActors/RiverBanks_Large_Stones/LA_RiverBank_SmallSharpRocks_A01,,4522.0,-78427.6,3762.0
RiverBank_LargeStones_A92,StaticMeshActor,LV_Overland/Region/Hogwarts Valley/Hogsmeade_RiverBlockout/LI_Hogsmeade_River/Hogsmeade_RiverBlockout/RiverBank_SmallSharpRocks_A2/RiverBank_LargeStones_A92,010B2E4A-4991-A85E-28C9-0D9BA5EADAE9,12,DL_OVERLAND;DL_RENDER,DL_HM_EXT;DL_HOGSMEADE;DL_OVERLAND,LI_Hogsmeade_River > RiverBank_SmallSharpRocks_A7,/Game/Environment/River/LevelActors/RiverBanks_Large_Stones/LA_RiverBank_SmallSharpRocks_A01,,4522.0,-78427.6,3762.0
RiverBank_LargeStones_A92,StaticMeshActor,LV_Overland/Region/Hogwarts Valley/Hogsmeade_RiverBlockout/LI_Hogsmeade_River/Hogsmeade_RiverBlockout/RiverBank_SmallSharpRocks_A3/RiverBank_LargeStones_A92,010B2E4A-4991-A85E-28C9-0D9BA5EADAE9,12,DL_OVERLAND;DL_RENDER,DL_HM_EXT;DL_HOGSMEADE;DL_OVERLAND,LI_Hogsmeade_River > RiverBank_SmallSharpRocks_A7,/Game/Environment/River/LevelActors/RiverBanks_Large_Stones/LA_RiverBank_SmallSharpRocks_A01,,4522.0,-78427.6,3762.0
RiverBank_LargeStones_A92,StaticMeshActor,LV_Overland/Region/Hogwarts Valley/Hogsmeade_RiverBlockout/LI_Hogsmeade_River/Hogsmeade_RiverBlockout/RiverBank_SmallSharpRocks_A4/RiverBank_LargeStones_A92,010B2E4A-4991-A85E-28C9-0D9BA5EADAE9,12,DL_OVERLAND;DL_RENDER,DL_HM_EXT;DL_HOGSMEADE;DL_OVERLAND,LI_Hogsmeade_River > RiverBank_SmallSharpRocks_A7,/Game/Environment/River/LevelActors/RiverBanks_Large_Stones/LA_RiverBank_SmallSharpRocks_A01,,4522.0,-78427.6,3762.0
RiverBank_LargeStones_A92,StaticMeshActor,LV_Overland/Region/Hogwarts Valley/Hogsmeade_RiverBlockout/LI_Hogsmeade_River/Hogsmeade_RiverBlockout/RiverBank_SmallSharpRocks_A5/RiverBank_LargeStones_A92,010B2E4A-4991-A85E-28C9-0D9BA5EADAE9,12,DL_OVERLAND;DL_RENDER,DL_HM_EXT;DL_HOGSMEADE;DL_OVERLAND,LI_Hogsmeade_River > RiverBank_SmallSharpRocks_A7,/Game/Environment/River/LevelActors/RiverBanks_Large_Stones/LA_RiverBank_SmallSharpRocks_A01,,4522.0,-78427.6,3762.0
RiverBank_LargeStones_A92,StaticMeshActor,LV_Overland/Region/Hogwarts Valley/Hogsmeade_RiverBlockout/LI_Hogsmeade_River/Hogsmeade_RiverBlockout/RiverBank_SmallSharpRocks_A6/RiverBank_LargeStones_A92,010B2E4A-4991-A85E-28C9-0D9BA5EADAE9,12,DL_OVERLAND;DL_RENDER,DL_HM_EXT;DL_HOGSMEADE;DL_OVERLAND,LI_Hogsmeade_River > RiverBank_SmallSharpRocks_A7,/Game/Environment/River/LevelActors/RiverBanks_Large_Stones/LA_RiverBank_SmallSharpRocks_A01,,4522.0,-78427.6,3762.0
RiverBank_LargeStones_A92,StaticMeshActor,LV_Overland/Region/Hogwarts Valley/Hogsmeade_RiverBlockout/LI_Hogsmeade_River/Hogsmeade_RiverBlockout/RiverBank_SmallSharpRocks_A7/RiverBank_LargeStones_A92,010B2E4A-4991-A85E-28C9-0D9BA5EADAE9,12,DL_OVERLAND;DL_RENDER,DL_HM_EXT;DL_HOGSMEADE;DL_OVERLAND,LI_Hogsmeade_River > RiverBank_SmallSharpRocks_A7,/Game/Environment/River/LevelActors/RiverBanks_Large_Stones/LA_RiverBank_SmallSharpRocks_A01,,4522.0,-78427.6,3762.0
RiverBank_LargeStones_A92,StaticMeshActor,LV_Overland/Region/Hogwarts Valley/Hogsmeade_RiverBlockout/LI_Hogsmeade_River/Hogsmeade_RiverBlockout/RiverBank_SmallSharpRocks_A8/RiverBank_LargeStones_A92,010B2E4A-4991-A85E-28C9-0D9BA5EADAE9,12,DL_OVERLAND;DL_RENDER,DL_HM_EXT;DL_HOGSMEADE;DL_OVERLAND,LI_Hogsmeade_River > RiverBank_SmallSharpRocks_A7,/Game/Environment/River/LevelActors/RiverBanks_Large_Stones/LA_RiverBank_SmallSharpRocks_A01,,4522.0,-78427.6,3762.0
RiverBank_LargeStones_A92,StaticMeshActor,LV_Overland/Region/Hogwarts Valley/Hogsmeade_RiverBlockout/LI_Hogsmeade_River/Hogsmeade_RiverBlockout/RiverBank_SmallSharpRocks_A9/RiverBank_LargeStones_A92,010B2E4A-4991-A85E-28C9-0D9BA5EADAE9,12,DL_OVERLAND;DL_RENDER,DL_HM_EXT;DL_HOGSMEADE;DL_OVERLAND,LI_Hogsmeade_River > RiverBank_SmallSharpRocks_A7,/Game/Environment/River/LevelActors/RiverBanks_Large_Stones/LA_RiverBank_SmallSharpRocks_A01,,4522.0,-78427.6,3762.0
SM_AshTree_Med_B2,PlacedFoliageSkinnedNaniteAssembly,LV_Overland/Region/Hogwarts Valley/Hogsmeade_RiverBlockout/LI_Hogsmeade_River/SM_AshTree_Med_B2,07B59C1A-4F29-C221-6F08-8EAE3FAB5EB1,1,DL_OVERLAND;DL_RENDER,DL_HM_EXT;DL_HOGSMEADE,LI_Hogsmeade_River,/Game/Environment/River/LI_Hogsmeade_River,,22315.6,-90664.1,7206.0
SM_Birch_Sapling_A14,PlacedFoliageSkinnedNaniteAssembly,LV_Overland/Region/Hogwarts Valley/Hogsmeade_RiverBlockout/LI_Hogsmeade_River/SM_Birch_Sapling_A14,B7E32AB8-4D24-B000-59D9-1D8E3DB215B0,1,DL_OVERLAND;DL_RENDER,DL_HM_EXT;DL_HOGSMEADE,LI_Hogsmeade_River,/Game/Environment/River/LI_Hogsmeade_River,,11128.3,-68933.3,3732.9
SM_Birch_Sapling_A15,PlacedFoliageSkinnedNaniteAssembly,LV_Overland/Region/Hogwarts Valley/Hogsmeade_RiverBlockout/LI_Hogsmeade_River/SM_Birch_Sapling_A15,7A37B201-4A55-34E6-29E3-49BB0B8F670C,1,DL_OVERLAND;DL_RENDER,DL_HM_EXT;DL_HOGSMEADE,LI_Hogsmeade_River,/Game/Environment/River/LI_Hogsmeade_River,,12500.0,-71579.6,3995.7
SM_Birch_Sapling_A18,PlacedFoliageSkinnedNaniteAssembly,LV_Overland/Region/Hogwarts Valley/Hogsmeade_RiverBlockout/LI_Hogsmeade_River/SM_Birch_Sapling_A18,FDD4600A-4DC8-29E4-CAD4-D582DA50BC64,1,DL_OVERLAND;DL_RENDER,DL_HM_EXT;DL_HOGSMEADE,LI_Hogsmeade_River,/Game/Environment/River/LI_Hogsmeade_River,,6487.0,-77992.6,4373.4
SM_Birch_Sapling_A19,PlacedFoliageSkinnedNaniteAssembly,LV_Overland/Region/Hogwarts Valley/Hogsmeade_RiverBlockout/LI_Hogsmeade_River/SM_Birch_Sapling_A19,C80A9573-4428-73CF-35C5-65A42CF04C1A,1,DL_OVERLAND;DL_RENDER,DL_HM_EXT;DL_HOGSMEADE,LI_Hogsmeade_River,/Game/Environment/River/LI_Hogsmeade_River,,24137.2,-89393.5,6462.8
SM_Birch_Sapling_A23,PlacedFoliageSkinnedNaniteAssembly,LV_Overland/Region/Hogwarts Valley/Hogsmeade_RiverBlockout/LI_Hogsmeade_River/SM_Birch_Sapling_A23,275633AF-480E-0F9A-5A9D-B384A8691902,1,DL_OVERLAND;DL_RENDER,DL_HM_EXT;DL_HOGSMEADE,LI_Hogsmeade_River,/Game/Environment/River/LI_Hogsmeade_River,,8626.5,-83684.6,4837.1
SM_Birch_Sapling_A25,PlacedFoliageSkinnedNaniteAssembly,LV_Overland/Region/Hogwarts Valley/Hogsmeade_RiverBlockout/LI_Hogsmeade_River/SM_Birch_Sapling_A25,922EEA15-4D5B-1BB5-B059-09A791965AFC,1,DL_OVERLAND;DL_RENDER,DL_HM_EXT;DL_HOGSMEADE,LI_Hogsmeade_River,/Game/Environment/River/LI_Hogsmeade_River,,24258.9,-89442.8,6523.0
SM_Birch_Sapling_A26,PlacedFoliageSkinnedNaniteAssembly,LV_Overland/Region/Hogwarts Valley/Hogsmeade_RiverBlockout/LI_Hogsmeade_River/SM_Birch_Sapling_A26,E2728351-4E39-91C4-83AF-51BAC4A96B18,1,DL_OVERLAND;DL_RENDER,DL_HM_EXT;DL_HOGSMEADE,LI_Hogsmeade_River,/Game/Environment/River/LI_Hogsmeade_River,,24221.7,-89383.2,6503.5
SM_Birch_Sapling_A27,PlacedFoliageSkinnedNaniteAssembly,LV_Overland/Region/Hogwarts Valley/Hogsmeade_RiverBlockout/LI_Hogsmeade_River/SM_Birch_Sapling_A27,D17C8762-43A4-A6AF-67AA-198619C4CE4F,1,DL_OVERLAND;DL_RENDER,DL_HM_EXT;DL_HOGSMEADE,LI_Hogsmeade_River,/Game/Environment/River/LI_Hogsmeade_River,,24011.0,-89325.8,6430.5
SM_Birch_Sapling_A28,PlacedFoliageSkinnedNaniteAssembly,LV_Overland/Region/Hogwarts Valley/Hogsmeade_RiverBlockout/LI_Hogsmeade_River/SM_Birch_Sapling_A28,28BBF4EC-4EE7-AA13-6C7D-06A01FEF7322,1,DL_OVERLAND;DL_RENDER,DL_HM_EXT;DL_HOGSMEADE,LI_Hogsmeade_River,/Game/Environment/River/LI_Hogsmeade_River,,22366.7,-90541.8,6549.1
SM_Birch_Sapling_A29,PlacedFoliageSkinnedNaniteAssembly,LV_Overland/Region/Hogwarts Valley/Hogsmeade_RiverBlockout/LI_Hogsmeade_River/SM_Birch_Sapling_A29,2E9E37E2-446D-7096-87C6-BCAE0F838AC9,1,DL_OVERLAND;DL_RENDER,DL_HM_EXT;DL_HOGSMEADE,LI_Hogsmeade_River,/Game/Environment/River/LI_Hogsmeade_River,,22382.9,-90698.0,6561.9
SM_Birch_Sapling_A30,PlacedFoliageSkinnedNaniteAssembly,LV_Overland/Region/Hogwarts Valley/Hogsmeade_RiverBlockout/LI_Hogsmeade_River/SM_Birch_Sapling_A30,A5191C22-4D7F-775D-D381-25BAC7B4C2BD,1,DL_OVERLAND;DL_RENDER,DL_HM_EXT;DL_HOGSMEADE,LI_Hogsmeade_River,/Game/Environment/River/LI_Hogsmeade_River,,22456.1,-90601.1,6537.5
SM_Birch_Sapling_A4,PlacedFoliageSkinnedNaniteAssembly,LV_Overland/Region/Hogwarts Valley/Hogsmeade_RiverBlockout/LI_Hogsmeade_River/SM_Birch_Sapling_A4,C4D637D2-4F04-8006-FCED-2A833B6EFD04,1,DL_OVERLAND;DL_RENDER,DL_HM_EXT;DL_HOGSMEADE,LI_Hogsmeade_River,/Game/Environment/River/LI_Hogsmeade_River,,9305.3,-73228.6,4355.2
SM_Birch_Sapling_A5,PlacedFoliageSkinnedNaniteAssembly,LV_Overland/Region/Hogwarts Valley/Hogsmeade_RiverBlockout/LI_Hogsmeade_River/SM_Birch_Sapling_A5,8141B951-42D8-EF8C-394A-07B49F056744,1,DL_OVERLAND;DL_RENDER,DL_HM_EXT;DL_HOGSMEADE,LI_Hogsmeade_River,/Game/Environment/River/LI_Hogsmeade_River,,10048.0,-73630.9,4362.9
SM_Birch_Sapling_A7,PlacedFoliageSkinnedNaniteAssembly,LV_Overland/Region/Hogwarts Valley/Hogsmeade_RiverBlockout/LI_Hogsmeade_River/SM_Birch_Sapling_A7,0D60F927-46E4-7485-1210-90A7954A0DE0,1,DL_OVERLAND;DL_RENDER,DL_HM_EXT;DL_HOGSMEADE,LI_Hogsmeade_River,/Game/Environment/River/LI_Hogsmeade_River,,10369.0,-72818.0,4319.3
SM_Birch_Sapling_A8,PlacedFoliageSkinnedNaniteAssembly,LV_Overland/Region/Hogwarts Valley/Hogsmeade_RiverBlockout/LI_Hogsmeade_River/SM_Birch_Sapling_A8,0196751F-4853-C3BB-C7DD-A18463303DEE,1,DL_OVERLAND;DL_RENDER,DL_HM_EXT;DL_HOGSMEADE,LI_Hogsmeade_River,/Game/Environment/River/LI_Hogsmeade_River,,22220.1,-90664.0,6545.9
SM_Birch_Sapling_A9,PlacedFoliageSkinnedNaniteAssembly,LV_Overland/Region/Hogwarts Valley/Hogsmeade_RiverBlockout/LI_Hogsmeade_River/SM_Birch_Sapling_A9,63C39280-4A93-B7E5-AE37-4084520E3CEF,1,DL_OVERLAND;DL_RENDER,DL_HM_EXT;DL_HOGSMEADE,LI_Hogsmeade_River,/Game/Environment/River/LI_Hogsmeade_River,,23796.2,-89089.2,6263.9
SM_Birch_Sapling_B12,PlacedFoliageSkinnedNaniteAssembly,LV_Overland/Region/Hogwarts Valley/Hogsmeade_RiverBlockout/LI_Hogsmeade_River/SM_Birch_Sapling_B12,B1FDED20-4265-5A28-7318-84B01C2859B6,1,DL_OVERLAND;DL_RENDER,DL_HM_EXT;DL_HOGSMEADE,LI_Hogsmeade_River,/Game/Environment/River/LI_Hogsmeade_River,,11286.4,-69027.5,3678.5
SM_Birch_Sapling_B13,PlacedFoliageSkinnedNaniteAssembly,LV_Overland/Region/Hogwarts Valley/Hogsmeade_RiverBlockout/LI_Hogsmeade_River/SM_Birch_Sapling_B13,17F4E0B6-43D6-1D6F-4663-3D95BE5A88E5,1,DL_OVERLAND;DL_RENDER,DL_HM_EXT;DL_HOGSMEADE,LI_Hogsmeade_River,/Game/Environment/River/LI_Hogsmeade_River,,12627.4,-71589.4,3923.7
SM_Birch_Sapling_B15,PlacedFoliageSkinnedNaniteAssembly,LV_Overland/Region/Hogwarts Valley/Hogsmeade_RiverBlockout/LI_Hogsmeade_River/SM_Birch_Sapling_B15,24393565-4E7B-8010-7E1D-A1BEBD3D3FB3,1,DL_OVERLAND;DL_RENDER,DL_HM_EXT;DL_HOGSMEADE,LI_Hogsmeade_River,/Game/Environment/River/LI_Hogsmeade_River,,6572.1,-77925.8,4296.4
SM_Birch_Sapling_B16,PlacedFoliageSkinnedNaniteAssembly,LV_Overland/Region/Hogwarts Valley/Hogsmeade_RiverBlockout/LI_Hogsmeade_River/SM_Birch_Sapling_B16,4AC36735-4A49-BFF7-F821-2594C6C96809,1,DL_OVERLAND;DL_RENDER,DL_HM_EXT;DL_HOGSMEADE,LI_Hogsmeade_River,/Game/Environment/River/LI_Hogsmeade_River,,7551.6,-82431.3,4359.5
SM_Birch_Sapling_B17,PlacedFoliageSkinnedNaniteAssembly,LV_Overland/Region/Hogwarts Valley/Hogsmeade_RiverBlockout/LI_Hogsmeade_River/SM_Birch_Sapling_B17,89097275-4A7E-33EE-B159-EC88979E6C9B,1,DL_OVERLAND;DL_RENDER,DL_HM_EXT;DL_HOGSMEADE,LI_Hogsmeade_River,/Game/Environment/River/LI_Hogsmeade_River,,7450.1,-82320.1,4360.4
SM_Birch_Sapling_B20,PlacedFoliageSkinnedNaniteAssembly,LV_Overland/Region/Hogwarts Valley/Hogsmeade_RiverBlockout/LI_Hogsmeade_River/SM_Birch_Sapling_B20,1B356DAE-42B4-DBB3-CA27-8B80A3D93888,1,DL_OVERLAND;DL_RENDER,DL_HM_EXT;DL_HOGSMEADE,LI_Hogsmeade_River,/Game/Environment/River/LI_Hogsmeade_River,,22173.3,-90711.0,6509.9
SM_Birch_Sapling_B21,PlacedFoliageSkinnedNaniteAssembly,LV_Overland/Region/Hogwarts Valley/Hogsmeade_RiverBlockout/LI_Hogsmeade_River/SM_Birch_Sapling_B21,CDF851C4-45E7-8190-E690-F5AF9115BB9E,1,DL_OVERLAND;DL_RENDER,DL_HM_EXT;DL_HOGSMEADE,LI_Hogsmeade_River,/Game/Environment/River/LI_Hogsmeade_River,,22110.6,-90640.0,6499.0
SM_Birch_Sapling_B5,PlacedFoliageSkinnedNaniteAssembly,LV_Overland/Region/Hogwarts Valley/Hogsmeade_RiverBlockout/LI_Hogsmeade_River/SM_Birch_Sapling_B5,A0F4ADA9-4E76-C2F3-6FE4-D4BDB9E5B8EC,1,DL_OVERLAND;DL_RENDER,DL_HM_EXT;DL_HOGSMEADE,LI_Hogsmeade_River,/Game/Environment/River/LI_Hogsmeade_River,,9391.3,-73161.7,4299.2
SM_Birch_Sapling_B6,PlacedFoliageSkinnedNaniteAssembly,LV_Overland/Region/Hogwarts Valley/Hogsmeade_RiverBlockout/LI_Hogsmeade_River/SM_Birch_Sapling_B6,3C88AF0A-46F6-1D00-798A-179CF0D15A94,1,DL_OVERLAND;DL_RENDER,DL_HM_EXT;DL_HOGSMEADE,LI_Hogsmeade_River,/Game/Environment/River/LI_Hogsmeade_River,,10157.9,-73538.4,4304.0
SM_Birch_Sapling_B7,PlacedFoliageSkinnedNaniteAssembly,LV_Overland/Region/Hogwarts Valley/Hogsmeade_RiverBlockout/LI_Hogsmeade_River/SM_Birch_Sapling_B7,E1FB207D-4AD1-FEBB-CDFD-A4B344F636A1,1,DL_OVERLAND;DL_RENDER,DL_HM_EXT;DL_HOGSMEADE,LI_Hogsmeade_River,/Game/Environment/River/LI_Hogsmeade_River,,7481.6,-77039.6,4227.1
SM_Birch_Sapling_B8,PlacedFoliageSkinnedNaniteAssembly,LV_Overland/Region/Hogwarts Valley/Hogsmeade_RiverBlockout/LI_Hogsmeade_River/SM_Birch_Sapling_B8,11D55BD3-4161-1BEA-E390-3E94BF8D97F5,1,DL_OVERLAND;DL_RENDER,DL_HM_EXT;DL_HOGSMEADE,LI_Hogsmeade_River,/Game/Environment/River/LI_Hogsmeade_River,,10264.7,-72832.6,4291.1
SM_Birch_Sapling_B9,PlacedFoliageSkinnedNaniteAssembly,LV_Overland/Region/Hogwarts Valley/Hogsmeade_RiverBlockout/LI_Hogsmeade_River/SM_Birch_Sapling_B9,2C8842D5-4F45-946C-0DBB-AFB203F4B88F,1,DL_OVERLAND;DL_RENDER,DL_HM_EXT;DL_HOGSMEADE,LI_Hogsmeade_River,/Game/Environment/River/LI_Hogsmeade_River,,22183.6,-90614.1,6506.2
SM_Birch_Small_A4,PlacedFoliageSkinnedNaniteAssembly,LV_Overland/Region/Hogwarts Valley/Hogsmeade_RiverBlockout/LI_Hogsmeade_River/SM_Birch_Small_A4,F69BE394-402C-0B47-787D-09AEE048F0F8,1,DL_OVERLAND;DL_RENDER,DL_HM_EXT;DL_HOGSMEADE,LI_Hogsmeade_River,/Game/Environment/River/LI_Hogsmeade_River,,10214.6,-73568.2,4594.7
SM_Birch_Small_A7,PlacedFoliageSkinnedNaniteAssembly,LV_Overland/Region/Hogwarts Valley/Hogsmeade_RiverBlockout/LI_Hogsmeade_River/SM_Birch_Small_A7,4D3C01F4-47F8-4BEC-1E8B-B99479FAD043,1,DL_OVERLAND;DL_RENDER,DL_HM_EXT;DL_HOGSMEADE,LI_Hogsmeade_River,/Game/Environment/River/LI_Hogsmeade_River,,6622.2,-78182.1,4614.3
SM_BogTree_Oak_LargeA_Master2,PlacedFoliageSkinnedNaniteAssembly,LV_Overland/Region/Hogwarts Valley/Hogsmeade_RiverBlockout/LI_Hogsmeade_River/Hogsmeade_RiverBlockout/SM_BogTree_Oak_LargeA_Master2,CB0C0B8D-4DCC-3D61-7BAC-77A166D9B8E0,1,DL_OVERLAND;DL_RENDER,DL_HM_EXT;DL_HOGSMEADE,LI_Hogsmeade_River,/Game/Environment/River/LI_Hogsmeade_River,,7253.8,-73752.4,4782.4
SM_Bracken_A10,PlacedFoliageSkinnedNaniteAssembly,LV_Overland/Region/Hogwarts Valley/Hogsmeade_RiverBlockout/LI_Hogsmeade_River/SM_Bracken_A10,E3D01771-4D30-0CCD-9E56-8EA2BD752CD9,1,DL_OVERLAND;DL_RENDER,DL_HM_EXT;DL_HOGSMEADE,LI_Hogsmeade_River,/Game/Environment/River/LI_Hogsmeade_River,,9770.4,-73913.6,4290.3
SM_Bracken_A11,PlacedFoliageSkinnedNaniteAssembly,LV_Overland/Region/Hogwarts Valley/Hogsmeade_RiverBlockout/LI_Hogsmeade_River/SM_Bracken_A11,7B6C4983-4410-1F64-7BA7-C4A9C91EF71D,1,DL_OVERLAND;DL_RENDER,DL_HM_EXT;DL_HOGSMEADE,LI_Hogsmeade_River,/Game/Environment/River/LI_Hogsmeade_River,,5751.6,-83680.2,5024.4
SM_Bracken_A12,PlacedFoliageSkinnedNaniteAssembly,LV_Overland/Region/Hogwarts Valley/Hogsmeade_RiverBlockout/LI_Hogsmeade_River/SM_Bracken_A12,D663DACD-4A1F-4D0A-2EEB-50A94F717F23,1,DL_OVERLAND;DL_RENDER,DL_HM_EXT;DL_HOGSMEADE,LI_Hogsmeade_River,/Game/Environment/River/LI_Hogsmeade_River,,5639.2,-83501.3,5007.1
SM_Bracken_A15,PlacedFoliageSkinnedNaniteAssembly,LV_Overland/Region/Hogwarts Valley/Hogsmeade_RiverBlockout/LI_Hogsmeade_River/SM_Bracken_A15,60D59D14-411C-86AA-3193-A78E46FD433F,1,DL_OVERLAND;DL_RENDER,DL_HM_EXT;DL_HOGSMEADE,LI_Hogsmeade_River,/Game/Environment/River/LI_Hogsmeade_River,,6209.7,-84697.6,5282.6
SM_Bracken_A16,PlacedFoliageSkinnedNaniteAssembly,LV_Overland/Region/Hogwarts Valley/Hogsmeade_RiverBlockout/LI_Hogsmeade_River/SM_Bracken_A16,16C20573-404D-C794-91BC-27B81D5D1FCF,1,DL_OVERLAND;DL_RENDER,DL_HM_EXT;DL_HOGSMEADE,LI_Hogsmeade_River,/Game/Environment/River/LI_Hogsmeade_River,,6371.7,-84919.3,5370.9
SM_Bracken_A17,PlacedFoliageSkinnedNaniteAssembly,LV_Overland/Region/Hogwarts Valley/Hogsmeade_RiverBlockout/LI_Hogsmeade_River/SM_Bracken_A17,771EECEA-4428-107F-974E-C5A925E50102,1,DL_OVERLAND;DL_RENDER,DL_HM_EXT;DL_HOGSMEADE,LI_Hogsmeade_River,/Game/Environment/River/LI_Hogsmeade_River,,7638.5,-76830.3,4229.4
SM_Bracken_A20,PlacedFoliageSkinnedNaniteAssembly,LV_Overland/Region/Hogwarts Valley/Hogsmeade_RiverBlockout/LI_Hogsmeade_River/SM_Bracken_A20,BCFADFB9-4D2A-98DB-DE98-9BB51BACE97B,1,DL_OVERLAND;DL_RENDER,DL_HM_EXT;DL_HOGSMEADE,LI_Hogsmeade_River,/Game/Environment/River/LI_Hogsmeade_River,,7150.9,-84413.3,5101.5
SM_Bracken_A21,PlacedFoliageSkinnedNaniteAssembly,LV_Overland/Region/Hogwarts Valley/Hogsmeade_RiverBlockout/LI_Hogsmeade_River/SM_Bracken_A21,9CF41B0F-4092-046B-132C-A49412DE01C8,1,DL_OVERLAND;DL_RENDER,DL_HM_EXT;DL_HOGSMEADE,LI_Hogsmeade_River,/Game/Environment/River/LI_Hogsmeade_River,,7617.6,-76695.9,4229.4
SM_Bracken_A5,PlacedFoliageSkinnedNaniteAssembly,LV_Overland/Region/Hogwarts Valley/Hogsmeade_RiverBlockout/LI_Hogsmeade_River/SM_Bracken_A5,2FEDEB6C-4D05-B41A-CED5-0188D0A3A40A,1,DL_OVERLAND;DL_RENDER,DL_HM_EXT;DL_HOGSMEADE,LI_Hogsmeade_River,/Game/Environment/River/LI_Hogsmeade_River,,6699.5,-77450.9,4256.2
SM_Bracken_A6,PlacedFoliageSkinnedNaniteAssembly,LV_Overland/Region/Hogwarts Valley/Hogsmeade_RiverBlockout/LI_Hogsmeade_River/SM_Bracken_A6,EFE878AF-4EF6-3B56-303A-00895F6264F4,1,DL_OVERLAND;DL_RENDER,DL_HM_EXT;DL_HOGSMEADE,LI_Hogsmeade_River,/Game/Environment/River/LI_Hogsmeade_River,,6382.9,-78074.5,4351.4
SM_Bracken_A7,PlacedFoliageSkinnedNaniteAssembly,LV_Overland/Region/Hogwarts Valley/Hogsmeade_RiverBlockout/LI_Hogsmeade_River/SM_Bracken_A7,6EE9F91E-4203-3E0F-60B2-779DA8D8124A,1,DL_OVERLAND;DL_RENDER,DL_HM_EXT;DL_HOGSMEADE,LI_Hogsmeade_River,/Game/Environment/River/LI_Hogsmeade_River,,7554.8,-76812.1,4229.4
SM_Bracken_A8,PlacedFoliageSkinnedNaniteAssembly,LV_Overland/Region/Hogwarts Valley/Hogsmeade_RiverBlockout/LI_Hogsmeade_River/SM_Bracken_A8,028B77CF-41B2-2787-9544-3497F9DC21E7,1,DL_OVERLAND;DL_RENDER,DL_HM_EXT;DL_HOGSMEADE,LI_Hogsmeade_River,/Game/Environment/River/LI_Hogsmeade_River,,11309.6,-69289.6,3684.2
SM_Bracken_B12,PlacedFoliageSkinnedNaniteAssembly,LV_Overland/Region/Hogwarts Valley/Hogsmeade_RiverBlockout/LI_Hogsmeade_River/SM_Bracken_B12,BFF3D894-4CB3-AD08-614D-66A568A076BB,1,DL_OVERLAND;DL_RENDER,DL_HM_EXT;DL_HOGSMEADE,LI_Hogsmeade_River,/Game/Environment/River/LI_Hogsmeade_River,,9869.8,-73828.9,4301.4
SM_Bracken_B13,PlacedFoliageSkinnedNaniteAssembly,LV_Overland/Region/Hogwarts Valley/Hogsmeade_RiverBlockout/LI_Hogsmeade_River/SM_Bracken_B13,64B623F1-4EEA-E76C-F54E-D0BA7187CCCF,1,DL_OVERLAND;DL_RENDER,DL_HM_EXT;DL_HOGSMEADE,LI_Hogsmeade_River,/Game/Environment/River/LI_Hogsmeade_River,,5564.5,-83667.4,5003.1
SM_Bracken_B15,PlacedFoliageSkinnedNaniteAssembly,LV_Overland/Region/Hogwarts Valley/Hogsmeade_RiverBlockout/LI_Hogsmeade_River/SM_Bracken_B15,12B9E612-477C-87A2-F0D9-80A73859B847,1,DL_OVERLAND;DL_RENDER,DL_HM_EXT;DL_HOGSMEADE,LI_Hogsmeade_River,/Game/Environment/River/LI_Hogsmeade_River,,6283.6,-84795.3,5352.0
SM_Bracken_B17,PlacedFoliageSkinnedNaniteAssembly,LV_Overland/Region/Hogwarts Valley/Hogsmeade_RiverBlockout/LI_Hogsmeade_River/SM_Bracken_B17,ABD00EB8-45BE-9879-F851-1FBF98EA2A56,1,DL_OVERLAND;DL_RENDER,DL_HM_EXT;DL_HOGSMEADE,LI_Hogsmeade_River,/Game/Environment/River/LI_Hogsmeade_River,,7560.1,-76969.5,4230.9
SM_Bracken_B18,PlacedFoliageSkinnedNaniteAssembly,LV_Overland/Region/Hogwarts Valley/Hogsmeade_RiverBlockout/LI_Hogsmeade_River/SM_Bracken_B18,D18BB41C-4EAD-97D9-3503-4182D0CCC4A1,1,DL_OVERLAND;DL_RENDER,DL_HM_EXT;DL_HOGSMEADE,LI_Hogsmeade_River,/Game/Environment/River/LI_Hogsmeade_River,,7726.5,-76812.8,4230.9
SM_Bracken_B19,PlacedFoliageSkinnedNaniteAssembly,LV_Overland/Region/Hogwarts Valley/Hogsmeade_RiverBlockout/LI_Hogsmeade_River/SM_Bracken_B19,8E6CA124-47EB-E173-45FA-CCAF7DEC8D33,1,DL_OVERLAND;DL_RENDER,DL_HM_EXT;DL_HOGSMEADE,LI_Hogsmeade_River,/Game/Environment/River/LI_Hogsmeade_River,,7511.4,-76703.2,4230.9
SM_Bracken_B6,PlacedFoliageSkinnedNaniteAssembly,LV_Overland/Region/Hogwarts Valley/Hogsmeade_RiverBlockout/LI_Hogsmeade_River/SM_Bracken_B6,83BC4FFD-43A0-0AB2-4611-C5AD27AE53B6,1,DL_OVERLAND;DL_RENDER,DL_HM_EXT;DL_HOGSMEADE,LI_Hogsmeade_River,/Game/Environment/River/LI_Hogsmeade_River,,6745.1,-77411.2,4254.6
SM_Bracken_B7,PlacedFoliageSkinnedNaniteAssembly,LV_Overland/Region/Hogwarts Valley/Hogsmeade_RiverBlockout/LI_Hogsmeade_River/SM_Bracken_B7,D5F08163-4BD5-323A-23A3-728C2C1B74DF,1,DL_OVERLAND;DL_RENDER,DL_HM_EXT;DL_HOGSMEADE,LI_Hogsmeade_River,/Game/Environment/River/LI_Hogsmeade_River,,6630.6,-78726.6,4349.1
SM_Bracken_B8,PlacedFoliageSkinnedNaniteAssembly,LV_Overland/Region/Hogwarts Valley/Hogsmeade_RiverBlockout/LI_Hogsmeade_River/SM_Bracken_B8,C1C4FE69-4641-0F68-0D28-4A9B1A53444A,1,DL_OVERLAND;DL_RENDER,DL_HM_EXT;DL_HOGSMEADE,LI_Hogsmeade_River,/Game/Environment/River/LI_Hogsmeade_River,,7400.3,-76852.6,4230.9
SM_Bracken_B9,PlacedFoliageSkinnedNaniteAssembly,LV_Overland/Region/Hogwarts Valley/Hogsmeade_RiverBlockout/LI_Hogsmeade_River/SM_Bracken_B9,85E151B5-4EB5-BF9D-B3D9-A7AB04C8B14C,1,DL_OVERLAND;DL_RENDER,DL_HM_EXT;DL_HOGSMEADE,LI_Hogsmeade_River,/Game/Environment/River/LI_Hogsmeade_River,,11344.3,-69433.1,3698.8
SM_Bracken_C11,PlacedFoliageSkinnedNaniteAssembly,LV_Overland/Region/Hogwarts Valley/Hogsmeade_RiverBlockout/LI_Hogsmeade_River/SM_Bracken_C11,E75011E6-4CF5-43A7-439D-1E94392C5E86,1,DL_OVERLAND;DL_RENDER,DL_HM_EXT;DL_HOGSMEADE,LI_Hogsmeade_River,/Game/Environment/River/LI_Hogsmeade_River,,9776.1,-73816.5,4289.2
SM_Bracken_C12,PlacedFoliageSkinnedNaniteAssembly,LV_Overland/Region/Hogwarts Valley/Hogsmeade_RiverBlockout/LI_Hogsmeade_River/SM_Bracken_C12,D024F6DB-4CA8-8C90-68E9-A7A10951DF40,1,DL_OVERLAND;DL_RENDER,DL_HM_EXT;DL_HOGSMEADE,LI_Hogsmeade_River,/Game/Environment/River/LI_Hogsmeade_River,,5478.9,-83571.5,4971.7
SM_Bracken_C13,PlacedFoliageSkinnedNaniteAssembly,LV_Overland/Region/Hogwarts Valley/Hogsmeade_RiverBlockout/LI_Hogsmeade_River/SM_Bracken_C13,AF9354DE-48F6-EF89-B022-8F93A017C68B,1,DL_OVERLAND;DL_RENDER,DL_HM_EXT;DL_HOGSMEADE,LI_Hogsmeade_River,/Game/Environment/River/LI_Hogsmeade_River,,6037.7,-84296.5,5096.4
SM_Bracken_C5,PlacedFoliageSkinnedNaniteAssembly,LV_Overland/Region/Hogwarts Valley/Hogsmeade_RiverBlockout/LI_Hogsmeade_River/SM_Bracken_C5,617139CD-4500-E4FE-4A9C-B69029A50536,1,DL_OVERLAND;DL_RENDER,DL_HM_EXT;DL_HOGSMEADE,LI_Hogsmeade_River,/Game/Environment/River/LI_Hogsmeade_River,,6700.0,-77372.2,4217.4
SM_Bracken_C6,PlacedFoliageSkinnedNaniteAssembly,LV_Overland/Region/Hogwarts Valley/Hogsmeade_RiverBlockout/LI_Hogsmeade_River/SM_Bracken_C6,8D276027-4149-969F-EC39-C7A7C709CF1B,1,DL_OVERLAND;DL_RENDER,DL_HM_EXT;DL_HOGSMEADE,LI_Hogsmeade_River,/Game/Environment/River/LI_Hogsmeade_River,,6329.1,-78178.6,4326.7
SM_Bracken_C7,PlacedFoliageSkinnedNaniteAssembly,LV_Overland/Region/Hogwarts Valley/Hogsmeade_RiverBlockout/LI_Hogsmeade_River/SM_Bracken_C7,6DDD94C1-4ADB-FE4B-3FCA-DDA5C9262721,1,DL_OVERLAND;DL_RENDER,DL_HM_EXT;DL_HOGSMEADE,LI_Hogsmeade_River,/Game/Environment/River/LI_Hogsmeade_River,,7605.9,-76036.0,4201.8
SM_Bracken_C8,PlacedFoliageSkinnedNaniteAssembly,LV_Overland/Region/Hogwarts Valley/Hogsmeade_RiverBlockout/LI_Hogsmeade_River/SM_Bracken_C8,8C432BF9-434C-978E-796B-78B3BAC3DB85,1,DL_OVERLAND;DL_RENDER,DL_HM_EXT;DL_HOGSMEADE,LI_Hogsmeade_River,/Game/Environment/River/LI_Hogsmeade_River,,11423.0,-69191.3,3693.2
SM_Bracken_D11,PlacedFoliageSkinnedNaniteAssembly,LV_Overland/Region/Hogwarts Valley/Hogsmeade_RiverBlockout/LI_Hogsmeade_River/SM_Bracken_D11,935E3072-4A93-4804-B564-AFBD83D2D6CB,1,DL_OVERLAND;DL_RENDER,DL_HM_EXT;DL_HOGSMEADE,LI_Hogsmeade_River,/Game/Environment/River/LI_Hogsmeade_River,,6583.1,-77562.0,4256.7
SM_Bracken_D12,PlacedFoliageSkinnedNaniteAssembly,LV_Overland/Region/Hogwarts Valley/Hogsmeade_RiverBlockout/LI_Hogsmeade_River/SM_Bracken_D12,ED50850C-48C7-11D7-303D-BF8FA32DF7B5,1,DL_OVERLAND;DL_RENDER,DL_HM_EXT;DL_HOGSMEADE,LI_Hogsmeade_River,/Game/Environment/River/LI_Hogsmeade_River,,6286.4,-78042.3,4314.0
SM_Bracken_D13,PlacedFoliageSkinnedNaniteAssembly,LV_Overland/Region/Hogwarts Valley/Hogsmeade_RiverBlockout/LI_Hogsmeade_River/SM_Bracken_D13,86030D22-4138-AE87-05B3-A4AB171C5FF8,1,DL_OVERLAND;DL_RENDER,DL_HM_EXT;DL_HOGSMEADE,LI_Hogsmeade_River,/Game/Environment/River/LI_Hogsmeade_River,,7487.5,-76023.6,4189.3
SM_Bracken_D14,PlacedFoliageSkinnedNaniteAssembly,LV_Overland/Region/Hogwarts Valley/Hogsmeade_RiverBlockout/LI_Hogsmeade_River/SM_Bracken_D14,BA5A8856-4D69-6633-1924-709B69F70CD7,1,DL_OVERLAND;DL_RENDER,DL_HM_EXT;DL_HOGSMEADE,LI_Hogsmeade_River,/Game/Environment/River/LI_Hogsmeade_River,,7505.1,-76680.6,4192.0
SM_Bracken_D15,PlacedFoliageSkinnedNaniteAssembly,LV_Overland/Region/Hogwarts Valley/Hogsmeade_RiverBlockout/LI_Hogsmeade_River/SM_Bracken_D15,27067F8D-4C96-6F3B-B2A5-4D889C7A82D5,1,DL_OVERLAND;DL_RENDER,DL_HM_EXT;DL_HOGSMEADE,LI_Hogsmeade_River,/Game/Environment/River/LI_Hogsmeade_River,,11408.3,-69311.5,3666.0
SM_Bracken_D16,PlacedFoliageSkinnedNaniteAssembly,LV_Overland/Region/Hogwarts Valley/Hogsmeade_RiverBlockout/LI_Hogsmeade_River/SM_Bracken_D16,269DDF44-4733-A075-543B-9BA0F28DFBBA,1,DL_OVERLAND;DL_RENDER,DL_HM_EXT;DL_HOGSMEADE,LI_Hogsmeade_River,/Game/Environment/River/LI_Hogsmeade_River,,6117.3,-84619.6,5264.0
SM_Bracken_D17,PlacedFoliageSkinnedNaniteAssembly,LV_Overland/Region/Hogwarts Valley/Hogsmeade_RiverBlockout/LI_Hogsmeade_River/SM_Bracken_D17,50C25234-401C-161B-F563-89A638999DDC,1,DL_OVERLAND;DL_RENDER,DL_HM_EXT;DL_HOGSMEADE,LI_Hogsmeade_River,/Game/Environment/River/LI_Hogsmeade_River,,7580.6,-76637.9,4192.0
SM_Bracken_D18,PlacedFoliageSkinnedNaniteAssembly,LV_Overland/Region/Hogwarts Valley/Hogsmeade_RiverBlockout/LI_Hogsmeade_River/SM_Bracken_D18,9BD36308-44C8-DAFE-30ED-C893FC265ED9,1,DL_OVERLAND;DL_RENDER,DL_HM_EXT;DL_HOGSMEADE,LI_Hogsmeade_River,/Game/Environment/River/LI_Hogsmeade_River,,7710.2,-76679.4,4192.0
SM_Bracken_E15,PlacedFoliageSkinnedNaniteAssembly,LV_Overland/Region/Hogwarts Valley/Hogsmeade_RiverBlockout/LI_Hogsmeade_River/SM_Bracken_E15,3A86360A-4435-5551-0F1C-649BAFDE318D,1,DL_OVERLAND;DL_RENDER,DL_HM_EXT;DL_HOGSMEADE,LI_Hogsmeade_River,/Game/Environment/River/LI_Hogsmeade_River,,6718.7,-77636.0,4248.3
SM_Bracken_E16,PlacedFoliageSkinnedNaniteAssembly,LV_Overland/Region/Hogwarts Valley/Hogsmeade_RiverBlockout/LI_Hogsmeade_River/SM_Bracken_E16,C628567A-4FB4-0590-F82C-37A7787C853A,1,DL_OVERLAND;DL_RENDER,DL_HM_EXT;DL_HOGSMEADE,LI_Hogsmeade_River,/Game/Environment/River/LI_Hogsmeade_River,,7707.0,-75944.0,4201.2
SM_Bracken_E17,PlacedFoliageSkinnedNaniteAssembly,LV_Overland/Region/Hogwarts Valley/Hogsmeade_RiverBlockout/LI_Hogsmeade_River/SM_Bracken_E17,5CAC4F62-4E8E-6A6D-74A4-F58D585B11D6,1,DL_OVERLAND;DL_RENDER,DL_HM_EXT;DL_HOGSMEADE,LI_Hogsmeade_River,/Game/Environment/River/LI_Hogsmeade_River,,7649.6,-76777.2,4199.8
SM_Bracken_E18,PlacedFoliageSkinnedNaniteAssembly,LV_Overland/Region/Hogwarts Valley/Hogsmeade_RiverBlockout/LI_Hogsmeade_River/SM_Bracken_E18,9B964CC3-493E-4419-018D-74A4D2966B42,1,DL_OVERLAND;DL_RENDER,DL_HM_EXT;DL_HOGSMEADE,LI_Hogsmeade_River,/Game/Environment/River/LI_Hogsmeade_River,,9916.5,-73742.2,4285.6
SM_Bracken_E19,PlacedFoliageSkinnedNaniteAssembly,LV_Overland/Region/Hogwarts Valley/Hogsmeade_RiverBlockout/LI_Hogsmeade_River/SM_Bracken_E19,4CBA31CA-4865-DE01-7256-C3A50555358E,1,DL_OVERLAND;DL_RENDER,DL_HM_EXT;DL_HOGSMEADE,LI_Hogsmeade_River,/Game/Environment/River/LI_Hogsmeade_River,,9723.6,-73862.5,4288.3
SM_Bracken_E20,PlacedFoliageSkinnedNaniteAssembly,LV_Overland/Region/Hogwarts Valley/Hogsmeade_RiverBlockout/LI_Hogsmeade_River/SM_Bracken_E20,45250608-401F-B8C2-1D6A-4DBF2F82AE71,1,DL_OVERLAND;DL_RENDER,DL_HM_EXT;DL_HOGSMEADE,LI_Hogsmeade_River,/Game/Environment/River/LI_Hogsmeade_River,,9732.5,-73971.7,4286.7
SM_Bracken_E21,PlacedFoliageSkinnedNaniteAssembly,LV_Overland/Region/Hogwarts Valley/Hogsmeade_RiverBlockout/LI_Hogsmeade_River/SM_Bracken_E21,6B45651E-4820-1E80-8891-978617802812,1,DL_OVERLAND;DL_RENDER,DL_HM_EXT;DL_HOGSMEADE,LI_Hogsmeade_River,/Game/Environment/River/LI_Hogsmeade_River,,5395.6,-83501.5,4968.9
SM_Bracken_E23,PlacedFoliageSkinnedNaniteAssembly,LV_Overland/Region/Hogwarts Valley/Hogsmeade_RiverBlockout/LI_Hogsmeade_River/SM_Bracken_E23,86109190-4ACB-5F65-7A2C-B5893346A873,1,DL_OVERLAND;DL_RENDER,DL_HM_EXT;DL_HOGSMEADE,LI_Hogsmeade_River,/Game/Environment/River/LI_Hogsmeade_River,,6062.3,-84550.8,5254.2
SM_Bulrush_Reeds_10,PlacedFoliageSkinnedNaniteAssembly,LV_Overland/Region/Hogwarts Valley/Hogsmeade_RiverBlockout/LI_Hogsmeade_River/SM_Bulrush_Reeds_10,B2A33C9F-4FC4-76ED-BA1F-76B9ADB914FA,1,DL_OVERLAND;DL_RENDER,DL_HM_EXT;DL_HOGSMEADE,LI_Hogsmeade_River,/Game/Environment/River/LI_Hogsmeade_River,,10782.4,-70337.2,3535.1
SM_Bulrush_Reeds_100,PlacedFoliageSkinnedNaniteAssembly,LV_Overland/Region/Hogwarts Valley/Hogsmeade_RiverBlockout/LI_Hogsmeade_River/SM_Bulrush_Reeds_100,A23391D3-4ED4-470B-4798-F49739EEE6FB,1,DL_OVERLAND;DL_RENDER,DL_HM_EXT;DL_HOGSMEADE,LI_Hogsmeade_River,/Game/Environment/River/LI_Hogsmeade_River,,3103.5,-79575.6,4107.6
SM_Bulrush_Reeds_101,PlacedFoliageSkinnedNaniteAssembly,LV_Overland/Region/Hogwarts Valley/Hogsmeade_RiverBlockout/LI_Hogsmeade_River/SM_Bulrush_Reeds_101,88CBD992-4CFF-FE62-EAC9-E7980BF2C93A,1,DL_OVERLAND;DL_RENDER,DL_HM_EXT;DL_HOGSMEADE,LI_Hogsmeade_River,/Game/Environment/River/LI_Hogsmeade_River,,2872.5,-78691.3,4117.6
SM_Bulrush_Reeds_102,PlacedFoliageSkinnedNaniteAssembly,LV_Overland/Region/Hogwarts Valley/Hogsmeade_RiverBlockout/LI_Hogsmeade_River/SM_Bulrush_Reeds_102,AA3719EF-4B19-AE57-8401-8C90EEC5070F,1,DL_OVERLAND;DL_RENDER,DL_HM_EXT;DL_HOGSMEADE,LI_Hogsmeade_River,/Game/Environment/River/LI_Hogsmeade_River,,3072.2,-79020.3,4036.0
SM_Bulrush_Reeds_103,PlacedFoliageSkinnedNaniteAssembly,LV_Overland/Region/Hogwarts Valley/Hogsmeade_RiverBlockout/LI_Hogsmeade_River/SM_Bulrush_Reeds_103,73ECD536-4946-51EC-0B2B-C7ACCDE25136,1,DL_OVERLAND;DL_RENDER,DL_HM_EXT;DL_HOGSMEADE,LI_Hogsmeade_River,/Game/Environment/River/LI_Hogsmeade_River,,2846.8,-78486.9,4095.0
SM_Bulrush_Reeds_104,PlacedFoliageSkinnedNaniteAssembly,LV_Overland/Region/Hogwarts Valley/Hogsmeade_RiverBlockout/LI_Hogsmeade_River/SM_Bulrush_Reeds_104,F701A8F3-46C4-912A-D823-92A83D53D16B,1,DL_OVERLAND;DL_RENDER,DL_HM_EXT;DL_HOGSMEADE,LI_Hogsmeade_River,/Game/Environment/River/LI_Hogsmeade_River,,2791.9,-78488.3,4078.3
SM_Bulrush_Reeds_105,PlacedFoliageSkinnedNaniteAssembly,LV_Overland/Region/Hogwarts Valley/Hogsmeade_RiverBlockout/LI_Hogsmeade_River/SM_Bulrush_Reeds_105,33A2029E-48DB-A3EE-C8F7-60A49EBF18A9,1,DL_OVERLAND;DL_RENDER,DL_HM_EXT;DL_HOGSMEADE,LI_Hogsmeade_River,/Game/Environment/River/LI_Hogsmeade_River,,3001.0,-79058.5,4123.2
SM_Bulrush_Reeds_106,PlacedFoliageSkinnedNaniteAssembly,LV_Overland/Region/Hogwarts Valley/Hogsmeade_RiverBlockout/LI_Hogsmeade_River/SM_Bulrush_Reeds_106,06E8219B-40BD-D249-18A7-5A8D65EC187E,1,DL_OVERLAND;DL_RENDER,DL_HM_EXT;DL_HOGSMEADE,LI_Hogsmeade_River,/Game/Environment/River/LI_Hogsmeade_River,,3156.3,-78999.6,4059.1
SM_Bulrush_Reeds_107,PlacedFoliageSkinnedNaniteAssembly,LV_Overland/Region/Hogwarts Valley/Hogsmeade_RiverBlockout/LI_Hogsmeade_River/SM_Bulrush_Reeds_107,732B3A74-460E-5222-6EAB-62B81F0A2760,1,DL_OVERLAND;DL_RENDER,DL_HM_EXT;DL_HOGSMEADE,LI_Hogsmeade_River,/Game/Environment/River/LI_Hogsmeade_River,,2992.8,-78820.6,4074.7
SM_Bulrush_Reeds_108,PlacedFoliageSkinnedNaniteAssembly,LV_Overland/Region/Hogwarts Valley/Hogsmeade_RiverBlockout/LI_Hogsmeade_River/SM_Bulrush_Reeds_108,FD003F65-47DE-3420-E743-8CA00E132E8A,1,DL_OVERLAND;DL_RENDER,DL_HM_EXT;DL_HOGSMEADE,LI_Hogsmeade_River,/Game/Environment/River/LI_Hogsmeade_River,,3075.9,-78953.5,4050.4
SM_Bulrush_Reeds_109,PlacedFoliageSkinnedNaniteAssembly,LV_Overland/Region/Hogwarts Valley/Hogsmeade_RiverBlockout/LI_Hogsmeade_River/SM_Bulrush_Reeds_109,C1DEC86F-442B-60A8-C846-AE981C9DD449,1,DL_OVERLAND;DL_RENDER,DL_HM_EXT;DL_HOGSMEADE,LI_Hogsmeade_River,/Game/Environment/River/LI_Hogsmeade_River,,2722.2,-78522.3,4123.2
SM_Bulrush_Reeds_110,PlacedFoliageSkinnedNaniteAssembly,LV_Overland/Region/Hogwarts Valley/Hogsmeade_RiverBlockout/LI_Hogsmeade_River/SM_Bulrush_Reeds_110,1AE18FAF-4CAC-B738-0A7A-84AD381C0B2D,1,DL_OVERLAND;DL_RENDER,DL_HM_EXT;DL_HOGSMEADE,LI_Hogsmeade_River,/Game/Environment/River/LI_Hogsmeade_River,,2773.2,-78628.8,4117.6
SM_Bulrush_Reeds_111,PlacedFoliageSkinnedNaniteAssembly,LV_Overland/Region/Hogwarts Valley/Hogsmeade_RiverBlockout/LI_Hogsmeade_River/SM_Bulrush_Reeds_111,59A35DE5-4F7C-0C7A-79AC-458B62C506E6,1,DL_OVERLAND;DL_RENDER,DL_HM_EXT;DL_HOGSMEADE,LI_Hogsmeade_River,/Game/Environment/River/LI_Hogsmeade_River,,3111.5,-79631.5,4095.8
SM_Bulrush_Reeds_112,PlacedFoliageSkinnedNaniteAssembly,LV_Overland/Region/Hogwarts Valley/Hogsmeade_RiverBlockout/LI_Hogsmeade_River/SM_Bulrush_Reeds_112,68295609-412D-832B-58EB-DA98AF2BCB70,1,DL_OVERLAND;DL_RENDER,DL_HM_EXT;DL_HOGSMEADE,LI_Hogsmeade_River,/Game/Environment/River/LI_Hogsmeade_River,,2867.7,-78567.6,4123.2
SM_Bulrush_Reeds_113,PlacedFoliageSkinnedNaniteAssembly,LV_Overland/Region/Hogwarts Valley/Hogsmeade_RiverBlockout/LI_Hogsmeade_River/SM_Bulrush_Reeds_113,9FEC65EC-45B1-04F0-7951-F685A24BD9C6,1,DL_OVERLAND;DL_RENDER,DL_HM_EXT;DL_HOGSMEADE,LI_Hogsmeade_River,/Game/Environment/River/LI_Hogsmeade_River,,2763.8,-78381.0,4095.0
SM_Bulrush_Reeds_114,PlacedFoliageSkinnedNaniteAssembly,LV_Overland/Region/Hogwarts Valley/Hogsmeade_RiverBlockout/LI_Hogsmeade_River/SM_Bulrush_Reeds_114,D391A694-4AD5-4CBE-8C6A-8F99E7781BF4,1,DL_OVERLAND;DL_RENDER,DL_HM_EXT;DL_HOGSMEADE,LI_Hogsmeade_River,/Game/Environment/River/LI_Hogsmeade_River,,8825.3,-74389.7,4060.2
SM_Bulrush_Reeds_116,PlacedFoliageSkinnedNaniteAssembly,LV_Overland/Region/Hogwarts Valley/Hogsmeade_RiverBlockout/LI_Hogsmeade_River/SM_Bulrush_Reeds_116,F2D6E371-46D1-5CDC-ACE3-A28151089041,1,DL_OVERLAND;DL_RENDER,DL_HM_EXT;DL_HOGSMEADE,LI_Hogsmeade_River,/Game/Environment/River/LI_Hogsmeade_River,,8826.2,-74407.0,4069.3
SM_Bulrush_Reeds_12,PlacedFoliageSkinnedNaniteAssembly,LV_Overland/Region/Hogwarts Valley/Hogsmeade_RiverBlockout/LI_Hogsmeade_River/SM_Bulrush_Reeds_12,673D3626-4828-BFD9-BF0B-EF92AE50B0CA,1,DL_OVERLAND;DL_RENDER,DL_HM_EXT;DL_HOGSMEADE,LI_Hogsmeade_River,/Game/Environment/River/LI_Hogsmeade_River,,12359.3,-67578.6,3391.2
SM_Bulrush_Reeds_125,PlacedFoliageSkinnedNaniteAssembly,LV_Overland/Region/Hogwarts Valley/Hogsmeade_RiverBlockout/LI_Hogsmeade_River/SM_Bulrush_Reeds_125,55402B81-4AA2-6D17-696E-509070C6AFBF,1,DL_OVERLAND;DL_RENDER,DL_HM_EXT;DL_HOGSMEADE,LI_Hogsmeade_River,/Game/Environment/River/LI_Hogsmeade_River,,12319.0,-67505.5,3406.6
SM_Bulrush_Reeds_127,PlacedFoliageSkinnedNaniteAssembly,LV_Overland/Region/Hogwarts Valley/Hogsmeade_RiverBlockout/LI_Hogsmeade_River/SM_Bulrush_Reeds_127,3633FDEF-4179-42FA-027B-B0A7FE80EF03,1,DL_OVERLAND;DL_RENDER,DL_HM_EXT;DL_HOGSMEADE,LI_Hogsmeade_River,/Game/Environment/River/LI_Hogsmeade_River,,12347.3,-67503.2,3420.4
SM_Bulrush_Reeds_129,PlacedFoliageSkinnedNaniteAssembly,LV_Overland/Region/Hogwarts Valley/Hogsmeade_RiverBlockout/LI_Hogsmeade_River/SM_Bulrush_Reeds_129,1D102764-4A1B-2000-F34E-019BD66A6748,1,DL_OVERLAND;DL_RENDER,DL_HM_EXT;DL_HOGSMEADE,LI_Hogsmeade_River,/Game/Environment/River/LI_Hogsmeade_River,,12338.5,-67652.3,3383.2
SM_Bulrush_Reeds_13,PlacedFoliageSkinnedNaniteAssembly,LV_Overland/Region/Hogwarts Valley/Hogsmeade_RiverBlockout/LI_Hogsmeade_River/SM_Bulrush_Reeds_13,8C2C80E8-49C8-9DDA-4135-28B62FA0ECD0,1,DL_OVERLAND;DL_RENDER,DL_HM_EXT;DL_HOGSMEADE,LI_Hogsmeade_River,/Game/Environment/River/LI_Hogsmeade_River,,12264.0,-67487.5,3428.9
SM_Bulrush_Reeds_130,PlacedFoliageSkinnedNaniteAssembly,LV_Overland/Region/Hogwarts Valley/Hogsmeade_RiverBlockout/LI_Hogsmeade_River/SM_Bulrush_Reeds_130,C7D08DE7-4DBF-FD58-0DA6-D387429660DF,1,DL_OVERLAND;DL_RENDER,DL_HM_EXT;DL_HOGSMEADE,LI_Hogsmeade_River,/Game/Environment/River/LI_Hogsmeade_River,,12321.9,-67432.8,3409.3
SM_Bulrush_Reeds_131,PlacedFoliageSkinnedNaniteAssembly,LV_Overland/Region/Hogwarts Valley/Hogsmeade_RiverBlockout/LI_Hogsmeade_River/SM_Bulrush_Reeds_131,14DABA52-45FB-E270-7925-A980F9459A46,1,DL_OVERLAND;DL_RENDER,DL_HM_EXT;DL_HOGSMEADE,LI_Hogsmeade_River,/Game/Environment/River/LI_Hogsmeade_River,,12387.5,-67587.9,3367.8
SM_Bulrush_Reeds_132,PlacedFoliageSkinnedNaniteAssembly,LV_Overland/Region/Hogwarts Valley/Hogsmeade_RiverBlockout/LI_Hogsmeade_River/SM_Bulrush_Reeds_132,77D4C97A-4FBC-8CF3-1514-FF907F4B2D65,1,DL_OVERLAND;DL_RENDER,DL_HM_EXT;DL_HOGSMEADE,LI_Hogsmeade_River,/Game/Environment/River/LI_Hogsmeade_River,,12235.0,-67649.6,3397.8
SM_Bulrush_Reeds_134,PlacedFoliageSkinnedNaniteAssembly,LV_Overland/Region/Hogwarts Valley/Hogsmeade_RiverBlockout/LI_Hogsmeade_River/SM_Bulrush_Reeds_134,DAE0D2A6-42D6-0A52-58BC-E7B432AD366D,1,DL_OVERLAND;DL_RENDER,DL_HM_EXT;DL_HOGSMEADE,LI_Hogsmeade_River,/Game/Environment/River/LI_Hogsmeade_River,,10458.3,-71268.7,3402.4
SM_Bulrush_Reeds_14,PlacedFoliageSkinnedNaniteAssembly,LV_Overland/Region/Hogwarts Valley/Hogsmeade_RiverBlockout/LI_Hogsmeade_River/SM_Bulrush_Reeds_14,06EC622B-4DEC-37B0-08F0-9B9130E5E0C3,1,DL_OVERLAND;DL_RENDER,DL_HM_EXT;DL_HOGSMEADE,LI_Hogsmeade_River,/Game/Environment/River/LI_Hogsmeade_River,,11012.2,-70930.6,3509.5
SM_Bulrush_Reeds_140,PlacedFoliageSkinnedNaniteAssembly,LV_Overland/Region/Hogwarts Valley/Hogsmeade_RiverBlockout/LI_Hogsmeade_River/SM_Bulrush_Reeds_140,609A02E3-4D00-978C-FA16-5FB0676DE73A,1,DL_OVERLAND;DL_RENDER,DL_HM_EXT;DL_HOGSMEADE,LI_Hogsmeade_River,/Game/Environment/River/LI_Hogsmeade_River,,10117.9,-71114.4,3511.8
SM_Bulrush_Reeds_141,PlacedFoliageSkinnedNaniteAssembly,LV_Overland/Region/Hogwarts Valley/Hogsmeade_RiverBlockout/LI_Hogsmeade_River/SM_Bulrush_Reeds_141,9C0EDA91-4F58-A4CA-A951-F29890CEC18A,1,DL_OVERLAND;DL_RENDER,DL_HM_EXT;DL_HOGSMEADE,LI_Hogsmeade_River,/Game/Environment/River/LI_Hogsmeade_River,,15218.9,-86953.6,5739.0
SM_Bulrush_Reeds_142,PlacedFoliageSkinnedNaniteAssembly,LV_Overland/Region/Hogwarts Valley/Hogsmeade_RiverBlockout/LI_Hogsmeade_River/SM_Bulrush_Reeds_142,CD4BECE8-4E32-A051-C43E-89AB73C726D9,1,DL_OVERLAND;DL_RENDER,DL_HM_EXT;DL_HOGSMEADE,LI_Hogsmeade_River,/Game/Environment/River/LI_Hogsmeade_River,,15091.0,-86808.3,5739.0
SM_Bulrush_Reeds_143,PlacedFoliageSkinnedNaniteAssembly,LV_Overland/Region/Hogwarts Valley/Hogsmeade_RiverBlockout/LI_Hogsmeade_River/SM_Bulrush_Reeds_143,05D032C4-410E-8208-0916-35935EE28D1F,1,DL_OVERLAND;DL_RENDER,DL_HM_EXT;DL_HOGSMEADE,LI_Hogsmeade_River,/Game/Environment/River/LI_Hogsmeade_River,,14984.7,-86684.8,5730.0
SM_Bulrush_Reeds_144,PlacedFoliageSkinnedNaniteAssembly,LV_Overland/Region/Hogwarts Valley/Hogsmeade_RiverBlockout/LI_Hogsmeade_River/SM_Bulrush_Reeds_144,AF27C72B-46D1-AF53-AB1F-53A0E4A8C669,1,DL_OVERLAND;DL_RENDER,DL_HM_EXT;DL_HOGSMEADE,LI_Hogsmeade_River,/Game/Environment/River/LI_Hogsmeade_River,,15137.0,-86688.5,5730.0
SM_Bulrush_Reeds_145,PlacedFoliageSkinnedNaniteAssembly,LV_Overland/Region/Hogwarts Valley/Hogsmeade_RiverBlockout/LI_Hogsmeade_River/SM_Bulrush_Reeds_145,929C2FB5-420C-4E6E-6749-C8BDEBC27BA3,1,DL_OVERLAND;DL_RENDER,DL_HM_EXT;DL_HOGSMEADE,LI_Hogsmeade_River,/Game/Environment/River/LI_Hogsmeade_River,,15217.0,-86815.6,5730.0
SM_Bulrush_Reeds_147,PlacedFoliageSkinnedNaniteAssembly,LV_Overland/Region/Hogwarts Valley/Hogsmeade_RiverBlockout/LI_Hogsmeade_River/SM_Bulrush_Reeds_147,941581D2-4DCD-F7A0-A385-AC9342E54EFD,1,DL_OVERLAND;DL_RENDER,DL_HM_EXT;DL_HOGSMEADE,LI_Hogsmeade_River,/Game/Environment/River/LI_Hogsmeade_River,,14469.9,-86714.9,5736.4
SM_Bulrush_Reeds_15,PlacedFoliageSkinnedNaniteAssembly,LV_Overland/Region/Hogwarts Valley/Hogsmeade_RiverBlockout/LI_Hogsmeade_River/SM_Bulrush_Reeds_15,50A558C6-4052-697C-2F13-E89E0687145A,1,DL_OVERLAND;DL_RENDER,DL_HM_EXT;DL_HOGSMEADE,LI_Hogsmeade_River,/Game/Environment/River/LI_Hogsmeade_River,,9997.7,-70520.7,3513.4
SM_Bulrush_Reeds_151,PlacedFoliageSkinnedNaniteAssembly,LV_Overland/Region/Hogwarts Valley/Hogsmeade_RiverBlockout/LI_Hogsmeade_River/SM_Bulrush_Reeds_151,AA608D6A-430C-78BE-AE69-1C95AC2AEA34,1,DL_OVERLAND;DL_RENDER,DL_HM_EXT;DL_HOGSMEADE,LI_Hogsmeade_River,/Game/Environment/River/LI_Hogsmeade_River,,15412.5,-87023.1,5772.9
SM_Bulrush_Reeds_152,PlacedFoliageSkinnedNaniteAssembly,LV_Overland/Region/Hogwarts Valley/Hogsmeade_RiverBlockout/LI_Hogsmeade_River/SM_Bulrush_Reeds_152,7D9904CC-43DC-2495-55F4-3EA3312A5C02,1,DL_OVERLAND;DL_RENDER,DL_HM_EXT;DL_HOGSMEADE,LI_Hogsmeade_River,/Game/Environment/River/LI_Hogsmeade_River,,15481.1,-87106.2,5772.9
SM_Bulrush_Reeds_153,PlacedFoliageSkinnedNaniteAssembly,LV_Overland/Region/Hogwarts Valley/Hogsmeade_RiverBlockout/LI_Hogsmeade_River/SM_Bulrush_Reeds_153,D6C7CCF0-410D-3E74-33E7-DF83F282DD37,1,DL_OVERLAND;DL_RENDER,DL_HM_EXT;DL_HOGSMEADE,LI_Hogsmeade_River,/Game/Environment/River/LI_Hogsmeade_River,,15402.4,-86890.5,5730.0
SM_Bulrush_Reeds_154,PlacedFoliageSkinnedNaniteAssembly,LV_Overland/Region/Hogwarts Valley/Hogsmeade_RiverBlockout/LI_Hogsmeade_River/SM_Bulrush_Reeds_154,A2054800-4511-45E1-C79B-C0A1EAC60C87,1,DL_OVERLAND;DL_RENDER,DL_HM_EXT;DL_HOGSMEADE,LI_Hogsmeade_River,/Game/Environment/River/LI_Hogsmeade_River,,15589.7,-87003.0,5730.0
SM_Bulrush_Reeds_155,PlacedFoliageSkinnedNaniteAssembly,LV_Overland/Region/Hogwarts Valley/Hogsmeade_RiverBlockout/LI_Hogsmeade_River/SM_Bulrush_Reeds_155,31FE319A-445A-EB7B-D064-FD861ABE4315,1,DL_OVERLAND;DL_RENDER,DL_HM_EXT;DL_HOGSMEADE,LI_Hogsmeade_River,/Game/Environment/River/LI_Hogsmeade_River,,15745.9,-86970.4,5730.0
SM_Bulrush_Reeds_156,PlacedFoliageSkinnedNaniteAssembly,LV_Overland/Region/Hogwarts Valley/Hogsmeade_RiverBlockout/LI_Hogsmeade_River/SM_Bulrush_Reeds_156,599D04D4-40DE-941B-91D1-D5A53FEEEC71,1,DL_OVERLAND;DL_RENDER,DL_HM_EXT;DL_HOGSMEADE,LI_Hogsmeade_River,/Game/Environment/River/LI_Hogsmeade_River,,17548.0,-87785.4,5893.1
SM_Bulrush_Reeds_157,PlacedFoliageSkinnedNaniteAssembly,LV_Overland/Region/Hogwarts Valley/Hogsmeade_RiverBlockout/LI_Hogsmeade_River/SM_Bulrush_Reeds_157,45791DC1-4A6C-06FB-A5EF-018C9B6E7572,1,DL_OVERLAND;DL_RENDER,DL_HM_EXT;DL_HOGSMEADE,LI_Hogsmeade_River,/Game/Environment/River/LI_Hogsmeade_River,,17397.6,-87693.5,5893.1
SM_Bulrush_Reeds_158,PlacedFoliageSkinnedNaniteAssembly,LV_Overland/Region/Hogwarts Valley/Hogsmeade_RiverBlockout/LI_Hogsmeade_River/SM_Bulrush_Reeds_158,38F36CA9-4CD6-AF4F-D554-0CB7ABB4C5AC,1,DL_OVERLAND;DL_RENDER,DL_HM_EXT;DL_HOGSMEADE,LI_Hogsmeade_River,/Game/Environment/River/LI_Hogsmeade_River,,17150.9,-87578.1,5880.3
SM_Bulrush_Reeds_159,PlacedFoliageSkinnedNaniteAssembly,LV_Overland/Region/Hogwarts Valley/Hogsmeade_RiverBlockout/LI_Hogsmeade_River/SM_Bulrush_Reeds_159,8B77DBD5-4978-FCF0-02D6-37B36CEE47DB,1,DL_OVERLAND;DL_RENDER,DL_HM_EXT;DL_HOGSMEADE,LI_Hogsmeade_River,/Game/Environment/River/LI_Hogsmeade_River,,17309.6,-87673.0,5880.3
SM_Bulrush_Reeds_16,PlacedFoliageSkinnedNaniteAssembly,LV_Overland/Region/Hogwarts Valley/Hogsmeade_RiverBlockout/LI_Hogsmeade_River/SM_Bulrush_Reeds_16,153018FF-4929-7B21-BA40-BBB075537038,1,DL_OVERLAND;DL_RENDER,DL_HM_EXT;DL_HOGSMEADE,LI_Hogsmeade_River,/Game/Environment/River/LI_Hogsmeade_River,,10073.3,-71173.1,3530.3
SM_Bulrush_Reeds_160,PlacedFoliageSkinnedNaniteAssembly,LV_Overland/Region/Hogwarts Valley/Hogsmeade_RiverBlockout/LI_Hogsmeade_River/SM_Bulrush_Reeds_160,ECA53102-4A7C-46D5-85BA-B2B0DD4FD670,1,DL_OVERLAND;DL_RENDER,DL_HM_EXT;DL_HOGSMEADE,LI_Hogsmeade_River,/Game/Environment/River/LI_Hogsmeade_River,,17180.3,-87648.7,5880.3
SM_Bulrush_Reeds_161,PlacedFoliageSkinnedNaniteAssembly,LV_Overland/Region/Hogwarts Valley/Hogsmeade_RiverBlockout/LI_Hogsmeade_River/SM_Bulrush_Reeds_161,060ABB92-494B-41EF-3317-0786DA80D1ED,1,DL_OVERLAND;DL_RENDER,DL_HM_EXT;DL_HOGSMEADE,LI_Hogsmeade_River,/Game/Environment/River/LI_Hogsmeade_River,,17298.3,-87796.7,5880.3
SM_Bulrush_Reeds_164,PlacedFoliageSkinnedNaniteAssembly,LV_Overland/Region/Hogwarts Valley/Hogsmeade_RiverBlockout/LI_Hogsmeade_River/SM_Bulrush_Reeds_164,760F800A-4219-E8EE-74D4-ACB7E484E4AB,1,DL_OVERLAND;DL_RENDER,DL_HM_EXT;DL_HOGSMEADE,LI_Hogsmeade_River,/Game/Environment/River/LI_Hogsmeade_River,,6223.9,-78634.9,4065.5
SM_Bulrush_Reeds_165,PlacedFoliageSkinnedNaniteAssembly,LV_Overland/Region/Hogwarts Valley/Hogsmeade_RiverBlockout/LI_Hogsmeade_River/SM_Bulrush_Reeds_165,1AB8CBF4-4576-CF97-312F-B5A7AA05FA52,1,DL_OVERLAND;DL_RENDER,DL_HM_EXT;DL_HOGSMEADE,LI_Hogsmeade_River,/Game/Environment/River/LI_Hogsmeade_River,,6202.7,-78721.9,3951.5
SM_Bulrush_Reeds_167,PlacedFoliageSkinnedNaniteAssembly,LV_Overland/Region/Hogwarts Valley/Hogsmeade_RiverBlockout/LI_Hogsmeade_River/SM_Bulrush_Reeds_167,6A36123B-4DB5-ABB3-25BD-9DA0B1528DF5,1,DL_OVERLAND;DL_RENDER,DL_HM_EXT;DL_HOGSMEADE,LI_Hogsmeade_River,/Game/Environment/River/LI_Hogsmeade_River,,6190.2,-78674.2,3998.9
SM_Bulrush_Reeds_17,PlacedFoliageSkinnedNaniteAssembly,LV_Overland/Region/Hogwarts Valley/Hogsmeade_RiverBlockout/LI_Hogsmeade_River/SM_Bulrush_Reeds_17,50886BE0-4D3F-C4B6-1851-F7858F97D73F,1,DL_OVERLAND;DL_RENDER,DL_HM_EXT;DL_HOGSMEADE,LI_Hogsmeade_River,/Game/Environment/River/LI_Hogsmeade_River,,8792.3,-74446.2,4079.0
SM_Bulrush_Reeds_173,PlacedFoliageSkinnedNaniteAssembly,LV_Overland/Region/Hogwarts Valley/Hogsmeade_RiverBlockout/LI_Hogsmeade_River/SM_Bulrush_Reeds_173,5706174B-4583-19E5-98C2-ECADE7F2883C,1,DL_OVERLAND;DL_RENDER,DL_HM_EXT;DL_HOGSMEADE,LI_Hogsmeade_River,/Game/Environment/River/LI_Hogsmeade_River,,10216.5,-70978.5,3479.3
SM_Bulrush_Reeds_174,PlacedFoliageSkinnedNaniteAssembly,LV_Overland/Region/Hogwarts Valley/Hogsmeade_RiverBlockout/LI_Hogsmeade_River/SM_Bulrush_Reeds_174,7B8CC1DE-4426-8258-9DA7-B386FB0DC3D4,1,DL_OVERLAND;DL_RENDER,DL_HM_EXT;DL_HOGSMEADE,LI_Hogsmeade_River,/Game/Environment/River/LI_Hogsmeade_River,,10136.6,-71078.7,3489.7
SM_Bulrush_Reeds_175,PlacedFoliageSkinnedNaniteAssembly,LV_Overland/Region/Hogwarts Valley/Hogsmeade_RiverBlockout/LI_Hogsmeade_River/SM_Bulrush_Reeds_175,DC8DB201-4C4B-3B70-9B81-1BAF103CED23,1,DL_OVERLAND;DL_RENDER,DL_HM_EXT;DL_HOGSMEADE,LI_Hogsmeade_River,/Game/Environment/River/LI_Hogsmeade_River,,10396.1,-70976.4,3467.7
SM_Bulrush_Reeds_176,PlacedFoliageSkinnedNaniteAssembly,LV_Overland/Region/Hogwarts Valley/Hogsmeade_RiverBlockout/LI_Hogsmeade_River/SM_Bulrush_Reeds_176,1AA5A19D-4E5F-B038-9F61-908678009A28,1,DL_OVERLAND;DL_RENDER,DL_HM_EXT;DL_HOGSMEADE,LI_Hogsmeade_River,/Game/Environment/River/LI_Hogsmeade_River,,10341.7,-70935.7,3467.7
SM_Bulrush_Reeds_177,PlacedFoliageSkinnedNaniteAssembly,LV_Overland/Region/Hogwarts Valley/Hogsmeade_RiverBlockout/LI_Hogsmeade_River/SM_Bulrush_Reeds_177,3CD99706-4232-F08C-DCB1-C4A1AD1F0CDE,1,DL_OVERLAND;DL_RENDER,DL_HM_EXT;DL_HOGSMEADE,LI_Hogsmeade_River,/Game/Environment/River/LI_Hogsmeade_River,,10454.1,-70873.4,3467.7
SM_Bulrush_Reeds_178,PlacedFoliageSkinnedNaniteAssembly,LV_Overland/Region/Hogwarts Valley/Hogsmeade_RiverBlockout/LI_Hogsmeade_River/SM_Bulrush_Reeds_178,56931A38-42F2-E85A-8878-019337B0C28B,1,DL_OVERLAND;DL_RENDER,DL_HM_EXT;DL_HOGSMEADE,LI_Hogsmeade_River,/Game/Environment/River/LI_Hogsmeade_River,,10157.2,-71082.7,3503.9
SM_Bulrush_Reeds_18,PlacedFoliageSkinnedNaniteAssembly,LV_Overland/Region/Hogwarts Valley/Hogsmeade_RiverBlockout/LI_Hogsmeade_River/SM_Bulrush_Reeds_18,D0D3B845-4C92-E124-8EAA-50999BFD84F8,1,DL_OVERLAND;DL_RENDER,DL_HM_EXT;DL_HOGSMEADE,LI_Hogsmeade_River,/Game/Environment/River/LI_Hogsmeade_River,,8832.7,-74251.7,4021.5
SM_Bulrush_Reeds_19,PlacedFoliageSkinnedNaniteAssembly,LV_Overland/Region/Hogwarts Valley/Hogsmeade_RiverBlockout/LI_Hogsmeade_River/SM_Bulrush_Reeds_19,E7137D8E-4F01-7910-5A46-CEAA20A20DA6,1,DL_OVERLAND;DL_RENDER,DL_HM_EXT;DL_HOGSMEADE,LI_Hogsmeade_River,/Game/Environment/River/LI_Hogsmeade_River,,6350.5,-79045.7,4019.1
SM_Bulrush_Reeds_22,PlacedFoliageSkinnedNaniteAssembly,LV_Overland/Region/Hogwarts Valley/Hogsmeade_RiverBlockout/LI_Hogsmeade_River/SM_Bulrush_Reeds_22,7C3C8A51-42F3-5E84-04F4-5F8E6D66321C,1,DL_OVERLAND;DL_RENDER,DL_HM_EXT;DL_HOGSMEADE,LI_Hogsmeade_River,/Game/Environment/River/LI_Hogsmeade_River,,5903.2,-79932.0,4150.1
SM_Bulrush_Reeds_23,PlacedFoliageSkinnedNaniteAssembly,LV_Overland/Region/Hogwarts Valley/Hogsmeade_RiverBlockout/LI_Hogsmeade_River/SM_Bulrush_Reeds_23,2C8C23DE-447E-0804-367F-E4B65ECAF635,1,DL_OVERLAND;DL_RENDER,DL_HM_EXT;DL_HOGSMEADE,LI_Hogsmeade_River,/Game/Environment/River/LI_Hogsmeade_River,,5949.6,-79853.7,4160.1
SM_Bulrush_Reeds_26,PlacedFoliageSkinnedNaniteAssembly,LV_Overland/Region/Hogwarts Valley/Hogsmeade_RiverBlockout/LI_Hogsmeade_River/SM_Bulrush_Reeds_26,6040E2D2-4DD2-BBB2-5537-9F9C1F54F128,1,DL_OVERLAND;DL_RENDER,DL_HM_EXT;DL_HOGSMEADE,LI_Hogsmeade_River,/Game/Environment/River/LI_Hogsmeade_River,,3117.0,-79616.8,4122.5
SM_Bulrush_Reeds_27,PlacedFoliageSkinnedNaniteAssembly,LV_Overland/Region/Hogwarts Valley/Hogsmeade_RiverBlockout/LI_Hogsmeade_River/SM_Bulrush_Reeds_27,DE5415CE-4FD1-B849-7F54-ED85B3EF8B9C,1,DL_OVERLAND;DL_RENDER,DL_HM_EXT;DL_HOGSMEADE,LI_Hogsmeade_River,/Game/Environment/River/LI_Hogsmeade_River,,6357.4,-78920.2,4006.1
SM_Bulrush_Reeds_28,PlacedFoliageSkinnedNaniteAssembly,LV_Overland/Region/Hogwarts Valley/Hogsmeade_RiverBlockout/LI_Hogsmeade_River/SM_Bulrush_Reeds_28,4E79F930-464B-338B-8232-C6AC411A8744,1,DL_OVERLAND;DL_RENDER,DL_HM_EXT;DL_HOGSMEADE,LI_Hogsmeade_River,/Game/Environment/River/LI_Hogsmeade_River,,6345.7,-78738.8,3947.1
SM_Bulrush_Reeds_29,PlacedFoliageSkinnedNaniteAssembly,LV_Overland/Region/Hogwarts Valley/Hogsmeade_RiverBlockout/LI_Hogsmeade_River/SM_Bulrush_Reeds_29,445CF237-429E-8AF8-EACA-6C86D61AC8C7,1,DL_OVERLAND;DL_RENDER,DL_HM_EXT;DL_HOGSMEADE,LI_Hogsmeade_River,/Game/Environment/River/LI_Hogsmeade_River,,5967.2,-79919.6,4177.4
SM_Bulrush_Reeds_30,PlacedFoliageSkinnedNaniteAssembly,LV_Overland/Region/Hogwarts Valley/Hogsmeade_RiverBlockout/LI_Hogsmeade_River/SM_Bulrush_Reeds_30,064B9638-4A34-E558-C41D-31B6B52D4F50,1,DL_OVERLAND;DL_RENDER,DL_HM_EXT;DL_HOGSMEADE,LI_Hogsmeade_River,/Game/Environment/River/LI_Hogsmeade_River,,5941.3,-79940.9,4162.8
SM_Bulrush_Reeds_32,PlacedFoliageSkinnedNaniteAssembly,LV_Overland/Region/Hogwarts Valley/Hogsmeade_RiverBlockout/LI_Hogsmeade_River/SM_Bulrush_Reeds_32,C914FE3A-4006-DA3C-2309-2195D34E743B,1,DL_OVERLAND;DL_RENDER,DL_HM_EXT;DL_HOGSMEADE,LI_Hogsmeade_River,/Game/Environment/River/LI_Hogsmeade_River,,8744.7,-74344.7,4003.1
SM_Bulrush_Reeds_33,PlacedFoliageSkinnedNaniteAssembly,LV_Overland/Region/Hogwarts Valley/Hogsmeade_RiverBlockout/LI_Hogsmeade_River/SM_Bulrush_Reeds_33,9A3B49BD-4EF6-9D3D-1F40-61A5B7418B71,1,DL_OVERLAND;DL_RENDER,DL_HM_EXT;DL_HOGSMEADE,LI_Hogsmeade_River,/Game/Environment/River/LI_Hogsmeade_River,,6369.0,-79079.9,4097.7
SM_Bulrush_Reeds_34,PlacedFoliageSkinnedNaniteAssembly,LV_Overland/Region/Hogwarts Valley/Hogsmeade_RiverBlockout/LI_Hogsmeade_River/SM_Bulrush_Reeds_34,B8B91B56-48A3-55A9-D312-95877F790453,1,DL_OVERLAND;DL_RENDER,DL_HM_EXT;DL_HOGSMEADE,LI_Hogsmeade_River,/Game/Environment/River/LI_Hogsmeade_River,,6420.9,-78986.4,4097.7
SM_Bulrush_Reeds_35,PlacedFoliageSkinnedNaniteAssembly,LV_Overland/Region/Hogwarts Valley/Hogsmeade_RiverBlockout/LI_Hogsmeade_River/SM_Bulrush_Reeds_35,C5EBD0B6-415B-476E-0F54-FE8AFAAD9C0E,1,DL_OVERLAND;DL_RENDER,DL_HM_EXT;DL_HOGSMEADE,LI_Hogsmeade_River,/Game/Environment/River/LI_Hogsmeade_River,,3045.4,-79579.3,4145.7
SM_Bulrush_Reeds_4,PlacedFoliageSkinnedNaniteAssembly,LV_Overland/Region/Hogwarts Valley/Hogsmeade_RiverBlockout/LI_Hogsmeade_River/SM_Bulrush_Reeds_4,8B7461B5-47C4-2BF0-659A-91B909026B6C,1,DL_OVERLAND;DL_RENDER,DL_HM_EXT;DL_HOGSMEADE,LI_Hogsmeade_River,/Game/Environment/River/LI_Hogsmeade_River,,10005.7,-70592.8,3525.5
SM_Bulrush_Reeds_48,PlacedFoliageSkinnedNaniteAssembly,LV_Overland/Region/Hogwarts Valley/Hogsmeade_RiverBlockout/LI_Hogsmeade_River/SM_Bulrush_Reeds_48,05100D2C-44C9-9DE4-7A0B-51B7FDCC6119,1,DL_OVERLAND;DL_RENDER,DL_HM_EXT;DL_HOGSMEADE,LI_Hogsmeade_River,/Game/Environment/River/LI_Hogsmeade_River,,10296.1,-71344.3,3531.9
SM_Bulrush_Reeds_49,PlacedFoliageSkinnedNaniteAssembly,LV_Overland/Region/Hogwarts Valley/Hogsmeade_RiverBlockout/LI_Hogsmeade_River/SM_Bulrush_Reeds_49,DA22FBB6-49A8-6E73-35A2-9D8C026FECB1,1,DL_OVERLAND;DL_RENDER,DL_HM_EXT;DL_HOGSMEADE,LI_Hogsmeade_River,/Game/Environment/River/LI_Hogsmeade_River,,10810.9,-70377.6,3565.5
SM_Bulrush_Reeds_5,PlacedFoliageSkinnedNaniteAssembly,LV_Overland/Region/Hogwarts Valley/Hogsmeade_RiverBlockout/LI_Hogsmeade_River/SM_Bulrush_Reeds_5,921397AD-4427-E6D6-FD03-9FAB882202A4,1,DL_OVERLAND;DL_RENDER,DL_HM_EXT;DL_HOGSMEADE,LI_Hogsmeade_River,/Game/Environment/River/LI_Hogsmeade_River,,10001.5,-70574.5,3525.3
SM_Bulrush_Reeds_50,PlacedFoliageSkinnedNaniteAssembly,LV_Overland/Region/Hogwarts Valley/Hogsmeade_RiverBlockout/LI_Hogsmeade_River/SM_Bulrush_Reeds_50,B10C9547-4028-C262-01DD-FFA40089D3F5,1,DL_OVERLAND;DL_RENDER,DL_HM_EXT;DL_HOGSMEADE,LI_Hogsmeade_River,/Game/Environment/River/LI_Hogsmeade_River,,10097.3,-71107.5,3512.6
SM_Bulrush_Reeds_51,PlacedFoliageSkinnedNaniteAssembly,LV_Overland/Region/Hogwarts Valley/Hogsmeade_RiverBlockout/LI_Hogsmeade_River/SM_Bulrush_Reeds_51,5A3E3ECC-4363-8200-E948-40BBEA3B8FD9,1,DL_OVERLAND;DL_RENDER,DL_HM_EXT;DL_HOGSMEADE,LI_Hogsmeade_River,/Game/Environment/River/LI_Hogsmeade_River,,8688.9,-74517.1,3991.5
SM_Bulrush_Reeds_52,PlacedFoliageSkinnedNaniteAssembly,LV_Overland/Region/Hogwarts Valley/Hogsmeade_RiverBlockout/LI_Hogsmeade_River/SM_Bulrush_Reeds_52,D9AE4AA5-41B7-A7E9-08A6-7B9349CE224E,1,DL_OVERLAND;DL_RENDER,DL_HM_EXT;DL_HOGSMEADE,LI_Hogsmeade_River,/Game/Environment/River/LI_Hogsmeade_River,,8823.9,-74374.3,4076.6
SM_Bulrush_Reeds_55,PlacedFoliageSkinnedNaniteAssembly,LV_Overland/Region/Hogwarts Valley/Hogsmeade_RiverBlockout/LI_Hogsmeade_River/SM_Bulrush_Reeds_55,491FE0A4-478B-AC6D-E59C-23995D9053D2,1,DL_OVERLAND;DL_RENDER,DL_HM_EXT;DL_HOGSMEADE,LI_Hogsmeade_River,/Game/Environment/River/LI_Hogsmeade_River,,6335.0,-78852.5,4106.2
SM_Bulrush_Reeds_56,PlacedFoliageSkinnedNaniteAssembly,LV_Overland/Region/Hogwarts Valley/Hogsmeade_RiverBlockout/LI_Hogsmeade_River/SM_Bulrush_Reeds_56,90FC2CB7-4AF4-0A2E-2D3B-6D8D93377972,1,DL_OVERLAND;DL_RENDER,DL_HM_EXT;DL_HOGSMEADE,LI_Hogsmeade_River,/Game/Environment/River/LI_Hogsmeade_River,,6255.6,-78975.1,4022.8
SM_Bulrush_Reeds_57,PlacedFoliageSkinnedNaniteAssembly,LV_Overland/Region/Hogwarts Valley/Hogsmeade_RiverBlockout/LI_Hogsmeade_River/SM_Bulrush_Reeds_57,23238D80-4C1C-CE31-6DAA-7BBA11EB19E8,1,DL_OVERLAND;DL_RENDER,DL_HM_EXT;DL_HOGSMEADE,LI_Hogsmeade_River,/Game/Environment/River/LI_Hogsmeade_River,,6231.6,-78735.8,4035.9
SM_Bulrush_Reeds_6,PlacedFoliageSkinnedNaniteAssembly,LV_Overland/Region/Hogwarts Valley/Hogsmeade_RiverBlockout/LI_Hogsmeade_River/SM_Bulrush_Reeds_6,C455D0B6-4FDE-B8B0-C6E8-87B77DA8EADC,1,DL_OVERLAND;DL_RENDER,DL_HM_EXT;DL_HOGSMEADE,LI_Hogsmeade_River,/Game/Environment/River/LI_Hogsmeade_River,,10966.6,-70820.6,3473.4
SM_Bulrush_Reeds_61,PlacedFoliageSkinnedNaniteAssembly,LV_Overland/Region/Hogwarts Valley/Hogsmeade_RiverBlockout/LI_Hogsmeade_River/SM_Bulrush_Reeds_61,4901176F-4F39-2E30-9683-D58F2BC5BFF9,1,DL_OVERLAND;DL_RENDER,DL_HM_EXT;DL_HOGSMEADE,LI_Hogsmeade_River,/Game/Environment/River/LI_Hogsmeade_River,,6269.0,-78627.0,4123.0
SM_Bulrush_Reeds_68,PlacedFoliageSkinnedNaniteAssembly,LV_Overland/Region/Hogwarts Valley/Hogsmeade_RiverBlockout/LI_Hogsmeade_River/SM_Bulrush_Reeds_68,3DE25F95-4507-C9A0-A697-3F91FFED6C96,1,DL_OVERLAND;DL_RENDER,DL_HM_EXT;DL_HOGSMEADE,LI_Hogsmeade_River,/Game/Environment/River/LI_Hogsmeade_River,,6352.6,-78423.3,4021.7
SM_Bulrush_Reeds_69,PlacedFoliageSkinnedNaniteAssembly,LV_Overland/Region/Hogwarts Valley/Hogsmeade_RiverBlockout/LI_Hogsmeade_River/SM_Bulrush_Reeds_69,8B0CE843-4569-BC16-F5D5-E1A7DD7ABD08,1,DL_OVERLAND;DL_RENDER,DL_HM_EXT;DL_HOGSMEADE,LI_Hogsmeade_River,/Game/Environment/River/LI_Hogsmeade_River,,6237.3,-78563.2,4037.1
SM_Bulrush_Reeds_7,PlacedFoliageSkinnedNaniteAssembly,LV_Overland/Region/Hogwarts Valley/Hogsmeade_RiverBlockout/LI_Hogsmeade_River/SM_Bulrush_Reeds_7,AA84F067-46C9-842B-C0B8-5D8EE09DC427,1,DL_OVERLAND;DL_RENDER,DL_HM_EXT;DL_HOGSMEADE,LI_Hogsmeade_River,/Game/Environment/River/LI_Hogsmeade_River,,10948.8,-70844.7,3488.6
SM_Bulrush_Reeds_70,PlacedFoliageSkinnedNaniteAssembly,LV_Overland/Region/Hogwarts Valley/Hogsmeade_RiverBlockout/LI_Hogsmeade_River/SM_Bulrush_Reeds_70,34114B5C-489C-1E95-7469-6BBCEA1C82CB,1,DL_OVERLAND;DL_RENDER,DL_HM_EXT;DL_HOGSMEADE,LI_Hogsmeade_River,/Game/Environment/River/LI_Hogsmeade_River,,6190.8,-78700.1,4037.1
SM_Bulrush_Reeds_71,PlacedFoliageSkinnedNaniteAssembly,LV_Overland/Region/Hogwarts Valley/Hogsmeade_RiverBlockout/LI_Hogsmeade_River/SM_Bulrush_Reeds_71,DF221E86-4AF1-16AE-3BB1-EF96CBECE723,1,DL_OVERLAND;DL_RENDER,DL_HM_EXT;DL_HOGSMEADE,LI_Hogsmeade_River,/Game/Environment/River/LI_Hogsmeade_River,,6344.9,-78412.1,4021.8
SM_Bulrush_Reeds_72,PlacedFoliageSkinnedNaniteAssembly,LV_Overland/Region/Hogwarts Valley/Hogsmeade_RiverBlockout/LI_Hogsmeade_River/SM_Bulrush_Reeds_72,39943E77-4D44-107E-FFDE-FB9E67466662,1,DL_OVERLAND;DL_RENDER,DL_HM_EXT;DL_HOGSMEADE,LI_Hogsmeade_River,/Game/Environment/River/LI_Hogsmeade_River,,6238.4,-78620.9,4097.4
SM_Bulrush_Reeds_73,PlacedFoliageSkinnedNaniteAssembly,LV_Overland/Region/Hogwarts Valley/Hogsmeade_RiverBlockout/LI_Hogsmeade_River/SM_Bulrush_Reeds_73,8A94066E-4878-37DA-2F79-19ACDF20CF77,1,DL_OVERLAND;DL_RENDER,DL_HM_EXT;DL_HOGSMEADE,LI_Hogsmeade_River,/Game/Environment/River/LI_Hogsmeade_River,,6212.8,-78596.5,4083.2
SM_Bulrush_Reeds_8,PlacedFoliageSkinnedNaniteAssembly,LV_Overland/Region/Hogwarts Valley/Hogsmeade_RiverBlockout/LI_Hogsmeade_River/SM_Bulrush_Reeds_8,A9281EE8-476E-4162-10BB-9FBEAB74285B,1,DL_OVERLAND;DL_RENDER,DL_HM_EXT;DL_HOGSMEADE,LI_Hogsmeade_River,/Game/Environment/River/LI_Hogsmeade_River,,10872.3,-70935.7,3495.5
SM_Bulrush_Reeds_83,PlacedFoliageSkinnedNaniteAssembly,LV_Overland/Region/Hogwarts Valley/Hogsmeade_RiverBlockout/LI_Hogsmeade_River/SM_Bulrush_Reeds_83,982DFEFF-4FA6-24A0-EEA5-F6ABC45F0CED,1,DL_OVERLAND;DL_RENDER,DL_HM_EXT;DL_HOGSMEADE,LI_Hogsmeade_River,/Game/Environment/River/LI_Hogsmeade_River,,4702.6,-77104.0,4057.6
SM_Bulrush_Reeds_84,PlacedFoliageSkinnedNaniteAssembly,LV_Overland/Region/Hogwarts Valley/Hogsmeade_RiverBlockout/LI_Hogsmeade_River/SM_Bulrush_Reeds_84,066754C0-41A1-7588-1ADB-369DD0BD45D4,1,DL_OVERLAND;DL_RENDER,DL_HM_EXT;DL_HOGSMEADE,LI_Hogsmeade_River,/Game/Environment/River/LI_Hogsmeade_River,,4774.1,-77061.0,4065.1
SM_Bulrush_Reeds_85,PlacedFoliageSkinnedNaniteAssembly,LV_Overland/Region/Hogwarts Valley/Hogsmeade_RiverBlockout/LI_Hogsmeade_River/SM_Bulrush_Reeds_85,71B809DF-4F47-F2F0-E4D6-17AC42A611D9,1,DL_OVERLAND;DL_RENDER,DL_HM_EXT;DL_HOGSMEADE,LI_Hogsmeade_River,/Game/Environment/River/LI_Hogsmeade_River,,4754.0,-77133.7,4001.2
SM_Bulrush_Reeds_86,PlacedFoliageSkinnedNaniteAssembly,LV_Overland/Region/Hogwarts Valley/Hogsmeade_RiverBlockout/LI_Hogsmeade_River/SM_Bulrush_Reeds_86,BB8919D4-497C-A4BF-B737-8CAFE7B81A54,1,DL_OVERLAND;DL_RENDER,DL_HM_EXT;DL_HOGSMEADE,LI_Hogsmeade_River,/Game/Environment/River/LI_Hogsmeade_River,,4749.7,-77101.0,4000.7
SM_Bulrush_Reeds_87,PlacedFoliageSkinnedNaniteAssembly,LV_Overland/Region/Hogwarts Valley/Hogsmeade_RiverBlockout/LI_Hogsmeade_River/SM_Bulrush_Reeds_87,0340F680-4206-65A5-F1D9-E6A215EADE0A,1,DL_OVERLAND;DL_RENDER,DL_HM_EXT;DL_HOGSMEADE,LI_Hogsmeade_River,/Game/Environment/River/LI_Hogsmeade_River,,4753.9,-77180.0,3987.8
SM_Bulrush_Reeds_88,PlacedFoliageSkinnedNaniteAssembly,LV_Overland/Region/Hogwarts Valley/Hogsmeade_RiverBlockout/LI_Hogsmeade_River/SM_Bulrush_Reeds_88,9DEED87C-4C64-62AC-871F-71A2F8133B44,1,DL_OVERLAND;DL_RENDER,DL_HM_EXT;DL_HOGSMEADE,LI_Hogsmeade_River,/Game/Environment/River/LI_Hogsmeade_River,,4553.7,-77152.1,4036.6
SM_Bulrush_Reeds_89,PlacedFoliageSkinnedNaniteAssembly,LV_Overland/Region/Hogwarts Valley/Hogsmeade_RiverBlockout/LI_Hogsmeade_River/SM_Bulrush_Reeds_89,D0609A38-4834-D5A2-2E0E-5AA1DC80CEB5,1,DL_OVERLAND;DL_RENDER,DL_HM_EXT;DL_HOGSMEADE,LI_Hogsmeade_River,/Game/Environment/River/LI_Hogsmeade_River,,4152.5,-77400.1,4024.1
SM_Bulrush_Reeds_9,PlacedFoliageSkinnedNaniteAssembly,LV_Overland/Region/Hogwarts Valley/Hogsmeade_RiverBlockout/LI_Hogsmeade_River/SM_Bulrush_Reeds_9,041783A7-480D-2D6B-B170-96BFCDFAE362,1,DL_OVERLAND;DL_RENDER,DL_HM_EXT;DL_HOGSMEADE,LI_Hogsmeade_River,/Game/Environment/River/LI_Hogsmeade_River,,10860.5,-70915.6,3523.8
SM_Bulrush_Reeds_90,PlacedFoliageSkinnedNaniteAssembly,LV_Overland/Region/Hogwarts Valley/Hogsmeade_RiverBlockout/LI_Hogsmeade_River/SM_Bulrush_Reeds_90,54CA7042-4AE8-07E5-C091-FA8E0D76534A,1,DL_OVERLAND;DL_RENDER,DL_HM_EXT;DL_HOGSMEADE,LI_Hogsmeade_River,/Game/Environment/River/LI_Hogsmeade_River,,4108.9,-77364.0,4097.7
SM_Bulrush_Reeds_91,PlacedFoliageSkinnedNaniteAssembly,LV_Overland/Region/Hogwarts Valley/Hogsmeade_RiverBlockout/LI_Hogsmeade_River/SM_Bulrush_Reeds_91,602CEAA1-4667-293B-6129-4FA505284C07,1,DL_OVERLAND;DL_RENDER,DL_HM_EXT;DL_HOGSMEADE,LI_Hogsmeade_River,/Game/Environment/River/LI_Hogsmeade_River,,4161.9,-77220.7,4052.0
SM_Bulrush_Reeds_92,PlacedFoliageSkinnedNaniteAssembly,LV_Overland/Region/Hogwarts Valley/Hogsmeade_RiverBlockout/LI_Hogsmeade_River/SM_Bulrush_Reeds_92,B859171D-4DF6-607F-7C19-FC96FCD83747,1,DL_OVERLAND;DL_RENDER,DL_HM_EXT;DL_HOGSMEADE,LI_Hogsmeade_River,/Game/Environment/River/LI_Hogsmeade_River,,4097.2,-77310.0,4097.7
SM_Bulrush_Reeds_93,PlacedFoliageSkinnedNaniteAssembly,LV_Overland/Region/Hogwarts Valley/Hogsmeade_RiverBlockout/LI_Hogsmeade_River/SM_Bulrush_Reeds_93,61581B19-4B89-C38B-E8B1-3A9076C62219,1,DL_OVERLAND;DL_RENDER,DL_HM_EXT;DL_HOGSMEADE,LI_Hogsmeade_River,/Game/Environment/River/LI_Hogsmeade_River,,4134.3,-77302.3,4037.4
SM_Bulrush_Reeds_94,PlacedFoliageSkinnedNaniteAssembly,LV_Overland/Region/Hogwarts Valley/Hogsmeade_RiverBlockout/LI_Hogsmeade_River/SM_Bulrush_Reeds_94,6016E979-49A0-F672-ADC2-C9A904C63EE0,1,DL_OVERLAND;DL_RENDER,DL_HM_EXT;DL_HOGSMEADE,LI_Hogsmeade_River,/Game/Environment/River/LI_Hogsmeade_River,,4092.3,-77274.6,4097.7
SM_Bulrush_Reeds_95,PlacedFoliageSkinnedNaniteAssembly,LV_Overland/Region/Hogwarts Valley/Hogsmeade_RiverBlockout/LI_Hogsmeade_River/SM_Bulrush_Reeds_95,08652074-4084-8711-ED72-D1802FBE170D,1,DL_OVERLAND;DL_RENDER,DL_HM_EXT;DL_HOGSMEADE,LI_Hogsmeade_River,/Game/Environment/River/LI_Hogsmeade_River,,3151.2,-79227.5,4117.6
SM_Bulrush_Reeds_96,PlacedFoliageSkinnedNaniteAssembly,LV_Overland/Region/Hogwarts Valley/Hogsmeade_RiverBlockout/LI_Hogsmeade_River/SM_Bulrush_Reeds_96,1AF47327-427A-0110-08E4-E28489C18D9D,1,DL_OVERLAND;DL_RENDER,DL_HM_EXT;DL_HOGSMEADE,LI_Hogsmeade_River,/Game/Environment/River/LI_Hogsmeade_River,,3048.4,-79325.0,4078.3
SM_Bulrush_Reeds_97,PlacedFoliageSkinnedNaniteAssembly,LV_Overland/Region/Hogwarts Valley/Hogsmeade_RiverBlockout/LI_Hogsmeade_River/SM_Bulrush_Reeds_97,7267A24B-4560-9520-1EC7-C8A1AD030D16,1,DL_OVERLAND;DL_RENDER,DL_HM_EXT;DL_HOGSMEADE,LI_Hogsmeade_River,/Game/Environment/River/LI_Hogsmeade_River,,2769.7,-78788.8,4078.3
SM_Bulrush_Reeds_98,PlacedFoliageSkinnedNaniteAssembly,LV_Overland/Region/Hogwarts Valley/Hogsmeade_RiverBlockout/LI_Hogsmeade_River/SM_Bulrush_Reeds_98,51BD2738-4B07-5763-9B75-9EAE82592BC1,1,DL_OVERLAND;DL_RENDER,DL_HM_EXT;DL_HOGSMEADE,LI_Hogsmeade_River,/Game/Environment/River/LI_Hogsmeade_River,,3134.3,-79331.2,4060.0
SM_Bulrush_Reeds_99,PlacedFoliageSkinnedNaniteAssembly,LV_Overland/Region/Hogwarts Valley/Hogsmeade_RiverBlockout/LI_Hogsmeade_River/SM_Bulrush_Reeds_99,FE7910E1-4F51-A999-18BD-1C9A94D78DB8,1,DL_OVERLAND;DL_RENDER,DL_HM_EXT;DL_HOGSMEADE,LI_Hogsmeade_River,/Game/Environment/River/LI_Hogsmeade_River,,3075.9,-79023.1,4095.0
SM_Foxglove_A10,PlacedFoliageSkinnedNaniteAssembly,LV_Overland/Region/Hogwarts Valley/Hogsmeade_RiverBlockout/LI_Hogsmeade_River/SM_Foxglove_A10,A74FCEE1-406A-1ACD-4286-86B4A9EF34DB,1,DL_OVERLAND;DL_RENDER,DL_HM_EXT;DL_HOGSMEADE,LI_Hogsmeade_River,/Game/Environment/River/LI_Hogsmeade_River,,10105.4,-72854.9,4309.9
SM_Foxglove_A11,PlacedFoliageSkinnedNaniteAssembly,LV_Overland/Region/Hogwarts Valley/Hogsmeade_RiverBlockout/LI_Hogsmeade_River/SM_Foxglove_A11,A41F0FC6-4EDB-6518-45C4-E99DCA415866,1,DL_OVERLAND;DL_RENDER,DL_HM_EXT;DL_HOGSMEADE,LI_Hogsmeade_River,/Game/Environment/River/LI_Hogsmeade_River,,10146.1,-72833.2,4308.7
SM_Foxglove_A5,PlacedFoliageSkinnedNaniteAssembly,LV_Overland/Region/Hogwarts Valley/Hogsmeade_RiverBlockout/LI_Hogsmeade_River/SM_Foxglove_A5,68EC8A37-495C-5136-426A-A6B36C6C1747,1,DL_OVERLAND;DL_RENDER,DL_HM_EXT;DL_HOGSMEADE,LI_Hogsmeade_River,/Game/Environment/River/LI_Hogsmeade_River,,6556.9,-78578.1,4355.0
SM_Foxglove_A6,PlacedFoliageSkinnedNaniteAssembly,LV_Overland/Region/Hogwarts Valley/Hogsmeade_RiverBlockout/LI_Hogsmeade_River/SM_Foxglove_A6,F95C4DA4-4969-3722-F075-AA8165464BB8,1,DL_OVERLAND;DL_RENDER,DL_HM_EXT;DL_HOGSMEADE,LI_Hogsmeade_River,/Game/Environment/River/LI_Hogsmeade_River,,7478.4,-75848.4,4221.8
SM_Foxglove_A7,PlacedFoliageSkinnedNaniteAssembly,LV_Overland/Region/Hogwarts Valley/Hogsmeade_RiverBlockout/LI_Hogsmeade_River/SM_Foxglove_A7,14191CDA-474A-A3EA-6C15-A0AEF82A1797,1,DL_OVERLAND;DL_RENDER,DL_HM_EXT;DL_HOGSMEADE,LI_Hogsmeade_River,/Game/Environment/River/LI_Hogsmeade_River,,7575.1,-75846.2,4232.0
SM_Foxglove_B6,PlacedFoliageSkinnedNaniteAssembly,LV_Overland/Region/Hogwarts Valley/Hogsmeade_RiverBlockout/LI_Hogsmeade_River/SM_Foxglove_B6,32386D6B-4D90-7501-02C4-FAA74882BF3A,1,DL_OVERLAND;DL_RENDER,DL_HM_EXT;DL_HOGSMEADE,LI_Hogsmeade_River,/Game/Environment/River/LI_Hogsmeade_River,,6578.0,-78536.1,4352.6
SM_Foxglove_B7,PlacedFoliageSkinnedNaniteAssembly,LV_Overland/Region/Hogwarts Valley/Hogsmeade_RiverBlockout/LI_Hogsmeade_River/SM_Foxglove_B7,0F5787E2-4969-23B9-B048-D090E5CCE4EB,1,DL_OVERLAND;DL_RENDER,DL_HM_EXT;DL_HOGSMEADE,LI_Hogsmeade_River,/Game/Environment/River/LI_Hogsmeade_River,,7414.5,-75925.2,4219.6
SM_Foxglove_B9,PlacedFoliageSkinnedNaniteAssembly,LV_Overland/Region/Hogwarts Valley/Hogsmeade_RiverBlockout/LI_Hogsmeade_River/SM_Foxglove_B9,65C6DAC2-4654-9430-3CBE-758CE0BD2C2F,1,DL_OVERLAND;DL_RENDER,DL_HM_EXT;DL_HOGSMEADE,LI_Hogsmeade_River,/Game/Environment/River/LI_Hogsmeade_River,,10035.1,-72883.2,4309.1
SM_Foxglove_C3,PlacedFoliageSkinnedNaniteAssembly,LV_Overland/Region/Hogwarts Valley/Hogsmeade_RiverBlockout/LI_Hogsmeade_River/SM_Foxglove_C3,8CFDC605-465C-76D0-D7E1-DF8F1375713F,1,DL_OVERLAND;DL_RENDER,DL_HM_EXT;DL_HOGSMEADE,LI_Hogsmeade_River,/Game/Environment/River/LI_Hogsmeade_River,,6488.2,-78466.1,4348.2
SM_Foxglove_C4,PlacedFoliageSkinnedNaniteAssembly,LV_Overland/Region/Hogwarts Valley/Hogsmeade_RiverBlockout/LI_Hogsmeade_River/SM_Foxglove_C4,13480D33-428F-74A2-FDD2-839524D514CC,1,DL_OVERLAND;DL_RENDER,DL_HM_EXT;DL_HOGSMEADE,LI_Hogsmeade_River,/Game/Environment/River/LI_Hogsmeade_River,,7423.1,-75887.3,4188.6
SM_Foxglove_C6,PlacedFoliageSkinnedNaniteAssembly,LV_Overland/Region/Hogwarts Valley/Hogsmeade_RiverBlockout/LI_Hogsmeade_River/SM_Foxglove_C6,D1ABA3CC-439B-8C79-5758-FBBDA1F4772A,1,DL_OVERLAND;DL_RENDER,DL_HM_EXT;DL_HOGSMEADE,LI_Hogsmeade_River,/Game/Environment/River/LI_Hogsmeade_River,,9973.5,-72887.0,4293.2
SM_Gorse_A17,PlacedFoliageSkinnedNaniteAssembly,LV_Overland/Region/Hogwarts Valley/Hogsmeade_RiverBlockout/LI_Hogsmeade_River/SM_Gorse_A17,42373774-42FE-9AAD-46CD-0EB021C86D7C,1,DL_OVERLAND;DL_RENDER,DL_HM_EXT;DL_HOGSMEADE,LI_Hogsmeade_River,/Game/Environment/River/LI_Hogsmeade_River,,12294.8,-71351.0,3919.2
SM_Gorse_A18,PlacedFoliageSkinnedNaniteAssembly,LV_Overland/Region/Hogwarts Valley/Hogsmeade_RiverBlockout/LI_Hogsmeade_River/SM_Gorse_A18,5D54D760-421A-5614-734E-8F8FFC626B18,1,DL_OVERLAND;DL_RENDER,DL_HM_EXT;DL_HOGSMEADE,LI_Hogsmeade_River,/Game/Environment/River/LI_Hogsmeade_River,,11917.8,-71689.5,3988.5
SM_Gorse_A2,PlacedFoliageSkinnedNaniteAssembly,LV_Overland/Region/Hogwarts Valley/Hogsmeade_RiverBlockout/LI_Hogsmeade_River/SM_Gorse_A2,E77E69D2-4DC4-CF08-0817-B2A2229C54B7,1,DL_OVERLAND;DL_RENDER,DL_HM_EXT;DL_HOGSMEADE,LI_Hogsmeade_River,/Game/Environment/River/LI_Hogsmeade_River,,26136.0,-87718.3,7029.8
SM_Gorse_A3,PlacedFoliageSkinnedNaniteAssembly,LV_Overland/Region/Hogwarts Valley/Hogsmeade_RiverBlockout/LI_Hogsmeade_River/SM_Gorse_A3,BB24A7D6-4CD8-660B-F667-CF9A6E4C2D90,1,DL_OVERLAND;DL_RENDER,DL_HM_EXT;DL_HOGSMEADE,LI_Hogsmeade_River,/Game/Environment/River/LI_Hogsmeade_River,,24334.7,-88711.5,6280.5
SM_Gorse_A6,PlacedFoliageSkinnedNaniteAssembly,LV_Overland/Region/Hogwarts Valley/Hogsmeade_RiverBlockout/LI_Hogsmeade_River/SM_Gorse_A6,8FE0A617-4EDC-707B-3E2D-F1BFABCF4E18,1,DL_OVERLAND;DL_RENDER,DL_HM_EXT;DL_HOGSMEADE,LI_Hogsmeade_River,/Game/Environment/River/LI_Hogsmeade_River,,23496.8,-89698.9,6684.4
SM_Gorse_A62,PlacedFoliageSkinnedNaniteAssembly,LV_Overland/Region/Hogwarts Valley/Hogsmeade_RiverBlockout/LI_Hogsmeade_River/SM_Gorse_A62,E2F0AB81-40B7-0F90-EAE2-769D4D570FF7,1,DL_OVERLAND;DL_RENDER,DL_HM_EXT;DL_HOGSMEADE,LI_Hogsmeade_River,/Game/Environment/River/LI_Hogsmeade_River,,13251.8,-70819.9,3695.0
SM_Gorse_A63,PlacedFoliageSkinnedNaniteAssembly,LV_Overland/Region/Hogwarts Valley/Hogsmeade_RiverBlockout/LI_Hogsmeade_River/SM_Gorse_A63,56B31418-4B16-85EC-9881-9E968A58C54F,1,DL_OVERLAND;DL_RENDER,DL_HM_EXT;DL_HOGSMEADE,LI_Hogsmeade_River,/Game/Environment/River/LI_Hogsmeade_River,,13142.0,-71008.4,3739.5
SM_Gorse_A7,PlacedFoliageSkinnedNaniteAssembly,LV_Overland/Region/Hogwarts Valley/Hogsmeade_RiverBlockout/LI_Hogsmeade_River/SM_Gorse_A7,40622183-4565-AB70-96FF-658852C468C3,1,DL_OVERLAND;DL_RENDER,DL_HM_EXT;DL_HOGSMEADE,LI_Hogsmeade_River,/Game/Environment/River/LI_Hogsmeade_River,,26906.6,-87849.7,7332.2
SM_Gorse_A8,PlacedFoliageSkinnedNaniteAssembly,LV_Overland/Region/Hogwarts Valley/Hogsmeade_RiverBlockout/LI_Hogsmeade_River/SM_Gorse_A8,538ECDE7-49D6-767A-A7B8-50BF7402199B,1,DL_OVERLAND;DL_RENDER,DL_HM_EXT;DL_HOGSMEADE,LI_Hogsmeade_River,/Game/Environment/River/LI_Hogsmeade_River,,26451.8,-88646.6,7189.3
SM_Gorse_A9,PlacedFoliageSkinnedNaniteAssembly,LV_Overland/Region/Hogwarts Valley/Hogsmeade_RiverBlockout/LI_Hogsmeade_River/SM_Gorse_A9,B4C08B7D-488F-3093-19BB-A59ED0D751A0,1,DL_OVERLAND;DL_RENDER,DL_HM_EXT;DL_HOGSMEADE,LI_Hogsmeade_River,/Game/Environment/River/LI_Hogsmeade_River,,24709.2,-88575.1,6363.8
SM_Gorse_B2,PlacedFoliageSkinnedNaniteAssembly,LV_Overland/Region/Hogwarts Valley/Hogsmeade_RiverBlockout/LI_Hogsmeade_River/SM_Gorse_B2,6CD1BAA2-4DB8-013E-B91D-CB923F56E7DB,1,DL_OVERLAND;DL_RENDER,DL_HM_EXT;DL_HOGSMEADE,LI_Hogsmeade_River,/Game/Environment/River/LI_Hogsmeade_River,,26096.0,-87618.3,6915.3
SM_Gorse_B26,PlacedFoliageSkinnedNaniteAssembly,LV_Overland/Region/Hogwarts Valley/Hogsmeade_RiverBlockout/LI_Hogsmeade_River/SM_Gorse_B26,E060B981-4916-93ED-1899-0D98AF6AEB35,1,DL_OVERLAND;DL_RENDER,DL_HM_EXT;DL_HOGSMEADE,LI_Hogsmeade_River,/Game/Environment/River/LI_Hogsmeade_River,,9442.5,-72550.3,3757.5
SM_Gorse_B27,PlacedFoliageSkinnedNaniteAssembly,LV_Overland/Region/Hogwarts Valley/Hogsmeade_RiverBlockout/LI_Hogsmeade_River/SM_Gorse_B27,BAA68FF5-4CD5-A949-9D5E-19BB9607B6A8,1,DL_OVERLAND;DL_RENDER,DL_HM_EXT;DL_HOGSMEADE,LI_Hogsmeade_River,/Game/Environment/River/LI_Hogsmeade_River,,10114.9,-72560.3,3939.6
SM_Gorse_B28,PlacedFoliageSkinnedNaniteAssembly,LV_Overland/Region/Hogwarts Valley/Hogsmeade_RiverBlockout/LI_Hogsmeade_River/SM_Gorse_B28,6147605C-400B-1256-15BB-0D93745B7DF0,1,DL_OVERLAND;DL_RENDER,DL_HM_EXT;DL_HOGSMEADE,LI_Hogsmeade_River,/Game/Environment/River/LI_Hogsmeade_River,,13577.3,-70539.5,3664.1
SM_Gorse_B29,PlacedFoliageSkinnedNaniteAssembly,LV_Overland/Region/Hogwarts Valley/Hogsmeade_RiverBlockout/LI_Hogsmeade_River/SM_Gorse_B29,152D20A2-4511-8D1C-AF6B-B8BB68D24EBC,1,DL_OVERLAND;DL_RENDER,DL_HM_EXT;DL_HOGSMEADE,LI_Hogsmeade_River,/Game/Environment/River/LI_Hogsmeade_River,,13083.0,-71156.2,3777.6
SM_Gorse_B3,PlacedFoliageSkinnedNaniteAssembly,LV_Overland/Region/Hogwarts Valley/Hogsmeade_RiverBlockout/LI_Hogsmeade_River/SM_Gorse_B3,8F6C0515-4BB0-F2D9-FD72-58B5E7CA686C,1,DL_OVERLAND;DL_RENDER,DL_HM_EXT;DL_HOGSMEADE,LI_Hogsmeade_River,/Game/Environment/River/LI_Hogsmeade_River,,26837.9,-87732.3,7310.0
SM_Gorse_B30,PlacedFoliageSkinnedNaniteAssembly,LV_Overland/Region/Hogwarts Valley/Hogsmeade_RiverBlockout/LI_Hogsmeade_River/SM_Gorse_B30,8F97F6E0-4226-0793-0DB8-9E81626DC6E2,1,DL_OVERLAND;DL_RENDER,DL_HM_EXT;DL_HOGSMEADE,LI_Hogsmeade_River,/Game/Environment/River/LI_Hogsmeade_River,,13205.6,-69708.8,3902.0
SM_Gorse_B4,PlacedFoliageSkinnedNaniteAssembly,LV_Overland/Region/Hogwarts Valley/Hogsmeade_RiverBlockout/LI_Hogsmeade_River/SM_Gorse_B4,BE6508A9-4C15-3274-68D5-47A489B1B68B,1,DL_OVERLAND;DL_RENDER,DL_HM_EXT;DL_HOGSMEADE,LI_Hogsmeade_River,/Game/Environment/River/LI_Hogsmeade_River,,26345.3,-88555.0,7181.4
SM_Gorse_B8,PlacedFoliageSkinnedNaniteAssembly,LV_Overland/Region/Hogwarts Valley/Hogsmeade_RiverBlockout/LI_Hogsmeade_River/SM_Gorse_B8,92441373-4C7D-CB9B-5BDC-A984DE6115C5,1,DL_OVERLAND;DL_RENDER,DL_HM_EXT;DL_HOGSMEADE,LI_Hogsmeade_River,/Game/Environment/River/LI_Hogsmeade_River,,12441.1,-71319.2,3876.8
SM_Gorse_B9,PlacedFoliageSkinnedNaniteAssembly,LV_Overland/Region/Hogwarts Valley/Hogsmeade_RiverBlockout/LI_Hogsmeade_River/SM_Gorse_B9,17103759-4C68-FC57-F1D9-E8988FF4608C,1,DL_OVERLAND;DL_RENDER,DL_HM_EXT;DL_HOGSMEADE,LI_Hogsmeade_River,/Game/Environment/River/LI_Hogsmeade_River,,11846.4,-71783.9,3997.1
SM_Gorse_C,PlacedFoliageSkinnedNaniteAssembly,LV_Overland/Region/Hogwarts Valley/Hogsmeade_RiverBlockout/LI_Hogsmeade_River/SM_Gorse_C,8C409034-46FD-C7C9-BD4E-B39AE60522A4,1,DL_OVERLAND;DL_RENDER,DL_HM_EXT;DL_HOGSMEADE,LI_Hogsmeade_River,/Game/Environment/River/LI_Hogsmeade_River,,26159.9,-87518.1,6833.8
SM_Gorse_C10,PlacedFoliageSkinnedNaniteAssembly,LV_Overland/Region/Hogwarts Valley/Hogsmeade_RiverBlockout/LI_Hogsmeade_River/SM_Gorse_C10,1909061A-494D-3527-AEC9-3089505708F5,1,DL_OVERLAND;DL_RENDER,DL_HM_EXT;DL_HOGSMEADE,LI_Hogsmeade_River,/Game/Environment/River/LI_Hogsmeade_River,,12298.5,-71448.9,3867.3
SM_Gorse_C11,PlacedFoliageSkinnedNaniteAssembly,LV_Overland/Region/Hogwarts Valley/Hogsmeade_RiverBlockout/LI_Hogsmeade_River/SM_Gorse_C11,35738FB2-4C9D-DE0A-1E48-B8AEDFFFA484,1,DL_OVERLAND;DL_RENDER,DL_HM_EXT;DL_HOGSMEADE,LI_Hogsmeade_River,/Game/Environment/River/LI_Hogsmeade_River,,12211.1,-71321.8,3857.6
SM_Gorse_C2,PlacedFoliageSkinnedNaniteAssembly,LV_Overland/Region/Hogwarts Valley/Hogsmeade_RiverBlockout/LI_Hogsmeade_River/SM_Gorse_C2,FB60FE02-43DE-9E5E-922A-AF968755B724,1,DL_OVERLAND;DL_RENDER,DL_HM_EXT;DL_HOGSMEADE,LI_Hogsmeade_River,/Game/Environment/River/LI_Hogsmeade_River,,26510.7,-88486.1,7169.8
SM_Gorse_C21,PlacedFoliageSkinnedNaniteAssembly,LV_Overland/Region/Hogwarts Valley/Hogsmeade_RiverBlockout/LI_Hogsmeade_River/SM_Gorse_C21,382D7BB6-4DD7-400B-3092-4C879F3375BF,1,DL_OVERLAND;DL_RENDER,DL_HM_EXT;DL_HOGSMEADE,LI_Hogsmeade_River,/Game/Environment/River/LI_Hogsmeade_River,,13025.3,-71015.9,3613.5
SM_Gorse_C22,PlacedFoliageSkinnedNaniteAssembly,LV_Overland/Region/Hogwarts Valley/Hogsmeade_RiverBlockout/LI_Hogsmeade_River/SM_Gorse_C22,19F70F4B-4CE0-0474-3732-15A9CA44C04E,1,DL_OVERLAND;DL_RENDER,DL_HM_EXT;DL_HOGSMEADE,LI_Hogsmeade_River,/Game/Environment/River/LI_Hogsmeade_River,,13287.0,-69820.0,3840.9
SM_Gorse_D10,PlacedFoliageSkinnedNaniteAssembly,LV_Overland/Region/Hogwarts Valley/Hogsmeade_RiverBlockout/LI_Hogsmeade_River/SM_Gorse_D10,E981FCCE-43B4-3669-A2DC-2F829AEC6FF4,1,DL_OVERLAND;DL_RENDER,DL_HM_EXT;DL_HOGSMEADE,LI_Hogsmeade_River,/Game/Environment/River/LI_Hogsmeade_River,,11928.7,-71641.9,3921.4
SM_Gorse_D11,PlacedFoliageSkinnedNaniteAssembly,LV_Overland/Region/Hogwarts Valley/Hogsmeade_RiverBlockout/LI_Hogsmeade_River/SM_Gorse_D11,CB571624-46EB-CE8D-CD68-3E9B130DB88E,1,DL_OVERLAND;DL_RENDER,DL_HM_EXT;DL_HOGSMEADE,LI_Hogsmeade_River,/Game/Environment/River/LI_Hogsmeade_River,,11993.8,-71556.4,3817.4
SM_Gorse_D16,PlacedFoliageSkinnedNaniteAssembly,LV_Overland/Region/Hogwarts Valley/Hogsmeade_RiverBlockout/LI_Hogsmeade_River/SM_Gorse_D16,8C8CC70F-4A64-F615-BAC4-769BEC76D876,1,DL_OVERLAND;DL_RENDER,DL_HM_EXT;DL_HOGSMEADE,LI_Hogsmeade_River,/Game/Environment/River/LI_Hogsmeade_River,,9337.2,-72629.9,3716.1
SM_Gorse_D17,PlacedFoliageSkinnedNaniteAssembly,LV_Overland/Region/Hogwarts Valley/Hogsmeade_RiverBlockout/LI_Hogsmeade_River/SM_Gorse_D17,020BD3FD-42FD-7255-21C0-C78F2AEE08F9,1,DL_OVERLAND;DL_RENDER,DL_HM_EXT;DL_HOGSMEADE,LI_Hogsmeade_River,/Game/Environment/River/LI_Hogsmeade_River,,9271.8,-72685.9,3685.6
SM_Gorse_D19,PlacedFoliageSkinnedNaniteAssembly,LV_Overland/Region/Hogwarts Valley/Hogsmeade_RiverBlockout/LI_Hogsmeade_River/SM_Gorse_D19,98187653-4DCC-52CC-7013-07A89DE21D59,1,DL_OVERLAND;DL_RENDER,DL_HM_EXT;DL_HOGSMEADE,LI_Hogsmeade_River,/Game/Environment/River/LI_Hogsmeade_River,,13302.6,-70709.6,3620.0
SM_Gorse_D20,PlacedFoliageSkinnedNaniteAssembly,LV_Overland/Region/Hogwarts Valley/Hogsmeade_RiverBlockout/LI_Hogsmeade_River/SM_Gorse_D20,B51D52DF-43DF-AE80-1555-858CD7C26539,1,DL_OVERLAND;DL_RENDER,DL_HM_EXT;DL_HOGSMEADE,LI_Hogsmeade_River,/Game/Environment/River/LI_Hogsmeade_River,,13122.3,-70845.3,3613.8
SM_Gorse_D21,PlacedFoliageSkinnedNaniteAssembly,LV_Overland/Region/Hogwarts Valley/Hogsmeade_RiverBlockout/LI_Hogsmeade_River/SM_Gorse_D21,508E23E7-4146-33A8-2C0B-D8BD7190202C,1,DL_OVERLAND;DL_RENDER,DL_HM_EXT;DL_HOGSMEADE,LI_Hogsmeade_River,/Game/Environment/River/LI_Hogsmeade_River,,13060.2,-70935.3,3623.6
SM_Gorse_D22,PlacedFoliageSkinnedNaniteAssembly,LV_Overland/Region/Hogwarts Valley/Hogsmeade_RiverBlockout/LI_Hogsmeade_River/SM_Gorse_D22,5ED7BBCF-4DAA-4866-200D-CDA3E6FD9A3F,1,DL_OVERLAND;DL_RENDER,DL_HM_EXT;DL_HOGSMEADE,LI_Hogsmeade_River,/Game/Environment/River/LI_Hogsmeade_River,,13133.4,-69686.3,3790.0
SM_Gorse_D23,PlacedFoliageSkinnedNaniteAssembly,LV_Overland/Region/Hogwarts Valley/Hogsmeade_RiverBlockout/LI_Hogsmeade_River/SM_Gorse_D23,83F9E8E9-447D-CB7C-CB95-7ABA1E69C1AB,1,DL_OVERLAND;DL_RENDER,DL_HM_EXT;DL_HOGSMEADE,LI_Hogsmeade_River,/Game/Environment/River/LI_Hogsmeade_River,,13187.9,-69780.8,3823.0
SM_Gorse_D5,PlacedFoliageSkinnedNaniteAssembly,LV_Overland/Region/Hogwarts Valley/Hogsmeade_RiverBlockout/LI_Hogsmeade_River/SM_Gorse_D5,3CA52909-4CC4-91A1-8DA7-3290FD5E8103,1,DL_OVERLAND;DL_RENDER,DL_HM_EXT;DL_HOGSMEADE,LI_Hogsmeade_River,/Game/Environment/River/LI_Hogsmeade_River,,23408.3,-89766.2,6613.2
SM_Gorse_D6,PlacedFoliageSkinnedNaniteAssembly,LV_Overland/Region/Hogwarts Valley/Hogsmeade_RiverBlockout/LI_Hogsmeade_River/SM_Gorse_D6,EF54A486-43C0-48D5-FF54-0093FFF3B8CE,1,DL_OVERLAND;DL_RENDER,DL_HM_EXT;DL_HOGSMEADE,LI_Hogsmeade_River,/Game/Environment/River/LI_Hogsmeade_River,,26997.1,-87663.2,7229.9
SM_Gorse_D7,PlacedFoliageSkinnedNaniteAssembly,LV_Overland/Region/Hogwarts Valley/Hogsmeade_RiverBlockout/LI_Hogsmeade_River/SM_Gorse_D7,C39643ED-437F-1AAE-84C3-05B4F187FFB6,1,DL_OVERLAND;DL_RENDER,DL_HM_EXT;DL_HOGSMEADE,LI_Hogsmeade_River,/Game/Environment/River/LI_Hogsmeade_River,,26559.2,-88343.5,7201.1
SM_Gorse_D9,PlacedFoliageSkinnedNaniteAssembly,LV_Overland/Region/Hogwarts Valley/Hogsmeade_RiverBlockout/LI_Hogsmeade_River/SM_Gorse_D9,DD82BDD3-449B-FD65-ACE2-769D2FFB1F32,1,DL_OVERLAND;DL_RENDER,DL_HM_EXT;DL_HOGSMEADE,LI_Hogsmeade_River,/Game/Environment/River/LI_Hogsmeade_River,,12097.9,-71501.4,3828.6
SM_Gorse_E18,PlacedFoliageSkinnedNaniteAssembly,LV_Overland/Region/Hogwarts Valley/Hogsmeade_RiverBlockout/LI_Hogsmeade_River/SM_Gorse_E18,4CE5A304-4AB4-CD34-656D-C0911E0F9289,1,DL_OVERLAND;DL_RENDER,DL_HM_EXT;DL_HOGSMEADE,LI_Hogsmeade_River,/Game/Environment/River/LI_Hogsmeade_River,,12229.5,-71567.2,3919.7
SM_Gorse_E19,PlacedFoliageSkinnedNaniteAssembly,LV_Overland/Region/Hogwarts Valley/Hogsmeade_RiverBlockout/LI_Hogsmeade_River/SM_Gorse_E19,79E0E140-4B70-5AD2-229A-7A9909514C1B,1,DL_OVERLAND;DL_RENDER,DL_HM_EXT;DL_HOGSMEADE,LI_Hogsmeade_River,/Game/Environment/River/LI_Hogsmeade_River,,12118.4,-71719.0,4036.6
SM_Gorse_E2,PlacedFoliageSkinnedNaniteAssembly,LV_Overland/Region/Hogwarts Valley/Hogsmeade_RiverBlockout/LI_Hogsmeade_River/SM_Gorse_E2,1D6E5607-4714-87DA-1180-4D90C1150998,1,DL_OVERLAND;DL_RENDER,DL_HM_EXT;DL_HOGSMEADE,LI_Hogsmeade_River,/Game/Environment/River/LI_Hogsmeade_River,,26308.6,-87491.3,6918.9
SM_Gorse_E23,PlacedFoliageSkinnedNaniteAssembly,LV_Overland/Region/Hogwarts Valley/Hogsmeade_RiverBlockout/LI_Hogsmeade_River/SM_Gorse_E23,D6AA9A49-412F-66F4-46A7-5F92537A33F8,1,DL_OVERLAND;DL_RENDER,DL_HM_EXT;DL_HOGSMEADE,LI_Hogsmeade_River,/Game/Environment/River/LI_Hogsmeade_River,,9884.3,-72445.3,3750.6
SM_Gorse_E24,PlacedFoliageSkinnedNaniteAssembly,LV_Overland/Region/Hogwarts Valley/Hogsmeade_RiverBlockout/LI_Hogsmeade_River/SM_Gorse_E24,20017B55-401B-FE49-920B-57BCE6205118,1,DL_OVERLAND;DL_RENDER,DL_HM_EXT;DL_HOGSMEADE,LI_Hogsmeade_River,/Game/Environment/River/LI_Hogsmeade_River,,13327.9,-70966.2,3763.7
SM_Gorse_E25,PlacedFoliageSkinnedNaniteAssembly,LV_Overland/Region/Hogwarts Valley/Hogsmeade_RiverBlockout/LI_Hogsmeade_River/SM_Gorse_E25,F4F101DD-47B6-E785-8E08-899B5609EF5B,1,DL_OVERLAND;DL_RENDER,DL_HM_EXT;DL_HOGSMEADE,LI_Hogsmeade_River,/Game/Environment/River/LI_Hogsmeade_River,,24701.4,-89490.7,6749.3
SM_Gorse_E26,PlacedFoliageSkinnedNaniteAssembly,LV_Overland/Region/Hogwarts Valley/Hogsmeade_RiverBlockout/LI_Hogsmeade_River/SM_Gorse_E26,34CCC2D4-44EA-271C-CB10-9680619B5806,1,DL_OVERLAND;DL_RENDER,DL_HM_EXT;DL_HOGSMEADE,LI_Hogsmeade_River,/Game/Environment/River/LI_Hogsmeade_River,,24883.5,-89433.7,6771.9
SM_Gorse_E27,PlacedFoliageSkinnedNaniteAssembly,LV_Overland/Region/Hogwarts Valley/Hogsmeade_RiverBlockout/LI_Hogsmeade_River/SM_Gorse_E27,A44D9D37-4623-97CD-D78A-F1BDB902F166,1,DL_OVERLAND;DL_RENDER,DL_HM_EXT;DL_HOGSMEADE,LI_Hogsmeade_River,/Game/Environment/River/LI_Hogsmeade_River,,24072.1,-89766.6,6840.8
SM_Gorse_E28,PlacedFoliageSkinnedNaniteAssembly,LV_Overland/Region/Hogwarts Valley/Hogsmeade_RiverBlockout/LI_Hogsmeade_River/SM_Gorse_E28,62AE1191-4D54-E7A6-F6AF-1D9911F5117D,1,DL_OVERLAND;DL_RENDER,DL_HM_EXT;DL_HOGSMEADE,LI_Hogsmeade_River,/Game/Environment/River/LI_Hogsmeade_River,,23931.3,-89878.4,6816.3
SM_Gorse_E3,PlacedFoliageSkinnedNaniteAssembly,LV_Overland/Region/Hogwarts Valley/Hogsmeade_RiverBlockout/LI_Hogsmeade_River/SM_Gorse_E3,4572CB55-4398-6F18-0B91-69845558EAD0,1,DL_OVERLAND;DL_RENDER,DL_HM_EXT;DL_HOGSMEADE,LI_Hogsmeade_River,/Game/Environment/River/LI_Hogsmeade_River,,26082.3,-87892.3,7009.7
SM_Gorse_E4,PlacedFoliageSkinnedNaniteAssembly,LV_Overland/Region/Hogwarts Valley/Hogsmeade_RiverBlockout/LI_Hogsmeade_River/SM_Gorse_E4,83FECF13-4864-0AE0-AC68-E596BBEA2E3D,1,DL_OVERLAND;DL_RENDER,DL_HM_EXT;DL_HOGSMEADE,LI_Hogsmeade_River,/Game/Environment/River/LI_Hogsmeade_River,,24538.8,-88740.6,6319.7
SM_Gorse_E7,PlacedFoliageSkinnedNaniteAssembly,LV_Overland/Region/Hogwarts Valley/Hogsmeade_RiverBlockout/LI_Hogsmeade_River/SM_Gorse_E7,B6DAE8B1-40BB-2C51-BFB4-5A85DA72E90A,1,DL_OVERLAND;DL_RENDER,DL_HM_EXT;DL_HOGSMEADE,LI_Hogsmeade_River,/Game/Environment/River/LI_Hogsmeade_River,,27123.7,-87640.0,7291.4
SM_Gorse_E8,PlacedFoliageSkinnedNaniteAssembly,LV_Overland/Region/Hogwarts Valley/Hogsmeade_RiverBlockout/LI_Hogsmeade_River/SM_Gorse_E8,13E5F675-4FA1-CAAA-43F6-1B9B1E3B4A97,1,DL_OVERLAND;DL_RENDER,DL_HM_EXT;DL_HOGSMEADE,LI_Hogsmeade_River,/Game/Environment/River/LI_Hogsmeade_River,,26390.4,-88414.2,7240.6
SM_Gorse_F3,PlacedFoliageSkinnedNaniteAssembly,LV_Overland/Region/Hogwarts Valley/Hogsmeade_RiverBlockout/LI_Hogsmeade_River/SM_Gorse_F3,B93D7EDE-4960-2429-EFA1-B298668C3629,1,DL_OVERLAND;DL_RENDER,DL_HM_EXT;DL_HOGSMEADE,LI_Hogsmeade_River,/Game/Environment/River/LI_Hogsmeade_River,,24777.4,-89543.4,6832.7
SM_Gorse_G,PlacedFoliageSkinnedNaniteAssembly,LV_Overland/Region/Hogwarts Valley/Hogsmeade_RiverBlockout/LI_Hogsmeade_River/SM_Gorse_G,B3D9DA9D-4387-8254-0E48-9F85E6F6BE12,1,DL_OVERLAND;DL_RENDER,DL_HM_EXT;DL_HOGSMEADE,LI_Hogsmeade_River,/Game/Environment/River/LI_Hogsmeade_River,,22845.7,-88645.6,5993.6
SM_Gorse_Hedge_A,PlacedFoliageSkinnedNaniteAssembly,LV_Overland/Region/Hogwarts Valley/Hogsmeade_RiverBlockout/LI_Hogsmeade_River/SM_Gorse_Hedge_A,4B288A20-4473-047C-1711-608C3C1132E8,1,DL_OVERLAND;DL_RENDER,DL_HM_EXT;DL_HOGSMEADE,LI_Hogsmeade_River,/Game/Environment/River/LI_Hogsmeade_River,,24290.4,-88888.2,6391.4
SM_HardFern_A2,PlacedFoliageSkinnedNaniteAssembly,LV_Overland/Region/Hogwarts Valley/Hogsmeade_RiverBlockout/LI_Hogsmeade_River/SM_HardFern_A2,45A9DD68-4544-0026-1939-5DB6FB636B29,1,DL_OVERLAND;DL_RENDER,DL_HM_EXT;DL_HOGSMEADE,LI_Hogsmeade_River,/Game/Environment/River/LI_Hogsmeade_River,,4998.0,-76682.6,4142.4
SM_HardFern_A3,PlacedFoliageSkinnedNaniteAssembly,LV_Overland/Region/Hogwarts Valley/Hogsmeade_RiverBlockout/LI_Hogsmeade_River/SM_HardFern_A3,A50DDDC2-4564-77EA-A69F-5E81F8E6BB38,1,DL_OVERLAND;DL_RENDER,DL_HM_EXT;DL_HOGSMEADE,LI_Hogsmeade_River,/Game/Environment/River/LI_Hogsmeade_River,,6774.7,-77307.1,4216.4
SM_HardFern_A4,PlacedFoliageSkinnedNaniteAssembly,LV_Overland/Region/Hogwarts Valley/Hogsmeade_RiverBlockout/LI_Hogsmeade_River/SM_HardFern_A4,7057DD3B-439F-D4E8-EE2E-5FAACA2F2AD3,1,DL_OVERLAND;DL_RENDER,DL_HM_EXT;DL_HOGSMEADE,LI_Hogsmeade_River,/Game/Environment/River/LI_Hogsmeade_River,,24600.4,-89100.0,6493.0
SM_HardFern_A6,PlacedFoliageSkinnedNaniteAssembly,LV_Overland/Region/Hogwarts Valley/Hogsmeade_RiverBlockout/LI_Hogsmeade_River/SM_HardFern_A6,77A5287E-4F32-216F-F04F-00A7ECE390DC,1,DL_OVERLAND;DL_RENDER,DL_HM_EXT;DL_HOGSMEADE,LI_Hogsmeade_River,/Game/Environment/River/LI_Hogsmeade_River,,22847.2,-88645.7,5945.2
SM_HardFern_B2,PlacedFoliageSkinnedNaniteAssembly,LV_Overland/Region/Hogwarts Valley/Hogsmeade_RiverBlockout/LI_Hogsmeade_River/SM_HardFern_B2,6AD78811-469E-F151-36DB-419C99857569,1,DL_OVERLAND;DL_RENDER,DL_HM_EXT;DL_HOGSMEADE,LI_Hogsmeade_River,/Game/Environment/River/LI_Hogsmeade_River,,24507.9,-89095.1,6452.9
SM_HardFern_B3,PlacedFoliageSkinnedNaniteAssembly,LV_Overland/Region/Hogwarts Valley/Hogsmeade_RiverBlockout/LI_Hogsmeade_River/SM_HardFern_B3,62CF3294-4AA6-E3BE-94F5-0A9CC5803424,1,DL_OVERLAND;DL_RENDER,DL_HM_EXT;DL_HOGSMEADE,LI_Hogsmeade_River,/Game/Environment/River/LI_Hogsmeade_River,,24213.8,-89134.1,6337.8
SM_HardFern_B4,PlacedFoliageSkinnedNaniteAssembly,LV_Overland/Region/Hogwarts Valley/Hogsmeade_RiverBlockout/LI_Hogsmeade_River/SM_HardFern_B4,C0F9935B-41D7-DA93-DE5D-DBACE4816DC3,1,DL_OVERLAND;DL_RENDER,DL_HM_EXT;DL_HOGSMEADE,LI_Hogsmeade_River,/Game/Environment/River/LI_Hogsmeade_River,,22870.3,-88607.5,5937.5
SM_HardFern_C,PlacedFoliageSkinnedNaniteAssembly,LV_Overland/Region/Hogwarts Valley/Hogsmeade_RiverBlockout/LI_Hogsmeade_River/SM_HardFern_C,B0302646-419E-14CE-CF1E-5D8AC1722F54,1,DL_OVERLAND;DL_RENDER,DL_HM_EXT;DL_HOGSMEADE,LI_Hogsmeade_River,/Game/Environment/River/LI_Hogsmeade_River,,22914.5,-88611.5,5890.2
SM_Holly_B3,PlacedFoliageSkinnedNaniteAssembly,LV_Overland/Region/Hogwarts Valley/Hogsmeade_RiverBlockout/LI_Hogsmeade_River/SM_Holly_B3,24631B47-4288-C2A2-9C0F-5AA93C3C66A8,1,DL_OVERLAND;DL_RENDER,DL_HM_EXT;DL_HOGSMEADE,LI_Hogsmeade_River,/Game/Environment/River/LI_Hogsmeade_River,,25831.4,-88157.8,6742.1
SM_Holly_B4,PlacedFoliageSkinnedNaniteAssembly,LV_Overland/Region/Hogwarts Valley/Hogsmeade_RiverBlockout/LI_Hogsmeade_River/SM_Holly_B4,C157F972-49C3-47E7-1582-EBB3E0BB1FF5,1,DL_OVERLAND;DL_RENDER,DL_HM_EXT;DL_HOGSMEADE,LI_Hogsmeade_River,/Game/Environment/River/LI_Hogsmeade_River,,25878.0,-88247.0,6727.0
SM_Holly_B5,PlacedFoliageSkinnedNaniteAssembly,LV_Overland/Region/Hogwarts Valley/Hogsmeade_RiverBlockout/LI_Hogsmeade_River/SM_Holly_B5,D9CECCF6-4D77-01F3-05D2-98B481ACE59B,1,DL_OVERLAND;DL_RENDER,DL_HM_EXT;DL_HOGSMEADE,LI_Hogsmeade_River,/Game/Environment/River/LI_Hogsmeade_River,,25952.7,-88275.9,6734.5
SM_Juniper_A2,PlacedFoliageSkinnedNaniteAssembly,LV_Overland/Region/Hogwarts Valley/Hogsmeade_RiverBlockout/LI_Hogsmeade_River/SM_Juniper_A2,8DF775BF-4E2B-4AF8-1973-68B6234B30AA,1,DL_OVERLAND;DL_RENDER,DL_HM_EXT;DL_HOGSMEADE,LI_Hogsmeade_River,/Game/Environment/River/LI_Hogsmeade_River,,10418.1,-72281.4,3933.8
SM_Juniper_A3,PlacedFoliageSkinnedNaniteAssembly,LV_Overland/Region/Hogwarts Valley/Hogsmeade_RiverBlockout/LI_Hogsmeade_River/SM_Juniper_A3,43D2B8CC-4346-D783-03F2-F7A54BD60C36,1,DL_OVERLAND;DL_RENDER,DL_HM_EXT;DL_HOGSMEADE,LI_Hogsmeade_River,/Game/Environment/River/LI_Hogsmeade_River,,13865.9,-67915.8,3767.2
SM_Juniper_B,PlacedFoliageSkinnedNaniteAssembly,LV_Overland/Region/Hogwarts Valley/Hogsmeade_RiverBlockout/LI_Hogsmeade_River/SM_Juniper_B,42139F9F-4E14-CE9A-2825-1080F8756589,1,DL_OVERLAND;DL_RENDER,DL_HM_EXT;DL_HOGSMEADE,LI_Hogsmeade_River,/Game/Environment/River/LI_Hogsmeade_River,,4381.7,-82639.2,4828.3
SM_Juniper_B2,PlacedFoliageSkinnedNaniteAssembly,LV_Overland/Region/Hogwarts Valley/Hogsmeade_RiverBlockout/LI_Hogsmeade_River/SM_Juniper_B2,4F108678-41C0-1597-1342-D49F37CF1CFD,1,DL_OVERLAND;DL_RENDER,DL_HM_EXT;DL_HOGSMEADE,LI_Hogsmeade_River,/Game/Environment/River/LI_Hogsmeade_River,,25749.0,-87535.3,6257.7
SM_Juniper_B3,PlacedFoliageSkinnedNaniteAssembly,LV_Overland/Region/Hogwarts Valley/Hogsmeade_RiverBlockout/LI_Hogsmeade_River/SM_Juniper_B3,3A658FDC-438E-8611-8DE3-3B8242C09820,1,DL_OVERLAND;DL_RENDER,DL_HM_EXT;DL_HOGSMEADE,LI_Hogsmeade_River,/Game/Environment/River/LI_Hogsmeade_River,,25905.3,-88154.8,6816.5
SM_Juniper_B4,PlacedFoliageSkinnedNaniteAssembly,LV_Overland/Region/Hogwarts Valley/Hogsmeade_RiverBlockout/LI_Hogsmeade_River/SM_Juniper_B4,C7FB65A6-4EC9-92A6-F9E4-9EA9B1EBB7BA,1,DL_OVERLAND;DL_RENDER,DL_HM_EXT;DL_HOGSMEADE,LI_Hogsmeade_River,/Game/Environment/River/LI_Hogsmeade_River,,8505.9,-85183.5,5312.7
SM_Juniper_C10,PlacedFoliageSkinnedNaniteAssembly,LV_Overland/Region/Hogwarts Valley/Hogsmeade_RiverBlockout/LI_Hogsmeade_River/SM_Juniper_C10,6F5A907E-432C-CA46-3E31-3BA072B8A2E3,1,DL_OVERLAND;DL_RENDER,DL_HM_EXT;DL_HOGSMEADE,LI_Hogsmeade_River,/Game/Environment/River/LI_Hogsmeade_River,,23775.8,-89226.6,6328.0
SM_Juniper_C11,PlacedFoliageSkinnedNaniteAssembly,LV_Overland/Region/Hogwarts Valley/Hogsmeade_RiverBlockout/LI_Hogsmeade_River/SM_Juniper_C11,18100692-47EB-24F4-390E-1C8E9103ED0D,1,DL_OVERLAND;DL_RENDER,DL_HM_EXT;DL_HOGSMEADE,LI_Hogsmeade_River,/Game/Environment/River/LI_Hogsmeade_River,,23746.9,-88980.8,6052.7
SM_Juniper_C12,PlacedFoliageSkinnedNaniteAssembly,LV_Overland/Region/Hogwarts Valley/Hogsmeade_RiverBlockout/LI_Hogsmeade_River/SM_Juniper_C12,3D11DC0F-40C3-E61A-A4A7-56BA85F48593,1,DL_OVERLAND;DL_RENDER,DL_HM_EXT;DL_HOGSMEADE,LI_Hogsmeade_River,/Game/Environment/River/LI_Hogsmeade_River,,15492.8,-87301.9,6338.6
SM_Juniper_C13,PlacedFoliageSkinnedNaniteAssembly,LV_Overland/Region/Hogwarts Valley/Hogsmeade_RiverBlockout/LI_Hogsmeade_River/SM_Juniper_C13,89A83B03-4307-3603-AA23-B48210AF2064,1,DL_OVERLAND;DL_RENDER,DL_HM_EXT;DL_HOGSMEADE,LI_Hogsmeade_River,/Game/Environment/River/LI_Hogsmeade_River,,23554.4,-89252.7,6068.4
SM_Juniper_C14,PlacedFoliageSkinnedNaniteAssembly,LV_Overland/Region/Hogwarts Valley/Hogsmeade_RiverBlockout/LI_Hogsmeade_River/SM_Juniper_C14,5EB14B2A-4960-53A5-8614-A7843008A851,1,DL_OVERLAND;DL_RENDER,DL_HM_EXT;DL_HOGSMEADE,LI_Hogsmeade_River,/Game/Environment/River/LI_Hogsmeade_River,,23992.0,-88894.9,6128.5
SM_Juniper_C17,PlacedFoliageSkinnedNaniteAssembly,LV_Overland/Region/Hogwarts Valley/Hogsmeade_RiverBlockout/LI_Hogsmeade_River/SM_Juniper_C17,DFAA43A8-45EC-04EE-DD77-939A8BC14B82,1,DL_OVERLAND;DL_RENDER,DL_HM_EXT;DL_HOGSMEADE,LI_Hogsmeade_River,/Game/Environment/River/LI_Hogsmeade_River,,25710.5,-87707.3,6407.5
SM_Juniper_C18,PlacedFoliageSkinnedNaniteAssembly,LV_Overland/Region/Hogwarts Valley/Hogsmeade_RiverBlockout/LI_Hogsmeade_River/SM_Juniper_C18,860E49A7-4188-DA0D-6535-88A0EA3401CA,1,DL_OVERLAND;DL_RENDER,DL_HM_EXT;DL_HOGSMEADE,LI_Hogsmeade_River,/Game/Environment/River/LI_Hogsmeade_River,,25836.5,-87630.2,6631.3
SM_Juniper_C19,PlacedFoliageSkinnedNaniteAssembly,LV_Overland/Region/Hogwarts Valley/Hogsmeade_RiverBlockout/LI_Hogsmeade_River/SM_Juniper_C19,079A5C94-4955-9128-EB64-3EAB2D7B6273,1,DL_OVERLAND;DL_RENDER,DL_HM_EXT;DL_HOGSMEADE,LI_Hogsmeade_River,/Game/Environment/River/LI_Hogsmeade_River,,15290.6,-87174.9,6374.2
SM_Juniper_C2,PlacedFoliageSkinnedNaniteAssembly,LV_Overland/Region/Hogwarts Valley/Hogsmeade_RiverBlockout/LI_Hogsmeade_River/SM_Juniper_C2,959216DC-4A78-732A-E9C9-D2BC58AC539A,1,DL_OVERLAND;DL_RENDER,DL_HM_EXT;DL_HOGSMEADE,LI_Hogsmeade_River,/Game/Environment/River/LI_Hogsmeade_River,,4545.1,-82214.3,4780.9
SM_Juniper_C20,PlacedFoliageSkinnedNaniteAssembly,LV_Overland/Region/Hogwarts Valley/Hogsmeade_RiverBlockout/LI_Hogsmeade_River/SM_Juniper_C20,D34A3B2F-4D8C-D129-E125-CDBDA70B2D66,1,DL_OVERLAND;DL_RENDER,DL_HM_EXT;DL_HOGSMEADE,LI_Hogsmeade_River,/Game/Environment/River/LI_Hogsmeade_River,,14735.2,-87016.1,6248.6
SM_Juniper_C25,PlacedFoliageSkinnedNaniteAssembly,LV_Overland/Region/Hogwarts Valley/Hogsmeade_RiverBlockout/LI_Hogsmeade_River/SM_Juniper_C25,C3F50E46-4DD9-E6A4-8B46-F0BC54C828F6,1,DL_OVERLAND;DL_RENDER,DL_HM_EXT;DL_HOGSMEADE,LI_Hogsmeade_River,/Game/Environment/River/LI_Hogsmeade_River,,7657.9,-84825.0,5507.1
SM_Juniper_C29,PlacedFoliageSkinnedNaniteAssembly,LV_Overland/Region/Hogwarts Valley/Hogsmeade_RiverBlockout/LI_Hogsmeade_River/SM_Juniper_C29,3C30FC39-4E56-D3A9-0747-C89DE6FEBFE9,1,DL_OVERLAND;DL_RENDER,DL_HM_EXT;DL_HOGSMEADE,LI_Hogsmeade_River,/Game/Environment/River/LI_Hogsmeade_River,,3811.2,-82043.6,4732.2
SM_Juniper_C3,PlacedFoliageSkinnedNaniteAssembly,LV_Overland/Region/Hogwarts Valley/Hogsmeade_RiverBlockout/LI_Hogsmeade_River/SM_Juniper_C3,25A17B27-4291-9F0E-E937-808B0EFAA169,1,DL_OVERLAND;DL_RENDER,DL_HM_EXT;DL_HOGSMEADE,LI_Hogsmeade_River,/Game/Environment/River/LI_Hogsmeade_River,,4650.8,-82641.5,4807.5
SM_Juniper_C4,PlacedFoliageSkinnedNaniteAssembly,LV_Overland/Region/Hogwarts Valley/Hogsmeade_RiverBlockout/LI_Hogsmeade_River/SM_Juniper_C4,BE5EDCAD-420C-1836-2BFB-40B05792A39D,1,DL_OVERLAND;DL_RENDER,DL_HM_EXT;DL_HOGSMEADE,LI_Hogsmeade_River,/Game/Environment/River/LI_Hogsmeade_River,,8810.9,-85370.4,5397.3
SM_Juniper_C6,PlacedFoliageSkinnedNaniteAssembly,LV_Overland/Region/Hogwarts Valley/Hogsmeade_RiverBlockout/LI_Hogsmeade_River/SM_Juniper_C6,3A3ED447-4097-3044-68D4-C8AE0E2E36C6,1,DL_OVERLAND;DL_RENDER,DL_HM_EXT;DL_HOGSMEADE,LI_Hogsmeade_River,/Game/Environment/River/LI_Hogsmeade_River,,5780.0,-83229.5,5063.0
SM_Juniper_C9,PlacedFoliageSkinnedNaniteAssembly,LV_Overland/Region/Hogwarts Valley/Hogsmeade_RiverBlockout/LI_Hogsmeade_River/SM_Juniper_C9,350AD67A-4521-D56D-E388-EBBA43752507,1,DL_OVERLAND;DL_RENDER,DL_HM_EXT;DL_HOGSMEADE,LI_Hogsmeade_River,/Game/Environment/River/LI_Hogsmeade_River,,23960.9,-89068.9,6436.2
SM_Juniper_D,PlacedFoliageSkinnedNaniteAssembly,LV_Overland/Region/Hogwarts Valley/Hogsmeade_RiverBlockout/LI_Hogsmeade_River/SM_Juniper_D,0C08BE12-45A3-18DF-8A0E-A183EC9A48AB,1,DL_OVERLAND;DL_RENDER,DL_HM_EXT;DL_HOGSMEADE,LI_Hogsmeade_River,/Game/Environment/River/LI_Hogsmeade_River,,5901.1,-83342.7,5151.6
SM_Juniper_Manicured_Hedge_A,PlacedFoliageSkinnedNaniteAssembly,LV_Overland/Region/Hogwarts Valley/Hogsmeade_RiverBlockout/LI_Hogsmeade_River/SM_Juniper_Manicured_Hedge_A,3546B8EF-41F5-7FA8-BD91-4EA6C3F36C3B,1,DL_OVERLAND;DL_RENDER,DL_HM_EXT;DL_HOGSMEADE,LI_Hogsmeade_River,/Game/Environment/River/LI_Hogsmeade_River,,26951.4,-88900.0,7290.2
SM_Juniper_Manicured_Hedge_A2,PlacedFoliageSkinnedNaniteAssembly,LV_Overland/Region/Hogwarts Valley/Hogsmeade_RiverBlockout/LI_Hogsmeade_River/SM_Juniper_Manicured_Hedge_A2,AE85B7D6-478B-7092-5DAC-048B1A4B3063,1,DL_OVERLAND;DL_RENDER,DL_HM_EXT;DL_HOGSMEADE,LI_Hogsmeade_River,/Game/Environment/River/LI_Hogsmeade_River,,26631.3,-88506.3,7189.4
SM_OL_BeachErosion_A01,StaticMeshActor,LV_Overland/Region/Hogwarts Valley/Hogsmeade_RiverBlockout/LI_Hogsmeade_River/Hogsmeade_RiverBlockout/SM_OL_BeachErosion_A01,EEEC208B-404F-3271-5DEC-589136FAA69A,1,DL_OVERLAND;DL_RENDER,DL_HM_EXT;DL_HOGSMEADE,LI_Hogsmeade_River,/Game/Environment/River/LI_Hogsmeade_River,,13524.9,-85686.5,5388.7
SM_OL_BeachErosion_A13,StaticMeshActor,LV_Overland/Region/Hogwarts Valley/Hogsmeade_RiverBlockout/LI_Hogsmeade_River/Hogsmeade_RiverBlockout/SM_OL_BeachErosion_A13,694BF6AD-4098-289B-3E6F-108064372885,1,DL_OVERLAND;DL_RENDER,DL_HM_EXT;DL_HOGSMEADE,LI_Hogsmeade_River,/Game/Environment/River/LI_Hogsmeade_River,,10369.7,-72199.8,3358.4
SM_OL_BeachErosion_A14,StaticMeshActor,LV_Overland/Region/Hogwarts Valley/Hogsmeade_RiverBlockout/LI_Hogsmeade_River/Hogsmeade_RiverBlockout/SM_OL_BeachErosion_A14,994051E9-4C9B-C61F-F970-ACA75C62DC69,1,DL_OVERLAND;DL_RENDER,DL_HM_EXT;DL_HOGSMEADE,LI_Hogsmeade_River,/Game/Environment/River/LI_Hogsmeade_River,,10584.8,-71995.7,3369.2
SM_OL_BeachErosion_A15,StaticMeshActor,LV_Overland/Region/Hogwarts Valley/Hogsmeade_RiverBlockout/LI_Hogsmeade_River/Hogsmeade_RiverBlockout/SM_OL_BeachErosion_A15,00504E3A-406F-5277-BBCC-B592BF8F3F35,1,DL_OVERLAND;DL_RENDER,DL_HM_EXT;DL_HOGSMEADE,LI_Hogsmeade_River,/Game/Environment/River/LI_Hogsmeade_River,,12015.9,-69163.5,3316.5
SM_OL_BeachErosion_A16,StaticMeshActor,LV_Overland/Region/Hogwarts Valley/Hogsmeade_RiverBlockout/LI_Hogsmeade_River/Hogsmeade_RiverBlockout/SM_OL_BeachErosion_A16,B668A7F7-4FD1-B69B-6809-7E974100464C,1,DL_OVERLAND;DL_RENDER,DL_HM_EXT;DL_HOGSMEADE,LI_Hogsmeade_River,/Game/Environment/River/LI_Hogsmeade_River,,11730.0,-68025.7,3278.7
SM_OL_BeachErosion_A17,StaticMeshActor,LV_Overland/Region/Hogwarts Valley/Hogsmeade_RiverBlockout/LI_Hogsmeade_River/Hogsmeade_RiverBlockout/SM_OL_BeachErosion_A17,635173E1-432E-F983-43E6-2796FB0863F5,1,DL_OVERLAND;DL_RENDER,DL_HM_EXT;DL_HOGSMEADE,LI_Hogsmeade_River,/Game/Environment/River/LI_Hogsmeade_River,,11506.4,-68392.9,3299.4
SM_OL_BeachErosion_A18,StaticMeshActor,LV_Overland/Region/Hogwarts Valley/Hogsmeade_RiverBlockout/LI_Hogsmeade_River/Hogsmeade_RiverBlockout/SM_OL_BeachErosion_A18,FEE12694-457C-AE06-4D4C-0D8A34F737D1,1,DL_OVERLAND;DL_RENDER,DL_HM_EXT;DL_HOGSMEADE,LI_Hogsmeade_River,/Game/Environment/River/LI_Hogsmeade_River,,5014.6,-81511.3,3759.9
SM_OL_BeachErosion_A19,StaticMeshActor,LV_Overland/Region/Hogwarts Valley/Hogsmeade_RiverBlockout/LI_Hogsmeade_River/Hogsmeade_RiverBlockout/SM_OL_BeachErosion_A19,AF5EDC64-4831-3F2E-D4C0-F38A2F3ECD12,1,DL_OVERLAND;DL_RENDER,DL_HM_EXT;DL_HOGSMEADE,LI_Hogsmeade_River,/Game/Environment/River/LI_Hogsmeade_River,,5277.1,-81539.9,3781.4
SM_OL_BeachErosion_A2,StaticMeshActor,LV_Overland/Region/Hogwarts Valley/Hogsmeade_RiverBlockout/LI_Hogsmeade_River/SM_OL_BeachErosion_A2,12E94005-4E58-5DA3-07A7-72B37CE0925E,1,DL_OVERLAND;DL_RENDER,DL_HM_EXT;DL_HOGSMEADE,LI_Hogsmeade_River,/Game/Environment/River/LI_Hogsmeade_River,,15207.4,-86879.7,5723.3
SM_OL_BeachErosion_A20,StaticMeshActor,LV_Overland/Region/Hogwarts Valley/Hogsmeade_RiverBlockout/LI_Hogsmeade_River/Hogsmeade_RiverBlockout/SM_OL_BeachErosion_A20,26AA29F8-4ABC-A50D-DA7B-D0BADCE8DF48,1,DL_OVERLAND;DL_RENDER,DL_HM_EXT;DL_HOGSMEADE,LI_Hogsmeade_River,/Game/Environment/River/LI_Hogsmeade_River,,5326.0,-81824.4,3831.3
SM_OL_BeachErosion_A21,StaticMeshActor,LV_Overland/Region/Hogwarts Valley/Hogsmeade_RiverBlockout/LI_Hogsmeade_River/Hogsmeade_RiverBlockout/SM_OL_BeachErosion_A21,6F513604-413D-6379-466B-F0B94202E039,1,DL_OVERLAND;DL_RENDER,DL_HM_EXT;DL_HOGSMEADE,LI_Hogsmeade_River,/Game/Environment/River/LI_Hogsmeade_River,,5430.4,-81726.6,3837.9
SM_OL_BeachErosion_A22,StaticMeshActor,LV_Overland/Region/Hogwarts Valley/Hogsmeade_RiverBlockout/LI_Hogsmeade_River/Hogsmeade_RiverBlockout/SM_OL_BeachErosion_A22,05F4D747-4918-8303-7677-32B5CB22D7C4,1,DL_OVERLAND;DL_RENDER,DL_HM_EXT;DL_HOGSMEADE,LI_Hogsmeade_River,/Game/Environment/River/LI_Hogsmeade_River,,5503.6,-81596.3,3822.5
SM_OL_BeachErosion_A28,StaticMeshActor,LV_Overland/Region/Hogwarts Valley/Hogsmeade_RiverBlockout/LI_Hogsmeade_River/Hogsmeade_RiverBlockout/SM_OL_BeachErosion_A28,6162EE15-4BC3-2BE1-F144-63A3E6D08C67,1,DL_OVERLAND;DL_RENDER,DL_HM_EXT;DL_HOGSMEADE,LI_Hogsmeade_River,/Game/Environment/River/LI_Hogsmeade_River,,5428.3,-82201.2,3874.7
SM_OL_BeachErosion_A29,StaticMeshActor,LV_Overland/Region/Hogwarts Valley/Hogsmeade_RiverBlockout/LI_Hogsmeade_River/Hogsmeade_RiverBlockout/SM_OL_BeachErosion_A29,0A09D63E-431D-654B-540A-4294AF261597,1,DL_OVERLAND;DL_RENDER,DL_HM_EXT;DL_HOGSMEADE,LI_Hogsmeade_River,/Game/Environment/River/LI_Hogsmeade_River,,5691.5,-82169.0,3874.7
SM_OL_BeachErosion_A5,StaticMeshActor,LV_Overland/Region/Hogwarts Valley/Hogsmeade_RiverBlockout/LI_Hogsmeade_River/Hogsmeade_RiverBlockout/SM_OL_BeachErosion_A5,02295C6F-4E2B-FAD5-FD52-61BE09DD9C36,1,DL_OVERLAND;DL_RENDER,DL_HM_EXT;DL_HOGSMEADE,LI_Hogsmeade_River,/Game/Environment/River/LI_Hogsmeade_River,,10051.0,-71286.2,3332.7
SM_OL_RockPile_A01,StaticMeshActor,LV_Overland/Region/Hogwarts Valley/Hogsmeade_RiverBlockout/LI_Hogsmeade_River/Hogsmeade_RiverBlockout/SM_OL_RockPile_A01,49CD2E14-4FA2-E97B-443C-E6BDD64A7B8F,1,DL_OVERLAND;DL_RENDER,DL_HM_EXT;DL_HOGSMEADE,LI_Hogsmeade_River,/Game/Environment/River/LI_Hogsmeade_River,,10589.1,-71625.3,3304.7
SM_OL_RockPile_A02,StaticMeshActor,LV_Overland/Region/Hogwarts Valley/Hogsmeade_RiverBlockout/LI_Hogsmeade_River/Hogsmeade_RiverBlockout/SM_OL_RockPile_A02,99F912E3-436B-BAE3-7181-0DA7B5F231E0,1,DL_OVERLAND;DL_RENDER,DL_HM_EXT;DL_HOGSMEADE,LI_Hogsmeade_River,/Game/Environment/River/LI_Hogsmeade_River,,10629.6,-71316.3,3283.2
SM_OL_RockPile_A16,StaticMeshActor,LV_Overland/Region/Hogwarts Valley/Hogsmeade_RiverBlockout/LI_Hogsmeade_River/SM_OL_RockPile_A16,7333264C-43D9-72DA-E0DF-758CB48AFB17,1,DL_OVERLAND;DL_RENDER,DL_HM_EXT;DL_HOGSMEADE,LI_Hogsmeade_River,/Game/Environment/River/LI_Hogsmeade_River,,7843.6,-75346.8,3955.4
SM_OL_RockPile_A17,StaticMeshActor,LV_Overland/Region/Hogwarts Valley/Hogsmeade_RiverBlockout/LI_Hogsmeade_River/SM_OL_RockPile_A17,D18CD39E-4212-EA8E-86F2-BE9DBC052847,1,DL_OVERLAND;DL_RENDER,DL_HM_EXT;DL_HOGSMEADE,LI_Hogsmeade_River,/Game/Environment/River/LI_Hogsmeade_River,,7719.9,-75361.4,3973.1
SM_OL_RockPile_A18,StaticMeshActor,LV_Overland/Region/Hogwarts Valley/Hogsmeade_RiverBlockout/LI_Hogsmeade_River/SM_OL_RockPile_A18,E1BAC99A-4308-A04E-E162-3A98D9A98507,1,DL_OVERLAND;DL_RENDER,DL_HM_EXT;DL_HOGSMEADE,LI_Hogsmeade_River,/Game/Environment/River/LI_Hogsmeade_River,,7698.0,-75443.0,3973.7
SM_OL_RockPile_A3,StaticMeshActor,LV_Overland/Region/Hogwarts Valley/Hogsmeade_RiverBlockout/LI_Hogsmeade_River/Hogsmeade_RiverBlockout/SM_OL_RockPile_A3,F894BDA8-48F1-DB56-F2ED-E6A6F49EF244,1,DL_OVERLAND;DL_RENDER,DL_HM_EXT;DL_HOGSMEADE,LI_Hogsmeade_River,/Game/Environment/River/LI_Hogsmeade_River,,10504.0,-71367.1,3288.7
SM_RockPile_LI_A01,StaticMeshActor,LV_Overland/Region/Hogwarts Valley/Hogsmeade_RiverBlockout/LI_Hogsmeade_River/Hogsmeade_RiverBlockout/RiverBank_LargeStones_A04_noplants26/SM_RockPile_LI_A01,9F074E12-4619-B8BA-5CCE-40BCACA3F988,12,DL_OVERLAND;DL_RENDER,DL_HM_EXT;DL_HOGSMEADE;DL_OVERLAND,LI_Hogsmeade_River > RiverBank_SmallSharpRocks_A7,/Game/Environment/River/LevelActors/RiverBanks_Large_Stones/LA_RiverBank_SmallSharpRocks_A01,,4517.7,-78413.5,3757.0
SM_RockPile_LI_A01,StaticMeshActor,LV_Overland/Region/Hogwarts Valley/Hogsmeade_RiverBlockout/LI_Hogsmeade_River/Hogsmeade_RiverBlockout/RiverBank_SmallSharpRocks_A10/SM_RockPile_LI_A01,9F074E12-4619-B8BA-5CCE-40BCACA3F988,12,DL_OVERLAND;DL_RENDER,DL_HM_EXT;DL_HOGSMEADE;DL_OVERLAND,LI_Hogsmeade_River > RiverBank_SmallSharpRocks_A7,/Game/Environment/River/LevelActors/RiverBanks_Large_Stones/LA_RiverBank_SmallSharpRocks_A01,,4517.7,-78413.5,3757.0
SM_RockPile_LI_A01,StaticMeshActor,LV_Overland/Region/Hogwarts Valley/Hogsmeade_RiverBlockout/LI_Hogsmeade_River/Hogsmeade_RiverBlockout/RiverBank_SmallSharpRocks_A11/SM_RockPile_LI_A01,9F074E12-4619-B8BA-5CCE-40BCACA3F988,12,DL_OVERLAND;DL_RENDER,DL_HM_EXT;DL_HOGSMEADE;DL_OVERLAND,LI_Hogsmeade_River > RiverBank_SmallSharpRocks_A7,/Game/Environment/River/LevelActors/RiverBanks_Large_Stones/LA_RiverBank_SmallSharpRocks_A01,,4517.7,-78413.5,3757.0
SM_RockPile_LI_A01,StaticMeshActor,LV_Overland/Region/Hogwarts Valley/Hogsmeade_RiverBlockout/LI_Hogsmeade_River/Hogsmeade_RiverBlockout/RiverBank_SmallSharpRocks_A12/SM_RockPile_LI_A01,9F074E12-4619-B8BA-5CCE-40BCACA3F988,12,DL_OVERLAND;DL_RENDER,DL_HM_EXT;DL_HOGSMEADE;DL_OVERLAND,LI_Hogsmeade_River > RiverBank_SmallSharpRocks_A7,/Game/Environment/River/LevelActors/RiverBanks_Large_Stones/LA_RiverBank_SmallSharpRocks_A01,,4517.7,-78413.5,3757.0
SM_RockPile_LI_A01,StaticMeshActor,LV_Overland/Region/Hogwarts Valley/Hogsmeade_RiverBlockout/LI_Hogsmeade_River/Hogsmeade_RiverBlockout/RiverBank_SmallSharpRocks_A2/SM_RockPile_LI_A01,9F074E12-4619-B8BA-5CCE-40BCACA3F988,12,DL_OVERLAND;DL_RENDER,DL_HM_EXT;DL_HOGSMEADE;DL_OVERLAND,LI_Hogsmeade_River > RiverBank_SmallSharpRocks_A7,/Game/Environment/River/LevelActors/RiverBanks_Large_Stones/LA_RiverBank_SmallSharpRocks_A01,,4517.7,-78413.5,3757.0
SM_RockPile_LI_A01,StaticMeshActor,LV_Overland/Region/Hogwarts Valley/Hogsmeade_RiverBlockout/LI_Hogsmeade_River/Hogsmeade_RiverBlockout/RiverBank_SmallSharpRocks_A3/SM_RockPile_LI_A01,9F074E12-4619-B8BA-5CCE-40BCACA3F988,12,DL_OVERLAND;DL_RENDER,DL_HM_EXT;DL_HOGSMEADE;DL_OVERLAND,LI_Hogsmeade_River > RiverBank_SmallSharpRocks_A7,/Game/Environment/River/LevelActors/RiverBanks_Large_Stones/LA_RiverBank_SmallSharpRocks_A01,,4517.7,-78413.5,3757.0
SM_RockPile_LI_A01,StaticMeshActor,LV_Overland/Region/Hogwarts Valley/Hogsmeade_RiverBlockout/LI_Hogsmeade_River/Hogsmeade_RiverBlockout/RiverBank_SmallSharpRocks_A4/SM_RockPile_LI_A01,9F074E12-4619-B8BA-5CCE-40BCACA3F988,12,DL_OVERLAND;DL_RENDER,DL_HM_EXT;DL_HOGSMEADE;DL_OVERLAND,LI_Hogsmeade_River > RiverBank_SmallSharpRocks_A7,/Game/Environment/River/LevelActors/RiverBanks_Large_Stones/LA_RiverBank_SmallSharpRocks_A01,,4517.7,-78413.5,3757.0
SM_RockPile_LI_A01,StaticMeshActor,LV_Overland/Region/Hogwarts Valley/Hogsmeade_RiverBlockout/LI_Hogsmeade_River/Hogsmeade_RiverBlockout/RiverBank_SmallSharpRocks_A5/SM_RockPile_LI_A01,9F074E12-4619-B8BA-5CCE-40BCACA3F988,12,DL_OVERLAND;DL_RENDER,DL_HM_EXT;DL_HOGSMEADE;DL_OVERLAND,LI_Hogsmeade_River > RiverBank_SmallSharpRocks_A7,/Game/Environment/River/LevelActors/RiverBanks_Large_Stones/LA_RiverBank_SmallSharpRocks_A01,,4517.7,-78413.5,3757.0
SM_RockPile_LI_A01,StaticMeshActor,LV_Overland/Region/Hogwarts Valley/Hogsmeade_RiverBlockout/LI_Hogsmeade_River/Hogsmeade_RiverBlockout/RiverBank_SmallSharpRocks_A6/SM_RockPile_LI_A01,9F074E12-4619-B8BA-5CCE-40BCACA3F988,12,DL_OVERLAND;DL_RENDER,DL_HM_EXT;DL_HOGSMEADE;DL_OVERLAND,LI_Hogsmeade_River > RiverBank_SmallSharpRocks_A7,/Game/Environment/River/LevelActors/RiverBanks_Large_Stones/LA_RiverBank_SmallSharpRocks_A01,,4517.7,-78413.5,3757.0
SM_RockPile_LI_A01,StaticMeshActor,LV_Overland/Region/Hogwarts Valley/Hogsmeade_RiverBlockout/LI_Hogsmeade_River/Hogsmeade_RiverBlockout/RiverBank_SmallSharpRocks_A7/SM_RockPile_LI_A01,9F074E12-4619-B8BA-5CCE-40BCACA3F988,12,DL_OVERLAND;DL_RENDER,DL_HM_EXT;DL_HOGSMEADE;DL_OVERLAND,LI_Hogsmeade_River > RiverBank_SmallSharpRocks_A7,/Game/Environment/River/LevelActors/RiverBanks_Large_Stones/LA_RiverBank_SmallSharpRocks_A01,,4517.7,-78413.5,3757.0
SM_RockPile_LI_A01,StaticMeshActor,LV_Overland/Region/Hogwarts Valley/Hogsmeade_RiverBlockout/LI_Hogsmeade_River/Hogsmeade_RiverBlockout/RiverBank_SmallSharpRocks_A8/SM_RockPile_LI_A01,9F074E12-4619-B8BA-5CCE-40BCACA3F988,12,DL_OVERLAND;DL_RENDER,DL_HM_EXT;DL_HOGSMEADE;DL_OVERLAND,LI_Hogsmeade_River > RiverBank_SmallSharpRocks_A7,/Game/Environment/River/LevelActors/RiverBanks_Large_Stones/LA_RiverBank_SmallSharpRocks_A01,,4517.7,-78413.5,3757.0
SM_RockPile_LI_A01,StaticMeshActor,LV_Overland/Region/Hogwarts Valley/Hogsmeade_RiverBlockout/LI_Hogsmeade_River/Hogsmeade_RiverBlockout/RiverBank_SmallSharpRocks_A9/SM_RockPile_LI_A01,9F074E12-4619-B8BA-5CCE-40BCACA3F988,12,DL_OVERLAND;DL_RENDER,DL_HM_EXT;DL_HOGSMEADE;DL_OVERLAND,LI_Hogsmeade_River > RiverBank_SmallSharpRocks_A7,/Game/Environment/River/LevelActors/RiverBanks_Large_Stones/LA_RiverBank_SmallSharpRocks_A01,,4517.7,-78413.5,3757.0
SM_Rocks_Woodland_A01,StaticMeshActor,LV_Overland/Region/Hogwarts Valley/Hogsmeade_RiverBlockout/LI_Hogsmeade_River/Hogsmeade_RiverBlockout/SM_Rocks_Woodland_A01,06E7C1C1-430F-8388-9799-9F8C160AADA3,1,DL_OVERLAND;DL_RENDER,DL_HM_EXT;DL_HOGSMEADE,LI_Hogsmeade_River,/Game/Environment/River/LI_Hogsmeade_River,,10577.4,-71411.7,3304.0
SM_WildCherry_Med_A4,PlacedFoliageSkinnedNaniteAssembly,LV_Overland/Region/Hogwarts Valley/Hogsmeade_RiverBlockout/LI_Hogsmeade_River/SM_WildCherry_Med_A4,721C5D05-4B6F-174A-93BB-7A921346992E,1,DL_OVERLAND;DL_RENDER,DL_HM_EXT;DL_HOGSMEADE,LI_Hogsmeade_River,/Game/Environment/River/LI_Hogsmeade_River,,27805.4,-87251.5,7505.8
