Area,ActorLabel,Class,OutlinerPath,Guid,PlacementCount,OwnDataLayers,InheritedDataLayers,LevelInstanceChain,OwningLevelAsset,ReferencedLevelAsset,CenterX,CenterY,CenterZ
Hogwarts,SM_HW_Column_A_2M_1,StaticMeshActor,LV_Overland/Hogwarts/LI_Hogwarts/LevelInstances/EntranceHall/LI_EntranceHall_EXT/RENDER/Tower/SM_HW_Column_A_2M_1,4BB8817A-4A4E-7808-E881-DFA7BD959575,1,DL_OVERLAND;DL_RENDER,DL_HW_EXT,LI_Hogwarts > LI_EntranceHall_EXT,/Game/Levels/Overland/Hogwarts/EntranceHall/LI_EntranceHall_EXT,,-8544.7,-26328.2,12126.5
Hogwarts,SM_HW_Column_A_2M_2,StaticMeshActor,LV_Overland/Hogwarts/LI_Hogwarts/LevelInstances/EntranceHall/LI_EntranceHall_EXT/RENDER/Tower/SM_HW_Column_A_2M_2,3A70C4F5-4E91-6087-EF20-A49A56C11854,1,DL_OVERLAND;DL_RENDER,DL_HW_EXT,LI_Hogwarts > LI_EntranceHall_EXT,/Game/Levels/Overland/Hogwarts/EntranceHall/LI_EntranceHall_EXT,,-8544.7,-26328.2,11914.7
Hogwarts,SM_HW_Column_A_2M_28,StaticMeshActor,LV_Overland/Hogwarts/LI_Hogwarts/LevelInstances/EntranceHall/LI_EntranceHall_EXT/RENDER/Tower/SM_HW_Column_A_2M_28,F03798FC-42B8-562D-F32F-28AFB21FF208,1,DL_OVERLAND;DL_RENDER,DL_HW_EXT,LI_Hogwarts > LI_EntranceHall_EXT,/Game/Levels/Overland/Hogwarts/EntranceHall/LI_EntranceHall_EXT,,-9734.0,-26418.3,11703.0
Hogwarts,SM_HW_Column_A_2M_29,StaticMeshActor,LV_Overland/Hogwarts/LI_Hogwarts/LevelInstances/EntranceHall/LI_EntranceHall_EXT/RENDER/Tower/SM_HW_Column_A_2M_29,D4A02468-4F4A-B9B9-68FB-F4880907AEB9,1,DL_OVERLAND;DL_RENDER,DL_HW_EXT,LI_Hogwarts > LI_EntranceHall_EXT,/Game/Levels/Overland/Hogwarts/EntranceHall/LI_EntranceHall_EXT,,-9734.0,-26418.3,11914.7
Hogwarts,SM_HW_Column_A_2M_3,StaticMeshActor,LV_Overland/Hogwarts/LI_Hogwarts/LevelInstances/EntranceHall/LI_EntranceHall_EXT/RENDER/Tower/SM_HW_Column_A_2M_3,4B44EB8A-48DC-8F07-C3A3-C5A2F148EF5E,1,DL_OVERLAND;DL_RENDER,DL_HW_EXT,LI_Hogwarts > LI_EntranceHall_EXT,/Game/Levels/Overland/Hogwarts/EntranceHall/LI_EntranceHall_EXT,,-8544.7,-26328.2,11703.0
Hogwarts,SM_HW_Column_A_2M_30,StaticMeshActor,LV_Overland/Hogwarts/LI_Hogwarts/LevelInstances/EntranceHall/LI_EntranceHall_EXT/RENDER/Tower/SM_HW_Column_A_2M_30,A56D1235-475C-9C7B-2FC6-3C85310E502B,1,DL_OVERLAND;DL_RENDER,DL_HW_EXT,LI_Hogwarts > LI_EntranceHall_EXT,/Game/Levels/Overland/Hogwarts/EntranceHall/LI_EntranceHall_EXT,,-9734.0,-26418.3,12126.5
Hogwarts,SM_HW_Column_A_2M_31,StaticMeshActor,LV_Overland/Hogwarts/LI_Hogwarts/LevelInstances/EntranceHall/LI_EntranceHall_EXT/RENDER/Tower/SM_HW_Column_A_2M_31,481FF9C2-48A4-7F26-6330-B8AC7E6AB70C,1,DL_OVERLAND;DL_RENDER,DL_HW_EXT,LI_Hogwarts > LI_EntranceHall_EXT,/Game/Levels/Overland/Hogwarts/EntranceHall/LI_EntranceHall_EXT,,-9985.4,-26073.7,11703.0
Hogwarts,SM_HW_Column_A_2M_32,StaticMeshActor,LV_Overland/Hogwarts/LI_Hogwarts/LevelInstances/EntranceHall/LI_EntranceHall_EXT/RENDER/Tower/SM_HW_Column_A_2M_32,5F0A5982-4B93-CB71-F36B-8F82B5FF03E1,1,DL_OVERLAND;DL_RENDER,DL_HW_EXT,LI_Hogwarts > LI_EntranceHall_EXT,/Game/Levels/Overland/Hogwarts/EntranceHall/LI_EntranceHall_EXT,,-9985.4,-26073.7,11914.7
Hogwarts,SM_HW_Column_A_2M_33,StaticMeshActor,LV_Overland/Hogwarts/LI_Hogwarts/LevelInstances/EntranceHall/LI_EntranceHall_EXT/RENDER/Tower/SM_HW_Column_A_2M_33,6CFD74BD-44E9-929F-7535-84B09CBBCE7F,1,DL_OVERLAND;DL_RENDER,DL_HW_EXT,LI_Hogwarts > LI_EntranceHall_EXT,/Game/Levels/Overland/Hogwarts/EntranceHall/LI_EntranceHall_EXT,,-9985.4,-26073.7,12126.5
Hogwarts,SM_HW_Column_A_2M_34,StaticMeshActor,LV_Overland/Hogwarts/LI_Hogwarts/LevelInstances/EntranceHall/LI_EntranceHall_EXT/RENDER/Tower/SM_HW_Column_A_2M_34,BE93F3A2-41D2-4BED-3656-34AC8E0BD7FC,1,DL_OVERLAND;DL_RENDER,DL_HW_EXT,LI_Hogwarts > LI_EntranceHall_EXT,/Game/Levels/Overland/Hogwarts/EntranceHall/LI_EntranceHall_EXT,,-9908.6,-25642.3,12126.5
Hogwarts,SM_HW_Column_A_2M_35,StaticMeshActor,LV_Overland/Hogwarts/LI_Hogwarts/LevelInstances/EntranceHall/LI_EntranceHall_EXT/RENDER/Tower/SM_HW_Column_A_2M_35,AC382236-40E4-6F75-3B1F-43AAB8B75C4C,1,DL_OVERLAND;DL_RENDER,DL_HW_EXT,LI_Hogwarts > LI_EntranceHall_EXT,/Game/Levels/Overland/Hogwarts/EntranceHall/LI_EntranceHall_EXT,,-9908.6,-25642.3,11914.7
Hogwarts,SM_HW_Column_A_2M_36,StaticMeshActor,LV_Overland/Hogwarts/LI_Hogwarts/LevelInstances/EntranceHall/LI_EntranceHall_EXT/RENDER/Tower/SM_HW_Column_A_2M_36,12FD671D-4ED7-5EAC-C7E8-F0AB8A911B5C,1,DL_OVERLAND;DL_RENDER,DL_HW_EXT,LI_Hogwarts > LI_EntranceHall_EXT,/Game/Levels/Overland/Hogwarts/EntranceHall/LI_EntranceHall_EXT,,-9908.6,-25642.3,11703.0
Hogwarts,SM_HW_Column_A_2M_4,StaticMeshActor,LV_Overland/Hogwarts/LI_Hogwarts/LevelInstances/EntranceHall/LI_EntranceHall_EXT/RENDER/Tower/SM_HW_Column_A_2M_4,69CB814B-47DD-DF26-3194-98B5A4F43E45,1,DL_OVERLAND;DL_RENDER,DL_HW_EXT,LI_Hogwarts > LI_EntranceHall_EXT,/Game/Levels/Overland/Hogwarts/EntranceHall/LI_EntranceHall_EXT,,-8467.0,-25896.7,11703.0
Hogwarts,SM_HW_Column_A_2M_5,StaticMeshActor,LV_Overland/Hogwarts/LI_Hogwarts/LevelInstances/EntranceHall/LI_EntranceHall_EXT/RENDER/Tower/SM_HW_Column_A_2M_5,B1D73294-45EA-F415-7883-54978E232588,1,DL_OVERLAND;DL_RENDER,DL_HW_EXT,LI_Hogwarts > LI_EntranceHall_EXT,/Game/Levels/Overland/Hogwarts/EntranceHall/LI_EntranceHall_EXT,,-8467.0,-25896.7,11914.7
Hogwarts,SM_HW_Column_A_2M_6,StaticMeshActor,LV_Overland/Hogwarts/LI_Hogwarts/LevelInstances/EntranceHall/LI_EntranceHall_EXT/RENDER/Tower/SM_HW_Column_A_2M_6,53D2700B-43C0-A0A8-FFC0-AE85E177A163,1,DL_OVERLAND;DL_RENDER,DL_HW_EXT,LI_Hogwarts > LI_EntranceHall_EXT,/Game/Levels/Overland/Hogwarts/EntranceHall/LI_EntranceHall_EXT,,-8467.0,-25896.7,12126.5
Hogwarts,SM_HW_Column_A_Base_1,StaticMeshActor,LV_Overland/Hogwarts/LI_Hogwarts/LevelInstances/EntranceHall/LI_EntranceHall_EXT/RENDER/Tower/SM_HW_Column_A_Base_1,1EAACDB1-470A-B1B2-CFE1-BE88AA363133,1,DL_OVERLAND;DL_RENDER,DL_HW_EXT,LI_Hogwarts > LI_EntranceHall_EXT,/Game/Levels/Overland/Hogwarts/EntranceHall/LI_EntranceHall_EXT,,-8565.5,-26313.3,11497.1
Hogwarts,SM_HW_Column_A_Base_10,StaticMeshActor,LV_Overland/Hogwarts/LI_Hogwarts/LevelInstances/EntranceHall/LI_EntranceHall_EXT/RENDER/Tower/SM_HW_Column_A_Base_10,F67C10F4-4E36-5248-B6EC-5C9B555B0C51,1,DL_OVERLAND;DL_RENDER,DL_HW_EXT,LI_Hogwarts > LI_EntranceHall_EXT,/Game/Levels/Overland/Hogwarts/EntranceHall/LI_EntranceHall_EXT,,-9928.6,-25625.4,10570.4
Hogwarts,SM_HW_Column_A_Base_11,StaticMeshActor,LV_Overland/Hogwarts/LI_Hogwarts/LevelInstances/EntranceHall/LI_EntranceHall_EXT/RENDER/Tower/SM_HW_Column_A_Base_11,782D4B28-42F1-27E0-0777-9FB7BB937528,1,DL_OVERLAND;DL_RENDER,DL_HW_EXT,LI_Hogwarts > LI_EntranceHall_EXT,/Game/Levels/Overland/Hogwarts/EntranceHall/LI_EntranceHall_EXT,,-8731.7,-25578.4,11497.1
Hogwarts,SM_HW_Column_A_Base_12,StaticMeshActor,LV_Overland/Hogwarts/LI_Hogwarts/LevelInstances/EntranceHall/LI_EntranceHall_EXT/RENDER/Tower/SM_HW_Column_A_Base_12,38A4EA1B-4256-40B9-C6DB-F1AB407AB5A4,1,DL_OVERLAND;DL_RENDER,DL_HW_EXT,LI_Hogwarts > LI_EntranceHall_EXT,/Game/Levels/Overland/Hogwarts/EntranceHall/LI_EntranceHall_EXT,,-9714.8,-26401.3,11497.1
Hogwarts,SM_HW_Column_A_Base_13,StaticMeshActor,LV_Overland/Hogwarts/LI_Hogwarts/LevelInstances/EntranceHall/LI_EntranceHall_EXT/RENDER/Tower/SM_HW_Column_A_Base_13,7E52B863-4BB8-824C-6C6D-318E4AEF31ED,1,DL_OVERLAND;DL_RENDER,DL_HW_EXT,LI_Hogwarts > LI_EntranceHall_EXT,/Game/Levels/Overland/Hogwarts/EntranceHall/LI_EntranceHall_EXT,,-9960.4,-26068.2,11497.1
Hogwarts,SM_HW_Column_A_Base_14,StaticMeshActor,LV_Overland/Hogwarts/LI_Hogwarts/LevelInstances/EntranceHall/LI_EntranceHall_EXT/RENDER/Tower/SM_HW_Column_A_Base_14,ABC12FCC-4810-BA3A-A05B-9E9A28D6227C,1,DL_OVERLAND;DL_RENDER,DL_HW_EXT,LI_Hogwarts > LI_EntranceHall_EXT,/Game/Levels/Overland/Hogwarts/EntranceHall/LI_EntranceHall_EXT,,-9887.1,-25656.1,11497.1
Hogwarts,SM_HW_Column_A_Base_15,StaticMeshActor,LV_Overland/Hogwarts/LI_Hogwarts/LevelInstances/EntranceHall/LI_EntranceHall_EXT/RENDER/Tower/SM_HW_Column_A_Base_15,96F287FB-44F6-20EF-B1E5-48969649A97B,1,DL_OVERLAND;DL_RENDER,DL_HW_EXT,LI_Hogwarts > LI_EntranceHall_EXT,/Game/Levels/Overland/Hogwarts/EntranceHall/LI_EntranceHall_EXT,,-9538.8,-25422.9,11497.1
Hogwarts,SM_HW_Column_A_Base_16,StaticMeshActor,LV_Overland/Hogwarts/LI_Hogwarts/LevelInstances/EntranceHall/LI_EntranceHall_EXT/RENDER/Tower/SM_HW_Column_A_Base_16,D5456428-4800-7D8A-A7C0-A7B3D36956FE,1,DL_OVERLAND;DL_RENDER,DL_HW_EXT,LI_Hogwarts > LI_EntranceHall_EXT,/Game/Levels/Overland/Hogwarts/EntranceHall/LI_EntranceHall_EXT,,-8706.4,-25578.9,10545.8
Hogwarts,SM_HW_Column_A_Base_2,StaticMeshActor,LV_Overland/Hogwarts/LI_Hogwarts/LevelInstances/EntranceHall/LI_EntranceHall_EXT/RENDER/Tower/SM_HW_Column_A_Base_2,9F16522D-4C4A-0FF0-81D6-40A497FDDE0B,1,DL_OVERLAND;DL_RENDER,DL_HW_EXT,LI_Hogwarts > LI_EntranceHall_EXT,/Game/Levels/Overland/Hogwarts/EntranceHall/LI_EntranceHall_EXT,,-8492.0,-25902.2,11497.1
Hogwarts,SM_HW_Column_A_Base_20,StaticMeshActor,LV_Overland/Hogwarts/LI_Hogwarts/LevelInstances/EntranceHall/LI_EntranceHall_EXT/RENDER/Tower/SM_HW_Column_A_Base_20,9C1111AE-4024-66D3-F994-43AAFAFFBF34,1,DL_OVERLAND;DL_RENDER,DL_HW_EXT,LI_Hogwarts > LI_EntranceHall_EXT,/Game/Levels/Overland/Hogwarts/EntranceHall/LI_EntranceHall_EXT,,-9720.7,-26437.5,10544.5
Hogwarts,SM_HW_Column_A_Base_21,StaticMeshActor,LV_Overland/Hogwarts/LI_Hogwarts/LevelInstances/EntranceHall/LI_EntranceHall_EXT/RENDER/Tower/SM_HW_Column_A_Base_21,E42BF571-4C55-2ABF-F0E3-86A8C1E65BF9,1,DL_OVERLAND;DL_RENDER,DL_HW_EXT,LI_Hogwarts > LI_EntranceHall_EXT,/Game/Levels/Overland/Hogwarts/EntranceHall/LI_EntranceHall_EXT,,-9971.1,-26071.9,10550.8
Hogwarts,SM_HW_Column_A_Base_22,StaticMeshActor,LV_Overland/Hogwarts/LI_Hogwarts/LevelInstances/EntranceHall/LI_EntranceHall_EXT/RENDER/Tower/SM_HW_Column_A_Base_22,79F1E1EB-463B-77DB-D901-42AE2E151434,1,DL_OVERLAND;DL_RENDER,DL_HW_EXT,LI_Hogwarts > LI_EntranceHall_EXT,/Game/Levels/Overland/Hogwarts/EntranceHall/LI_EntranceHall_EXT,,-9879.2,-25658.0,10540.7
Hogwarts,SM_HW_Column_A_Base_23,StaticMeshActor,LV_Overland/Hogwarts/LI_Hogwarts/LevelInstances/EntranceHall/LI_EntranceHall_EXT/RENDER/Tower/SM_HW_Column_A_Base_23,8BDA9211-4B00-C770-7A04-17AA6354C93B,1,DL_OVERLAND;DL_RENDER,DL_HW_EXT,LI_Hogwarts > LI_EntranceHall_EXT,/Game/Levels/Overland/Hogwarts/EntranceHall/LI_EntranceHall_EXT,,-9563.0,-25388.3,10540.7
Hogwarts,SM_HW_Column_A_Base_3,StaticMeshActor,LV_Overland/Hogwarts/LI_Hogwarts/LevelInstances/EntranceHall/LI_EntranceHall_EXT/RENDER/Tower/SM_HW_Column_A_Base_3,EA3EA84B-449E-2116-5655-09850CD6DABB,1,DL_OVERLAND;DL_RENDER,DL_HW_EXT,LI_Hogwarts > LI_EntranceHall_EXT,/Game/Levels/Overland/Hogwarts/EntranceHall/LI_EntranceHall_EXT,,-8906.9,-26543.9,11497.1
Hogwarts,SM_HW_Column_A_Base_5,StaticMeshActor,LV_Overland/Hogwarts/LI_Hogwarts/LevelInstances/EntranceHall/LI_EntranceHall_EXT/RENDER/Tower/SM_HW_Column_A_Base_5,F46FF3FD-4E90-A684-C791-908CC60A568F,1,DL_OVERLAND;DL_RENDER,DL_HW_EXT,LI_Hogwarts > LI_EntranceHall_EXT,/Game/Levels/Overland/Hogwarts/EntranceHall/LI_EntranceHall_EXT,,-8525.0,-26344.3,10572.2
Hogwarts,SM_HW_Column_A_Base_6,StaticMeshActor,LV_Overland/Hogwarts/LI_Hogwarts/LevelInstances/EntranceHall/LI_EntranceHall_EXT/RENDER/Tower/SM_HW_Column_A_Base_6,607F8EBC-4308-BAD9-6ACF-8D92E0AFE252,1,DL_OVERLAND;DL_RENDER,DL_HW_EXT,LI_Hogwarts > LI_EntranceHall_EXT,/Game/Levels/Overland/Hogwarts/EntranceHall/LI_EntranceHall_EXT,,-8900.8,-26608.8,10571.8
Hogwarts,SM_HW_Column_A_Base_7,StaticMeshActor,LV_Overland/Hogwarts/LI_Hogwarts/LevelInstances/EntranceHall/LI_EntranceHall_EXT/RENDER/Tower/SM_HW_Column_A_Base_7,3FCDA154-459B-DC32-83FB-E099F1A6A881,1,DL_OVERLAND;DL_RENDER,DL_HW_EXT,LI_Hogwarts > LI_EntranceHall_EXT,/Game/Levels/Overland/Hogwarts/EntranceHall/LI_EntranceHall_EXT,,-8444.8,-25885.2,10572.5
Hogwarts,SM_HW_Column_A_Base_8,StaticMeshActor,LV_Overland/Hogwarts/LI_Hogwarts/LevelInstances/EntranceHall/LI_EntranceHall_EXT/RENDER/Tower/SM_HW_Column_A_Base_8,8B1CF53F-4576-59EE-4417-E3927CAAF43D,1,DL_OVERLAND;DL_RENDER,DL_HW_EXT,LI_Hogwarts > LI_EntranceHall_EXT,/Game/Levels/Overland/Hogwarts/EntranceHall/LI_EntranceHall_EXT,,-9747.9,-26460.5,10575.0
Hogwarts,SM_HW_Column_A_Base_9,StaticMeshActor,LV_Overland/Hogwarts/LI_Hogwarts/LevelInstances/EntranceHall/LI_EntranceHall_EXT/RENDER/Tower/SM_HW_Column_A_Base_9,ECE50DAD-4B2C-A881-0B36-F2AFDA1706B7,1,DL_OVERLAND;DL_RENDER,DL_HW_EXT,LI_Hogwarts > LI_EntranceHall_EXT,/Game/Levels/Overland/Hogwarts/EntranceHall/LI_EntranceHall_EXT,,-10009.7,-26085.3,10570.4
Hogwarts,SM_HW_Column_A_Top_1,StaticMeshActor,LV_Overland/Hogwarts/LI_Hogwarts/LevelInstances/EntranceHall/LI_EntranceHall_EXT/RENDER/Tower/SM_HW_Column_A_Top_1,E56669FD-412C-0C02-53AC-76BDAEF1FCF8,1,DL_OVERLAND;DL_RENDER,DL_HW_EXT,LI_Hogwarts > LI_EntranceHall_EXT,/Game/Levels/Overland/Hogwarts/EntranceHall/LI_EntranceHall_EXT,,-8526.6,-26341.0,12264.5
Hogwarts,SM_HW_Column_A_Top_12,StaticMeshActor,LV_Overland/Hogwarts/LI_Hogwarts/LevelInstances/EntranceHall/LI_EntranceHall_EXT/RENDER/Tower/SM_HW_Column_A_Top_12,7375C925-4FE6-BE88-6D26-C19EE468783F,1,DL_OVERLAND;DL_RENDER,DL_HW_EXT,LI_Hogwarts > LI_EntranceHall_EXT,/Game/Levels/Overland/Hogwarts/EntranceHall/LI_EntranceHall_EXT,,-9750.4,-26433.1,12264.5
Hogwarts,SM_HW_Column_A_Top_13,StaticMeshActor,LV_Overland/Hogwarts/LI_Hogwarts/LevelInstances/EntranceHall/LI_EntranceHall_EXT/RENDER/Tower/SM_HW_Column_A_Top_13,EE13F2B2-40B0-97E7-4D4E-0087442FB4D6,1,DL_OVERLAND;DL_RENDER,DL_HW_EXT,LI_Hogwarts > LI_EntranceHall_EXT,/Game/Levels/Overland/Hogwarts/EntranceHall/LI_EntranceHall_EXT,,-10007.0,-26078.7,12264.5
Hogwarts,SM_HW_Column_A_Top_14,StaticMeshActor,LV_Overland/Hogwarts/LI_Hogwarts/LevelInstances/EntranceHall/LI_EntranceHall_EXT/RENDER/Tower/SM_HW_Column_A_Top_14,52B2A139-4826-57A0-E5AA-FA9C16B770C9,1,DL_OVERLAND;DL_RENDER,DL_HW_EXT,LI_Hogwarts > LI_EntranceHall_EXT,/Game/Levels/Overland/Hogwarts/EntranceHall/LI_EntranceHall_EXT,,-9927.3,-25630.4,12264.5
Hogwarts,SM_HW_Column_A_Top_2,StaticMeshActor,LV_Overland/Hogwarts/LI_Hogwarts/LevelInstances/EntranceHall/LI_EntranceHall_EXT/RENDER/Tower/SM_HW_Column_A_Top_2,DFC099FB-41B2-5363-5FCE-F4ADA8378A33,1,DL_OVERLAND;DL_RENDER,DL_HW_EXT,LI_Hogwarts > LI_EntranceHall_EXT,/Game/Levels/Overland/Hogwarts/EntranceHall/LI_EntranceHall_EXT,,-8445.4,-25891.8,12264.5
Hogwarts,SM_HW_CrocketDetail_A_1,StaticMeshActor,LV_Overland/Hogwarts/LI_Hogwarts/LevelInstances/EntranceHall/LI_EntranceHall_EXT/RENDER/Tower/SM_HW_CrocketDetail_A_1,ACC4EFFE-401D-29B8-DC11-2BB917A3A684,1,DL_OVERLAND;DL_RENDER,DL_HW_EXT,LI_Hogwarts > LI_EntranceHall_EXT,/Game/Levels/Overland/Hogwarts/EntranceHall/LI_EntranceHall_EXT,,-9981.6,-30022.5,8754.7
Hogwarts,SM_HW_CrocketDetail_A_10,StaticMeshActor,LV_Overland/Hogwarts/LI_Hogwarts/LevelInstances/EntranceHall/LI_EntranceHall_EXT/RENDER/Tower/SM_HW_CrocketDetail_A_10,FE7E4A4E-418A-37B1-E0B2-C581F705DA3E,1,DL_OVERLAND;DL_RENDER,DL_HW_EXT,LI_Hogwarts > LI_EntranceHall_EXT,/Game/Levels/Overland/Hogwarts/EntranceHall/LI_EntranceHall_EXT,,-9736.2,-30065.4,8476.2
Hogwarts,SM_HW_CrocketDetail_A_11,StaticMeshActor,LV_Overland/Hogwarts/LI_Hogwarts/LevelInstances/EntranceHall/LI_EntranceHall_EXT/RENDER/Tower/SM_HW_CrocketDetail_A_11,2A3B4AE6-4D0D-0F3A-55D6-E99AC7653ACE,1,DL_OVERLAND;DL_RENDER,DL_HW_EXT,LI_Hogwarts > LI_EntranceHall_EXT,/Game/Levels/Overland/Hogwarts/EntranceHall/LI_EntranceHall_EXT,,-9682.9,-30074.8,8387.2
Hogwarts,SM_HW_CrocketDetail_A_12,StaticMeshActor,LV_Overland/Hogwarts/LI_Hogwarts/LevelInstances/EntranceHall/LI_EntranceHall_EXT/RENDER/Tower/SM_HW_CrocketDetail_A_12,194A2F33-4DF5-CD63-D467-C19C38D05D83,1,DL_OVERLAND;DL_RENDER,DL_HW_EXT,LI_Hogwarts > LI_EntranceHall_EXT,/Game/Levels/Overland/Hogwarts/EntranceHall/LI_EntranceHall_EXT,,-9631.3,-30083.9,8294.6
Hogwarts,SM_HW_CrocketDetail_A_2,StaticMeshActor,LV_Overland/Hogwarts/LI_Hogwarts/LevelInstances/EntranceHall/LI_EntranceHall_EXT/RENDER/Tower/SM_HW_CrocketDetail_A_2,B17552B9-4759-872C-3BC8-A584AAF5458B,1,DL_OVERLAND;DL_RENDER,DL_HW_EXT,LI_Hogwarts > LI_EntranceHall_EXT,/Game/Levels/Overland/Hogwarts/EntranceHall/LI_EntranceHall_EXT,,-10033.3,-30013.4,8663.2
Hogwarts,SM_HW_CrocketDetail_A_3,StaticMeshActor,LV_Overland/Hogwarts/LI_Hogwarts/LevelInstances/EntranceHall/LI_EntranceHall_EXT/RENDER/Tower/SM_HW_CrocketDetail_A_3,02CDD05E-43BB-B703-5FE3-A29268CEF296,1,DL_OVERLAND;DL_RENDER,DL_HW_EXT,LI_Hogwarts > LI_EntranceHall_EXT,/Game/Levels/Overland/Hogwarts/EntranceHall/LI_EntranceHall_EXT,,-10088.9,-30003.6,8571.8
Hogwarts,SM_HW_CrocketDetail_A_4,StaticMeshActor,LV_Overland/Hogwarts/LI_Hogwarts/LevelInstances/EntranceHall/LI_EntranceHall_EXT/RENDER/Tower/SM_HW_CrocketDetail_A_4,BD02ECA7-4E2F-542F-A7E5-30952330B79F,1,DL_OVERLAND;DL_RENDER,DL_HW_EXT,LI_Hogwarts > LI_EntranceHall_EXT,/Game/Levels/Overland/Hogwarts/EntranceHall/LI_EntranceHall_EXT,,-10142.1,-29994.2,8476.2
Hogwarts,SM_HW_CrocketDetail_A_5,StaticMeshActor,LV_Overland/Hogwarts/LI_Hogwarts/LevelInstances/EntranceHall/LI_EntranceHall_EXT/RENDER/Tower/SM_HW_CrocketDetail_A_5,A412BDFF-4933-6328-A456-5DB6C8EB4274,1,DL_OVERLAND;DL_RENDER,DL_HW_EXT,LI_Hogwarts > LI_EntranceHall_EXT,/Game/Levels/Overland/Hogwarts/EntranceHall/LI_EntranceHall_EXT,,-10194.2,-29985.1,8387.2
Hogwarts,SM_HW_CrocketDetail_A_6,StaticMeshActor,LV_Overland/Hogwarts/LI_Hogwarts/LevelInstances/EntranceHall/LI_EntranceHall_EXT/RENDER/Tower/SM_HW_CrocketDetail_A_6,FD1B56C0-46BA-FC54-643B-EAA06439778A,1,DL_OVERLAND;DL_RENDER,DL_HW_EXT,LI_Hogwarts > LI_EntranceHall_EXT,/Game/Levels/Overland/Hogwarts/EntranceHall/LI_EntranceHall_EXT,,-10238.1,-29977.3,8294.6
Hogwarts,SM_HW_CrocketDetail_A_7,StaticMeshActor,LV_Overland/Hogwarts/LI_Hogwarts/LevelInstances/EntranceHall/LI_EntranceHall_EXT/RENDER/Tower/SM_HW_CrocketDetail_A_7,9CD8F24C-42C7-8CE2-8971-FE9C1C03EF8D,1,DL_OVERLAND;DL_RENDER,DL_HW_EXT,LI_Hogwarts > LI_EntranceHall_EXT,/Game/Levels/Overland/Hogwarts/EntranceHall/LI_EntranceHall_EXT,,-9891.9,-30038.0,8754.7
Hogwarts,SM_HW_CrocketDetail_A_8,StaticMeshActor,LV_Overland/Hogwarts/LI_Hogwarts/LevelInstances/EntranceHall/LI_EntranceHall_EXT/RENDER/Tower/SM_HW_CrocketDetail_A_8,9195B16B-448C-A479-6923-9FB4F7ED6788,1,DL_OVERLAND;DL_RENDER,DL_HW_EXT,LI_Hogwarts > LI_EntranceHall_EXT,/Game/Levels/Overland/Hogwarts/EntranceHall/LI_EntranceHall_EXT,,-9846.9,-30045.9,8663.2
Hogwarts,SM_HW_CrocketDetail_A_9,StaticMeshActor,LV_Overland/Hogwarts/LI_Hogwarts/LevelInstances/EntranceHall/LI_EntranceHall_EXT/RENDER/Tower/SM_HW_CrocketDetail_A_9,9AE2FE1C-41A0-2CFB-45CC-B1A0B360870D,1,DL_OVERLAND;DL_RENDER,DL_HW_EXT,LI_Hogwarts > LI_EntranceHall_EXT,/Game/Levels/Overland/Hogwarts/EntranceHall/LI_EntranceHall_EXT,,-9791.4,-30055.7,8571.8
Hogwarts,SM_HW_EH_Buttress_B_Wall,StaticMeshActor,LV_Overland/Hogwarts/LI_Hogwarts/LevelInstances/EntranceHall/LI_EntranceHall_EXT/SM_HW_EH_Buttress_B_Wall,305A4E32-4036-4E91-6EA3-FCB913829B9A,1,DL_OVERLAND;DL_RENDER,DL_HW_EXT,LI_Hogwarts > LI_EntranceHall_EXT,/Game/Levels/Overland/Hogwarts/EntranceHall/LI_EntranceHall_EXT,,-10466.3,-29572.7,8168.8
Hogwarts,SM_HW_EH_Buttress_B_Wall2,StaticMeshActor,LV_Overland/Hogwarts/LI_Hogwarts/LevelInstances/EntranceHall/LI_EntranceHall_EXT/SM_HW_EH_Buttress_B_Wall2,23222D71-46D6-166C-1E76-D391A0AF7262,1,DL_OVERLAND;DL_RENDER,DL_HW_EXT,LI_Hogwarts > LI_EntranceHall_EXT,/Game/Levels/Overland/Hogwarts/EntranceHall/LI_EntranceHall_EXT,,-9294.8,-29779.2,8168.8
Hogwarts,SM_HW_EH_ColumnBase_Large_PartA,StaticMeshActor,LV_Overland/Hogwarts/LI_Hogwarts/LevelInstances/EntranceHall/LI_EntranceHall_EXT/SM_HW_EH_ColumnBase_Large_PartA,35FB3BCA-4683-111E-6F7A-8793A2DA3A39,1,DL_OVERLAND;DL_RENDER,DL_HW_EXT,LI_Hogwarts > LI_EntranceHall_EXT,/Game/Levels/Overland/Hogwarts/EntranceHall/LI_EntranceHall_EXT,,-8308.2,-28545.2,7315.0
Hogwarts,SM_HW_EH_ColumnBase_Large_PartA2,StaticMeshActor,LV_Overland/Hogwarts/LI_Hogwarts/LevelInstances/EntranceHall/LI_EntranceHall_EXT/SM_HW_EH_ColumnBase_Large_PartA2,B22E9C28-466C-5C0D-ADF6-91AE800528EF,1,DL_OVERLAND;DL_RENDER,DL_HW_EXT,LI_Hogwarts > LI_EntranceHall_EXT,/Game/Levels/Overland/Hogwarts/EntranceHall/LI_EntranceHall_EXT,,-8164.8,-27731.1,7315.0
Hogwarts,SM_HW_EH_ColumnBase_Large_PartA3,StaticMeshActor,LV_Overland/Hogwarts/LI_Hogwarts/LevelInstances/EntranceHall/LI_EntranceHall_EXT/SM_HW_EH_ColumnBase_Large_PartA3,14C0F906-4605-7886-CE2C-819A18DE6CB5,1,DL_OVERLAND;DL_RENDER,DL_HW_EXT,LI_Hogwarts > LI_EntranceHall_EXT,/Game/Levels/Overland/Hogwarts/EntranceHall/LI_EntranceHall_EXT,,-8446.2,-29326.6,7315.0
Hogwarts,SM_HW_EH_ColumnBase_Large_PartA4,StaticMeshActor,LV_Overland/Hogwarts/LI_Hogwarts/LevelInstances/EntranceHall/LI_EntranceHall_EXT/SM_HW_EH_ColumnBase_Large_PartA4,CCEF2DC2-4504-9B7D-D5F9-34BDE61BE3F7,1,DL_OVERLAND;DL_RENDER,DL_HW_EXT,LI_Hogwarts > LI_EntranceHall_EXT,/Game/Levels/Overland/Hogwarts/EntranceHall/LI_EntranceHall_EXT,,-11105.0,-28857.4,7315.0
Hogwarts,SM_HW_EH_ColumnBase_Large_PartA5,StaticMeshActor,LV_Overland/Hogwarts/LI_Hogwarts/LevelInstances/EntranceHall/LI_EntranceHall_EXT/SM_HW_EH_ColumnBase_Large_PartA5,94735E5C-43BD-D50A-C12A-7B8099663C62,1,DL_OVERLAND;DL_RENDER,DL_HW_EXT,LI_Hogwarts > LI_EntranceHall_EXT,/Game/Levels/Overland/Hogwarts/EntranceHall/LI_EntranceHall_EXT,,-10967.1,-28076.4,7315.0
Hogwarts,SM_HW_EH_ColumnBase_Large_PartA6,StaticMeshActor,LV_Overland/Hogwarts/LI_Hogwarts/LevelInstances/EntranceHall/LI_EntranceHall_EXT/SM_HW_EH_ColumnBase_Large_PartA6,79559D7A-4826-4F3C-E311-0CAFD82999EC,1,DL_OVERLAND;DL_RENDER,DL_HW_EXT,LI_Hogwarts > LI_EntranceHall_EXT,/Game/Levels/Overland/Hogwarts/EntranceHall/LI_EntranceHall_EXT,,-9333.0,-30038.2,7315.0
Hogwarts,SM_HW_EH_ColumnBase_Large_PartA7,StaticMeshActor,LV_Overland/Hogwarts/LI_Hogwarts/LevelInstances/EntranceHall/LI_EntranceHall_EXT/SM_HW_EH_ColumnBase_Large_PartA7,837D27E9-4203-424C-340F-C8B304AAA5E0,1,DL_OVERLAND;DL_RENDER,DL_HW_EXT,LI_Hogwarts > LI_EntranceHall_EXT,/Game/Levels/Overland/Hogwarts/EntranceHall/LI_EntranceHall_EXT,,-10515.0,-29829.9,7315.0
Hogwarts,SM_HW_EH_ColumnBase_Large_PartB,StaticMeshActor,LV_Overland/Hogwarts/LI_Hogwarts/LevelInstances/EntranceHall/LI_EntranceHall_EXT/SM_HW_EH_ColumnBase_Large_PartB,4B4F9375-4FD2-CA7A-AE3B-4EADAAF0C460,1,DL_OVERLAND;DL_RENDER,DL_HW_EXT,LI_Hogwarts > LI_EntranceHall_EXT,/Game/Levels/Overland/Hogwarts/EntranceHall/LI_EntranceHall_EXT,,-11105.1,-28857.6,7365.9
Hogwarts,SM_HW_EH_ColumnBase_Large_PartB2,StaticMeshActor,LV_Overland/Hogwarts/LI_Hogwarts/LevelInstances/EntranceHall/LI_EntranceHall_EXT/SM_HW_EH_ColumnBase_Large_PartB2,1E7A3AB2-4D07-5192-84B9-008E930F0617,1,DL_OVERLAND;DL_RENDER,DL_HW_EXT,LI_Hogwarts > LI_EntranceHall_EXT,/Game/Levels/Overland/Hogwarts/EntranceHall/LI_EntranceHall_EXT,,-8164.8,-27731.3,7365.9
Hogwarts,SM_HW_EH_ColumnBase_Large_PartB3,StaticMeshActor,LV_Overland/Hogwarts/LI_Hogwarts/LevelInstances/EntranceHall/LI_EntranceHall_EXT/SM_HW_EH_ColumnBase_Large_PartB3,1114F396-4AC1-982F-8CE4-19BC93D51B29,1,DL_OVERLAND;DL_RENDER,DL_HW_EXT,LI_Hogwarts > LI_EntranceHall_EXT,/Game/Levels/Overland/Hogwarts/EntranceHall/LI_EntranceHall_EXT,,-8308.3,-28545.2,7365.9
Hogwarts,SM_HW_EH_ColumnBase_Large_PartB4,StaticMeshActor,LV_Overland/Hogwarts/LI_Hogwarts/LevelInstances/EntranceHall/LI_EntranceHall_EXT/SM_HW_EH_ColumnBase_Large_PartB4,AB723F3F-44B8-E29F-14EF-59BA8F429229,1,DL_OVERLAND;DL_RENDER,DL_HW_EXT,LI_Hogwarts > LI_EntranceHall_EXT,/Game/Levels/Overland/Hogwarts/EntranceHall/LI_EntranceHall_EXT,,-8446.1,-29326.4,7365.9
Hogwarts,SM_HW_EH_ColumnBase_Large_PartB5,StaticMeshActor,LV_Overland/Hogwarts/LI_Hogwarts/LevelInstances/EntranceHall/LI_EntranceHall_EXT/SM_HW_EH_ColumnBase_Large_PartB5,EEB6C66C-444C-722B-CC3A-72975CE75210,1,DL_OVERLAND;DL_RENDER,DL_HW_EXT,LI_Hogwarts > LI_EntranceHall_EXT,/Game/Levels/Overland/Hogwarts/EntranceHall/LI_EntranceHall_EXT,,-9333.2,-30038.1,7365.9
Hogwarts,SM_HW_EH_ColumnBase_Large_PartB6,StaticMeshActor,LV_Overland/Hogwarts/LI_Hogwarts/LevelInstances/EntranceHall/LI_EntranceHall_EXT/SM_HW_EH_ColumnBase_Large_PartB6,6E783054-4616-63BA-1105-349D36886329,1,DL_OVERLAND;DL_RENDER,DL_HW_EXT,LI_Hogwarts > LI_EntranceHall_EXT,/Game/Levels/Overland/Hogwarts/EntranceHall/LI_EntranceHall_EXT,,-10514.9,-29829.7,7365.9
Hogwarts,SM_HW_EH_ColumnBase_Large_PartB7,StaticMeshActor,LV_Overland/Hogwarts/LI_Hogwarts/LevelInstances/EntranceHall/LI_EntranceHall_EXT/SM_HW_EH_ColumnBase_Large_PartB7,282B0D61-4860-306D-CB31-9D976BFA93F1,1,DL_OVERLAND;DL_RENDER,DL_HW_EXT,LI_Hogwarts > LI_EntranceHall_EXT,/Game/Levels/Overland/Hogwarts/EntranceHall/LI_EntranceHall_EXT,,-10967.3,-28076.3,7365.9
Hogwarts,SM_HW_EH_ColumnBase_Large_PartC,StaticMeshActor,LV_Overland/Hogwarts/LI_Hogwarts/LevelInstances/EntranceHall/LI_EntranceHall_EXT/SM_HW_EH_ColumnBase_Large_PartC,52C33A73-47A8-01A5-81F1-51918C48CADD,1,DL_OVERLAND;DL_RENDER,DL_HW_EXT,LI_Hogwarts > LI_EntranceHall_EXT,/Game/Levels/Overland/Hogwarts/EntranceHall/LI_EntranceHall_EXT,,-8308.4,-28545.2,7406.5
Hogwarts,SM_HW_EH_ColumnBase_Large_PartC2,StaticMeshActor,LV_Overland/Hogwarts/LI_Hogwarts/LevelInstances/EntranceHall/LI_EntranceHall_EXT/SM_HW_EH_ColumnBase_Large_PartC2,B0FCB9E0-4CEB-B2D6-1C76-65A889A5C8CD,1,DL_OVERLAND;DL_RENDER,DL_HW_EXT,LI_Hogwarts > LI_EntranceHall_EXT,/Game/Levels/Overland/Hogwarts/EntranceHall/LI_EntranceHall_EXT,,-8164.9,-27731.3,7406.5
Hogwarts,SM_HW_EH_ColumnBase_Large_PartC3,StaticMeshActor,LV_Overland/Hogwarts/LI_Hogwarts/LevelInstances/EntranceHall/LI_EntranceHall_EXT/SM_HW_EH_ColumnBase_Large_PartC3,70DF7710-4E83-3CFD-F310-FC939EB9B664,1,DL_OVERLAND;DL_RENDER,DL_HW_EXT,LI_Hogwarts > LI_EntranceHall_EXT,/Game/Levels/Overland/Hogwarts/EntranceHall/LI_EntranceHall_EXT,,-8446.1,-29326.4,7406.5
Hogwarts,SM_HW_EH_ColumnBase_Large_PartC4,StaticMeshActor,LV_Overland/Hogwarts/LI_Hogwarts/LevelInstances/EntranceHall/LI_EntranceHall_EXT/SM_HW_EH_ColumnBase_Large_PartC4,494005A6-4B20-743B-3D9E-D89774AEC8CE,1,DL_OVERLAND;DL_RENDER,DL_HW_EXT,LI_Hogwarts > LI_EntranceHall_EXT,/Game/Levels/Overland/Hogwarts/EntranceHall/LI_EntranceHall_EXT,,-9333.2,-30038.1,7406.5
Hogwarts,SM_HW_EH_ColumnBase_Large_PartC5,StaticMeshActor,LV_Overland/Hogwarts/LI_Hogwarts/LevelInstances/EntranceHall/LI_EntranceHall_EXT/SM_HW_EH_ColumnBase_Large_PartC5,3C73CDA2-4F64-3C81-DBA2-F19869ABA536,1,DL_OVERLAND;DL_RENDER,DL_HW_EXT,LI_Hogwarts > LI_EntranceHall_EXT,/Game/Levels/Overland/Hogwarts/EntranceHall/LI_EntranceHall_EXT,,-10514.9,-29829.7,7406.5
Hogwarts,SM_HW_EH_ColumnBase_Large_PartC6,StaticMeshActor,LV_Overland/Hogwarts/LI_Hogwarts/LevelInstances/EntranceHall/LI_EntranceHall_EXT/SM_HW_EH_ColumnBase_Large_PartC6,38EA1BD2-44EA-C4DA-D5DD-2C8C28563EC4,1,DL_OVERLAND;DL_RENDER,DL_HW_EXT,LI_Hogwarts > LI_EntranceHall_EXT,/Game/Levels/Overland/Hogwarts/EntranceHall/LI_EntranceHall_EXT,,-11105.1,-28857.6,7406.5
Hogwarts,SM_HW_EH_ColumnBase_Large_PartC7,StaticMeshActor,LV_Overland/Hogwarts/LI_Hogwarts/LevelInstances/EntranceHall/LI_EntranceHall_EXT/SM_HW_EH_ColumnBase_Large_PartC7,B9146C3E-4371-F4C9-8C22-208F26820D5F,1,DL_OVERLAND;DL_RENDER,DL_HW_EXT,LI_Hogwarts > LI_EntranceHall_EXT,/Game/Levels/Overland/Hogwarts/EntranceHall/LI_EntranceHall_EXT,,-10967.3,-28076.3,7406.5
Hogwarts,SM_HW_EH_ColumnBase_Large_PartD,StaticMeshActor,LV_Overland/Hogwarts/LI_Hogwarts/LevelInstances/EntranceHall/LI_EntranceHall_EXT/SM_HW_EH_ColumnBase_Large_PartD,94DBED3E-4996-86FB-30D1-9581E71A084F,1,DL_OVERLAND;DL_RENDER,DL_HW_EXT,LI_Hogwarts > LI_EntranceHall_EXT,/Game/Levels/Overland/Hogwarts/EntranceHall/LI_EntranceHall_EXT,,-10514.9,-29829.7,7300.0
Hogwarts,SM_HW_EH_ColumnBase_Large_PartD2,StaticMeshActor,LV_Overland/Hogwarts/LI_Hogwarts/LevelInstances/EntranceHall/LI_EntranceHall_EXT/SM_HW_EH_ColumnBase_Large_PartD2,36AD98FB-4206-B321-A63E-82A536C37C41,1,DL_OVERLAND;DL_RENDER,DL_HW_EXT,LI_Hogwarts > LI_EntranceHall_EXT,/Game/Levels/Overland/Hogwarts/EntranceHall/LI_EntranceHall_EXT,,-8446.1,-29326.4,7300.0
Hogwarts,SM_HW_EH_ColumnBase_Large_PartE,StaticMeshActor,LV_Overland/Hogwarts/LI_Hogwarts/LevelInstances/EntranceHall/LI_EntranceHall_EXT/SM_HW_EH_ColumnBase_Large_PartE,03F9B149-4D69-5882-39FD-2F8F7CE0F793,1,DL_OVERLAND;DL_RENDER,DL_HW_EXT,LI_Hogwarts > LI_EntranceHall_EXT,/Game/Levels/Overland/Hogwarts/EntranceHall/LI_EntranceHall_EXT,,-9333.2,-30038.1,7300.0
Hogwarts,SM_HW_EH_ColumnBase_Large_PartF,StaticMeshActor,LV_Overland/Hogwarts/LI_Hogwarts/LevelInstances/EntranceHall/LI_EntranceHall_EXT/SM_HW_EH_ColumnBase_Large_PartF,1BA1EE24-4FAA-E919-135E-D380DA345C23,1,DL_OVERLAND;DL_RENDER,DL_HW_EXT,LI_Hogwarts > LI_EntranceHall_EXT,/Game/Levels/Overland/Hogwarts/EntranceHall/LI_EntranceHall_EXT,,-10514.9,-29829.7,7300.0
Hogwarts,SM_HW_EH_ColumnBase_Large_PartG,StaticMeshActor,LV_Overland/Hogwarts/LI_Hogwarts/LevelInstances/EntranceHall/LI_EntranceHall_EXT/SM_HW_EH_ColumnBase_Large_PartG,E92BBF85-4BF7-153B-F008-48B1933BFFC6,1,DL_OVERLAND;DL_RENDER,DL_HW_EXT,LI_Hogwarts > LI_EntranceHall_EXT,/Game/Levels/Overland/Hogwarts/EntranceHall/LI_EntranceHall_EXT,,-9333.2,-30038.1,7300.0
Hogwarts,SM_HW_EH_Column_LG_A,StaticMeshActor,LV_Overland/Hogwarts/LI_Hogwarts/LevelInstances/EntranceHall/LI_EntranceHall_EXT/RENDER/SM_HW_EH_Column_LG_A,6F560B13-4357-3491-1A4F-3A8B7460298D,1,DL_OVERLAND;DL_RENDER,DL_HW_EXT,LI_Hogwarts > LI_EntranceHall_EXT,/Game/Levels/Overland/Hogwarts/EntranceHall/LI_EntranceHall_EXT,,-11109.5,-28856.7,8394.3
Hogwarts,SM_HW_EH_Column_LG_A10,StaticMeshActor,LV_Overland/Hogwarts/LI_Hogwarts/LevelInstances/EntranceHall/LI_EntranceHall_EXT/RENDER/SM_HW_EH_Column_LG_A10,DBEF4A6E-4DB3-E7CE-5CC2-EB99A2130656,1,DL_OVERLAND;DL_RENDER,DL_HW_EXT,LI_Hogwarts > LI_EntranceHall_EXT,/Game/Levels/Overland/Hogwarts/EntranceHall/LI_EntranceHall_EXT,,-10510.5,-29830.6,8394.3
Hogwarts,SM_HW_EH_Column_LG_A11,StaticMeshActor,LV_Overland/Hogwarts/LI_Hogwarts/LevelInstances/EntranceHall/LI_EntranceHall_EXT/RENDER/SM_HW_EH_Column_LG_A11,C3782613-45BB-D0BD-A252-EEAC87DCFFF5,1,DL_OVERLAND;DL_RENDER,DL_HW_EXT,LI_Hogwarts > LI_EntranceHall_EXT,/Game/Levels/Overland/Hogwarts/EntranceHall/LI_EntranceHall_EXT,,-9332.3,-30033.7,8394.3
Hogwarts,SM_HW_EH_Column_LG_A13,StaticMeshActor,LV_Overland/Hogwarts/LI_Hogwarts/LevelInstances/EntranceHall/LI_EntranceHall_EXT/RENDER/SM_HW_EH_Column_LG_A13,92F0E85D-4A09-112F-B37A-BEAF3888793A,1,DL_OVERLAND;DL_RENDER,DL_HW_EXT,LI_Hogwarts > LI_EntranceHall_EXT,/Game/Levels/Overland/Hogwarts/EntranceHall/LI_EntranceHall_EXT,,-10423.8,-29313.5,8664.7
Hogwarts,SM_HW_EH_Column_LG_A14,StaticMeshActor,LV_Overland/Hogwarts/LI_Hogwarts/LevelInstances/EntranceHall/LI_EntranceHall_EXT/RENDER/SM_HW_EH_Column_LG_A14,90ADBA0B-43F9-F1B9-ADD4-8EA151E84B94,1,DL_OVERLAND;DL_RENDER,DL_HW_EXT,LI_Hogwarts > LI_EntranceHall_EXT,/Game/Levels/Overland/Hogwarts/EntranceHall/LI_EntranceHall_EXT,,-9242.0,-29521.9,8664.7
Hogwarts,SM_HW_EH_Column_LG_A2,StaticMeshActor,LV_Overland/Hogwarts/LI_Hogwarts/LevelInstances/EntranceHall/LI_EntranceHall_EXT/RENDER/SM_HW_EH_Column_LG_A2,F35E991B-419D-07E7-B763-6AACD2F220B7,1,DL_OVERLAND;DL_RENDER,DL_HW_EXT,LI_Hogwarts > LI_EntranceHall_EXT,/Game/Levels/Overland/Hogwarts/EntranceHall/LI_EntranceHall_EXT,,-10966.4,-28071.9,8394.3
Hogwarts,SM_HW_EH_Column_LG_A20,StaticMeshActor,LV_Overland/Hogwarts/LI_Hogwarts/LevelInstances/EntranceHall/LI_EntranceHall_EXT/RENDER/SM_HW_EH_Column_LG_A20,0774F349-49FA-2AA3-23AB-68A12BD6CD21,1,DL_OVERLAND;DL_RENDER,DL_HW_EXT,LI_Hogwarts > LI_EntranceHall_EXT,/Game/Levels/Overland/Hogwarts/EntranceHall/LI_EntranceHall_EXT,,-8441.7,-29327.3,8394.3
Hogwarts,SM_HW_EH_Column_LG_A24,StaticMeshActor,LV_Overland/Hogwarts/LI_Hogwarts/LevelInstances/EntranceHall/LI_EntranceHall_EXT/RENDER/SM_HW_EH_Column_LG_A24,DF9EBC68-4D2E-9667-181E-F996E289C5DB,1,DL_OVERLAND;DL_RENDER,DL_HW_EXT,LI_Hogwarts > LI_EntranceHall_EXT,/Game/Levels/Overland/Hogwarts/EntranceHall/LI_EntranceHall_EXT,,-12936.8,-26890.0,8394.3
Hogwarts,SM_HW_EH_Column_LG_A3,StaticMeshActor,LV_Overland/Hogwarts/LI_Hogwarts/LevelInstances/EntranceHall/LI_EntranceHall_EXT/RENDER/SM_HW_EH_Column_LG_A3,DBDE0587-4416-9108-3161-C59A04DE06B6,1,DL_OVERLAND;DL_RENDER,DL_HW_EXT,LI_Hogwarts > LI_EntranceHall_EXT,/Game/Levels/Overland/Hogwarts/EntranceHall/LI_EntranceHall_EXT,,-10819.4,-27263.3,8394.3
Hogwarts,SM_HW_EH_Column_LG_A5,StaticMeshActor,LV_Overland/Hogwarts/LI_Hogwarts/LevelInstances/EntranceHall/LI_EntranceHall_EXT/RENDER/SM_HW_EH_Column_LG_A5,509C86D8-4511-8189-185D-ED8E74E02C90,1,DL_OVERLAND;DL_RENDER,DL_HW_EXT,LI_Hogwarts > LI_EntranceHall_EXT,/Game/Levels/Overland/Hogwarts/EntranceHall/LI_EntranceHall_EXT,,-8307.5,-28540.8,8394.3
Hogwarts,SM_HW_EH_Column_LG_A6,StaticMeshActor,LV_Overland/Hogwarts/LI_Hogwarts/LevelInstances/EntranceHall/LI_EntranceHall_EXT/RENDER/SM_HW_EH_Column_LG_A6,629B8276-4D71-4A46-E800-4987239A50BE,1,DL_OVERLAND;DL_RENDER,DL_HW_EXT,LI_Hogwarts > LI_EntranceHall_EXT,/Game/Levels/Overland/Hogwarts/EntranceHall/LI_EntranceHall_EXT,,-8169.2,-27730.4,8394.3
Hogwarts,SM_HW_EH_Column_LG_A7,StaticMeshActor,LV_Overland/Hogwarts/LI_Hogwarts/LevelInstances/EntranceHall/LI_EntranceHall_EXT/RENDER/SM_HW_EH_Column_LG_A7,E7CC8185-4D39-6A83-5EE3-45BE943036E1,1,DL_OVERLAND;DL_RENDER,DL_HW_EXT,LI_Hogwarts > LI_EntranceHall_EXT,/Game/Levels/Overland/Hogwarts/EntranceHall/LI_EntranceHall_EXT,,-8018.9,-26904.5,8394.3
Hogwarts,SM_HW_EH_Column_LG_A8,StaticMeshActor,LV_Overland/Hogwarts/LI_Hogwarts/LevelInstances/EntranceHall/LI_EntranceHall_EXT/RENDER/SM_HW_EH_Column_LG_A8,86474AE0-4BEF-D451-BF07-F790DF4FB570,1,DL_OVERLAND;DL_RENDER,DL_HW_EXT,LI_Hogwarts > LI_EntranceHall_EXT,/Game/Levels/Overland/Hogwarts/EntranceHall/LI_EntranceHall_EXT,,-11561.5,-27127.8,8394.3
Hogwarts,SM_HW_EH_Column_LG_A9,StaticMeshActor,LV_Overland/Hogwarts/LI_Hogwarts/LevelInstances/EntranceHall/LI_EntranceHall_EXT/RENDER/SM_HW_EH_Column_LG_A9,750048CD-4F56-4234-07AB-2FACE600F1B0,1,DL_OVERLAND;DL_RENDER,DL_HW_EXT,LI_Hogwarts > LI_EntranceHall_EXT,/Game/Levels/Overland/Hogwarts/EntranceHall/LI_EntranceHall_EXT,,-12256.2,-27009.8,8394.3
Hogwarts,SM_HW_EH_Crenels_A_End_A10,StaticMeshActor,LV_Overland/Hogwarts/LI_Hogwarts/LevelInstances/EntranceHall/LI_EntranceHall_EXT/RENDER/SM_HW_EH_Crenels_A_End_A10,B0749615-4F77-60FF-4929-0697A7303EDA,1,DL_OVERLAND;DL_RENDER,DL_HW_EXT,LI_Hogwarts > LI_EntranceHall_EXT,/Game/Levels/Overland/Hogwarts/EntranceHall/LI_EntranceHall_EXT,,-8693.6,-28922.5,9533.0
Hogwarts,SM_HW_EH_Crenels_A_End_A11,StaticMeshActor,LV_Overland/Hogwarts/LI_Hogwarts/LevelInstances/EntranceHall/LI_EntranceHall_EXT/RENDER/SM_HW_EH_Crenels_A_End_A11,D892629D-4843-D531-4C19-BB8EAD5B1AA1,1,DL_OVERLAND;DL_RENDER,DL_HW_EXT,LI_Hogwarts > LI_EntranceHall_EXT,/Game/Levels/Overland/Hogwarts/EntranceHall/LI_EntranceHall_EXT,,-8606.7,-28430.1,9533.0
Hogwarts,SM_HW_EH_Crenels_A_End_A12,StaticMeshActor,LV_Overland/Hogwarts/LI_Hogwarts/LevelInstances/EntranceHall/LI_EntranceHall_EXT/RENDER/SM_HW_EH_Crenels_A_End_A12,13616AE6-4391-5625-A07E-399A37D5E7EB,1,DL_OVERLAND;DL_RENDER,DL_HW_EXT,LI_Hogwarts > LI_EntranceHall_EXT,/Game/Levels/Overland/Hogwarts/EntranceHall/LI_EntranceHall_EXT,,-8520.8,-27937.5,9533.0
Hogwarts,SM_HW_EH_Crenels_A_End_A13,StaticMeshActor,LV_Overland/Hogwarts/LI_Hogwarts/LevelInstances/EntranceHall/LI_EntranceHall_EXT/RENDER/SM_HW_EH_Crenels_A_End_A13,740E1BBB-408D-1B74-C154-229E5222D907,1,DL_OVERLAND;DL_RENDER,DL_HW_EXT,LI_Hogwarts > LI_EntranceHall_EXT,/Game/Levels/Overland/Hogwarts/EntranceHall/LI_EntranceHall_EXT,,-8456.5,-27441.1,9533.0
Hogwarts,SM_HW_EH_Crenels_A_End_A14,StaticMeshActor,LV_Overland/Hogwarts/LI_Hogwarts/LevelInstances/EntranceHall/LI_EntranceHall_EXT/RENDER/SM_HW_EH_Crenels_A_End_A14,816F4DB4-4F23-5206-FED2-0099545ACB99,1,DL_OVERLAND;DL_RENDER,DL_HW_EXT,LI_Hogwarts > LI_EntranceHall_EXT,/Game/Levels/Overland/Hogwarts/EntranceHall/LI_EntranceHall_EXT,,-10495.3,-27206.4,9533.0
Hogwarts,SM_HW_EH_Crenels_A_End_A19,StaticMeshActor,LV_Overland/Hogwarts/LI_Hogwarts/LevelInstances/EntranceHall/LI_EntranceHall_EXT/RENDER/SM_HW_EH_Crenels_A_End_A19,AA71C4C2-4D81-EB83-25D2-95BDAE325ECC,1,DL_OVERLAND;DL_RENDER,DL_HW_EXT,LI_Hogwarts > LI_EntranceHall_EXT,/Game/Levels/Overland/Hogwarts/EntranceHall/LI_EntranceHall_EXT,,-10562.5,-27587.4,9533.0
Hogwarts,SM_HW_EH_Crenels_A_End_A20,StaticMeshActor,LV_Overland/Hogwarts/LI_Hogwarts/LevelInstances/EntranceHall/LI_EntranceHall_EXT/RENDER/SM_HW_EH_Crenels_A_End_A20,60B7D07C-49AA-9781-AD5C-02B4AE225C1D,1,DL_OVERLAND;DL_RENDER,DL_HW_EXT,LI_Hogwarts > LI_EntranceHall_EXT,/Game/Levels/Overland/Hogwarts/EntranceHall/LI_EntranceHall_EXT,,-10630.2,-27971.7,9533.0
Hogwarts,SM_HW_EH_Crenels_A_End_A21,StaticMeshActor,LV_Overland/Hogwarts/LI_Hogwarts/LevelInstances/EntranceHall/LI_EntranceHall_EXT/RENDER/SM_HW_EH_Crenels_A_End_A21,B3E5D58C-469D-7D1F-7C49-D7869A3CF5EE,1,DL_OVERLAND;DL_RENDER,DL_HW_EXT,LI_Hogwarts > LI_EntranceHall_EXT,/Game/Levels/Overland/Hogwarts/EntranceHall/LI_EntranceHall_EXT,,-10699.7,-28365.7,9533.0
Hogwarts,SM_HW_EH_Crenels_A_End_A22,StaticMeshActor,LV_Overland/Hogwarts/LI_Hogwarts/LevelInstances/EntranceHall/LI_EntranceHall_EXT/RENDER/SM_HW_EH_Crenels_A_End_A22,3B36036A-4194-91EC-7410-31BE394DC44E,1,DL_OVERLAND;DL_RENDER,DL_HW_EXT,LI_Hogwarts > LI_EntranceHall_EXT,/Game/Levels/Overland/Hogwarts/EntranceHall/LI_EntranceHall_EXT,,-10769.1,-28759.6,9533.0
Hogwarts,SM_HW_EH_Crenels_A_End_A23,StaticMeshActor,LV_Overland/Hogwarts/LI_Hogwarts/LevelInstances/EntranceHall/LI_EntranceHall_EXT/RENDER/SM_HW_EH_Crenels_A_End_A23,E1541519-476E-6FE1-569F-28A434834480,1,DL_OVERLAND;DL_RENDER,DL_HW_EXT,LI_Hogwarts > LI_EntranceHall_EXT,/Game/Levels/Overland/Hogwarts/EntranceHall/LI_EntranceHall_EXT,,-11079.0,-26406.2,9527.3
Hogwarts,SM_HW_EH_Crenels_A_End_A24,StaticMeshActor,LV_Overland/Hogwarts/LI_Hogwarts/LevelInstances/EntranceHall/LI_EntranceHall_EXT/RENDER/SM_HW_EH_Crenels_A_End_A24,112CA7F4-4BC5-7C5B-E83E-239B0C0E2E87,1,DL_OVERLAND;DL_RENDER,DL_HW_EXT,LI_Hogwarts > LI_EntranceHall_EXT,/Game/Levels/Overland/Hogwarts/EntranceHall/LI_EntranceHall_EXT,,-11768.4,-26284.6,9527.3
Hogwarts,SM_HW_EH_Crenels_A_End_A25,StaticMeshActor,LV_Overland/Hogwarts/LI_Hogwarts/LevelInstances/EntranceHall/LI_EntranceHall_EXT/RENDER/SM_HW_EH_Crenels_A_End_A25,AAACCE1D-44B2-820C-32DC-D981CF667585,1,DL_OVERLAND;DL_RENDER,DL_HW_EXT,LI_Hogwarts > LI_EntranceHall_EXT,/Game/Levels/Overland/Hogwarts/EntranceHall/LI_EntranceHall_EXT,,-12457.7,-26163.1,9527.3
Hogwarts,SM_HW_EH_Crenels_A_End_A26,StaticMeshActor,LV_Overland/Hogwarts/LI_Hogwarts/LevelInstances/EntranceHall/LI_EntranceHall_EXT/RENDER/SM_HW_EH_Crenels_A_End_A26,109AA8CD-48DC-B5B3-8EE8-54A9D0788875,1,DL_OVERLAND;DL_RENDER,DL_HW_EXT,LI_Hogwarts > LI_EntranceHall_EXT,/Game/Levels/Overland/Hogwarts/EntranceHall/LI_EntranceHall_EXT,,-10389.6,-26527.7,9527.3
Hogwarts,SM_HW_EH_Crenels_A_End_A27,StaticMeshActor,LV_Overland/Hogwarts/LI_Hogwarts/LevelInstances/EntranceHall/LI_EntranceHall_EXT/RENDER/SM_HW_EH_Crenels_A_End_A27,C7B2C726-4390-747D-2F0A-22A9AAFD3E85,1,DL_OVERLAND;DL_RENDER,DL_HW_EXT,LI_Hogwarts > LI_EntranceHall_EXT,/Game/Levels/Overland/Hogwarts/EntranceHall/LI_EntranceHall_EXT,,-10378.4,-26543.8,9533.0
Hogwarts,SM_HW_EH_Crenels_A_End_A28,StaticMeshActor,LV_Overland/Hogwarts/LI_Hogwarts/LevelInstances/EntranceHall/LI_EntranceHall_EXT/RENDER/SM_HW_EH_Crenels_A_End_A28,3D014399-4D65-7BC8-2274-2EAB75A9BD36,1,DL_OVERLAND;DL_RENDER,DL_HW_EXT,LI_Hogwarts > LI_EntranceHall_EXT,/Game/Levels/Overland/Hogwarts/EntranceHall/LI_EntranceHall_EXT,,-8368.6,-26955.4,9533.0
Hogwarts,SM_HW_EH_Crenels_A_End_A3,StaticMeshActor,LV_Overland/Hogwarts/LI_Hogwarts/LevelInstances/EntranceHall/LI_EntranceHall_EXT/RENDER/SM_HW_EH_Crenels_A_End_A3,E5E1CF6D-46EE-902E-0AFC-81935F2E8012,1,DL_OVERLAND;DL_RENDER,DL_HW_EXT,LI_Hogwarts > LI_EntranceHall_EXT,/Game/Levels/Overland/Hogwarts/EntranceHall/LI_EntranceHall_EXT,,-11026.4,-28511.4,9368.6
Hogwarts,SM_HW_EH_Crenels_A_End_A8,StaticMeshActor,LV_Overland/Hogwarts/LI_Hogwarts/LevelInstances/EntranceHall/LI_EntranceHall_EXT/RENDER/SM_HW_EH_Crenels_A_End_A8,6DA143A0-4BDF-65C8-ECE2-97B829A1808C,1,DL_OVERLAND;DL_RENDER,DL_HW_EXT,LI_Hogwarts > LI_EntranceHall_EXT,/Game/Levels/Overland/Hogwarts/EntranceHall/LI_EntranceHall_EXT,,-10876.0,-27658.5,9368.6
Hogwarts,SM_HW_EH_DoorFrame_Arch_A_1,StaticMeshActor,LV_Overland/Hogwarts/LI_Hogwarts/LevelInstances/EntranceHall/LI_EntranceHall_EXT/RENDER/Porch/SM_HW_EH_DoorFrame_Arch_A_1,3F831D0D-4DD3-C778-6C19-2B8D5B98BA6B,1,DL_OVERLAND;DL_RENDER,DL_HW_EXT,LI_Hogwarts > LI_EntranceHall_EXT,/Game/Levels/Overland/Hogwarts/EntranceHall/LI_EntranceHall_EXT,,-9775.4,-29089.3,8265.2
Hogwarts,SM_HW_EH_DoorFrame_BaseColumn_A_1,StaticMeshActor,LV_Overland/Hogwarts/LI_Hogwarts/LevelInstances/EntranceHall/LI_EntranceHall_EXT/RENDER/Porch/SM_HW_EH_DoorFrame_BaseColumn_A_1,10C184F6-4F9E-5402-C4EB-4FACF94B6AB4,1,DL_OVERLAND;DL_RENDER,DL_HW_EXT,LI_Hogwarts > LI_EntranceHall_EXT,/Game/Levels/Overland/Hogwarts/EntranceHall/LI_EntranceHall_EXT,,-9465.3,-29515.4,7436.8
Hogwarts,SM_HW_EH_DoorFrame_BaseColumn_A_10,StaticMeshActor,LV_Overland/Hogwarts/LI_Hogwarts/LevelInstances/EntranceHall/LI_EntranceHall_EXT/RENDER/Porch/SM_HW_EH_DoorFrame_BaseColumn_A_10,43661DD8-43BC-AA1E-D9EE-8EA4189E426E,1,DL_OVERLAND;DL_RENDER,DL_HW_EXT,LI_Hogwarts > LI_EntranceHall_EXT,/Game/Levels/Overland/Hogwarts/EntranceHall/LI_EntranceHall_EXT,,-10204.8,-29352.7,7436.8
Hogwarts,SM_HW_EH_DoorFrame_BaseColumn_A_11,StaticMeshActor,LV_Overland/Hogwarts/LI_Hogwarts/LevelInstances/EntranceHall/LI_EntranceHall_EXT/RENDER/Porch/SM_HW_EH_DoorFrame_BaseColumn_A_11,CBBA54E5-421E-393A-CB53-12A128DC699B,1,DL_OVERLAND;DL_RENDER,DL_HW_EXT,LI_Hogwarts > LI_EntranceHall_EXT,/Game/Levels/Overland/Hogwarts/EntranceHall/LI_EntranceHall_EXT,,-10183.2,-29230.2,7436.8
Hogwarts,SM_HW_EH_DoorFrame_BaseColumn_A_12,StaticMeshActor,LV_Overland/Hogwarts/LI_Hogwarts/LevelInstances/EntranceHall/LI_EntranceHall_EXT/RENDER/Porch/SM_HW_EH_DoorFrame_BaseColumn_A_12,0EF40115-41C8-F934-925B-B3B54252169C,1,DL_OVERLAND;DL_RENDER,DL_HW_EXT,LI_Hogwarts > LI_EntranceHall_EXT,/Game/Levels/Overland/Hogwarts/EntranceHall/LI_EntranceHall_EXT,,-10161.4,-29106.5,7436.8
Hogwarts,SM_HW_EH_DoorFrame_BaseColumn_A_13,StaticMeshActor,LV_Overland/Hogwarts/LI_Hogwarts/LevelInstances/EntranceHall/LI_EntranceHall_EXT/RENDER/Porch/SM_HW_EH_DoorFrame_BaseColumn_A_13,05772E77-4B26-5B5D-62C8-92BDFFD49E68,1,DL_OVERLAND;DL_RENDER,DL_HW_EXT,LI_Hogwarts > LI_EntranceHall_EXT,/Game/Levels/Overland/Hogwarts/EntranceHall/LI_EntranceHall_EXT,,-9459.5,-29482.9,7436.8
Hogwarts,SM_HW_EH_DoorFrame_BaseColumn_A_14,StaticMeshActor,LV_Overland/Hogwarts/LI_Hogwarts/LevelInstances/EntranceHall/LI_EntranceHall_EXT/RENDER/Porch/SM_HW_EH_DoorFrame_BaseColumn_A_14,85EBB5D4-4135-8E69-A280-40BDCF46BF71,1,DL_OVERLAND;DL_RENDER,DL_HW_EXT,LI_Hogwarts > LI_EntranceHall_EXT,/Game/Levels/Overland/Hogwarts/EntranceHall/LI_EntranceHall_EXT,,-9438.3,-29362.3,7436.8
Hogwarts,SM_HW_EH_DoorFrame_BaseColumn_A_15,StaticMeshActor,LV_Overland/Hogwarts/LI_Hogwarts/LevelInstances/EntranceHall/LI_EntranceHall_EXT/RENDER/Porch/SM_HW_EH_DoorFrame_BaseColumn_A_15,653096AE-4684-9C83-B745-FF92FCAB1045,1,DL_OVERLAND;DL_RENDER,DL_HW_EXT,LI_Hogwarts > LI_EntranceHall_EXT,/Game/Levels/Overland/Hogwarts/EntranceHall/LI_EntranceHall_EXT,,-9416.5,-29239.0,7436.8
Hogwarts,SM_HW_EH_DoorFrame_BaseColumn_A_2,StaticMeshActor,LV_Overland/Hogwarts/LI_Hogwarts/LevelInstances/EntranceHall/LI_EntranceHall_EXT/RENDER/Porch/SM_HW_EH_DoorFrame_BaseColumn_A_2,3667E37D-4B1A-CC74-E837-F1B3B2656215,1,DL_OVERLAND;DL_RENDER,DL_HW_EXT,LI_Hogwarts > LI_EntranceHall_EXT,/Game/Levels/Overland/Hogwarts/EntranceHall/LI_EntranceHall_EXT,,-9450.8,-29543.6,7436.8
Hogwarts,SM_HW_EH_DoorFrame_BaseColumn_A_3,StaticMeshActor,LV_Overland/Hogwarts/LI_Hogwarts/LevelInstances/EntranceHall/LI_EntranceHall_EXT/RENDER/Porch/SM_HW_EH_DoorFrame_BaseColumn_A_3,284F02FB-455A-6EA1-81B8-C0B5D5E7375D,1,DL_OVERLAND;DL_RENDER,DL_HW_EXT,LI_Hogwarts > LI_EntranceHall_EXT,/Game/Levels/Overland/Hogwarts/EntranceHall/LI_EntranceHall_EXT,,-9981.4,-29059.3,7436.8
Hogwarts,SM_HW_EH_DoorFrame_BaseColumn_A_4,StaticMeshActor,LV_Overland/Hogwarts/LI_Hogwarts/LevelInstances/EntranceHall/LI_EntranceHall_EXT/RENDER/Porch/SM_HW_EH_DoorFrame_BaseColumn_A_4,2BEB2EF8-41E4-B63A-97CF-4C8BD6A925CF,1,DL_OVERLAND;DL_RENDER,DL_HW_EXT,LI_Hogwarts > LI_EntranceHall_EXT,/Game/Levels/Overland/Hogwarts/EntranceHall/LI_EntranceHall_EXT,,-9424.8,-29578.7,7436.8
Hogwarts,SM_HW_EH_DoorFrame_BaseColumn_A_5,StaticMeshActor,LV_Overland/Hogwarts/LI_Hogwarts/LevelInstances/EntranceHall/LI_EntranceHall_EXT/RENDER/Porch/SM_HW_EH_DoorFrame_BaseColumn_A_5,275C28F2-4786-4DA0-DDED-41B755F501EE,1,DL_OVERLAND;DL_RENDER,DL_HW_EXT,LI_Hogwarts > LI_EntranceHall_EXT,/Game/Levels/Overland/Hogwarts/EntranceHall/LI_EntranceHall_EXT,,-9396.5,-29584.6,7436.8
Hogwarts,SM_HW_EH_DoorFrame_BaseColumn_A_6,StaticMeshActor,LV_Overland/Hogwarts/LI_Hogwarts/LevelInstances/EntranceHall/LI_EntranceHall_EXT/RENDER/Porch/SM_HW_EH_DoorFrame_BaseColumn_A_6,D3444E5A-4C78-008E-0795-7992AE473866,1,DL_OVERLAND;DL_RENDER,DL_HW_EXT,LI_Hogwarts > LI_EntranceHall_EXT,/Game/Levels/Overland/Hogwarts/EntranceHall/LI_EntranceHall_EXT,,-10210.6,-29385.4,7436.8
Hogwarts,SM_HW_EH_DoorFrame_BaseColumn_A_7,StaticMeshActor,LV_Overland/Hogwarts/LI_Hogwarts/LevelInstances/EntranceHall/LI_EntranceHall_EXT/RENDER/Porch/SM_HW_EH_DoorFrame_BaseColumn_A_7,A8A185D3-478D-571F-9D6F-6EB634A13FE9,1,DL_OVERLAND;DL_RENDER,DL_HW_EXT,LI_Hogwarts > LI_EntranceHall_EXT,/Game/Levels/Overland/Hogwarts/EntranceHall/LI_EntranceHall_EXT,,-10236.1,-29409.4,7436.8
Hogwarts,SM_HW_EH_DoorFrame_BaseColumn_A_8,StaticMeshActor,LV_Overland/Hogwarts/LI_Hogwarts/LevelInstances/EntranceHall/LI_EntranceHall_EXT/RENDER/Porch/SM_HW_EH_DoorFrame_BaseColumn_A_8,8A5B4476-41FA-C959-3662-71A4EC0D968D,1,DL_OVERLAND;DL_RENDER,DL_HW_EXT,LI_Hogwarts > LI_EntranceHall_EXT,/Game/Levels/Overland/Hogwarts/EntranceHall/LI_EntranceHall_EXT,,-10272.6,-29430.4,7436.8
Hogwarts,SM_HW_EH_DoorFrame_BaseColumn_A_9,StaticMeshActor,LV_Overland/Hogwarts/LI_Hogwarts/LevelInstances/EntranceHall/LI_EntranceHall_EXT/RENDER/Porch/SM_HW_EH_DoorFrame_BaseColumn_A_9,C6234CC2-45F5-B847-7114-0C915BBE3312,1,DL_OVERLAND;DL_RENDER,DL_HW_EXT,LI_Hogwarts > LI_EntranceHall_EXT,/Game/Levels/Overland/Hogwarts/EntranceHall/LI_EntranceHall_EXT,,-10301.9,-29426.1,7436.8
Hogwarts,SM_HW_EH_DoorFrame_BaseColumn_B_1,StaticMeshActor,LV_Overland/Hogwarts/LI_Hogwarts/LevelInstances/EntranceHall/LI_EntranceHall_EXT/RENDER/Porch/SM_HW_EH_DoorFrame_BaseColumn_B_1,FFA81367-4CC8-0E01-4E7B-AC99491E7AF3,1,DL_OVERLAND;DL_RENDER,DL_HW_EXT,LI_Hogwarts > LI_EntranceHall_EXT,/Game/Levels/Overland/Hogwarts/EntranceHall/LI_EntranceHall_EXT,,-9571.4,-29131.0,7436.8
Hogwarts,SM_HW_EH_DoorFrame_ColumnDecor_B_1,StaticMeshActor,LV_Overland/Hogwarts/LI_Hogwarts/LevelInstances/EntranceHall/LI_EntranceHall_EXT/RENDER/Porch/SM_HW_EH_DoorFrame_ColumnDecor_B_1,FEB16DCF-4B35-1297-9898-5FBBD0479FE9,1,DL_OVERLAND;DL_RENDER,DL_HW_EXT,LI_Hogwarts > LI_EntranceHall_EXT,/Game/Levels/Overland/Hogwarts/EntranceHall/LI_EntranceHall_EXT,,-9465.4,-29515.5,7784.4
Hogwarts,SM_HW_EH_DoorFrame_ColumnDecor_B_10,StaticMeshActor,LV_Overland/Hogwarts/LI_Hogwarts/LevelInstances/EntranceHall/LI_EntranceHall_EXT/RENDER/Porch/SM_HW_EH_DoorFrame_ColumnDecor_B_10,792B6723-4445-AA6A-C660-E0926528E640,1,DL_OVERLAND;DL_RENDER,DL_HW_EXT,LI_Hogwarts > LI_EntranceHall_EXT,/Game/Levels/Overland/Hogwarts/EntranceHall/LI_EntranceHall_EXT,,-9425.7,-29577.9,8149.1
Hogwarts,SM_HW_EH_DoorFrame_ColumnDecor_B_100,StaticMeshActor,LV_Overland/Hogwarts/LI_Hogwarts/LevelInstances/EntranceHall/LI_EntranceHall_EXT/RENDER/Porch/SM_HW_EH_DoorFrame_ColumnDecor_B_100,61ABDE4B-4C53-9DF4-2F09-F78449FCF31F,1,DL_OVERLAND;DL_RENDER,DL_HW_EXT,LI_Hogwarts > LI_EntranceHall_EXT,/Game/Levels/Overland/Hogwarts/EntranceHall/LI_EntranceHall_EXT,,-9416.4,-29238.6,9216.0
Hogwarts,SM_HW_EH_DoorFrame_ColumnDecor_B_101,StaticMeshActor,LV_Overland/Hogwarts/LI_Hogwarts/LevelInstances/EntranceHall/LI_EntranceHall_EXT/RENDER/Porch/SM_HW_EH_DoorFrame_ColumnDecor_B_101,FB381B48-47F8-7D78-CD1E-06A97720B9E5,1,DL_OVERLAND;DL_RENDER,DL_HW_EXT,LI_Hogwarts > LI_EntranceHall_EXT,/Game/Levels/Overland/Hogwarts/EntranceHall/LI_EntranceHall_EXT,,-9438.4,-29363.2,9216.0
Hogwarts,SM_HW_EH_DoorFrame_ColumnDecor_B_102,StaticMeshActor,LV_Overland/Hogwarts/LI_Hogwarts/LevelInstances/EntranceHall/LI_EntranceHall_EXT/RENDER/Porch/SM_HW_EH_DoorFrame_ColumnDecor_B_102,4AC33C19-4F66-8EF3-17E4-8BADC47F06F5,1,DL_OVERLAND;DL_RENDER,DL_HW_EXT,LI_Hogwarts > LI_EntranceHall_EXT,/Game/Levels/Overland/Hogwarts/EntranceHall/LI_EntranceHall_EXT,,-9459.4,-29482.3,9216.0
Hogwarts,SM_HW_EH_DoorFrame_ColumnDecor_B_103,StaticMeshActor,LV_Overland/Hogwarts/LI_Hogwarts/LevelInstances/EntranceHall/LI_EntranceHall_EXT/RENDER/Porch/SM_HW_EH_DoorFrame_ColumnDecor_B_103,3C5C348E-47FB-96C6-B6CF-CB9CF4DE5901,1,DL_OVERLAND;DL_RENDER,DL_HW_EXT,LI_Hogwarts > LI_EntranceHall_EXT,/Game/Levels/Overland/Hogwarts/EntranceHall/LI_EntranceHall_EXT,,-9487.3,-29196.9,9208.9
Hogwarts,SM_HW_EH_DoorFrame_ColumnDecor_B_104,StaticMeshActor,LV_Overland/Hogwarts/LI_Hogwarts/LevelInstances/EntranceHall/LI_EntranceHall_EXT/RENDER/Porch/SM_HW_EH_DoorFrame_ColumnDecor_B_104,12E0D6E1-4AA4-18D5-88C1-F1BB79EC9870,1,DL_OVERLAND;DL_RENDER,DL_HW_EXT,LI_Hogwarts > LI_EntranceHall_EXT,/Game/Levels/Overland/Hogwarts/EntranceHall/LI_EntranceHall_EXT,,-9487.3,-29196.9,9337.0
Hogwarts,SM_HW_EH_DoorFrame_ColumnDecor_B_105,StaticMeshActor,LV_Overland/Hogwarts/LI_Hogwarts/LevelInstances/EntranceHall/LI_EntranceHall_EXT/RENDER/Porch/SM_HW_EH_DoorFrame_ColumnDecor_B_105,BD60A88C-4907-687A-DEFF-888892A9F361,1,DL_OVERLAND;DL_RENDER,DL_HW_EXT,LI_Hogwarts > LI_EntranceHall_EXT,/Game/Levels/Overland/Hogwarts/EntranceHall/LI_EntranceHall_EXT,,-9467.5,-29194.7,9208.9
Hogwarts,SM_HW_EH_DoorFrame_ColumnDecor_B_106,StaticMeshActor,LV_Overland/Hogwarts/LI_Hogwarts/LevelInstances/EntranceHall/LI_EntranceHall_EXT/RENDER/Porch/SM_HW_EH_DoorFrame_ColumnDecor_B_106,3246DB52-42D8-33C1-22B5-C583AEF5E65A,1,DL_OVERLAND;DL_RENDER,DL_HW_EXT,LI_Hogwarts > LI_EntranceHall_EXT,/Game/Levels/Overland/Hogwarts/EntranceHall/LI_EntranceHall_EXT,,-9467.5,-29194.7,9338.4
Hogwarts,SM_HW_EH_DoorFrame_ColumnDecor_B_107,StaticMeshActor,LV_Overland/Hogwarts/LI_Hogwarts/LevelInstances/EntranceHall/LI_EntranceHall_EXT/RENDER/Porch/SM_HW_EH_DoorFrame_ColumnDecor_B_107,7B77496C-4C68-CC28-76C0-7398A4840D61,1,DL_OVERLAND;DL_RENDER,DL_HW_EXT,LI_Hogwarts > LI_EntranceHall_EXT,/Game/Levels/Overland/Hogwarts/EntranceHall/LI_EntranceHall_EXT,,-10100.9,-29083.1,9338.4
Hogwarts,SM_HW_EH_DoorFrame_ColumnDecor_B_108,StaticMeshActor,LV_Overland/Hogwarts/LI_Hogwarts/LevelInstances/EntranceHall/LI_EntranceHall_EXT/RENDER/Porch/SM_HW_EH_DoorFrame_ColumnDecor_B_108,5F5D788E-4A99-440A-12F0-E6BC3CD8B716,1,DL_OVERLAND;DL_RENDER,DL_HW_EXT,LI_Hogwarts > LI_EntranceHall_EXT,/Game/Levels/Overland/Hogwarts/EntranceHall/LI_EntranceHall_EXT,,-10086.7,-29091.2,9337.0
Hogwarts,SM_HW_EH_DoorFrame_ColumnDecor_B_109,StaticMeshActor,LV_Overland/Hogwarts/LI_Hogwarts/LevelInstances/EntranceHall/LI_EntranceHall_EXT/RENDER/Porch/SM_HW_EH_DoorFrame_ColumnDecor_B_109,88F4B95B-4056-6F5F-070C-97B7930FD33D,1,DL_OVERLAND;DL_RENDER,DL_HW_EXT,LI_Hogwarts > LI_EntranceHall_EXT,/Game/Levels/Overland/Hogwarts/EntranceHall/LI_EntranceHall_EXT,,-10083.4,-29091.8,9208.9
Hogwarts,SM_HW_EH_DoorFrame_ColumnDecor_B_11,StaticMeshActor,LV_Overland/Hogwarts/LI_Hogwarts/LevelInstances/EntranceHall/LI_EntranceHall_EXT/RENDER/Porch/SM_HW_EH_DoorFrame_ColumnDecor_B_11,0BC0D744-48DC-783E-817F-709AF754DCA4,1,DL_OVERLAND;DL_RENDER,DL_HW_EXT,LI_Hogwarts > LI_EntranceHall_EXT,/Game/Levels/Overland/Hogwarts/EntranceHall/LI_EntranceHall_EXT,,-9398.2,-29584.8,8149.1
Hogwarts,SM_HW_EH_DoorFrame_ColumnDecor_B_110,StaticMeshActor,LV_Overland/Hogwarts/LI_Hogwarts/LevelInstances/EntranceHall/LI_EntranceHall_EXT/RENDER/Porch/SM_HW_EH_DoorFrame_ColumnDecor_B_110,5E4C6F76-4D4B-66D6-8C3B-4B8EEC596F76,1,DL_OVERLAND;DL_RENDER,DL_HW_EXT,LI_Hogwarts > LI_EntranceHall_EXT,/Game/Levels/Overland/Hogwarts/EntranceHall/LI_EntranceHall_EXT,,-9459.4,-29482.3,9348.0
Hogwarts,SM_HW_EH_DoorFrame_ColumnDecor_B_111,StaticMeshActor,LV_Overland/Hogwarts/LI_Hogwarts/LevelInstances/EntranceHall/LI_EntranceHall_EXT/RENDER/Porch/SM_HW_EH_DoorFrame_ColumnDecor_B_111,7F0AB6C6-41FC-1612-0EFF-898B814ACD38,1,DL_OVERLAND;DL_RENDER,DL_HW_EXT,LI_Hogwarts > LI_EntranceHall_EXT,/Game/Levels/Overland/Hogwarts/EntranceHall/LI_EntranceHall_EXT,,-9438.4,-29363.2,9348.0
Hogwarts,SM_HW_EH_DoorFrame_ColumnDecor_B_112,StaticMeshActor,LV_Overland/Hogwarts/LI_Hogwarts/LevelInstances/EntranceHall/LI_EntranceHall_EXT/RENDER/Porch/SM_HW_EH_DoorFrame_ColumnDecor_B_112,8EA4A479-4E5B-0E1E-795F-FB8266060869,1,DL_OVERLAND;DL_RENDER,DL_HW_EXT,LI_Hogwarts > LI_EntranceHall_EXT,/Game/Levels/Overland/Hogwarts/EntranceHall/LI_EntranceHall_EXT,,-9416.4,-29238.6,9348.0
Hogwarts,SM_HW_EH_DoorFrame_ColumnDecor_B_113,StaticMeshActor,LV_Overland/Hogwarts/LI_Hogwarts/LevelInstances/EntranceHall/LI_EntranceHall_EXT/RENDER/Porch/SM_HW_EH_DoorFrame_ColumnDecor_B_113,8475182C-451F-5FB8-7AAD-F2B0B9154608,1,DL_OVERLAND;DL_RENDER,DL_HW_EXT,LI_Hogwarts > LI_EntranceHall_EXT,/Game/Levels/Overland/Hogwarts/EntranceHall/LI_EntranceHall_EXT,,-10207.5,-29352.3,9348.4
Hogwarts,SM_HW_EH_DoorFrame_ColumnDecor_B_114,StaticMeshActor,LV_Overland/Hogwarts/LI_Hogwarts/LevelInstances/EntranceHall/LI_EntranceHall_EXT/RENDER/Porch/SM_HW_EH_DoorFrame_ColumnDecor_B_114,69B0B91D-4E04-B026-D68F-089871B711BF,1,DL_OVERLAND;DL_RENDER,DL_HW_EXT,LI_Hogwarts > LI_EntranceHall_EXT,/Game/Levels/Overland/Hogwarts/EntranceHall/LI_EntranceHall_EXT,,-10186.3,-29229.8,9348.4
Hogwarts,SM_HW_EH_DoorFrame_ColumnDecor_B_115,StaticMeshActor,LV_Overland/Hogwarts/LI_Hogwarts/LevelInstances/EntranceHall/LI_EntranceHall_EXT/RENDER/Porch/SM_HW_EH_DoorFrame_ColumnDecor_B_115,9961E58B-460B-2C05-9275-CDA09092EF61,1,DL_OVERLAND;DL_RENDER,DL_HW_EXT,LI_Hogwarts > LI_EntranceHall_EXT,/Game/Levels/Overland/Hogwarts/EntranceHall/LI_EntranceHall_EXT,,-10165.1,-29107.9,9348.4
Hogwarts,SM_HW_EH_DoorFrame_ColumnDecor_B_116,StaticMeshActor,LV_Overland/Hogwarts/LI_Hogwarts/LevelInstances/EntranceHall/LI_EntranceHall_EXT/RENDER/Porch/SM_HW_EH_DoorFrame_ColumnDecor_B_116,28C6B59C-4C65-BCB0-81B8-9CB8A0811CD5,1,DL_OVERLAND;DL_RENDER,DL_HW_EXT,LI_Hogwarts > LI_EntranceHall_EXT,/Game/Levels/Overland/Hogwarts/EntranceHall/LI_EntranceHall_EXT,,-9398.2,-29584.8,9348.1
Hogwarts,SM_HW_EH_DoorFrame_ColumnDecor_B_117,StaticMeshActor,LV_Overland/Hogwarts/LI_Hogwarts/LevelInstances/EntranceHall/LI_EntranceHall_EXT/RENDER/Porch/SM_HW_EH_DoorFrame_ColumnDecor_B_117,EE74F612-44A3-90A7-21CA-A48EDFA86BA7,1,DL_OVERLAND;DL_RENDER,DL_HW_EXT,LI_Hogwarts > LI_EntranceHall_EXT,/Game/Levels/Overland/Hogwarts/EntranceHall/LI_EntranceHall_EXT,,-9425.1,-29579.3,9348.1
Hogwarts,SM_HW_EH_DoorFrame_ColumnDecor_B_118,StaticMeshActor,LV_Overland/Hogwarts/LI_Hogwarts/LevelInstances/EntranceHall/LI_EntranceHall_EXT/RENDER/Porch/SM_HW_EH_DoorFrame_ColumnDecor_B_118,5A607BB1-4203-5A22-1014-07A7C895837B,1,DL_OVERLAND;DL_RENDER,DL_HW_EXT,LI_Hogwarts > LI_EntranceHall_EXT,/Game/Levels/Overland/Hogwarts/EntranceHall/LI_EntranceHall_EXT,,-9451.8,-29543.7,9348.1
Hogwarts,SM_HW_EH_DoorFrame_ColumnDecor_B_119,StaticMeshActor,LV_Overland/Hogwarts/LI_Hogwarts/LevelInstances/EntranceHall/LI_EntranceHall_EXT/RENDER/Porch/SM_HW_EH_DoorFrame_ColumnDecor_B_119,C71153AB-4B9F-D189-C3AC-50AEDCAAAE87,1,DL_OVERLAND;DL_RENDER,DL_HW_EXT,LI_Hogwarts > LI_EntranceHall_EXT,/Game/Levels/Overland/Hogwarts/EntranceHall/LI_EntranceHall_EXT,,-9465.4,-29515.5,9348.1
Hogwarts,SM_HW_EH_DoorFrame_ColumnDecor_B_12,StaticMeshActor,LV_Overland/Hogwarts/LI_Hogwarts/LevelInstances/EntranceHall/LI_EntranceHall_EXT/RENDER/Porch/SM_HW_EH_DoorFrame_ColumnDecor_B_12,6F808BAA-486A-13AF-CA4E-93860EFB1690,1,DL_OVERLAND;DL_RENDER,DL_HW_EXT,LI_Hogwarts > LI_EntranceHall_EXT,/Game/Levels/Overland/Hogwarts/EntranceHall/LI_EntranceHall_EXT,,-9465.1,-29515.5,8149.1
Hogwarts,SM_HW_EH_DoorFrame_ColumnDecor_B_120,StaticMeshActor,LV_Overland/Hogwarts/LI_Hogwarts/LevelInstances/EntranceHall/LI_EntranceHall_EXT/RENDER/Porch/SM_HW_EH_DoorFrame_ColumnDecor_B_120,2994CFC0-4A74-10A0-1376-219D709A30B8,1,DL_OVERLAND;DL_RENDER,DL_HW_EXT,LI_Hogwarts > LI_EntranceHall_EXT,/Game/Levels/Overland/Hogwarts/EntranceHall/LI_EntranceHall_EXT,,-10302.2,-29424.2,7964.4
Hogwarts,SM_HW_EH_DoorFrame_ColumnDecor_B_121,StaticMeshActor,LV_Overland/Hogwarts/LI_Hogwarts/LevelInstances/EntranceHall/LI_EntranceHall_EXT/RENDER/Porch/SM_HW_EH_DoorFrame_ColumnDecor_B_121,EAFA94D0-421E-C740-501F-A79362052D16,1,DL_OVERLAND;DL_RENDER,DL_HW_EXT,LI_Hogwarts > LI_EntranceHall_EXT,/Game/Levels/Overland/Hogwarts/EntranceHall/LI_EntranceHall_EXT,,-10302.2,-29424.3,8150.0
Hogwarts,SM_HW_EH_DoorFrame_ColumnDecor_B_122,StaticMeshActor,LV_Overland/Hogwarts/LI_Hogwarts/LevelInstances/EntranceHall/LI_EntranceHall_EXT/RENDER/Porch/SM_HW_EH_DoorFrame_ColumnDecor_B_122,844267E9-4FA8-0EE4-E563-E7A4E4404B99,1,DL_OVERLAND;DL_RENDER,DL_HW_EXT,LI_Hogwarts > LI_EntranceHall_EXT,/Game/Levels/Overland/Hogwarts/EntranceHall/LI_EntranceHall_EXT,,-10272.5,-29428.6,8517.1
Hogwarts,SM_HW_EH_DoorFrame_ColumnDecor_B_123,StaticMeshActor,LV_Overland/Hogwarts/LI_Hogwarts/LevelInstances/EntranceHall/LI_EntranceHall_EXT/RENDER/Porch/SM_HW_EH_DoorFrame_ColumnDecor_B_123,F434FF68-415D-1773-ED45-3EA62E1E295F,1,DL_OVERLAND;DL_RENDER,DL_HW_EXT,LI_Hogwarts > LI_EntranceHall_EXT,/Game/Levels/Overland/Hogwarts/EntranceHall/LI_EntranceHall_EXT,,-10302.1,-29424.7,8517.1
Hogwarts,SM_HW_EH_DoorFrame_ColumnDecor_B_124,StaticMeshActor,LV_Overland/Hogwarts/LI_Hogwarts/LevelInstances/EntranceHall/LI_EntranceHall_EXT/RENDER/Porch/SM_HW_EH_DoorFrame_ColumnDecor_B_124,1CF3848F-4D74-6100-A47B-01B3C0BE77D2,1,DL_OVERLAND;DL_RENDER,DL_HW_EXT,LI_Hogwarts > LI_EntranceHall_EXT,/Game/Levels/Overland/Hogwarts/EntranceHall/LI_EntranceHall_EXT,,-10301.8,-29426.5,8756.7
Hogwarts,SM_HW_EH_DoorFrame_ColumnDecor_B_125,StaticMeshActor,LV_Overland/Hogwarts/LI_Hogwarts/LevelInstances/EntranceHall/LI_EntranceHall_EXT/RENDER/Porch/SM_HW_EH_DoorFrame_ColumnDecor_B_125,01600378-4333-B79E-359C-F4A271419C35,1,DL_OVERLAND;DL_RENDER,DL_HW_EXT,LI_Hogwarts > LI_EntranceHall_EXT,/Game/Levels/Overland/Hogwarts/EntranceHall/LI_EntranceHall_EXT,,-10272.0,-29430.3,8756.7
Hogwarts,SM_HW_EH_DoorFrame_ColumnDecor_B_126,StaticMeshActor,LV_Overland/Hogwarts/LI_Hogwarts/LevelInstances/EntranceHall/LI_EntranceHall_EXT/RENDER/Porch/SM_HW_EH_DoorFrame_ColumnDecor_B_126,37FF935E-4B84-4BE6-900F-CFBF3E34864F,1,DL_OVERLAND;DL_RENDER,DL_HW_EXT,LI_Hogwarts > LI_EntranceHall_EXT,/Game/Levels/Overland/Hogwarts/EntranceHall/LI_EntranceHall_EXT,,-10235.5,-29407.9,8756.7
Hogwarts,SM_HW_EH_DoorFrame_ColumnDecor_B_127,StaticMeshActor,LV_Overland/Hogwarts/LI_Hogwarts/LevelInstances/EntranceHall/LI_EntranceHall_EXT/RENDER/Porch/SM_HW_EH_DoorFrame_ColumnDecor_B_127,6E3E8858-471C-5830-CD7D-4188E67B5078,1,DL_OVERLAND;DL_RENDER,DL_HW_EXT,LI_Hogwarts > LI_EntranceHall_EXT,/Game/Levels/Overland/Hogwarts/EntranceHall/LI_EntranceHall_EXT,,-10213.2,-29384.9,8756.7
Hogwarts,SM_HW_EH_DoorFrame_ColumnDecor_B_128,StaticMeshActor,LV_Overland/Hogwarts/LI_Hogwarts/LevelInstances/EntranceHall/LI_EntranceHall_EXT/RENDER/Porch/SM_HW_EH_DoorFrame_ColumnDecor_B_128,C07A2682-4C9A-1B4D-6E8F-A7A13E89C506,1,DL_OVERLAND;DL_RENDER,DL_HW_EXT,LI_Hogwarts > LI_EntranceHall_EXT,/Game/Levels/Overland/Hogwarts/EntranceHall/LI_EntranceHall_EXT,,-10213.4,-29383.8,9348.1
Hogwarts,SM_HW_EH_DoorFrame_ColumnDecor_B_129,StaticMeshActor,LV_Overland/Hogwarts/LI_Hogwarts/LevelInstances/EntranceHall/LI_EntranceHall_EXT/RENDER/Porch/SM_HW_EH_DoorFrame_ColumnDecor_B_129,AA1D3614-4B38-3747-FB96-8D8C1DDEC7F1,1,DL_OVERLAND;DL_RENDER,DL_HW_EXT,LI_Hogwarts > LI_EntranceHall_EXT,/Game/Levels/Overland/Hogwarts/EntranceHall/LI_EntranceHall_EXT,,-10235.9,-29406.7,9348.1
Hogwarts,SM_HW_EH_DoorFrame_ColumnDecor_B_13,StaticMeshActor,LV_Overland/Hogwarts/LI_Hogwarts/LevelInstances/EntranceHall/LI_EntranceHall_EXT/RENDER/Porch/SM_HW_EH_DoorFrame_ColumnDecor_B_13,1DB14D61-4694-BCA2-313D-7E8CEBCFFF0E,1,DL_OVERLAND;DL_RENDER,DL_HW_EXT,LI_Hogwarts > LI_EntranceHall_EXT,/Game/Levels/Overland/Hogwarts/EntranceHall/LI_EntranceHall_EXT,,-9451.2,-29543.7,8517.1
Hogwarts,SM_HW_EH_DoorFrame_ColumnDecor_B_130,StaticMeshActor,LV_Overland/Hogwarts/LI_Hogwarts/LevelInstances/EntranceHall/LI_EntranceHall_EXT/RENDER/Porch/SM_HW_EH_DoorFrame_ColumnDecor_B_130,71C0AC85-47B3-09FA-7588-EBB1460E8FAA,1,DL_OVERLAND;DL_RENDER,DL_HW_EXT,LI_Hogwarts > LI_EntranceHall_EXT,/Game/Levels/Overland/Hogwarts/EntranceHall/LI_EntranceHall_EXT,,-10272.5,-29429.9,9348.1
Hogwarts,SM_HW_EH_DoorFrame_ColumnDecor_B_131,StaticMeshActor,LV_Overland/Hogwarts/LI_Hogwarts/LevelInstances/EntranceHall/LI_EntranceHall_EXT/RENDER/Porch/SM_HW_EH_DoorFrame_ColumnDecor_B_131,E714F477-4FE9-C487-AF4B-E69F5B3402A3,1,DL_OVERLAND;DL_RENDER,DL_HW_EXT,LI_Hogwarts > LI_EntranceHall_EXT,/Game/Levels/Overland/Hogwarts/EntranceHall/LI_EntranceHall_EXT,,-10302.3,-29426.2,9348.1
Hogwarts,SM_HW_EH_DoorFrame_ColumnDecor_B_14,StaticMeshActor,LV_Overland/Hogwarts/LI_Hogwarts/LevelInstances/EntranceHall/LI_EntranceHall_EXT/RENDER/Porch/SM_HW_EH_DoorFrame_ColumnDecor_B_14,E6C183A5-42BC-1DB2-12EB-179EB619B841,1,DL_OVERLAND;DL_RENDER,DL_HW_EXT,LI_Hogwarts > LI_EntranceHall_EXT,/Game/Levels/Overland/Hogwarts/EntranceHall/LI_EntranceHall_EXT,,-9425.7,-29577.9,8517.1
Hogwarts,SM_HW_EH_DoorFrame_ColumnDecor_B_15,StaticMeshActor,LV_Overland/Hogwarts/LI_Hogwarts/LevelInstances/EntranceHall/LI_EntranceHall_EXT/RENDER/Porch/SM_HW_EH_DoorFrame_ColumnDecor_B_15,3A806DD4-4ACA-FACB-BFA2-8F835F4A37A4,1,DL_OVERLAND;DL_RENDER,DL_HW_EXT,LI_Hogwarts > LI_EntranceHall_EXT,/Game/Levels/Overland/Hogwarts/EntranceHall/LI_EntranceHall_EXT,,-9398.2,-29584.8,8517.1
Hogwarts,SM_HW_EH_DoorFrame_ColumnDecor_B_16,StaticMeshActor,LV_Overland/Hogwarts/LI_Hogwarts/LevelInstances/EntranceHall/LI_EntranceHall_EXT/RENDER/Porch/SM_HW_EH_DoorFrame_ColumnDecor_B_16,3ACAD351-4237-12DA-A68B-12ABF6D4C0CE,1,DL_OVERLAND;DL_RENDER,DL_HW_EXT,LI_Hogwarts > LI_EntranceHall_EXT,/Game/Levels/Overland/Hogwarts/EntranceHall/LI_EntranceHall_EXT,,-9465.1,-29515.5,8517.1
Hogwarts,SM_HW_EH_DoorFrame_ColumnDecor_B_17,StaticMeshActor,LV_Overland/Hogwarts/LI_Hogwarts/LevelInstances/EntranceHall/LI_EntranceHall_EXT/RENDER/Porch/SM_HW_EH_DoorFrame_ColumnDecor_B_17,925F7923-4A19-9299-D3EE-5598B42E335E,1,DL_OVERLAND;DL_RENDER,DL_HW_EXT,LI_Hogwarts > LI_EntranceHall_EXT,/Game/Levels/Overland/Hogwarts/EntranceHall/LI_EntranceHall_EXT,,-9451.2,-29543.7,8756.7
Hogwarts,SM_HW_EH_DoorFrame_ColumnDecor_B_18,StaticMeshActor,LV_Overland/Hogwarts/LI_Hogwarts/LevelInstances/EntranceHall/LI_EntranceHall_EXT/RENDER/Porch/SM_HW_EH_DoorFrame_ColumnDecor_B_18,7200410D-453D-4A10-5938-4AA5DCDF6A7D,1,DL_OVERLAND;DL_RENDER,DL_HW_EXT,LI_Hogwarts > LI_EntranceHall_EXT,/Game/Levels/Overland/Hogwarts/EntranceHall/LI_EntranceHall_EXT,,-9425.7,-29577.9,8756.7
Hogwarts,SM_HW_EH_DoorFrame_ColumnDecor_B_19,StaticMeshActor,LV_Overland/Hogwarts/LI_Hogwarts/LevelInstances/EntranceHall/LI_EntranceHall_EXT/RENDER/Porch/SM_HW_EH_DoorFrame_ColumnDecor_B_19,E0786AB6-4078-BD58-EFE4-C9BBBE8062AB,1,DL_OVERLAND;DL_RENDER,DL_HW_EXT,LI_Hogwarts > LI_EntranceHall_EXT,/Game/Levels/Overland/Hogwarts/EntranceHall/LI_EntranceHall_EXT,,-9398.2,-29584.8,8756.7
Hogwarts,SM_HW_EH_DoorFrame_ColumnDecor_B_2,StaticMeshActor,LV_Overland/Hogwarts/LI_Hogwarts/LevelInstances/EntranceHall/LI_EntranceHall_EXT/RENDER/Porch/SM_HW_EH_DoorFrame_ColumnDecor_B_2,41C94F2E-4524-3D72-4C62-9BA043609533,1,DL_OVERLAND;DL_RENDER,DL_HW_EXT,LI_Hogwarts > LI_EntranceHall_EXT,/Game/Levels/Overland/Hogwarts/EntranceHall/LI_EntranceHall_EXT,,-9452.2,-29543.8,7784.4
Hogwarts,SM_HW_EH_DoorFrame_ColumnDecor_B_20,StaticMeshActor,LV_Overland/Hogwarts/LI_Hogwarts/LevelInstances/EntranceHall/LI_EntranceHall_EXT/RENDER/Porch/SM_HW_EH_DoorFrame_ColumnDecor_B_20,5AB7C868-4A64-036D-4814-84B31949E748,1,DL_OVERLAND;DL_RENDER,DL_HW_EXT,LI_Hogwarts > LI_EntranceHall_EXT,/Game/Levels/Overland/Hogwarts/EntranceHall/LI_EntranceHall_EXT,,-9465.1,-29515.5,8756.7
Hogwarts,SM_HW_EH_DoorFrame_ColumnDecor_B_21,StaticMeshActor,LV_Overland/Hogwarts/LI_Hogwarts/LevelInstances/EntranceHall/LI_EntranceHall_EXT/RENDER/Porch/SM_HW_EH_DoorFrame_ColumnDecor_B_21,9F1324EC-4867-D394-ED60-E59775A4449C,1,DL_OVERLAND;DL_RENDER,DL_HW_EXT,LI_Hogwarts > LI_EntranceHall_EXT,/Game/Levels/Overland/Hogwarts/EntranceHall/LI_EntranceHall_EXT,,-10212.4,-29383.8,8149.1
Hogwarts,SM_HW_EH_DoorFrame_ColumnDecor_B_22,StaticMeshActor,LV_Overland/Hogwarts/LI_Hogwarts/LevelInstances/EntranceHall/LI_EntranceHall_EXT/RENDER/Porch/SM_HW_EH_DoorFrame_ColumnDecor_B_22,6447E413-4C12-E0EB-2939-2389CFFD20BD,1,DL_OVERLAND;DL_RENDER,DL_HW_EXT,LI_Hogwarts > LI_EntranceHall_EXT,/Game/Levels/Overland/Hogwarts/EntranceHall/LI_EntranceHall_EXT,,-10235.2,-29407.5,8149.1
Hogwarts,SM_HW_EH_DoorFrame_ColumnDecor_B_23,StaticMeshActor,LV_Overland/Hogwarts/LI_Hogwarts/LevelInstances/EntranceHall/LI_EntranceHall_EXT/RENDER/Porch/SM_HW_EH_DoorFrame_ColumnDecor_B_23,71EEF2F8-47A3-D896-7387-63B8A65B6BF1,1,DL_OVERLAND;DL_RENDER,DL_HW_EXT,LI_Hogwarts > LI_EntranceHall_EXT,/Game/Levels/Overland/Hogwarts/EntranceHall/LI_EntranceHall_EXT,,-10272.4,-29429.1,8149.1
Hogwarts,SM_HW_EH_DoorFrame_ColumnDecor_B_24,StaticMeshActor,LV_Overland/Hogwarts/LI_Hogwarts/LevelInstances/EntranceHall/LI_EntranceHall_EXT/RENDER/Porch/SM_HW_EH_DoorFrame_ColumnDecor_B_24,18A7B831-4B08-AD9C-4CBB-EDAD01AA1829,1,DL_OVERLAND;DL_RENDER,DL_HW_EXT,LI_Hogwarts > LI_EntranceHall_EXT,/Game/Levels/Overland/Hogwarts/EntranceHall/LI_EntranceHall_EXT,,-10214.0,-29384.9,8517.1
Hogwarts,SM_HW_EH_DoorFrame_ColumnDecor_B_25,StaticMeshActor,LV_Overland/Hogwarts/LI_Hogwarts/LevelInstances/EntranceHall/LI_EntranceHall_EXT/RENDER/Porch/SM_HW_EH_DoorFrame_ColumnDecor_B_25,1E9C090D-4842-1264-DF76-939EC26E196B,1,DL_OVERLAND;DL_RENDER,DL_HW_EXT,LI_Hogwarts > LI_EntranceHall_EXT,/Game/Levels/Overland/Hogwarts/EntranceHall/LI_EntranceHall_EXT,,-10236.5,-29407.4,8517.1
Hogwarts,SM_HW_EH_DoorFrame_ColumnDecor_B_26,StaticMeshActor,LV_Overland/Hogwarts/LI_Hogwarts/LevelInstances/EntranceHall/LI_EntranceHall_EXT/RENDER/Porch/SM_HW_EH_DoorFrame_ColumnDecor_B_26,244DB8F3-4675-790C-3DC0-B7957C75CC2D,1,DL_OVERLAND;DL_RENDER,DL_HW_EXT,LI_Hogwarts > LI_EntranceHall_EXT,/Game/Levels/Overland/Hogwarts/EntranceHall/LI_EntranceHall_EXT,,-10272.5,-29428.2,7963.8
Hogwarts,SM_HW_EH_DoorFrame_ColumnDecor_B_27,StaticMeshActor,LV_Overland/Hogwarts/LI_Hogwarts/LevelInstances/EntranceHall/LI_EntranceHall_EXT/RENDER/Porch/SM_HW_EH_DoorFrame_ColumnDecor_B_27,35719121-4FFF-0369-2389-CFBF1C3F10B0,1,DL_OVERLAND;DL_RENDER,DL_HW_EXT,LI_Hogwarts > LI_EntranceHall_EXT,/Game/Levels/Overland/Hogwarts/EntranceHall/LI_EntranceHall_EXT,,-10235.2,-29406.9,7963.8
Hogwarts,SM_HW_EH_DoorFrame_ColumnDecor_B_28,StaticMeshActor,LV_Overland/Hogwarts/LI_Hogwarts/LevelInstances/EntranceHall/LI_EntranceHall_EXT/RENDER/Porch/SM_HW_EH_DoorFrame_ColumnDecor_B_28,A51A0BD0-4F64-FE38-6117-578A650EB67C,1,DL_OVERLAND;DL_RENDER,DL_HW_EXT,LI_Hogwarts > LI_EntranceHall_EXT,/Game/Levels/Overland/Hogwarts/EntranceHall/LI_EntranceHall_EXT,,-10212.4,-29383.8,7963.8
Hogwarts,SM_HW_EH_DoorFrame_ColumnDecor_B_29,StaticMeshActor,LV_Overland/Hogwarts/LI_Hogwarts/LevelInstances/EntranceHall/LI_EntranceHall_EXT/RENDER/Porch/SM_HW_EH_DoorFrame_ColumnDecor_B_29,63CC17B8-4804-853D-7AD6-C1AE1B998969,1,DL_OVERLAND;DL_RENDER,DL_HW_EXT,LI_Hogwarts > LI_EntranceHall_EXT,/Game/Levels/Overland/Hogwarts/EntranceHall/LI_EntranceHall_EXT,,-10302.2,-29424.8,7784.2
Hogwarts,SM_HW_EH_DoorFrame_ColumnDecor_B_3,StaticMeshActor,LV_Overland/Hogwarts/LI_Hogwarts/LevelInstances/EntranceHall/LI_EntranceHall_EXT/RENDER/Porch/SM_HW_EH_DoorFrame_ColumnDecor_B_3,5DF0410B-42EC-37D2-2E8A-0AA077D1AC9C,1,DL_OVERLAND;DL_RENDER,DL_HW_EXT,LI_Hogwarts > LI_EntranceHall_EXT,/Game/Levels/Overland/Hogwarts/EntranceHall/LI_EntranceHall_EXT,,-9425.8,-29579.1,7784.4
Hogwarts,SM_HW_EH_DoorFrame_ColumnDecor_B_30,StaticMeshActor,LV_Overland/Hogwarts/LI_Hogwarts/LevelInstances/EntranceHall/LI_EntranceHall_EXT/RENDER/Porch/SM_HW_EH_DoorFrame_ColumnDecor_B_30,A316857F-4F09-CE6B-F7FC-70954A0B23AD,1,DL_OVERLAND;DL_RENDER,DL_HW_EXT,LI_Hogwarts > LI_EntranceHall_EXT,/Game/Levels/Overland/Hogwarts/EntranceHall/LI_EntranceHall_EXT,,-10272.5,-29429.8,7784.2
Hogwarts,SM_HW_EH_DoorFrame_ColumnDecor_B_31,StaticMeshActor,LV_Overland/Hogwarts/LI_Hogwarts/LevelInstances/EntranceHall/LI_EntranceHall_EXT/RENDER/Porch/SM_HW_EH_DoorFrame_ColumnDecor_B_31,9F4FF691-4D9C-EBB3-FFEC-A6817137668D,1,DL_OVERLAND;DL_RENDER,DL_HW_EXT,LI_Hogwarts > LI_EntranceHall_EXT,/Game/Levels/Overland/Hogwarts/EntranceHall/LI_EntranceHall_EXT,,-10235.9,-29406.8,7784.2
Hogwarts,SM_HW_EH_DoorFrame_ColumnDecor_B_32,StaticMeshActor,LV_Overland/Hogwarts/LI_Hogwarts/LevelInstances/EntranceHall/LI_EntranceHall_EXT/RENDER/Porch/SM_HW_EH_DoorFrame_ColumnDecor_B_32,2523813D-4FD6-E732-6F5F-CB9CFFAE763C,1,DL_OVERLAND;DL_RENDER,DL_HW_EXT,LI_Hogwarts > LI_EntranceHall_EXT,/Game/Levels/Overland/Hogwarts/EntranceHall/LI_EntranceHall_EXT,,-10212.2,-29383.8,7784.2
Hogwarts,SM_HW_EH_DoorFrame_ColumnDecor_B_33,StaticMeshActor,LV_Overland/Hogwarts/LI_Hogwarts/LevelInstances/EntranceHall/LI_EntranceHall_EXT/RENDER/Porch/SM_HW_EH_DoorFrame_ColumnDecor_B_33,F0EE68FC-476B-FEBA-35A0-BBA0E71574BD,1,DL_OVERLAND;DL_RENDER,DL_HW_EXT,LI_Hogwarts > LI_EntranceHall_EXT,/Game/Levels/Overland/Hogwarts/EntranceHall/LI_EntranceHall_EXT,,-10207.8,-29352.4,7784.2
Hogwarts,SM_HW_EH_DoorFrame_ColumnDecor_B_34,StaticMeshActor,LV_Overland/Hogwarts/LI_Hogwarts/LevelInstances/EntranceHall/LI_EntranceHall_EXT/RENDER/Porch/SM_HW_EH_DoorFrame_ColumnDecor_B_34,8742E74A-4A59-429A-9019-398A06C2A517,1,DL_OVERLAND;DL_RENDER,DL_HW_EXT,LI_Hogwarts > LI_EntranceHall_EXT,/Game/Levels/Overland/Hogwarts/EntranceHall/LI_EntranceHall_EXT,,-10186.3,-29229.8,7784.2
Hogwarts,SM_HW_EH_DoorFrame_ColumnDecor_B_35,StaticMeshActor,LV_Overland/Hogwarts/LI_Hogwarts/LevelInstances/EntranceHall/LI_EntranceHall_EXT/RENDER/Porch/SM_HW_EH_DoorFrame_ColumnDecor_B_35,74996D1E-40A1-6160-5DFD-D18CA0DB0908,1,DL_OVERLAND;DL_RENDER,DL_HW_EXT,LI_Hogwarts > LI_EntranceHall_EXT,/Game/Levels/Overland/Hogwarts/EntranceHall/LI_EntranceHall_EXT,,-10165.1,-29107.9,7784.2
Hogwarts,SM_HW_EH_DoorFrame_ColumnDecor_B_36,StaticMeshActor,LV_Overland/Hogwarts/LI_Hogwarts/LevelInstances/EntranceHall/LI_EntranceHall_EXT/RENDER/Porch/SM_HW_EH_DoorFrame_ColumnDecor_B_36,89D949D4-408B-AD16-86E8-90B63D7C4F0A,1,DL_OVERLAND;DL_RENDER,DL_HW_EXT,LI_Hogwarts > LI_EntranceHall_EXT,/Game/Levels/Overland/Hogwarts/EntranceHall/LI_EntranceHall_EXT,,-10165.1,-29107.9,7964.4
Hogwarts,SM_HW_EH_DoorFrame_ColumnDecor_B_37,StaticMeshActor,LV_Overland/Hogwarts/LI_Hogwarts/LevelInstances/EntranceHall/LI_EntranceHall_EXT/RENDER/Porch/SM_HW_EH_DoorFrame_ColumnDecor_B_37,ED40058D-47AD-B763-EE1F-6BB73C2D0A41,1,DL_OVERLAND;DL_RENDER,DL_HW_EXT,LI_Hogwarts > LI_EntranceHall_EXT,/Game/Levels/Overland/Hogwarts/EntranceHall/LI_EntranceHall_EXT,,-10186.3,-29229.8,7964.4
Hogwarts,SM_HW_EH_DoorFrame_ColumnDecor_B_38,StaticMeshActor,LV_Overland/Hogwarts/LI_Hogwarts/LevelInstances/EntranceHall/LI_EntranceHall_EXT/RENDER/Porch/SM_HW_EH_DoorFrame_ColumnDecor_B_38,52205862-486D-B0A9-2C19-29910E5FCE84,1,DL_OVERLAND;DL_RENDER,DL_HW_EXT,LI_Hogwarts > LI_EntranceHall_EXT,/Game/Levels/Overland/Hogwarts/EntranceHall/LI_EntranceHall_EXT,,-10208.5,-29352.4,7964.4
Hogwarts,SM_HW_EH_DoorFrame_ColumnDecor_B_39,StaticMeshActor,LV_Overland/Hogwarts/LI_Hogwarts/LevelInstances/EntranceHall/LI_EntranceHall_EXT/RENDER/Porch/SM_HW_EH_DoorFrame_ColumnDecor_B_39,4AC850B9-479D-B285-6ED0-298524C2778E,1,DL_OVERLAND;DL_RENDER,DL_HW_EXT,LI_Hogwarts > LI_EntranceHall_EXT,/Game/Levels/Overland/Hogwarts/EntranceHall/LI_EntranceHall_EXT,,-10165.1,-29107.9,8150.1
Hogwarts,SM_HW_EH_DoorFrame_ColumnDecor_B_4,StaticMeshActor,LV_Overland/Hogwarts/LI_Hogwarts/LevelInstances/EntranceHall/LI_EntranceHall_EXT/RENDER/Porch/SM_HW_EH_DoorFrame_ColumnDecor_B_4,AE07C607-42FD-B003-E756-CF8898FB7C47,1,DL_OVERLAND;DL_RENDER,DL_HW_EXT,LI_Hogwarts > LI_EntranceHall_EXT,/Game/Levels/Overland/Hogwarts/EntranceHall/LI_EntranceHall_EXT,,-9398.2,-29585.8,7784.4
Hogwarts,SM_HW_EH_DoorFrame_ColumnDecor_B_40,StaticMeshActor,LV_Overland/Hogwarts/LI_Hogwarts/LevelInstances/EntranceHall/LI_EntranceHall_EXT/RENDER/Porch/SM_HW_EH_DoorFrame_ColumnDecor_B_40,AEDD4230-42E9-990B-CAE8-C3AE7F4AB98B,1,DL_OVERLAND;DL_RENDER,DL_HW_EXT,LI_Hogwarts > LI_EntranceHall_EXT,/Game/Levels/Overland/Hogwarts/EntranceHall/LI_EntranceHall_EXT,,-10186.3,-29229.8,8150.1
Hogwarts,SM_HW_EH_DoorFrame_ColumnDecor_B_41,StaticMeshActor,LV_Overland/Hogwarts/LI_Hogwarts/LevelInstances/EntranceHall/LI_EntranceHall_EXT/RENDER/Porch/SM_HW_EH_DoorFrame_ColumnDecor_B_41,75502F1A-46CC-0190-0D99-AEBF6CCB1662,1,DL_OVERLAND;DL_RENDER,DL_HW_EXT,LI_Hogwarts > LI_EntranceHall_EXT,/Game/Levels/Overland/Hogwarts/EntranceHall/LI_EntranceHall_EXT,,-10208.5,-29352.4,8150.1
Hogwarts,SM_HW_EH_DoorFrame_ColumnDecor_B_42,StaticMeshActor,LV_Overland/Hogwarts/LI_Hogwarts/LevelInstances/EntranceHall/LI_EntranceHall_EXT/RENDER/Porch/SM_HW_EH_DoorFrame_ColumnDecor_B_42,559C09A6-47D8-28B7-1468-8D938CCA84FA,1,DL_OVERLAND;DL_RENDER,DL_HW_EXT,LI_Hogwarts > LI_EntranceHall_EXT,/Game/Levels/Overland/Hogwarts/EntranceHall/LI_EntranceHall_EXT,,-10165.1,-29107.9,8396.2
Hogwarts,SM_HW_EH_DoorFrame_ColumnDecor_B_43,StaticMeshActor,LV_Overland/Hogwarts/LI_Hogwarts/LevelInstances/EntranceHall/LI_EntranceHall_EXT/RENDER/Porch/SM_HW_EH_DoorFrame_ColumnDecor_B_43,50BD8383-4A4D-B238-48C0-CC956ADDA2DE,1,DL_OVERLAND;DL_RENDER,DL_HW_EXT,LI_Hogwarts > LI_EntranceHall_EXT,/Game/Levels/Overland/Hogwarts/EntranceHall/LI_EntranceHall_EXT,,-10186.3,-29229.8,8396.2
Hogwarts,SM_HW_EH_DoorFrame_ColumnDecor_B_44,StaticMeshActor,LV_Overland/Hogwarts/LI_Hogwarts/LevelInstances/EntranceHall/LI_EntranceHall_EXT/RENDER/Porch/SM_HW_EH_DoorFrame_ColumnDecor_B_44,657EA193-4E82-7179-4998-348B18CBEFF8,1,DL_OVERLAND;DL_RENDER,DL_HW_EXT,LI_Hogwarts > LI_EntranceHall_EXT,/Game/Levels/Overland/Hogwarts/EntranceHall/LI_EntranceHall_EXT,,-10208.5,-29352.4,8396.2
Hogwarts,SM_HW_EH_DoorFrame_ColumnDecor_B_45,StaticMeshActor,LV_Overland/Hogwarts/LI_Hogwarts/LevelInstances/EntranceHall/LI_EntranceHall_EXT/RENDER/Porch/SM_HW_EH_DoorFrame_ColumnDecor_B_45,A4D4B279-4334-5775-C34B-3E9B6B56F982,1,DL_OVERLAND;DL_RENDER,DL_HW_EXT,LI_Hogwarts > LI_EntranceHall_EXT,/Game/Levels/Overland/Hogwarts/EntranceHall/LI_EntranceHall_EXT,,-10165.1,-29107.9,8602.7
Hogwarts,SM_HW_EH_DoorFrame_ColumnDecor_B_46,StaticMeshActor,LV_Overland/Hogwarts/LI_Hogwarts/LevelInstances/EntranceHall/LI_EntranceHall_EXT/RENDER/Porch/SM_HW_EH_DoorFrame_ColumnDecor_B_46,E560E323-432D-9982-E0E6-85ACD7CD83F6,1,DL_OVERLAND;DL_RENDER,DL_HW_EXT,LI_Hogwarts > LI_EntranceHall_EXT,/Game/Levels/Overland/Hogwarts/EntranceHall/LI_EntranceHall_EXT,,-10186.3,-29229.8,8602.7
Hogwarts,SM_HW_EH_DoorFrame_ColumnDecor_B_47,StaticMeshActor,LV_Overland/Hogwarts/LI_Hogwarts/LevelInstances/EntranceHall/LI_EntranceHall_EXT/RENDER/Porch/SM_HW_EH_DoorFrame_ColumnDecor_B_47,EADE064B-4CEA-BA5C-ADFC-99ABF411124B,1,DL_OVERLAND;DL_RENDER,DL_HW_EXT,LI_Hogwarts > LI_EntranceHall_EXT,/Game/Levels/Overland/Hogwarts/EntranceHall/LI_EntranceHall_EXT,,-10208.5,-29352.4,8602.7
Hogwarts,SM_HW_EH_DoorFrame_ColumnDecor_B_48,StaticMeshActor,LV_Overland/Hogwarts/LI_Hogwarts/LevelInstances/EntranceHall/LI_EntranceHall_EXT/RENDER/Porch/SM_HW_EH_DoorFrame_ColumnDecor_B_48,8E424CA3-44B5-DCB3-D55B-4C9A941A6DE2,1,DL_OVERLAND;DL_RENDER,DL_HW_EXT,LI_Hogwarts > LI_EntranceHall_EXT,/Game/Levels/Overland/Hogwarts/EntranceHall/LI_EntranceHall_EXT,,-10165.1,-29107.9,8803.3
Hogwarts,SM_HW_EH_DoorFrame_ColumnDecor_B_49,StaticMeshActor,LV_Overland/Hogwarts/LI_Hogwarts/LevelInstances/EntranceHall/LI_EntranceHall_EXT/RENDER/Porch/SM_HW_EH_DoorFrame_ColumnDecor_B_49,E9A25181-4D13-E4E0-AB12-7FB23B9E7BD3,1,DL_OVERLAND;DL_RENDER,DL_HW_EXT,LI_Hogwarts > LI_EntranceHall_EXT,/Game/Levels/Overland/Hogwarts/EntranceHall/LI_EntranceHall_EXT,,-10186.3,-29229.8,8803.3
Hogwarts,SM_HW_EH_DoorFrame_ColumnDecor_B_5,StaticMeshActor,LV_Overland/Hogwarts/LI_Hogwarts/LevelInstances/EntranceHall/LI_EntranceHall_EXT/RENDER/Porch/SM_HW_EH_DoorFrame_ColumnDecor_B_5,04DD9517-417C-B93F-3F2F-F3A8355CACE0,1,DL_OVERLAND;DL_RENDER,DL_HW_EXT,LI_Hogwarts > LI_EntranceHall_EXT,/Game/Levels/Overland/Hogwarts/EntranceHall/LI_EntranceHall_EXT,,-9451.9,-29543.7,7963.4
Hogwarts,SM_HW_EH_DoorFrame_ColumnDecor_B_50,StaticMeshActor,LV_Overland/Hogwarts/LI_Hogwarts/LevelInstances/EntranceHall/LI_EntranceHall_EXT/RENDER/Porch/SM_HW_EH_DoorFrame_ColumnDecor_B_50,0F4D57DB-40E2-4751-3E11-5DA8738F8C19,1,DL_OVERLAND;DL_RENDER,DL_HW_EXT,LI_Hogwarts > LI_EntranceHall_EXT,/Game/Levels/Overland/Hogwarts/EntranceHall/LI_EntranceHall_EXT,,-10208.5,-29352.4,8803.3
Hogwarts,SM_HW_EH_DoorFrame_ColumnDecor_B_51,StaticMeshActor,LV_Overland/Hogwarts/LI_Hogwarts/LevelInstances/EntranceHall/LI_EntranceHall_EXT/RENDER/Porch/SM_HW_EH_DoorFrame_ColumnDecor_B_51,89824C87-4629-C4E1-0CBA-7D87B9C47FFB,1,DL_OVERLAND;DL_RENDER,DL_HW_EXT,LI_Hogwarts > LI_EntranceHall_EXT,/Game/Levels/Overland/Hogwarts/EntranceHall/LI_EntranceHall_EXT,,-10165.1,-29107.9,9001.3
Hogwarts,SM_HW_EH_DoorFrame_ColumnDecor_B_52,StaticMeshActor,LV_Overland/Hogwarts/LI_Hogwarts/LevelInstances/EntranceHall/LI_EntranceHall_EXT/RENDER/Porch/SM_HW_EH_DoorFrame_ColumnDecor_B_52,FF1BECCB-4A73-AE2B-B981-A29E7332C0A6,1,DL_OVERLAND;DL_RENDER,DL_HW_EXT,LI_Hogwarts > LI_EntranceHall_EXT,/Game/Levels/Overland/Hogwarts/EntranceHall/LI_EntranceHall_EXT,,-10186.3,-29229.8,9001.3
Hogwarts,SM_HW_EH_DoorFrame_ColumnDecor_B_53,StaticMeshActor,LV_Overland/Hogwarts/LI_Hogwarts/LevelInstances/EntranceHall/LI_EntranceHall_EXT/RENDER/Porch/SM_HW_EH_DoorFrame_ColumnDecor_B_53,F516126D-4F13-D8AB-71C0-B08FC78450F5,1,DL_OVERLAND;DL_RENDER,DL_HW_EXT,LI_Hogwarts > LI_EntranceHall_EXT,/Game/Levels/Overland/Hogwarts/EntranceHall/LI_EntranceHall_EXT,,-10208.5,-29352.4,9001.3
Hogwarts,SM_HW_EH_DoorFrame_ColumnDecor_B_54,StaticMeshActor,LV_Overland/Hogwarts/LI_Hogwarts/LevelInstances/EntranceHall/LI_EntranceHall_EXT/RENDER/Porch/SM_HW_EH_DoorFrame_ColumnDecor_B_54,EA1E5CE5-4921-3A18-CD35-419B486B7ECD,1,DL_OVERLAND;DL_RENDER,DL_HW_EXT,LI_Hogwarts > LI_EntranceHall_EXT,/Game/Levels/Overland/Hogwarts/EntranceHall/LI_EntranceHall_EXT,,-9414.9,-29238.9,7784.2
Hogwarts,SM_HW_EH_DoorFrame_ColumnDecor_B_55,StaticMeshActor,LV_Overland/Hogwarts/LI_Hogwarts/LevelInstances/EntranceHall/LI_EntranceHall_EXT/RENDER/Porch/SM_HW_EH_DoorFrame_ColumnDecor_B_55,8872F047-49FD-9ADF-3153-128CF7906325,1,DL_OVERLAND;DL_RENDER,DL_HW_EXT,LI_Hogwarts > LI_EntranceHall_EXT,/Game/Levels/Overland/Hogwarts/EntranceHall/LI_EntranceHall_EXT,,-9437.1,-29361.6,7784.2
Hogwarts,SM_HW_EH_DoorFrame_ColumnDecor_B_56,StaticMeshActor,LV_Overland/Hogwarts/LI_Hogwarts/LevelInstances/EntranceHall/LI_EntranceHall_EXT/RENDER/Porch/SM_HW_EH_DoorFrame_ColumnDecor_B_56,E12F3E72-4F13-E9D1-5322-C2A5A3497612,1,DL_OVERLAND;DL_RENDER,DL_HW_EXT,LI_Hogwarts > LI_EntranceHall_EXT,/Game/Levels/Overland/Hogwarts/EntranceHall/LI_EntranceHall_EXT,,-9458.4,-29483.5,7784.2
Hogwarts,SM_HW_EH_DoorFrame_ColumnDecor_B_57,StaticMeshActor,LV_Overland/Hogwarts/LI_Hogwarts/LevelInstances/EntranceHall/LI_EntranceHall_EXT/RENDER/Porch/SM_HW_EH_DoorFrame_ColumnDecor_B_57,A5E3F970-4665-FDD0-0CD1-8C8824F0289E,1,DL_OVERLAND;DL_RENDER,DL_HW_EXT,LI_Hogwarts > LI_EntranceHall_EXT,/Game/Levels/Overland/Hogwarts/EntranceHall/LI_EntranceHall_EXT,,-9458.4,-29483.5,7963.8
Hogwarts,SM_HW_EH_DoorFrame_ColumnDecor_B_58,StaticMeshActor,LV_Overland/Hogwarts/LI_Hogwarts/LevelInstances/EntranceHall/LI_EntranceHall_EXT/RENDER/Porch/SM_HW_EH_DoorFrame_ColumnDecor_B_58,234AF204-4423-4127-FDB2-AAB009878D31,1,DL_OVERLAND;DL_RENDER,DL_HW_EXT,LI_Hogwarts > LI_EntranceHall_EXT,/Game/Levels/Overland/Hogwarts/EntranceHall/LI_EntranceHall_EXT,,-9437.1,-29361.6,7963.8
Hogwarts,SM_HW_EH_DoorFrame_ColumnDecor_B_59,StaticMeshActor,LV_Overland/Hogwarts/LI_Hogwarts/LevelInstances/EntranceHall/LI_EntranceHall_EXT/RENDER/Porch/SM_HW_EH_DoorFrame_ColumnDecor_B_59,9453701F-487A-136E-0EB5-B3A3A00115B6,1,DL_OVERLAND;DL_RENDER,DL_HW_EXT,LI_Hogwarts > LI_EntranceHall_EXT,/Game/Levels/Overland/Hogwarts/EntranceHall/LI_EntranceHall_EXT,,-9414.9,-29238.9,7963.8
Hogwarts,SM_HW_EH_DoorFrame_ColumnDecor_B_6,StaticMeshActor,LV_Overland/Hogwarts/LI_Hogwarts/LevelInstances/EntranceHall/LI_EntranceHall_EXT/RENDER/Porch/SM_HW_EH_DoorFrame_ColumnDecor_B_6,FDA8F8F9-43CE-3084-F465-3381C2E52402,1,DL_OVERLAND;DL_RENDER,DL_HW_EXT,LI_Hogwarts > LI_EntranceHall_EXT,/Game/Levels/Overland/Hogwarts/EntranceHall/LI_EntranceHall_EXT,,-9425.7,-29579.1,7963.4
Hogwarts,SM_HW_EH_DoorFrame_ColumnDecor_B_60,StaticMeshActor,LV_Overland/Hogwarts/LI_Hogwarts/LevelInstances/EntranceHall/LI_EntranceHall_EXT/RENDER/Porch/SM_HW_EH_DoorFrame_ColumnDecor_B_60,E805E6F8-4F20-4A24-0E38-E38D06A8CE21,1,DL_OVERLAND;DL_RENDER,DL_HW_EXT,LI_Hogwarts > LI_EntranceHall_EXT,/Game/Levels/Overland/Hogwarts/EntranceHall/LI_EntranceHall_EXT,,-9458.4,-29483.5,8148.3
Hogwarts,SM_HW_EH_DoorFrame_ColumnDecor_B_61,StaticMeshActor,LV_Overland/Hogwarts/LI_Hogwarts/LevelInstances/EntranceHall/LI_EntranceHall_EXT/RENDER/Porch/SM_HW_EH_DoorFrame_ColumnDecor_B_61,51C98244-4265-2EEB-11D2-649CE1C2552B,1,DL_OVERLAND;DL_RENDER,DL_HW_EXT,LI_Hogwarts > LI_EntranceHall_EXT,/Game/Levels/Overland/Hogwarts/EntranceHall/LI_EntranceHall_EXT,,-9437.1,-29361.6,8148.3
Hogwarts,SM_HW_EH_DoorFrame_ColumnDecor_B_62,StaticMeshActor,LV_Overland/Hogwarts/LI_Hogwarts/LevelInstances/EntranceHall/LI_EntranceHall_EXT/RENDER/Porch/SM_HW_EH_DoorFrame_ColumnDecor_B_62,359997D4-4D52-5A39-D553-0BAD631AAF40,1,DL_OVERLAND;DL_RENDER,DL_HW_EXT,LI_Hogwarts > LI_EntranceHall_EXT,/Game/Levels/Overland/Hogwarts/EntranceHall/LI_EntranceHall_EXT,,-9414.9,-29238.9,8148.3
Hogwarts,SM_HW_EH_DoorFrame_ColumnDecor_B_63,StaticMeshActor,LV_Overland/Hogwarts/LI_Hogwarts/LevelInstances/EntranceHall/LI_EntranceHall_EXT/RENDER/Porch/SM_HW_EH_DoorFrame_ColumnDecor_B_63,088AF576-47C0-900D-6F0F-29BD88293567,1,DL_OVERLAND;DL_RENDER,DL_HW_EXT,LI_Hogwarts > LI_EntranceHall_EXT,/Game/Levels/Overland/Hogwarts/EntranceHall/LI_EntranceHall_EXT,,-9458.4,-29483.5,8400.6
Hogwarts,SM_HW_EH_DoorFrame_ColumnDecor_B_64,StaticMeshActor,LV_Overland/Hogwarts/LI_Hogwarts/LevelInstances/EntranceHall/LI_EntranceHall_EXT/RENDER/Porch/SM_HW_EH_DoorFrame_ColumnDecor_B_64,59772BEB-4EF0-8230-61AD-ADAA376C3990,1,DL_OVERLAND;DL_RENDER,DL_HW_EXT,LI_Hogwarts > LI_EntranceHall_EXT,/Game/Levels/Overland/Hogwarts/EntranceHall/LI_EntranceHall_EXT,,-9437.1,-29361.6,8400.6
Hogwarts,SM_HW_EH_DoorFrame_ColumnDecor_B_65,StaticMeshActor,LV_Overland/Hogwarts/LI_Hogwarts/LevelInstances/EntranceHall/LI_EntranceHall_EXT/RENDER/Porch/SM_HW_EH_DoorFrame_ColumnDecor_B_65,799CE370-47A4-C02E-1D02-F4BBB31BF73A,1,DL_OVERLAND;DL_RENDER,DL_HW_EXT,LI_Hogwarts > LI_EntranceHall_EXT,/Game/Levels/Overland/Hogwarts/EntranceHall/LI_EntranceHall_EXT,,-9414.9,-29238.9,8400.6
Hogwarts,SM_HW_EH_DoorFrame_ColumnDecor_B_66,StaticMeshActor,LV_Overland/Hogwarts/LI_Hogwarts/LevelInstances/EntranceHall/LI_EntranceHall_EXT/RENDER/Porch/SM_HW_EH_DoorFrame_ColumnDecor_B_66,9C726679-4364-BCEF-F70E-E48A7B28C127,1,DL_OVERLAND;DL_RENDER,DL_HW_EXT,LI_Hogwarts > LI_EntranceHall_EXT,/Game/Levels/Overland/Hogwarts/EntranceHall/LI_EntranceHall_EXT,,-9458.4,-29483.5,8601.7
Hogwarts,SM_HW_EH_DoorFrame_ColumnDecor_B_67,StaticMeshActor,LV_Overland/Hogwarts/LI_Hogwarts/LevelInstances/EntranceHall/LI_EntranceHall_EXT/RENDER/Porch/SM_HW_EH_DoorFrame_ColumnDecor_B_67,218F3874-4F03-9960-E457-EB858CED8674,1,DL_OVERLAND;DL_RENDER,DL_HW_EXT,LI_Hogwarts > LI_EntranceHall_EXT,/Game/Levels/Overland/Hogwarts/EntranceHall/LI_EntranceHall_EXT,,-9437.1,-29361.6,8601.7
Hogwarts,SM_HW_EH_DoorFrame_ColumnDecor_B_68,StaticMeshActor,LV_Overland/Hogwarts/LI_Hogwarts/LevelInstances/EntranceHall/LI_EntranceHall_EXT/RENDER/Porch/SM_HW_EH_DoorFrame_ColumnDecor_B_68,509936AB-4D80-95CF-6270-37B62D361B6D,1,DL_OVERLAND;DL_RENDER,DL_HW_EXT,LI_Hogwarts > LI_EntranceHall_EXT,/Game/Levels/Overland/Hogwarts/EntranceHall/LI_EntranceHall_EXT,,-9416.6,-29238.9,8601.7
Hogwarts,SM_HW_EH_DoorFrame_ColumnDecor_B_69,StaticMeshActor,LV_Overland/Hogwarts/LI_Hogwarts/LevelInstances/EntranceHall/LI_EntranceHall_EXT/RENDER/Porch/SM_HW_EH_DoorFrame_ColumnDecor_B_69,C480896B-4027-B9EF-938C-44AF0E4FB6D9,1,DL_OVERLAND;DL_RENDER,DL_HW_EXT,LI_Hogwarts > LI_EntranceHall_EXT,/Game/Levels/Overland/Hogwarts/EntranceHall/LI_EntranceHall_EXT,,-9458.4,-29483.5,8797.7
Hogwarts,SM_HW_EH_DoorFrame_ColumnDecor_B_7,StaticMeshActor,LV_Overland/Hogwarts/LI_Hogwarts/LevelInstances/EntranceHall/LI_EntranceHall_EXT/RENDER/Porch/SM_HW_EH_DoorFrame_ColumnDecor_B_7,B23567CE-4133-7DFB-2BBB-7186E79F1CCE,1,DL_OVERLAND;DL_RENDER,DL_HW_EXT,LI_Hogwarts > LI_EntranceHall_EXT,/Game/Levels/Overland/Hogwarts/EntranceHall/LI_EntranceHall_EXT,,-9398.2,-29584.8,7963.4
Hogwarts,SM_HW_EH_DoorFrame_ColumnDecor_B_70,StaticMeshActor,LV_Overland/Hogwarts/LI_Hogwarts/LevelInstances/EntranceHall/LI_EntranceHall_EXT/RENDER/Porch/SM_HW_EH_DoorFrame_ColumnDecor_B_70,F646582D-4A1D-A4BE-2DBF-618EA9696016,1,DL_OVERLAND;DL_RENDER,DL_HW_EXT,LI_Hogwarts > LI_EntranceHall_EXT,/Game/Levels/Overland/Hogwarts/EntranceHall/LI_EntranceHall_EXT,,-9437.1,-29361.6,8797.7
Hogwarts,SM_HW_EH_DoorFrame_ColumnDecor_B_71,StaticMeshActor,LV_Overland/Hogwarts/LI_Hogwarts/LevelInstances/EntranceHall/LI_EntranceHall_EXT/RENDER/Porch/SM_HW_EH_DoorFrame_ColumnDecor_B_71,6E7918ED-4EAE-419F-7C73-16B3300C6022,1,DL_OVERLAND;DL_RENDER,DL_HW_EXT,LI_Hogwarts > LI_EntranceHall_EXT,/Game/Levels/Overland/Hogwarts/EntranceHall/LI_EntranceHall_EXT,,-9414.9,-29238.9,8797.7
Hogwarts,SM_HW_EH_DoorFrame_ColumnDecor_B_72,StaticMeshActor,LV_Overland/Hogwarts/LI_Hogwarts/LevelInstances/EntranceHall/LI_EntranceHall_EXT/RENDER/Porch/SM_HW_EH_DoorFrame_ColumnDecor_B_72,471027ED-4D14-670E-13A1-3F97847E07F3,1,DL_OVERLAND;DL_RENDER,DL_HW_EXT,LI_Hogwarts > LI_EntranceHall_EXT,/Game/Levels/Overland/Hogwarts/EntranceHall/LI_EntranceHall_EXT,,-9458.4,-29483.5,9003.3
Hogwarts,SM_HW_EH_DoorFrame_ColumnDecor_B_73,StaticMeshActor,LV_Overland/Hogwarts/LI_Hogwarts/LevelInstances/EntranceHall/LI_EntranceHall_EXT/RENDER/Porch/SM_HW_EH_DoorFrame_ColumnDecor_B_73,FF6A0BAE-4136-44D8-CABD-FBA258C96A4F,1,DL_OVERLAND;DL_RENDER,DL_HW_EXT,LI_Hogwarts > LI_EntranceHall_EXT,/Game/Levels/Overland/Hogwarts/EntranceHall/LI_EntranceHall_EXT,,-9437.1,-29361.6,9003.3
Hogwarts,SM_HW_EH_DoorFrame_ColumnDecor_B_74,StaticMeshActor,LV_Overland/Hogwarts/LI_Hogwarts/LevelInstances/EntranceHall/LI_EntranceHall_EXT/RENDER/Porch/SM_HW_EH_DoorFrame_ColumnDecor_B_74,B6A06A03-46F5-EDBE-B664-A2B69F6440EB,1,DL_OVERLAND;DL_RENDER,DL_HW_EXT,LI_Hogwarts > LI_EntranceHall_EXT,/Game/Levels/Overland/Hogwarts/EntranceHall/LI_EntranceHall_EXT,,-9414.9,-29238.9,9003.3
Hogwarts,SM_HW_EH_DoorFrame_ColumnDecor_B_75,StaticMeshActor,LV_Overland/Hogwarts/LI_Hogwarts/LevelInstances/EntranceHall/LI_EntranceHall_EXT/RENDER/Porch/SM_HW_EH_DoorFrame_ColumnDecor_B_75,F514B4CB-4EBA-2D64-C59E-F2814C9C6136,1,DL_OVERLAND;DL_RENDER,DL_HW_EXT,LI_Hogwarts > LI_EntranceHall_EXT,/Game/Levels/Overland/Hogwarts/EntranceHall/LI_EntranceHall_EXT,,-9458.4,-29483.5,9154.9
Hogwarts,SM_HW_EH_DoorFrame_ColumnDecor_B_76,StaticMeshActor,LV_Overland/Hogwarts/LI_Hogwarts/LevelInstances/EntranceHall/LI_EntranceHall_EXT/RENDER/Porch/SM_HW_EH_DoorFrame_ColumnDecor_B_76,DB167BD3-44E6-0234-D809-C1B223E8B4AF,1,DL_OVERLAND;DL_RENDER,DL_HW_EXT,LI_Hogwarts > LI_EntranceHall_EXT,/Game/Levels/Overland/Hogwarts/EntranceHall/LI_EntranceHall_EXT,,-9437.1,-29361.6,9154.9
Hogwarts,SM_HW_EH_DoorFrame_ColumnDecor_B_77,StaticMeshActor,LV_Overland/Hogwarts/LI_Hogwarts/LevelInstances/EntranceHall/LI_EntranceHall_EXT/RENDER/Porch/SM_HW_EH_DoorFrame_ColumnDecor_B_77,B323A5AC-49CF-A2F0-5000-5F84FFF1BF9C,1,DL_OVERLAND;DL_RENDER,DL_HW_EXT,LI_Hogwarts > LI_EntranceHall_EXT,/Game/Levels/Overland/Hogwarts/EntranceHall/LI_EntranceHall_EXT,,-9414.9,-29238.9,9154.9
Hogwarts,SM_HW_EH_DoorFrame_ColumnDecor_B_78,StaticMeshActor,LV_Overland/Hogwarts/LI_Hogwarts/LevelInstances/EntranceHall/LI_EntranceHall_EXT/RENDER/Porch/SM_HW_EH_DoorFrame_ColumnDecor_B_78,EDA6B87E-4175-62F1-EAAE-A0B9A8E61CFC,1,DL_OVERLAND;DL_RENDER,DL_HW_EXT,LI_Hogwarts > LI_EntranceHall_EXT,/Game/Levels/Overland/Hogwarts/EntranceHall/LI_EntranceHall_EXT,,-10207.5,-29352.3,9223.0
Hogwarts,SM_HW_EH_DoorFrame_ColumnDecor_B_79,StaticMeshActor,LV_Overland/Hogwarts/LI_Hogwarts/LevelInstances/EntranceHall/LI_EntranceHall_EXT/RENDER/Porch/SM_HW_EH_DoorFrame_ColumnDecor_B_79,8E1663D9-47E4-7683-3D5B-2DA14361020E,1,DL_OVERLAND;DL_RENDER,DL_HW_EXT,LI_Hogwarts > LI_EntranceHall_EXT,/Game/Levels/Overland/Hogwarts/EntranceHall/LI_EntranceHall_EXT,,-10186.3,-29229.8,9223.0
Hogwarts,SM_HW_EH_DoorFrame_ColumnDecor_B_8,StaticMeshActor,LV_Overland/Hogwarts/LI_Hogwarts/LevelInstances/EntranceHall/LI_EntranceHall_EXT/RENDER/Porch/SM_HW_EH_DoorFrame_ColumnDecor_B_8,1246B03A-4C89-EB32-BF20-AC9665BAFEB6,1,DL_OVERLAND;DL_RENDER,DL_HW_EXT,LI_Hogwarts > LI_EntranceHall_EXT,/Game/Levels/Overland/Hogwarts/EntranceHall/LI_EntranceHall_EXT,,-9466.0,-29515.5,7963.4
Hogwarts,SM_HW_EH_DoorFrame_ColumnDecor_B_80,StaticMeshActor,LV_Overland/Hogwarts/LI_Hogwarts/LevelInstances/EntranceHall/LI_EntranceHall_EXT/RENDER/Porch/SM_HW_EH_DoorFrame_ColumnDecor_B_80,2DBA7ED2-4577-F648-F8DB-E494462886C2,1,DL_OVERLAND;DL_RENDER,DL_HW_EXT,LI_Hogwarts > LI_EntranceHall_EXT,/Game/Levels/Overland/Hogwarts/EntranceHall/LI_EntranceHall_EXT,,-10165.1,-29107.9,9223.0
Hogwarts,SM_HW_EH_DoorFrame_ColumnDecor_B_81,StaticMeshActor,LV_Overland/Hogwarts/LI_Hogwarts/LevelInstances/EntranceHall/LI_EntranceHall_EXT/RENDER/Porch/SM_HW_EH_DoorFrame_ColumnDecor_B_81,BF5E3D33-4155-0DFD-5EC4-31860FFF865A,1,DL_OVERLAND;DL_RENDER,DL_HW_EXT,LI_Hogwarts > LI_EntranceHall_EXT,/Game/Levels/Overland/Hogwarts/EntranceHall/LI_EntranceHall_EXT,,-10099.2,-29083.0,8601.7
Hogwarts,SM_HW_EH_DoorFrame_ColumnDecor_B_82,StaticMeshActor,LV_Overland/Hogwarts/LI_Hogwarts/LevelInstances/EntranceHall/LI_EntranceHall_EXT/RENDER/Porch/SM_HW_EH_DoorFrame_ColumnDecor_B_82,4A88C32E-4B28-BE7C-F314-248CE619074C,1,DL_OVERLAND;DL_RENDER,DL_HW_EXT,LI_Hogwarts > LI_EntranceHall_EXT,/Game/Levels/Overland/Hogwarts/EntranceHall/LI_EntranceHall_EXT,,-10081.5,-29081.2,8601.7
Hogwarts,SM_HW_EH_DoorFrame_ColumnDecor_B_83,StaticMeshActor,LV_Overland/Hogwarts/LI_Hogwarts/LevelInstances/EntranceHall/LI_EntranceHall_EXT/RENDER/Porch/SM_HW_EH_DoorFrame_ColumnDecor_B_83,3C9B586E-4D8F-C678-1625-C38B131413D5,1,DL_OVERLAND;DL_RENDER,DL_HW_EXT,LI_Hogwarts > LI_EntranceHall_EXT,/Game/Levels/Overland/Hogwarts/EntranceHall/LI_EntranceHall_EXT,,-10055.9,-29077.4,8601.7
Hogwarts,SM_HW_EH_DoorFrame_ColumnDecor_B_84,StaticMeshActor,LV_Overland/Hogwarts/LI_Hogwarts/LevelInstances/EntranceHall/LI_EntranceHall_EXT/RENDER/Porch/SM_HW_EH_DoorFrame_ColumnDecor_B_84,AA80F4EF-4A36-6D89-CB89-448B14B6C6C2,1,DL_OVERLAND;DL_RENDER,DL_HW_EXT,LI_Hogwarts > LI_EntranceHall_EXT,/Game/Levels/Overland/Hogwarts/EntranceHall/LI_EntranceHall_EXT,,-9507.1,-29176.4,8601.7
Hogwarts,SM_HW_EH_DoorFrame_ColumnDecor_B_85,StaticMeshActor,LV_Overland/Hogwarts/LI_Hogwarts/LevelInstances/EntranceHall/LI_EntranceHall_EXT/RENDER/Porch/SM_HW_EH_DoorFrame_ColumnDecor_B_85,AA1D56A4-4A4E-9797-FCC4-3A897ECDC060,1,DL_OVERLAND;DL_RENDER,DL_HW_EXT,LI_Hogwarts > LI_EntranceHall_EXT,/Game/Levels/Overland/Hogwarts/EntranceHall/LI_EntranceHall_EXT,,-9485.1,-29187.7,8601.7
Hogwarts,SM_HW_EH_DoorFrame_ColumnDecor_B_86,StaticMeshActor,LV_Overland/Hogwarts/LI_Hogwarts/LevelInstances/EntranceHall/LI_EntranceHall_EXT/RENDER/Porch/SM_HW_EH_DoorFrame_ColumnDecor_B_86,EC0DFBD6-43FC-125E-7866-58A155725596,1,DL_OVERLAND;DL_RENDER,DL_HW_EXT,LI_Hogwarts > LI_EntranceHall_EXT,/Game/Levels/Overland/Hogwarts/EntranceHall/LI_EntranceHall_EXT,,-9468.0,-29196.5,8601.7
Hogwarts,SM_HW_EH_DoorFrame_ColumnDecor_B_87,StaticMeshActor,LV_Overland/Hogwarts/LI_Hogwarts/LevelInstances/EntranceHall/LI_EntranceHall_EXT/RENDER/Porch/SM_HW_EH_DoorFrame_ColumnDecor_B_87,19BC856F-44E7-4C02-EB73-53AD7936C62F,1,DL_OVERLAND;DL_RENDER,DL_HW_EXT,LI_Hogwarts > LI_EntranceHall_EXT,/Game/Levels/Overland/Hogwarts/EntranceHall/LI_EntranceHall_EXT,,-10099.2,-29083.0,8802.9
Hogwarts,SM_HW_EH_DoorFrame_ColumnDecor_B_88,StaticMeshActor,LV_Overland/Hogwarts/LI_Hogwarts/LevelInstances/EntranceHall/LI_EntranceHall_EXT/RENDER/Porch/SM_HW_EH_DoorFrame_ColumnDecor_B_88,BBDA3747-4A02-E932-852C-43B45256FE3E,1,DL_OVERLAND;DL_RENDER,DL_HW_EXT,LI_Hogwarts > LI_EntranceHall_EXT,/Game/Levels/Overland/Hogwarts/EntranceHall/LI_EntranceHall_EXT,,-10081.6,-29081.1,8802.9
Hogwarts,SM_HW_EH_DoorFrame_ColumnDecor_B_89,StaticMeshActor,LV_Overland/Hogwarts/LI_Hogwarts/LevelInstances/EntranceHall/LI_EntranceHall_EXT/RENDER/Porch/SM_HW_EH_DoorFrame_ColumnDecor_B_89,7FA30780-4C48-6D63-4999-5380515F4A90,1,DL_OVERLAND;DL_RENDER,DL_HW_EXT,LI_Hogwarts > LI_EntranceHall_EXT,/Game/Levels/Overland/Hogwarts/EntranceHall/LI_EntranceHall_EXT,,-10055.9,-29077.4,8802.9
Hogwarts,SM_HW_EH_DoorFrame_ColumnDecor_B_9,StaticMeshActor,LV_Overland/Hogwarts/LI_Hogwarts/LevelInstances/EntranceHall/LI_EntranceHall_EXT/RENDER/Porch/SM_HW_EH_DoorFrame_ColumnDecor_B_9,A36AEC31-4396-E6FD-84E6-24AAC146A72B,1,DL_OVERLAND;DL_RENDER,DL_HW_EXT,LI_Hogwarts > LI_EntranceHall_EXT,/Game/Levels/Overland/Hogwarts/EntranceHall/LI_EntranceHall_EXT,,-9451.2,-29543.7,8149.1
Hogwarts,SM_HW_EH_DoorFrame_ColumnDecor_B_90,StaticMeshActor,LV_Overland/Hogwarts/LI_Hogwarts/LevelInstances/EntranceHall/LI_EntranceHall_EXT/RENDER/Porch/SM_HW_EH_DoorFrame_ColumnDecor_B_90,6F03121D-423E-234F-E833-5DBFEBF07B46,1,DL_OVERLAND;DL_RENDER,DL_HW_EXT,LI_Hogwarts > LI_EntranceHall_EXT,/Game/Levels/Overland/Hogwarts/EntranceHall/LI_EntranceHall_EXT,,-9507.2,-29176.4,8802.9
Hogwarts,SM_HW_EH_DoorFrame_ColumnDecor_B_91,StaticMeshActor,LV_Overland/Hogwarts/LI_Hogwarts/LevelInstances/EntranceHall/LI_EntranceHall_EXT/RENDER/Porch/SM_HW_EH_DoorFrame_ColumnDecor_B_91,FAFD9BF0-4FEA-D7BA-E70D-DF8CAFCCA855,1,DL_OVERLAND;DL_RENDER,DL_HW_EXT,LI_Hogwarts > LI_EntranceHall_EXT,/Game/Levels/Overland/Hogwarts/EntranceHall/LI_EntranceHall_EXT,,-9485.1,-29187.6,8802.9
Hogwarts,SM_HW_EH_DoorFrame_ColumnDecor_B_92,StaticMeshActor,LV_Overland/Hogwarts/LI_Hogwarts/LevelInstances/EntranceHall/LI_EntranceHall_EXT/RENDER/Porch/SM_HW_EH_DoorFrame_ColumnDecor_B_92,2492E36C-44CD-45F5-C42A-558E2A764480,1,DL_OVERLAND;DL_RENDER,DL_HW_EXT,LI_Hogwarts > LI_EntranceHall_EXT,/Game/Levels/Overland/Hogwarts/EntranceHall/LI_EntranceHall_EXT,,-9468.0,-29196.6,8802.9
Hogwarts,SM_HW_EH_DoorFrame_ColumnDecor_B_93,StaticMeshActor,LV_Overland/Hogwarts/LI_Hogwarts/LevelInstances/EntranceHall/LI_EntranceHall_EXT/RENDER/Porch/SM_HW_EH_DoorFrame_ColumnDecor_B_93,5D688899-4232-2A12-00F6-FE80810AE924,1,DL_OVERLAND;DL_RENDER,DL_HW_EXT,LI_Hogwarts > LI_EntranceHall_EXT,/Game/Levels/Overland/Hogwarts/EntranceHall/LI_EntranceHall_EXT,,-10099.2,-29083.0,9006.3
Hogwarts,SM_HW_EH_DoorFrame_ColumnDecor_B_94,StaticMeshActor,LV_Overland/Hogwarts/LI_Hogwarts/LevelInstances/EntranceHall/LI_EntranceHall_EXT/RENDER/Porch/SM_HW_EH_DoorFrame_ColumnDecor_B_94,90D2AC90-44E3-DCC3-76EF-21B88FA8F35D,1,DL_OVERLAND;DL_RENDER,DL_HW_EXT,LI_Hogwarts > LI_EntranceHall_EXT,/Game/Levels/Overland/Hogwarts/EntranceHall/LI_EntranceHall_EXT,,-10081.6,-29081.1,9006.3
Hogwarts,SM_HW_EH_DoorFrame_ColumnDecor_B_95,StaticMeshActor,LV_Overland/Hogwarts/LI_Hogwarts/LevelInstances/EntranceHall/LI_EntranceHall_EXT/RENDER/Porch/SM_HW_EH_DoorFrame_ColumnDecor_B_95,44F636E5-4F6F-FCF4-B4AF-AF8F5CFBCF67,1,DL_OVERLAND;DL_RENDER,DL_HW_EXT,LI_Hogwarts > LI_EntranceHall_EXT,/Game/Levels/Overland/Hogwarts/EntranceHall/LI_EntranceHall_EXT,,-10055.9,-29077.4,9006.3
Hogwarts,SM_HW_EH_DoorFrame_ColumnDecor_B_96,StaticMeshActor,LV_Overland/Hogwarts/LI_Hogwarts/LevelInstances/EntranceHall/LI_EntranceHall_EXT/RENDER/Porch/SM_HW_EH_DoorFrame_ColumnDecor_B_96,DE85828C-4F2B-D1BB-386E-5CA24303DBD9,1,DL_OVERLAND;DL_RENDER,DL_HW_EXT,LI_Hogwarts > LI_EntranceHall_EXT,/Game/Levels/Overland/Hogwarts/EntranceHall/LI_EntranceHall_EXT,,-9507.1,-29176.4,9006.3
Hogwarts,SM_HW_EH_DoorFrame_ColumnDecor_B_97,StaticMeshActor,LV_Overland/Hogwarts/LI_Hogwarts/LevelInstances/EntranceHall/LI_EntranceHall_EXT/RENDER/Porch/SM_HW_EH_DoorFrame_ColumnDecor_B_97,A2F218C5-407C-C859-E361-41A7086B5E75,1,DL_OVERLAND;DL_RENDER,DL_HW_EXT,LI_Hogwarts > LI_EntranceHall_EXT,/Game/Levels/Overland/Hogwarts/EntranceHall/LI_EntranceHall_EXT,,-9485.1,-29187.7,9006.3
Hogwarts,SM_HW_EH_DoorFrame_ColumnDecor_B_98,StaticMeshActor,LV_Overland/Hogwarts/LI_Hogwarts/LevelInstances/EntranceHall/LI_EntranceHall_EXT/RENDER/Porch/SM_HW_EH_DoorFrame_ColumnDecor_B_98,E3A1323D-4868-A8C9-0123-27A2E08F6D2B,1,DL_OVERLAND;DL_RENDER,DL_HW_EXT,LI_Hogwarts > LI_EntranceHall_EXT,/Game/Levels/Overland/Hogwarts/EntranceHall/LI_EntranceHall_EXT,,-9468.0,-29196.6,9006.3
Hogwarts,SM_HW_EH_DoorFrame_ColumnDecor_B_99,StaticMeshActor,LV_Overland/Hogwarts/LI_Hogwarts/LevelInstances/EntranceHall/LI_EntranceHall_EXT/RENDER/Porch/SM_HW_EH_DoorFrame_ColumnDecor_B_99,0E18F0F4-467C-F79D-EC9C-D9A44D1971B4,1,DL_OVERLAND;DL_RENDER,DL_HW_EXT,LI_Hogwarts > LI_EntranceHall_EXT,/Game/Levels/Overland/Hogwarts/EntranceHall/LI_EntranceHall_EXT,,-10099.2,-29083.0,9211.3
Hogwarts,SM_HW_EH_DoorFrame_ColumnStack_A10,StaticMeshActor,LV_Overland/Hogwarts/LI_Hogwarts/LevelInstances/EntranceHall/LI_EntranceHall_EXT/SM_HW_EH_DoorFrame_ColumnStack_A10,E0539791-42DF-157E-5E5E-C79A2A6BD52F,1,DL_OVERLAND;DL_RENDER,DL_HW_EXT,LI_Hogwarts > LI_EntranceHall_EXT,/Game/Levels/Overland/Hogwarts/EntranceHall/LI_EntranceHall_EXT,,-9391.0,-29577.2,8300.0
Hogwarts,SM_HW_EH_DoorFrame_ColumnStack_A11,StaticMeshActor,LV_Overland/Hogwarts/LI_Hogwarts/LevelInstances/EntranceHall/LI_EntranceHall_EXT/SM_HW_EH_DoorFrame_ColumnStack_A11,F95610C7-485E-5090-DF48-B38C14534C1B,1,DL_OVERLAND;DL_RENDER,DL_HW_EXT,LI_Hogwarts > LI_EntranceHall_EXT,/Game/Levels/Overland/Hogwarts/EntranceHall/LI_EntranceHall_EXT,,-9444.8,-29542.5,7700.0
Hogwarts,SM_HW_EH_DoorFrame_ColumnStack_A12,StaticMeshActor,LV_Overland/Hogwarts/LI_Hogwarts/LevelInstances/EntranceHall/LI_EntranceHall_EXT/SM_HW_EH_DoorFrame_ColumnStack_A12,E796C6DC-4825-B8D4-DD58-52BD434DB303,1,DL_OVERLAND;DL_RENDER,DL_HW_EXT,LI_Hogwarts > LI_EntranceHall_EXT,/Game/Levels/Overland/Hogwarts/EntranceHall/LI_EntranceHall_EXT,,-9391.0,-29577.2,7700.0
Hogwarts,SM_HW_EH_DoorFrame_ColumnStack_A13,StaticMeshActor,LV_Overland/Hogwarts/LI_Hogwarts/LevelInstances/EntranceHall/LI_EntranceHall_EXT/SM_HW_EH_DoorFrame_ColumnStack_A13,E2E3E22D-4926-14BD-7EC2-4AB97224FB27,1,DL_OVERLAND;DL_RENDER,DL_HW_EXT,LI_Hogwarts > LI_EntranceHall_EXT,/Game/Levels/Overland/Hogwarts/EntranceHall/LI_EntranceHall_EXT,,-9391.0,-29577.2,8700.0
Hogwarts,SM_HW_EH_DoorFrame_ColumnStack_A14,StaticMeshActor,LV_Overland/Hogwarts/LI_Hogwarts/LevelInstances/EntranceHall/LI_EntranceHall_EXT/SM_HW_EH_DoorFrame_ColumnStack_A14,AA3631F6-4ABB-DCC1-9B07-0890D6E365A0,1,DL_OVERLAND;DL_RENDER,DL_HW_EXT,LI_Hogwarts > LI_EntranceHall_EXT,/Game/Levels/Overland/Hogwarts/EntranceHall/LI_EntranceHall_EXT,,-9444.8,-29542.5,8700.0
Hogwarts,SM_HW_EH_DoorFrame_ColumnStack_A15,StaticMeshActor,LV_Overland/Hogwarts/LI_Hogwarts/LevelInstances/EntranceHall/LI_EntranceHall_EXT/SM_HW_EH_DoorFrame_ColumnStack_A15,4BD5B0D6-4E43-4F85-FD7F-509079EB5A9F,1,DL_OVERLAND;DL_RENDER,DL_HW_EXT,LI_Hogwarts > LI_EntranceHall_EXT,/Game/Levels/Overland/Hogwarts/EntranceHall/LI_EntranceHall_EXT,,-9444.8,-29542.5,9100.0
Hogwarts,SM_HW_EH_DoorFrame_ColumnStack_A16,StaticMeshActor,LV_Overland/Hogwarts/LI_Hogwarts/LevelInstances/EntranceHall/LI_EntranceHall_EXT/SM_HW_EH_DoorFrame_ColumnStack_A16,93FEC17F-4A03-ED52-A928-E8A0A9163DB2,1,DL_OVERLAND;DL_RENDER,DL_HW_EXT,LI_Hogwarts > LI_EntranceHall_EXT,/Game/Levels/Overland/Hogwarts/EntranceHall/LI_EntranceHall_EXT,,-9391.0,-29577.2,9100.0
Hogwarts,SM_HW_EH_DoorFrame_ColumnStack_A17,StaticMeshActor,LV_Overland/Hogwarts/LI_Hogwarts/LevelInstances/EntranceHall/LI_EntranceHall_EXT/SM_HW_EH_DoorFrame_ColumnStack_A17,463D8CC1-49ED-4B4F-ED9F-1C8794626B67,1,DL_OVERLAND;DL_RENDER,DL_HW_EXT,LI_Hogwarts > LI_EntranceHall_EXT,/Game/Levels/Overland/Hogwarts/EntranceHall/LI_EntranceHall_EXT,,-10303.7,-29417.3,7699.7
Hogwarts,SM_HW_EH_DoorFrame_ColumnStack_A18,StaticMeshActor,LV_Overland/Hogwarts/LI_Hogwarts/LevelInstances/EntranceHall/LI_EntranceHall_EXT/SM_HW_EH_DoorFrame_ColumnStack_A18,C40EFD8E-4EE0-42F1-4CB5-7ABE3A5384DE,1,DL_OVERLAND;DL_RENDER,DL_HW_EXT,LI_Hogwarts > LI_EntranceHall_EXT,/Game/Levels/Overland/Hogwarts/EntranceHall/LI_EntranceHall_EXT,,-10241.3,-29403.1,7699.7
Hogwarts,SM_HW_EH_DoorFrame_ColumnStack_A19,StaticMeshActor,LV_Overland/Hogwarts/LI_Hogwarts/LevelInstances/EntranceHall/LI_EntranceHall_EXT/SM_HW_EH_DoorFrame_ColumnStack_A19,90F52D81-4FA3-1482-ABB9-B492FA299F84,1,DL_OVERLAND;DL_RENDER,DL_HW_EXT,LI_Hogwarts > LI_EntranceHall_EXT,/Game/Levels/Overland/Hogwarts/EntranceHall/LI_EntranceHall_EXT,,-10241.3,-29403.1,8099.7
Hogwarts,SM_HW_EH_DoorFrame_ColumnStack_A20,StaticMeshActor,LV_Overland/Hogwarts/LI_Hogwarts/LevelInstances/EntranceHall/LI_EntranceHall_EXT/SM_HW_EH_DoorFrame_ColumnStack_A20,191AF0C9-447C-5367-F4BD-4588BBABF508,1,DL_OVERLAND;DL_RENDER,DL_HW_EXT,LI_Hogwarts > LI_EntranceHall_EXT,/Game/Levels/Overland/Hogwarts/EntranceHall/LI_EntranceHall_EXT,,-10303.7,-29417.3,8099.7
Hogwarts,SM_HW_EH_DoorFrame_ColumnStack_A21,StaticMeshActor,LV_Overland/Hogwarts/LI_Hogwarts/LevelInstances/EntranceHall/LI_EntranceHall_EXT/SM_HW_EH_DoorFrame_ColumnStack_A21,ABCB8E64-41D8-2785-F33B-7A9C4A007CD6,1,DL_OVERLAND;DL_RENDER,DL_HW_EXT,LI_Hogwarts > LI_EntranceHall_EXT,/Game/Levels/Overland/Hogwarts/EntranceHall/LI_EntranceHall_EXT,,-10303.7,-29417.3,8699.7
Hogwarts,SM_HW_EH_DoorFrame_ColumnStack_A22,StaticMeshActor,LV_Overland/Hogwarts/LI_Hogwarts/LevelInstances/EntranceHall/LI_EntranceHall_EXT/SM_HW_EH_DoorFrame_ColumnStack_A22,647B9A57-4601-3228-AD0A-25A6B42692BA,1,DL_OVERLAND;DL_RENDER,DL_HW_EXT,LI_Hogwarts > LI_EntranceHall_EXT,/Game/Levels/Overland/Hogwarts/EntranceHall/LI_EntranceHall_EXT,,-10241.3,-29403.1,8699.7
Hogwarts,SM_HW_EH_DoorFrame_ColumnStack_A23,StaticMeshActor,LV_Overland/Hogwarts/LI_Hogwarts/LevelInstances/EntranceHall/LI_EntranceHall_EXT/SM_HW_EH_DoorFrame_ColumnStack_A23,C6FBC8A6-4A62-3418-5329-44B5FCF1725A,1,DL_OVERLAND;DL_RENDER,DL_HW_EXT,LI_Hogwarts > LI_EntranceHall_EXT,/Game/Levels/Overland/Hogwarts/EntranceHall/LI_EntranceHall_EXT,,-10303.7,-29417.3,9099.7
Hogwarts,SM_HW_EH_DoorFrame_ColumnStack_A24,StaticMeshActor,LV_Overland/Hogwarts/LI_Hogwarts/LevelInstances/EntranceHall/LI_EntranceHall_EXT/SM_HW_EH_DoorFrame_ColumnStack_A24,4C1DAA93-4E10-B738-A8FA-9D8FD70F897D,1,DL_OVERLAND;DL_RENDER,DL_HW_EXT,LI_Hogwarts > LI_EntranceHall_EXT,/Game/Levels/Overland/Hogwarts/EntranceHall/LI_EntranceHall_EXT,,-10241.3,-29403.1,9099.7
Hogwarts,SM_HW_EH_DoorFrame_ColumnStack_A9,StaticMeshActor,LV_Overland/Hogwarts/LI_Hogwarts/LevelInstances/EntranceHall/LI_EntranceHall_EXT/SM_HW_EH_DoorFrame_ColumnStack_A9,6678C8D0-4BAB-397C-E02D-569B4B8ADA12,1,DL_OVERLAND;DL_RENDER,DL_HW_EXT,LI_Hogwarts > LI_EntranceHall_EXT,/Game/Levels/Overland/Hogwarts/EntranceHall/LI_EntranceHall_EXT,,-9444.8,-29542.5,8300.0
Hogwarts,SM_HW_EH_DoorFrame_ColumnStack_A_1,StaticMeshActor,LV_Overland/Hogwarts/LI_Hogwarts/LevelInstances/EntranceHall/LI_EntranceHall_EXT/RENDER/Porch/SM_HW_EH_DoorFrame_ColumnStack_A_1,7E7AD3D9-4BAE-6A7C-5294-9CB0E00D7FC4,1,DL_OVERLAND;DL_RENDER,DL_HW_EXT,LI_Hogwarts > LI_EntranceHall_EXT,/Game/Levels/Overland/Hogwarts/EntranceHall/LI_EntranceHall_EXT,,-9568.1,-29126.0,7497.2
Hogwarts,SM_HW_EH_DoorFrame_ColumnStack_A_2,StaticMeshActor,LV_Overland/Hogwarts/LI_Hogwarts/LevelInstances/EntranceHall/LI_EntranceHall_EXT/RENDER/Porch/SM_HW_EH_DoorFrame_ColumnStack_A_2,F6A5BA9A-4785-E5BC-C0CE-7C8484AA39D7,1,DL_OVERLAND;DL_RENDER,DL_HW_EXT,LI_Hogwarts > LI_EntranceHall_EXT,/Game/Levels/Overland/Hogwarts/EntranceHall/LI_EntranceHall_EXT,,-9568.1,-29126.0,7691.0
Hogwarts,SM_HW_EH_DoorFrame_ColumnStack_A_4,StaticMeshActor,LV_Overland/Hogwarts/LI_Hogwarts/LevelInstances/EntranceHall/LI_EntranceHall_EXT/RENDER/Porch/SM_HW_EH_DoorFrame_ColumnStack_A_4,949C6E13-4950-3C9C-9E2D-8DA19DBA4B4A,1,DL_OVERLAND;DL_RENDER,DL_HW_EXT,LI_Hogwarts > LI_EntranceHall_EXT,/Game/Levels/Overland/Hogwarts/EntranceHall/LI_EntranceHall_EXT,,-9568.1,-29126.0,8078.7
Hogwarts,SM_HW_EH_DoorFrame_ColumnStack_A_5,StaticMeshActor,LV_Overland/Hogwarts/LI_Hogwarts/LevelInstances/EntranceHall/LI_EntranceHall_EXT/RENDER/Porch/SM_HW_EH_DoorFrame_ColumnStack_A_5,221A3CBE-49C3-83C5-5D33-2C9D8DCFB6F9,1,DL_OVERLAND;DL_RENDER,DL_HW_EXT,LI_Hogwarts > LI_EntranceHall_EXT,/Game/Levels/Overland/Hogwarts/EntranceHall/LI_EntranceHall_EXT,,-9982.5,-29053.3,7691.1
Hogwarts,SM_HW_EH_DoorFrame_ColumnStack_B_1,StaticMeshActor,LV_Overland/Hogwarts/LI_Hogwarts/LevelInstances/EntranceHall/LI_EntranceHall_EXT/RENDER/Porch/SM_HW_EH_DoorFrame_ColumnStack_B_1,E6912531-40D0-18D4-7A0D-1F85C3F5FE75,1,DL_OVERLAND;DL_RENDER,DL_HW_EXT,LI_Hogwarts > LI_EntranceHall_EXT,/Game/Levels/Overland/Hogwarts/EntranceHall/LI_EntranceHall_EXT,,-9445.3,-29542.4,7500.0
Hogwarts,SM_HW_EH_DoorFrame_ColumnStack_B_10,StaticMeshActor,LV_Overland/Hogwarts/LI_Hogwarts/LevelInstances/EntranceHall/LI_EntranceHall_EXT/RENDER/Porch/SM_HW_EH_DoorFrame_ColumnStack_B_10,5420A65A-4CDD-4821-3AC3-C7B5D5766331,1,DL_OVERLAND;DL_RENDER,DL_HW_EXT,LI_Hogwarts > LI_EntranceHall_EXT,/Game/Levels/Overland/Hogwarts/EntranceHall/LI_EntranceHall_EXT,,-9568.2,-29126.5,7884.8
Hogwarts,SM_HW_EH_DoorFrame_ColumnStack_B_11,StaticMeshActor,LV_Overland/Hogwarts/LI_Hogwarts/LevelInstances/EntranceHall/LI_EntranceHall_EXT/RENDER/Porch/SM_HW_EH_DoorFrame_ColumnStack_B_11,083A5783-45A5-E36B-6814-70B685770CCF,1,DL_OVERLAND;DL_RENDER,DL_HW_EXT,LI_Hogwarts > LI_EntranceHall_EXT,/Game/Levels/Overland/Hogwarts/EntranceHall/LI_EntranceHall_EXT,,-10240.8,-29403.2,9299.6
Hogwarts,SM_HW_EH_DoorFrame_ColumnStack_B_12,StaticMeshActor,LV_Overland/Hogwarts/LI_Hogwarts/LevelInstances/EntranceHall/LI_EntranceHall_EXT/RENDER/Porch/SM_HW_EH_DoorFrame_ColumnStack_B_12,12CA6AE7-4E06-74E5-369D-ED9D2747D3E1,1,DL_OVERLAND;DL_RENDER,DL_HW_EXT,LI_Hogwarts > LI_EntranceHall_EXT,/Game/Levels/Overland/Hogwarts/EntranceHall/LI_EntranceHall_EXT,,-10240.8,-29403.2,9499.6
Hogwarts,SM_HW_EH_DoorFrame_ColumnStack_B_15,StaticMeshActor,LV_Overland/Hogwarts/LI_Hogwarts/LevelInstances/EntranceHall/LI_EntranceHall_EXT/RENDER/Porch/SM_HW_EH_DoorFrame_ColumnStack_B_15,8F644BE1-497B-AC54-6B8A-20A9200391C2,1,DL_OVERLAND;DL_RENDER,DL_HW_EXT,LI_Hogwarts > LI_EntranceHall_EXT,/Game/Levels/Overland/Hogwarts/EntranceHall/LI_EntranceHall_EXT,,-9445.3,-29542.4,8500.0
Hogwarts,SM_HW_EH_DoorFrame_ColumnStack_B_16,StaticMeshActor,LV_Overland/Hogwarts/LI_Hogwarts/LevelInstances/EntranceHall/LI_EntranceHall_EXT/RENDER/Porch/SM_HW_EH_DoorFrame_ColumnStack_B_16,AB82BD20-48B3-26FB-FA71-C28BE8A87E5C,1,DL_OVERLAND;DL_RENDER,DL_HW_EXT,LI_Hogwarts > LI_EntranceHall_EXT,/Game/Levels/Overland/Hogwarts/EntranceHall/LI_EntranceHall_EXT,,-10240.8,-29403.2,8499.6
Hogwarts,SM_HW_EH_DoorFrame_ColumnStack_B_18,StaticMeshActor,LV_Overland/Hogwarts/LI_Hogwarts/LevelInstances/EntranceHall/LI_EntranceHall_EXT/RENDER/Porch/SM_HW_EH_DoorFrame_ColumnStack_B_18,9F5D1F41-416E-7E0C-4B16-BCB6A20D3A5D,1,DL_OVERLAND;DL_RENDER,DL_HW_EXT,LI_Hogwarts > LI_EntranceHall_EXT,/Game/Levels/Overland/Hogwarts/EntranceHall/LI_EntranceHall_EXT,,-10240.8,-29403.2,8299.6
Hogwarts,SM_HW_EH_DoorFrame_ColumnStack_B_19,StaticMeshActor,LV_Overland/Hogwarts/LI_Hogwarts/LevelInstances/EntranceHall/LI_EntranceHall_EXT/RENDER/Porch/SM_HW_EH_DoorFrame_ColumnStack_B_19,D0EC909A-4B4F-D0EF-F239-45BB856B1BB8,1,DL_OVERLAND;DL_RENDER,DL_HW_EXT,LI_Hogwarts > LI_EntranceHall_EXT,/Game/Levels/Overland/Hogwarts/EntranceHall/LI_EntranceHall_EXT,,-9445.3,-29542.4,8900.0
Hogwarts,SM_HW_EH_DoorFrame_ColumnStack_B_22,StaticMeshActor,LV_Overland/Hogwarts/LI_Hogwarts/LevelInstances/EntranceHall/LI_EntranceHall_EXT/RENDER/Porch/SM_HW_EH_DoorFrame_ColumnStack_B_22,986986F4-4DB2-7D32-5EE2-F1948251591B,1,DL_OVERLAND;DL_RENDER,DL_HW_EXT,LI_Hogwarts > LI_EntranceHall_EXT,/Game/Levels/Overland/Hogwarts/EntranceHall/LI_EntranceHall_EXT,,-10240.8,-29403.2,7899.6
Hogwarts,SM_HW_EH_DoorFrame_ColumnStack_B_23,StaticMeshActor,LV_Overland/Hogwarts/LI_Hogwarts/LevelInstances/EntranceHall/LI_EntranceHall_EXT/RENDER/Porch/SM_HW_EH_DoorFrame_ColumnStack_B_23,32549B81-4BC3-A5F3-5CB9-BC93C7D59BAF,1,DL_OVERLAND;DL_RENDER,DL_HW_EXT,LI_Hogwarts > LI_EntranceHall_EXT,/Game/Levels/Overland/Hogwarts/EntranceHall/LI_EntranceHall_EXT,,-9445.3,-29542.4,9300.0
Hogwarts,SM_HW_EH_DoorFrame_ColumnStack_B_24,StaticMeshActor,LV_Overland/Hogwarts/LI_Hogwarts/LevelInstances/EntranceHall/LI_EntranceHall_EXT/RENDER/Porch/SM_HW_EH_DoorFrame_ColumnStack_B_24,978A83D7-49E6-BCB0-155B-C0BD5471AB90,1,DL_OVERLAND;DL_RENDER,DL_HW_EXT,LI_Hogwarts > LI_EntranceHall_EXT,/Game/Levels/Overland/Hogwarts/EntranceHall/LI_EntranceHall_EXT,,-9391.3,-29577.6,9300.0
Hogwarts,SM_HW_EH_DoorFrame_ColumnStack_B_25,StaticMeshActor,LV_Overland/Hogwarts/LI_Hogwarts/LevelInstances/EntranceHall/LI_EntranceHall_EXT/RENDER/Porch/SM_HW_EH_DoorFrame_ColumnStack_B_25,637C0321-49DF-D40D-9FDB-7A999660C0F5,1,DL_OVERLAND;DL_RENDER,DL_HW_EXT,LI_Hogwarts > LI_EntranceHall_EXT,/Game/Levels/Overland/Hogwarts/EntranceHall/LI_EntranceHall_EXT,,-9445.3,-29542.4,9500.0
Hogwarts,SM_HW_EH_DoorFrame_ColumnStack_B_26,StaticMeshActor,LV_Overland/Hogwarts/LI_Hogwarts/LevelInstances/EntranceHall/LI_EntranceHall_EXT/RENDER/Porch/SM_HW_EH_DoorFrame_ColumnStack_B_26,A4C3E749-4B58-FB87-77F3-C1B361A07CB2,1,DL_OVERLAND;DL_RENDER,DL_HW_EXT,LI_Hogwarts > LI_EntranceHall_EXT,/Game/Levels/Overland/Hogwarts/EntranceHall/LI_EntranceHall_EXT,,-9391.3,-29577.6,9500.0
Hogwarts,SM_HW_EH_DoorFrame_ColumnStack_B_27,StaticMeshActor,LV_Overland/Hogwarts/LI_Hogwarts/LevelInstances/EntranceHall/LI_EntranceHall_EXT/RENDER/Porch/SM_HW_EH_DoorFrame_ColumnStack_B_27,C845E87B-4F62-141F-70BF-029F5F950F23,1,DL_OVERLAND;DL_RENDER,DL_HW_EXT,LI_Hogwarts > LI_EntranceHall_EXT,/Game/Levels/Overland/Hogwarts/EntranceHall/LI_EntranceHall_EXT,,-10240.8,-29403.2,7499.6
Hogwarts,SM_HW_EH_DoorFrame_ColumnStack_B_28,StaticMeshActor,LV_Overland/Hogwarts/LI_Hogwarts/LevelInstances/EntranceHall/LI_EntranceHall_EXT/RENDER/Porch/SM_HW_EH_DoorFrame_ColumnStack_B_28,5189E00E-4891-D290-3A5E-99B594ED252C,1,DL_OVERLAND;DL_RENDER,DL_HW_EXT,LI_Hogwarts > LI_EntranceHall_EXT,/Game/Levels/Overland/Hogwarts/EntranceHall/LI_EntranceHall_EXT,,-10303.5,-29417.8,7499.6
Hogwarts,SM_HW_EH_DoorFrame_ColumnStack_B_3,StaticMeshActor,LV_Overland/Hogwarts/LI_Hogwarts/LevelInstances/EntranceHall/LI_EntranceHall_EXT/RENDER/Porch/SM_HW_EH_DoorFrame_ColumnStack_B_3,30FC75FD-4461-B5DA-3B8F-03B80D8E6A0E,1,DL_OVERLAND;DL_RENDER,DL_HW_EXT,LI_Hogwarts > LI_EntranceHall_EXT,/Game/Levels/Overland/Hogwarts/EntranceHall/LI_EntranceHall_EXT,,-9445.3,-29542.4,7900.0
Hogwarts,SM_HW_EH_DoorFrame_ColumnStack_B_4,StaticMeshActor,LV_Overland/Hogwarts/LI_Hogwarts/LevelInstances/EntranceHall/LI_EntranceHall_EXT/RENDER/Porch/SM_HW_EH_DoorFrame_ColumnStack_B_4,D63692FF-4655-3C9D-F9CB-0E8E1025F7F4,1,DL_OVERLAND;DL_RENDER,DL_HW_EXT,LI_Hogwarts > LI_EntranceHall_EXT,/Game/Levels/Overland/Hogwarts/EntranceHall/LI_EntranceHall_EXT,,-9445.3,-29542.4,8100.0
Hogwarts,SM_HW_EH_DoorFrame_ColumnStack_B_5,StaticMeshActor,LV_Overland/Hogwarts/LI_Hogwarts/LevelInstances/EntranceHall/LI_EntranceHall_EXT/RENDER/Porch/SM_HW_EH_DoorFrame_ColumnStack_B_5,AC5B44D1-42CB-1ABE-3D9E-499E2E51DB6E,1,DL_OVERLAND;DL_RENDER,DL_HW_EXT,LI_Hogwarts > LI_EntranceHall_EXT,/Game/Levels/Overland/Hogwarts/EntranceHall/LI_EntranceHall_EXT,,-9982.6,-29053.8,7497.3
Hogwarts,SM_HW_EH_DoorFrame_ColumnStack_B_50,StaticMeshActor,LV_Overland/Hogwarts/LI_Hogwarts/LevelInstances/EntranceHall/LI_EntranceHall_EXT/RENDER/Porch/SM_HW_EH_DoorFrame_ColumnStack_B_50,198F53FD-44EF-7B01-0288-7DA70E1F5CFE,1,DL_OVERLAND;DL_RENDER,DL_HW_EXT,LI_Hogwarts > LI_EntranceHall_EXT,/Game/Levels/Overland/Hogwarts/EntranceHall/LI_EntranceHall_EXT,,-9391.3,-29577.6,8900.0
Hogwarts,SM_HW_EH_DoorFrame_ColumnStack_B_52,StaticMeshActor,LV_Overland/Hogwarts/LI_Hogwarts/LevelInstances/EntranceHall/LI_EntranceHall_EXT/RENDER/Porch/SM_HW_EH_DoorFrame_ColumnStack_B_52,58A990FF-42A4-C0E1-1E84-458A49EA2E67,1,DL_OVERLAND;DL_RENDER,DL_HW_EXT,LI_Hogwarts > LI_EntranceHall_EXT,/Game/Levels/Overland/Hogwarts/EntranceHall/LI_EntranceHall_EXT,,-9391.3,-29577.6,8500.0
Hogwarts,SM_HW_EH_DoorFrame_ColumnStack_B_54,StaticMeshActor,LV_Overland/Hogwarts/LI_Hogwarts/LevelInstances/EntranceHall/LI_EntranceHall_EXT/RENDER/Porch/SM_HW_EH_DoorFrame_ColumnStack_B_54,4369F432-4171-A423-BB3C-D691F2CE9B52,1,DL_OVERLAND;DL_RENDER,DL_HW_EXT,LI_Hogwarts > LI_EntranceHall_EXT,/Game/Levels/Overland/Hogwarts/EntranceHall/LI_EntranceHall_EXT,,-9391.3,-29577.6,8100.0
Hogwarts,SM_HW_EH_DoorFrame_ColumnStack_B_55,StaticMeshActor,LV_Overland/Hogwarts/LI_Hogwarts/LevelInstances/EntranceHall/LI_EntranceHall_EXT/RENDER/Porch/SM_HW_EH_DoorFrame_ColumnStack_B_55,036A7C11-44BA-B3E3-1F17-3BB7B1914999,1,DL_OVERLAND;DL_RENDER,DL_HW_EXT,LI_Hogwarts > LI_EntranceHall_EXT,/Game/Levels/Overland/Hogwarts/EntranceHall/LI_EntranceHall_EXT,,-9391.3,-29577.6,7900.0
Hogwarts,SM_HW_EH_DoorFrame_ColumnStack_B_57,StaticMeshActor,LV_Overland/Hogwarts/LI_Hogwarts/LevelInstances/EntranceHall/LI_EntranceHall_EXT/RENDER/Porch/SM_HW_EH_DoorFrame_ColumnStack_B_57,7F995EAD-44E3-F5A6-3FAC-2ABE5C5CBA47,1,DL_OVERLAND;DL_RENDER,DL_HW_EXT,LI_Hogwarts > LI_EntranceHall_EXT,/Game/Levels/Overland/Hogwarts/EntranceHall/LI_EntranceHall_EXT,,-9391.3,-29577.6,7500.0
Hogwarts,SM_HW_EH_DoorFrame_ColumnStack_B_58,StaticMeshActor,LV_Overland/Hogwarts/LI_Hogwarts/LevelInstances/EntranceHall/LI_EntranceHall_EXT/RENDER/Porch/SM_HW_EH_DoorFrame_ColumnStack_B_58,A8E26800-48B1-97AF-59F2-819EA1AA2B5C,1,DL_OVERLAND;DL_RENDER,DL_HW_EXT,LI_Hogwarts > LI_EntranceHall_EXT,/Game/Levels/Overland/Hogwarts/EntranceHall/LI_EntranceHall_EXT,,-10303.5,-29417.8,7899.6
Hogwarts,SM_HW_EH_DoorFrame_ColumnStack_B_6,StaticMeshActor,LV_Overland/Hogwarts/LI_Hogwarts/LevelInstances/EntranceHall/LI_EntranceHall_EXT/RENDER/Porch/SM_HW_EH_DoorFrame_ColumnStack_B_6,55187C37-4309-EAF3-CEB4-6F8F54329B92,1,DL_OVERLAND;DL_RENDER,DL_HW_EXT,LI_Hogwarts > LI_EntranceHall_EXT,/Game/Levels/Overland/Hogwarts/EntranceHall/LI_EntranceHall_EXT,,-10240.8,-29403.2,8899.6
Hogwarts,SM_HW_EH_DoorFrame_ColumnStack_B_60,StaticMeshActor,LV_Overland/Hogwarts/LI_Hogwarts/LevelInstances/EntranceHall/LI_EntranceHall_EXT/RENDER/Porch/SM_HW_EH_DoorFrame_ColumnStack_B_60,938788A7-4DEB-9684-B499-56930ABA68B8,1,DL_OVERLAND;DL_RENDER,DL_HW_EXT,LI_Hogwarts > LI_EntranceHall_EXT,/Game/Levels/Overland/Hogwarts/EntranceHall/LI_EntranceHall_EXT,,-10303.5,-29417.8,8299.6
Hogwarts,SM_HW_EH_DoorFrame_ColumnStack_B_61,StaticMeshActor,LV_Overland/Hogwarts/LI_Hogwarts/LevelInstances/EntranceHall/LI_EntranceHall_EXT/RENDER/Porch/SM_HW_EH_DoorFrame_ColumnStack_B_61,9D61FC4B-4B43-14D7-DCDB-76BBC9D3FC81,1,DL_OVERLAND;DL_RENDER,DL_HW_EXT,LI_Hogwarts > LI_EntranceHall_EXT,/Game/Levels/Overland/Hogwarts/EntranceHall/LI_EntranceHall_EXT,,-10303.5,-29417.8,8499.6
Hogwarts,SM_HW_EH_DoorFrame_ColumnStack_B_63,StaticMeshActor,LV_Overland/Hogwarts/LI_Hogwarts/LevelInstances/EntranceHall/LI_EntranceHall_EXT/RENDER/Porch/SM_HW_EH_DoorFrame_ColumnStack_B_63,410FA689-4B0B-8F1D-8B54-B0BFC5EE5B18,1,DL_OVERLAND;DL_RENDER,DL_HW_EXT,LI_Hogwarts > LI_EntranceHall_EXT,/Game/Levels/Overland/Hogwarts/EntranceHall/LI_EntranceHall_EXT,,-10303.5,-29417.8,8899.6
Hogwarts,SM_HW_EH_DoorFrame_ColumnStack_B_65,StaticMeshActor,LV_Overland/Hogwarts/LI_Hogwarts/LevelInstances/EntranceHall/LI_EntranceHall_EXT/RENDER/Porch/SM_HW_EH_DoorFrame_ColumnStack_B_65,EE2131AD-4BCD-5867-3476-35A9670D7461,1,DL_OVERLAND;DL_RENDER,DL_HW_EXT,LI_Hogwarts > LI_EntranceHall_EXT,/Game/Levels/Overland/Hogwarts/EntranceHall/LI_EntranceHall_EXT,,-10303.5,-29417.8,9299.6
Hogwarts,SM_HW_EH_DoorFrame_ColumnStack_B_66,StaticMeshActor,LV_Overland/Hogwarts/LI_Hogwarts/LevelInstances/EntranceHall/LI_EntranceHall_EXT/RENDER/Porch/SM_HW_EH_DoorFrame_ColumnStack_B_66,67840C14-4CAA-E298-E9BF-6780C00D6FBE,1,DL_OVERLAND;DL_RENDER,DL_HW_EXT,LI_Hogwarts > LI_EntranceHall_EXT,/Game/Levels/Overland/Hogwarts/EntranceHall/LI_EntranceHall_EXT,,-10303.5,-29417.8,9499.6
Hogwarts,SM_HW_EH_DoorFrame_ColumnStack_B_8,StaticMeshActor,LV_Overland/Hogwarts/LI_Hogwarts/LevelInstances/EntranceHall/LI_EntranceHall_EXT/RENDER/Porch/SM_HW_EH_DoorFrame_ColumnStack_B_8,403E9371-445B-9FA8-533C-5DA2823D00CF,1,DL_OVERLAND;DL_RENDER,DL_HW_EXT,LI_Hogwarts > LI_EntranceHall_EXT,/Game/Levels/Overland/Hogwarts/EntranceHall/LI_EntranceHall_EXT,,-9982.6,-29053.8,7884.9
Hogwarts,SM_HW_EH_DoorFrame_ColumnStack_B_9,StaticMeshActor,LV_Overland/Hogwarts/LI_Hogwarts/LevelInstances/EntranceHall/LI_EntranceHall_EXT/RENDER/Porch/SM_HW_EH_DoorFrame_ColumnStack_B_9,46CB15F9-4C45-22F8-DDC1-409C2BF20C43,1,DL_OVERLAND;DL_RENDER,DL_HW_EXT,LI_Hogwarts > LI_EntranceHall_EXT,/Game/Levels/Overland/Hogwarts/EntranceHall/LI_EntranceHall_EXT,,-9982.6,-29053.8,8078.8
Hogwarts,SM_HW_EH_Entrance_Arch_Lg_A,StaticMeshActor,LV_Overland/Hogwarts/LI_Hogwarts/LevelInstances/EntranceHall/LI_EntranceHall_EXT/RENDER/SM_HW_EH_Entrance_Arch_Lg_A,E3CEFC8E-4663-8767-F019-80B83E1655E2,1,DL_OVERLAND;DL_RENDER,DL_HW_EXT,LI_Hogwarts > LI_EntranceHall_EXT,/Game/Levels/Overland/Hogwarts/EntranceHall/LI_EntranceHall_EXT,,-9943.2,-30036.4,8363.9
Hogwarts,SM_HW_EH_Entrance_Porch_A,StaticMeshActor,LV_Overland/Hogwarts/LI_Hogwarts/LevelInstances/EntranceHall/LI_EntranceHall_EXT/RENDER/SM_HW_EH_Entrance_Porch_A,E6B012F6-4237-E7D7-A89B-7BA672E2129E,1,DL_OVERLAND;DL_RENDER,DL_HW_EXT,LI_Hogwarts > LI_EntranceHall_EXT,/Game/Levels/Overland/Hogwarts/EntranceHall/LI_EntranceHall_EXT,,-9803.8,-29253.6,9160.9
Hogwarts,SM_HW_EH_Entrance_Porch_Floor,StaticMeshActor,LV_Overland/Hogwarts/LI_Hogwarts/LevelInstances/EntranceHall/LI_EntranceHall_EXT/RENDER/SM_HW_EH_Entrance_Porch_Floor,C5D39FC5-4485-0A7A-DDAB-A2B367276B37,1,DL_OVERLAND;DL_RENDER,DL_HW_EXT,LI_Hogwarts > LI_EntranceHall_EXT,/Game/Levels/Overland/Hogwarts/EntranceHall/LI_EntranceHall_EXT,,-9864.5,-29551.4,7375.0
Hogwarts,SM_HW_EH_Floor_Battlement_A,StaticMeshActor,LV_Overland/Hogwarts/LI_Hogwarts/LevelInstances/EntranceHall/LI_EntranceHall_EXT/RENDER/SM_HW_EH_Floor_Battlement_A,387789D1-4FD1-1A60-3C16-678E5946FD7B,1,DL_OVERLAND;DL_RENDER,DL_HW_EXT,LI_Hogwarts > LI_EntranceHall_EXT,/Game/Levels/Overland/Hogwarts/EntranceHall/LI_EntranceHall_EXT,,-11808.1,-27464.7,9375.2
Hogwarts,SM_HW_EH_Floor_Battlement_B,StaticMeshActor,LV_Overland/Hogwarts/LI_Hogwarts/LevelInstances/EntranceHall/LI_EntranceHall_EXT/SM_HW_EH_Floor_Battlement_B,26E6FD84-4D32-5320-7123-38A1D46D4497,1,DL_OVERLAND;DL_RENDER,DL_HW_EXT,LI_Hogwarts > LI_EntranceHall_EXT,/Game/Levels/Overland/Hogwarts/EntranceHall/LI_EntranceHall_EXT,,-8434.9,-28111.2,9375.2
Hogwarts,SM_HW_EH_JambKit_Arch_Lg_A_2,StaticMeshActor,LV_Overland/Hogwarts/LI_Hogwarts/LevelInstances/EntranceHall/LI_EntranceHall_EXT/RENDER/Porch/SM_HW_EH_JambKit_Arch_Lg_A_2,F080988B-45C6-413B-569D-81B7D1426732,1,DL_OVERLAND;DL_RENDER,DL_HW_EXT,LI_Hogwarts > LI_EntranceHall_EXT,/Game/Levels/Overland/Hogwarts/EntranceHall/LI_EntranceHall_EXT,,-9782.2,-29129.0,8468.5
Hogwarts,SM_HW_EH_JambKit_Arch_Sm_Side_A_40,StaticMeshActor,LV_Overland/Hogwarts/LI_Hogwarts/LevelInstances/EntranceHall/LI_EntranceHall_EXT/RENDER/Porch/SM_HW_EH_JambKit_Arch_Sm_Side_A_40,53D0C2C7-4E15-4A58-6934-5CB6D0847D69,1,DL_OVERLAND;DL_RENDER,DL_HW_EXT,LI_Hogwarts > LI_EntranceHall_EXT,/Game/Levels/Overland/Hogwarts/EntranceHall/LI_EntranceHall_EXT,,-9426.6,-29363.5,8299.9
Hogwarts,SM_HW_EH_JambKit_Arch_Sm_Side_A_43,StaticMeshActor,LV_Overland/Hogwarts/LI_Hogwarts/LevelInstances/EntranceHall/LI_EntranceHall_EXT/RENDER/Porch/SM_HW_EH_JambKit_Arch_Sm_Side_A_43,0DC53896-44AF-1F34-297D-3F9F9B1A4542,1,DL_OVERLAND;DL_RENDER,DL_HW_EXT,LI_Hogwarts > LI_EntranceHall_EXT,/Game/Levels/Overland/Hogwarts/EntranceHall/LI_EntranceHall_EXT,,-9426.6,-29363.5,7700.1
Hogwarts,SM_HW_EH_JambKit_Arch_Sm_Side_A_5,StaticMeshActor,LV_Overland/Hogwarts/LI_Hogwarts/LevelInstances/EntranceHall/LI_EntranceHall_EXT/RENDER/Porch/SM_HW_EH_JambKit_Arch_Sm_Side_A_5,CEDDE3C8-4978-587F-905A-9FBC01EA52B2,1,DL_OVERLAND;DL_RENDER,DL_HW_EXT,LI_Hogwarts > LI_EntranceHall_EXT,/Game/Levels/Overland/Hogwarts/EntranceHall/LI_EntranceHall_EXT,,-9426.6,-29363.5,7899.8
Hogwarts,SM_HW_EH_JambKit_Arch_Sm_Side_B,StaticMeshActor,LV_Overland/Hogwarts/LI_Hogwarts/LevelInstances/EntranceHall/LI_EntranceHall_EXT/SM_HW_EH_JambKit_Arch_Sm_Side_B,5CF4FEDD-484E-C018-24AD-9FA7E645992B,1,DL_OVERLAND;DL_RENDER,DL_HW_EXT,LI_Hogwarts > LI_EntranceHall_EXT,/Game/Levels/Overland/Hogwarts/EntranceHall/LI_EntranceHall_EXT,,-9783.5,-29137.1,9234.0
Hogwarts,SM_HW_EH_JambKit_Column_B_2M_B,StaticMeshActor,LV_Overland/Hogwarts/LI_Hogwarts/LevelInstances/EntranceHall/LI_EntranceHall_EXT/SM_HW_EH_JambKit_Column_B_2M_B,04F90031-4C30-2953-140D-46897998E122,1,DL_OVERLAND;DL_RENDER,DL_HW_EXT,LI_Hogwarts > LI_EntranceHall_EXT,/Game/Levels/Overland/Hogwarts/EntranceHall/LI_EntranceHall_EXT,,-10056.8,-29044.9,8053.9
Hogwarts,SM_HW_EH_JambKit_Column_B_2M_B2,StaticMeshActor,LV_Overland/Hogwarts/LI_Hogwarts/LevelInstances/EntranceHall/LI_EntranceHall_EXT/SM_HW_EH_JambKit_Column_B_2M_B2,C2A07B7E-4A52-40B9-C0F5-2EA016274386,1,DL_OVERLAND;DL_RENDER,DL_HW_EXT,LI_Hogwarts > LI_EntranceHall_EXT,/Game/Levels/Overland/Hogwarts/EntranceHall/LI_EntranceHall_EXT,,-10056.8,-29044.9,8662.4
Hogwarts,SM_HW_EH_JambKit_Column_B_2M_B3,StaticMeshActor,LV_Overland/Hogwarts/LI_Hogwarts/LevelInstances/EntranceHall/LI_EntranceHall_EXT/SM_HW_EH_JambKit_Column_B_2M_B3,2CACB33E-4C75-BE6A-4148-FE81DC62AFB0,1,DL_OVERLAND;DL_RENDER,DL_HW_EXT,LI_Hogwarts > LI_EntranceHall_EXT,/Game/Levels/Overland/Hogwarts/EntranceHall/LI_EntranceHall_EXT,,-9494.9,-29143.9,7668.0
Hogwarts,SM_HW_EH_JambKit_Column_B_2M_B4,StaticMeshActor,LV_Overland/Hogwarts/LI_Hogwarts/LevelInstances/EntranceHall/LI_EntranceHall_EXT/SM_HW_EH_JambKit_Column_B_2M_B4,A7C1F952-4D50-421A-4895-0EA4DA28291E,1,DL_OVERLAND;DL_RENDER,DL_HW_EXT,LI_Hogwarts > LI_EntranceHall_EXT,/Game/Levels/Overland/Hogwarts/EntranceHall/LI_EntranceHall_EXT,,-9495.0,-29144.0,8053.9
Hogwarts,SM_HW_EH_JambKit_Column_B_2M_B5,StaticMeshActor,LV_Overland/Hogwarts/LI_Hogwarts/LevelInstances/EntranceHall/LI_EntranceHall_EXT/SM_HW_EH_JambKit_Column_B_2M_B5,6EC459BF-4FFE-5C83-14FF-45AC55D868A4,1,DL_OVERLAND;DL_RENDER,DL_HW_EXT,LI_Hogwarts > LI_EntranceHall_EXT,/Game/Levels/Overland/Hogwarts/EntranceHall/LI_EntranceHall_EXT,,-9494.9,-29143.9,9062.4
Hogwarts,SM_HW_EH_JambKit_Column_B_2M_B6,StaticMeshActor,LV_Overland/Hogwarts/LI_Hogwarts/LevelInstances/EntranceHall/LI_EntranceHall_EXT/SM_HW_EH_JambKit_Column_B_2M_B6,0D0A1350-4A94-D4EB-95CA-A5BE44BCBEF0,1,DL_OVERLAND;DL_RENDER,DL_HW_EXT,LI_Hogwarts > LI_EntranceHall_EXT,/Game/Levels/Overland/Hogwarts/EntranceHall/LI_EntranceHall_EXT,,-9494.9,-29143.9,7475.4
Hogwarts,SM_HW_EH_JambKit_Column_B_2M_C,StaticMeshActor,LV_Overland/Hogwarts/LI_Hogwarts/LevelInstances/EntranceHall/LI_EntranceHall_EXT/SM_HW_EH_JambKit_Column_B_2M_C,1573C94E-4247-52BE-0EFA-6B91EBFC8D1A,1,DL_OVERLAND;DL_RENDER,DL_HW_EXT,LI_Hogwarts > LI_EntranceHall_EXT,/Game/Levels/Overland/Hogwarts/EntranceHall/LI_EntranceHall_EXT,,-10056.8,-29044.9,8262.4
Hogwarts,SM_HW_EH_JambKit_Column_B_2M_C2,StaticMeshActor,LV_Overland/Hogwarts/LI_Hogwarts/LevelInstances/EntranceHall/LI_EntranceHall_EXT/SM_HW_EH_JambKit_Column_B_2M_C2,CB56A941-4987-C594-D442-06ADFEFD8BA0,1,DL_OVERLAND;DL_RENDER,DL_HW_EXT,LI_Hogwarts > LI_EntranceHall_EXT,/Game/Levels/Overland/Hogwarts/EntranceHall/LI_EntranceHall_EXT,,-9494.9,-29143.9,8262.4
Hogwarts,SM_HW_EH_JambKit_Column_B_2M_D,StaticMeshActor,LV_Overland/Hogwarts/LI_Hogwarts/LevelInstances/EntranceHall/LI_EntranceHall_EXT/SM_HW_EH_JambKit_Column_B_2M_D,4F219F48-41A8-FFC2-E84A-C1BAC033E0B8,1,DL_OVERLAND;DL_RENDER,DL_HW_EXT,LI_Hogwarts > LI_EntranceHall_EXT,/Game/Levels/Overland/Hogwarts/EntranceHall/LI_EntranceHall_EXT,,-10056.8,-29044.9,8462.4
Hogwarts,SM_HW_EH_JambKit_Column_B_2M_D2,StaticMeshActor,LV_Overland/Hogwarts/LI_Hogwarts/LevelInstances/EntranceHall/LI_EntranceHall_EXT/SM_HW_EH_JambKit_Column_B_2M_D2,B1946C01-4B17-61FE-3584-0B889CA8E351,1,DL_OVERLAND;DL_RENDER,DL_HW_EXT,LI_Hogwarts > LI_EntranceHall_EXT,/Game/Levels/Overland/Hogwarts/EntranceHall/LI_EntranceHall_EXT,,-10056.8,-29044.9,8862.4
Hogwarts,SM_HW_EH_JambKit_Column_B_2M_D3,StaticMeshActor,LV_Overland/Hogwarts/LI_Hogwarts/LevelInstances/EntranceHall/LI_EntranceHall_EXT/SM_HW_EH_JambKit_Column_B_2M_D3,39C32E83-42D9-A89D-625E-0A8DDA83AAB2,1,DL_OVERLAND;DL_RENDER,DL_HW_EXT,LI_Hogwarts > LI_EntranceHall_EXT,/Game/Levels/Overland/Hogwarts/EntranceHall/LI_EntranceHall_EXT,,-9495.0,-29144.0,7860.6
Hogwarts,SM_HW_EH_JambKit_Column_B_2M_D4,StaticMeshActor,LV_Overland/Hogwarts/LI_Hogwarts/LevelInstances/EntranceHall/LI_EntranceHall_EXT/SM_HW_EH_JambKit_Column_B_2M_D4,88DA045C-4802-F050-A62D-C481C40BA3CD,1,DL_OVERLAND;DL_RENDER,DL_HW_EXT,LI_Hogwarts > LI_EntranceHall_EXT,/Game/Levels/Overland/Hogwarts/EntranceHall/LI_EntranceHall_EXT,,-9494.9,-29144.0,8462.4
Hogwarts,SM_HW_EH_JambKit_Column_B_2M_D5,StaticMeshActor,LV_Overland/Hogwarts/LI_Hogwarts/LevelInstances/EntranceHall/LI_EntranceHall_EXT/SM_HW_EH_JambKit_Column_B_2M_D5,45A7213E-4477-E93F-DE85-4D84685C714B,1,DL_OVERLAND;DL_RENDER,DL_HW_EXT,LI_Hogwarts > LI_EntranceHall_EXT,/Game/Levels/Overland/Hogwarts/EntranceHall/LI_EntranceHall_EXT,,-9494.9,-29144.0,9262.4
Hogwarts,SM_HW_EH_JambKit_Column_B_2M_D6,StaticMeshActor,LV_Overland/Hogwarts/LI_Hogwarts/LevelInstances/EntranceHall/LI_EntranceHall_EXT/SM_HW_EH_JambKit_Column_B_2M_D6,91BD030B-492A-98DE-BD62-A48480CBE691,1,DL_OVERLAND;DL_RENDER,DL_HW_EXT,LI_Hogwarts > LI_EntranceHall_EXT,/Game/Levels/Overland/Hogwarts/EntranceHall/LI_EntranceHall_EXT,,-10056.8,-29044.9,7475.4
Hogwarts,SM_HW_EH_JambKit_Column_B_4M_A,StaticMeshActor,LV_Overland/Hogwarts/LI_Hogwarts/LevelInstances/EntranceHall/LI_EntranceHall_EXT/SM_HW_EH_JambKit_Column_B_4M_A,79894677-4F8B-A428-5F03-C99ADB289CB9,1,DL_OVERLAND;DL_RENDER,DL_HW_EXT,LI_Hogwarts > LI_EntranceHall_EXT,/Game/Levels/Overland/Hogwarts/EntranceHall/LI_EntranceHall_EXT,,-10056.8,-29044.9,7764.3
Hogwarts,SM_HW_EH_JambKit_Column_B_4M_A2,StaticMeshActor,LV_Overland/Hogwarts/LI_Hogwarts/LevelInstances/EntranceHall/LI_EntranceHall_EXT/SM_HW_EH_JambKit_Column_B_4M_A2,2012F237-4DFF-DC1B-A6E0-22914B868CB7,1,DL_OVERLAND;DL_RENDER,DL_HW_EXT,LI_Hogwarts > LI_EntranceHall_EXT,/Game/Levels/Overland/Hogwarts/EntranceHall/LI_EntranceHall_EXT,,-10056.8,-29044.9,9162.4
Hogwarts,SM_HW_EH_JambKit_Column_B_4M_A4,StaticMeshActor,LV_Overland/Hogwarts/LI_Hogwarts/LevelInstances/EntranceHall/LI_EntranceHall_EXT/SM_HW_EH_JambKit_Column_B_4M_A4,D9DCD3E5-427E-507A-AFD2-B88C8D2AA6E3,1,DL_OVERLAND;DL_RENDER,DL_HW_EXT,LI_Hogwarts > LI_EntranceHall_EXT,/Game/Levels/Overland/Hogwarts/EntranceHall/LI_EntranceHall_EXT,,-9494.9,-29144.0,8762.4
Hogwarts,SM_HW_EH_JambKit_Column_Base_A11,StaticMeshActor,LV_Overland/Hogwarts/LI_Hogwarts/LevelInstances/EntranceHall/LI_EntranceHall_EXT/RENDER/SM_HW_EH_JambKit_Column_Base_A11,DAD65E27-453F-FFCB-C15C-2182603BA296,1,DL_OVERLAND;DL_RENDER,DL_HW_EXT,LI_Hogwarts > LI_EntranceHall_EXT,/Game/Levels/Overland/Hogwarts/EntranceHall/LI_EntranceHall_EXT,,-8086.8,-25925.7,9902.2
Hogwarts,SM_HW_EH_JambKit_Column_Base_A12,StaticMeshActor,LV_Overland/Hogwarts/LI_Hogwarts/LevelInstances/EntranceHall/LI_EntranceHall_EXT/RENDER/SM_HW_EH_JambKit_Column_Base_A12,2E82A95B-4640-7F04-2398-12B809D43B98,1,DL_OVERLAND;DL_RENDER,DL_HW_EXT,LI_Hogwarts > LI_EntranceHall_EXT,/Game/Levels/Overland/Hogwarts/EntranceHall/LI_EntranceHall_EXT,,-8121.5,-26122.7,9902.2
Hogwarts,SM_HW_EH_JambKit_Column_Base_A13,StaticMeshActor,LV_Overland/Hogwarts/LI_Hogwarts/LevelInstances/EntranceHall/LI_EntranceHall_EXT/RENDER/SM_HW_EH_JambKit_Column_Base_A13,231D1C54-4C77-9955-45B4-EC97B33C2604,1,DL_OVERLAND;DL_RENDER,DL_HW_EXT,LI_Hogwarts > LI_EntranceHall_EXT,/Game/Levels/Overland/Hogwarts/EntranceHall/LI_EntranceHall_EXT,,-8156.3,-26319.6,9902.2
Hogwarts,SM_HW_EH_JambKit_Column_Base_A14,StaticMeshActor,LV_Overland/Hogwarts/LI_Hogwarts/LevelInstances/EntranceHall/LI_EntranceHall_EXT/RENDER/SM_HW_EH_JambKit_Column_Base_A14,2B729284-4755-67A6-FDC5-318B62B32287,1,DL_OVERLAND;DL_RENDER,DL_HW_EXT,LI_Hogwarts > LI_EntranceHall_EXT,/Game/Levels/Overland/Hogwarts/EntranceHall/LI_EntranceHall_EXT,,-8185.4,-26485.0,9902.2
Hogwarts,SM_HW_EH_JambKit_Column_Base_A15,StaticMeshActor,LV_Overland/Hogwarts/LI_Hogwarts/LevelInstances/EntranceHall/LI_EntranceHall_EXT/RENDER/SM_HW_EH_JambKit_Column_Base_A15,A28A820A-4F66-736E-BA27-F5A4216953AC,1,DL_OVERLAND;DL_RENDER,DL_HW_EXT,LI_Hogwarts > LI_EntranceHall_EXT,/Game/Levels/Overland/Hogwarts/EntranceHall/LI_EntranceHall_EXT,,-8185.4,-26485.0,9772.4
Hogwarts,SM_HW_EH_JambKit_Column_Base_A16,StaticMeshActor,LV_Overland/Hogwarts/LI_Hogwarts/LevelInstances/EntranceHall/LI_EntranceHall_EXT/RENDER/SM_HW_EH_JambKit_Column_Base_A16,AD3B5706-463A-81D3-A502-81885D033CDB,1,DL_OVERLAND;DL_RENDER,DL_HW_EXT,LI_Hogwarts > LI_EntranceHall_EXT,/Game/Levels/Overland/Hogwarts/EntranceHall/LI_EntranceHall_EXT,,-8156.3,-26319.6,9772.4
Hogwarts,SM_HW_EH_JambKit_Column_Base_A17,StaticMeshActor,LV_Overland/Hogwarts/LI_Hogwarts/LevelInstances/EntranceHall/LI_EntranceHall_EXT/RENDER/SM_HW_EH_JambKit_Column_Base_A17,BE022CCD-47FA-8D84-0CDF-A39F33D8EA99,1,DL_OVERLAND;DL_RENDER,DL_HW_EXT,LI_Hogwarts > LI_EntranceHall_EXT,/Game/Levels/Overland/Hogwarts/EntranceHall/LI_EntranceHall_EXT,,-8121.5,-26122.7,9772.4
Hogwarts,SM_HW_EH_JambKit_Column_Base_A18,StaticMeshActor,LV_Overland/Hogwarts/LI_Hogwarts/LevelInstances/EntranceHall/LI_EntranceHall_EXT/RENDER/SM_HW_EH_JambKit_Column_Base_A18,FC807963-4591-FF75-8E1B-1EA751E45582,1,DL_OVERLAND;DL_RENDER,DL_HW_EXT,LI_Hogwarts > LI_EntranceHall_EXT,/Game/Levels/Overland/Hogwarts/EntranceHall/LI_EntranceHall_EXT,,-8086.8,-25925.7,9772.4
Hogwarts,SM_HW_EH_JambKit_Column_Base_A19,StaticMeshActor,LV_Overland/Hogwarts/LI_Hogwarts/LevelInstances/EntranceHall/LI_EntranceHall_EXT/RENDER/SM_HW_EH_JambKit_Column_Base_A19,3D18BE01-4AA6-7CC3-7039-1FABBF1D9563,1,DL_OVERLAND;DL_RENDER,DL_HW_EXT,LI_Hogwarts > LI_EntranceHall_EXT,/Game/Levels/Overland/Hogwarts/EntranceHall/LI_EntranceHall_EXT,,-8092.7,-25958.8,9839.7
Hogwarts,SM_HW_EH_JambKit_Column_Base_A20,StaticMeshActor,LV_Overland/Hogwarts/LI_Hogwarts/LevelInstances/EntranceHall/LI_EntranceHall_EXT/RENDER/SM_HW_EH_JambKit_Column_Base_A20,679D597E-463B-41FE-0011-EBB1A5A97A3C,1,DL_OVERLAND;DL_RENDER,DL_HW_EXT,LI_Hogwarts > LI_EntranceHall_EXT,/Game/Levels/Overland/Hogwarts/EntranceHall/LI_EntranceHall_EXT,,-8111.6,-26066.4,9839.7
Hogwarts,SM_HW_EH_JambKit_Column_Base_A21,StaticMeshActor,LV_Overland/Hogwarts/LI_Hogwarts/LevelInstances/EntranceHall/LI_EntranceHall_EXT/RENDER/SM_HW_EH_JambKit_Column_Base_A21,79A7635B-4608-C37F-1F2E-E1A0D99040FB,1,DL_OVERLAND;DL_RENDER,DL_HW_EXT,LI_Hogwarts > LI_EntranceHall_EXT,/Game/Levels/Overland/Hogwarts/EntranceHall/LI_EntranceHall_EXT,,-8131.8,-26180.8,9839.7
Hogwarts,SM_HW_EH_JambKit_Column_Base_A22,StaticMeshActor,LV_Overland/Hogwarts/LI_Hogwarts/LevelInstances/EntranceHall/LI_EntranceHall_EXT/RENDER/SM_HW_EH_JambKit_Column_Base_A22,EABD4380-4EB4-037B-9439-3B80352E1864,1,DL_OVERLAND;DL_RENDER,DL_HW_EXT,LI_Hogwarts > LI_EntranceHall_EXT,/Game/Levels/Overland/Hogwarts/EntranceHall/LI_EntranceHall_EXT,,-8154.4,-26309.0,9839.7
Hogwarts,SM_HW_EH_JambKit_Column_Base_A23,StaticMeshActor,LV_Overland/Hogwarts/LI_Hogwarts/LevelInstances/EntranceHall/LI_EntranceHall_EXT/RENDER/SM_HW_EH_JambKit_Column_Base_A23,554E6994-48F0-6087-AE17-F0A8DAD7AAE1,1,DL_OVERLAND;DL_RENDER,DL_HW_EXT,LI_Hogwarts > LI_EntranceHall_EXT,/Game/Levels/Overland/Hogwarts/EntranceHall/LI_EntranceHall_EXT,,-8175.7,-26429.6,9839.7
Hogwarts,SM_HW_EH_JambKit_Column_Base_A7,StaticMeshActor,LV_Overland/Hogwarts/LI_Hogwarts/LevelInstances/EntranceHall/LI_EntranceHall_EXT/RENDER/SM_HW_EH_JambKit_Column_Base_A7,FBBF8DD5-4224-964A-F6F2-ABB5CD95F29B,1,DL_OVERLAND;DL_RENDER,DL_HW_EXT,LI_Hogwarts > LI_EntranceHall_EXT,/Game/Levels/Overland/Hogwarts/EntranceHall/LI_EntranceHall_EXT,,-8201.3,-26532.7,9843.2
Hogwarts,SM_HW_EH_JambKit_Column_Base_A8,StaticMeshActor,LV_Overland/Hogwarts/LI_Hogwarts/LevelInstances/EntranceHall/LI_EntranceHall_EXT/RENDER/SM_HW_EH_JambKit_Column_Base_A8,C9137E8B-4034-5158-3896-66AB55A88F88,1,DL_OVERLAND;DL_RENDER,DL_HW_EXT,LI_Hogwarts > LI_EntranceHall_EXT,/Game/Levels/Overland/Hogwarts/EntranceHall/LI_EntranceHall_EXT,,-8072.9,-25846.8,9840.2
Hogwarts,SM_HW_EH_JambKit_Column_Base_A_1,StaticMeshActor,LV_Overland/Hogwarts/LI_Hogwarts/LevelInstances/EntranceHall/LI_EntranceHall_EXT/RENDER/Porch/SM_HW_EH_JambKit_Column_Base_A_1,A19BE2F9-4302-A164-4B9B-268D454CE896,1,DL_OVERLAND;DL_RENDER,DL_HW_EXT,LI_Hogwarts > LI_EntranceHall_EXT,/Game/Levels/Overland/Hogwarts/EntranceHall/LI_EntranceHall_EXT,,-9506.3,-29171.4,7471.4
Hogwarts,SM_HW_EH_JambKit_Column_Base_A_3,StaticMeshActor,LV_Overland/Hogwarts/LI_Hogwarts/LevelInstances/EntranceHall/LI_EntranceHall_EXT/RENDER/Porch/SM_HW_EH_JambKit_Column_Base_A_3,C74F4262-48D2-A967-2026-09AE044C3E13,1,DL_OVERLAND;DL_RENDER,DL_HW_EXT,LI_Hogwarts > LI_EntranceHall_EXT,/Game/Levels/Overland/Hogwarts/EntranceHall/LI_EntranceHall_EXT,,-10055.4,-29074.6,7471.4
Hogwarts,SM_HW_EH_JambKit_Column_Base_C,StaticMeshActor,LV_Overland/Hogwarts/LI_Hogwarts/LevelInstances/EntranceHall/LI_EntranceHall_EXT/SM_HW_EH_JambKit_Column_Base_C,CFB35043-4FF7-D4DE-8E79-77BF7897CBC2,1,DL_OVERLAND;DL_RENDER,DL_HW_EXT,LI_Hogwarts > LI_EntranceHall_EXT,/Game/Levels/Overland/Hogwarts/EntranceHall/LI_EntranceHall_EXT,,-8336.9,-26503.7,10105.7
Hogwarts,SM_HW_EH_JambKit_Column_Base_C3,StaticMeshActor,LV_Overland/Hogwarts/LI_Hogwarts/LevelInstances/EntranceHall/LI_EntranceHall_EXT/SM_HW_EH_JambKit_Column_Base_C3,9A837D01-4F07-C417-01BE-AB8936DDBF2F,1,DL_OVERLAND;DL_RENDER,DL_HW_EXT,LI_Hogwarts > LI_EntranceHall_EXT,/Game/Levels/Overland/Hogwarts/EntranceHall/LI_EntranceHall_EXT,,-8204.3,-26546.2,9398.0
Hogwarts,SM_HW_EH_JambKit_Column_Base_C4,StaticMeshActor,LV_Overland/Hogwarts/LI_Hogwarts/LevelInstances/EntranceHall/LI_EntranceHall_EXT/SM_HW_EH_JambKit_Column_Base_C4,71C69CFD-438B-058F-2A0F-A1AAAEB5C0BB,1,DL_OVERLAND;DL_RENDER,DL_HW_EXT,LI_Hogwarts > LI_EntranceHall_EXT,/Game/Levels/Overland/Hogwarts/EntranceHall/LI_EntranceHall_EXT,,-8072.4,-25826.2,9398.0
Hogwarts,SM_HW_EH_JambKit_Column_Base_C5,StaticMeshActor,LV_Overland/Hogwarts/LI_Hogwarts/LevelInstances/EntranceHall/LI_EntranceHall_EXT/SM_HW_EH_JambKit_Column_Base_C5,0139DC7E-42C3-52A9-36D8-8288B019A6CC,1,DL_OVERLAND;DL_RENDER,DL_HW_EXT,LI_Hogwarts > LI_EntranceHall_EXT,/Game/Levels/Overland/Hogwarts/EntranceHall/LI_EntranceHall_EXT,,-8216.6,-25821.4,10100.6
Hogwarts,SM_HW_EH_JambKit_DecorPanel_A_34,StaticMeshActor,LV_Overland/Hogwarts/LI_Hogwarts/LevelInstances/EntranceHall/LI_EntranceHall_EXT/RENDER/Porch/SM_HW_EH_JambKit_DecorPanel_A_34,A3BA6DAE-4E95-EBE7-3B6F-0880DF288D04,1,DL_OVERLAND;DL_RENDER,DL_HW_EXT,LI_Hogwarts > LI_EntranceHall_EXT,/Game/Levels/Overland/Hogwarts/EntranceHall/LI_EntranceHall_EXT,,-9649.4,-29145.3,9011.6
Hogwarts,SM_HW_EH_JambKit_DecorPanel_A_37,StaticMeshActor,LV_Overland/Hogwarts/LI_Hogwarts/LevelInstances/EntranceHall/LI_EntranceHall_EXT/RENDER/Porch/SM_HW_EH_JambKit_DecorPanel_A_37,CE3E3A6A-4ECD-4942-1932-059B32AF8167,1,DL_OVERLAND;DL_RENDER,DL_HW_EXT,LI_Hogwarts > LI_EntranceHall_EXT,/Game/Levels/Overland/Hogwarts/EntranceHall/LI_EntranceHall_EXT,,-9912.3,-29098.9,9011.6
Hogwarts,SM_HW_EH_JambKit_DecorPanel_A_39,StaticMeshActor,LV_Overland/Hogwarts/LI_Hogwarts/LevelInstances/EntranceHall/LI_EntranceHall_EXT/RENDER/Porch/SM_HW_EH_JambKit_DecorPanel_A_39,426778F5-4EF7-2383-9959-B994CE016913,1,DL_OVERLAND;DL_RENDER,DL_HW_EXT,LI_Hogwarts > LI_EntranceHall_EXT,/Game/Levels/Overland/Hogwarts/EntranceHall/LI_EntranceHall_EXT,,-9999.9,-29083.5,8711.6
Hogwarts,SM_HW_EH_JambKit_DecorPanel_A_41,StaticMeshActor,LV_Overland/Hogwarts/LI_Hogwarts/LevelInstances/EntranceHall/LI_EntranceHall_EXT/RENDER/Porch/SM_HW_EH_JambKit_DecorPanel_A_41,5CCD218C-4A33-7D2F-CABB-6BBF66D8C7D6,1,DL_OVERLAND;DL_RENDER,DL_HW_EXT,LI_Hogwarts > LI_EntranceHall_EXT,/Game/Levels/Overland/Hogwarts/EntranceHall/LI_EntranceHall_EXT,,-9824.6,-29114.4,8711.6
Hogwarts,SM_HW_EH_JambKit_DecorPanel_A_43,StaticMeshActor,LV_Overland/Hogwarts/LI_Hogwarts/LevelInstances/EntranceHall/LI_EntranceHall_EXT/RENDER/Porch/SM_HW_EH_JambKit_DecorPanel_A_43,3A8BF304-41B5-F91A-6A06-D794AF599142,1,DL_OVERLAND;DL_RENDER,DL_HW_EXT,LI_Hogwarts > LI_EntranceHall_EXT,/Game/Levels/Overland/Hogwarts/EntranceHall/LI_EntranceHall_EXT,,-9649.3,-29145.3,8711.6
Hogwarts,SM_HW_EH_JambKit_StatuePedestal_A_1,StaticMeshActor,LV_Overland/Hogwarts/LI_Hogwarts/LevelInstances/EntranceHall/LI_EntranceHall_EXT/RENDER/Porch/SM_HW_EH_JambKit_StatuePedestal_A_1,640E4622-4EA6-A4D3-9D29-4380EF0B4A71,1,DL_OVERLAND;DL_RENDER,DL_HW_EXT,LI_Hogwarts > LI_EntranceHall_EXT,/Game/Levels/Overland/Hogwarts/EntranceHall/LI_EntranceHall_EXT,,-10216.1,-29161.8,7518.9
Hogwarts,SM_HW_EH_JambKit_StatuePedestal_A_2,StaticMeshActor,LV_Overland/Hogwarts/LI_Hogwarts/LevelInstances/EntranceHall/LI_EntranceHall_EXT/RENDER/Porch/SM_HW_EH_JambKit_StatuePedestal_A_2,36325590-4A3B-018B-D740-C19BF37F9110,1,DL_OVERLAND;DL_RENDER,DL_HW_EXT,LI_Hogwarts > LI_EntranceHall_EXT,/Game/Levels/Overland/Hogwarts/EntranceHall/LI_EntranceHall_EXT,,-10237.7,-29284.3,7518.9
Hogwarts,SM_HW_EH_Roof_A,StaticMeshActor,LV_Overland/Hogwarts/LI_Hogwarts/LevelInstances/EntranceHall/LI_EntranceHall_EXT/RENDER/SM_HW_EH_Roof_A,240811AA-49C5-BB83-D6B1-A0B478BD0DB8,1,DL_OVERLAND;DL_RENDER,DL_HW_EXT,LI_Hogwarts > LI_EntranceHall_EXT,/Game/Levels/Overland/Hogwarts/EntranceHall/LI_EntranceHall_EXT,,-9568.4,-27913.2,10511.8
Hogwarts,SM_HW_EH_Roof_A3,StaticMeshActor,LV_Overland/Hogwarts/LI_Hogwarts/LevelInstances/EntranceHall/LI_EntranceHall_EXT/RENDER/SM_HW_EH_Roof_A3,816A5643-4E90-935A-7B30-F3942545EFFF,1,DL_OVERLAND;DL_RENDER,DL_HW_EXT,LI_Hogwarts > LI_EntranceHall_EXT,/Game/Levels/Overland/Hogwarts/EntranceHall/LI_EntranceHall_EXT,,-11200.4,-25636.7,10246.7
Hogwarts,SM_HW_EH_Roof_A4,StaticMeshActor,LV_Overland/Hogwarts/LI_Hogwarts/LevelInstances/EntranceHall/LI_EntranceHall_EXT/RENDER/SM_HW_EH_Roof_A4,9DED9CCF-43F2-21E7-41ED-61AD910F8282,1,DL_OVERLAND;DL_RENDER,DL_HW_EXT,LI_Hogwarts > LI_EntranceHall_EXT,/Game/Levels/Overland/Hogwarts/EntranceHall/LI_EntranceHall_EXT,,-11924.4,-27003.5,8316.0
Hogwarts,SM_HW_EH_Tower_Roof_StoneTrim_B,StaticMeshActor,LV_Overland/Hogwarts/LI_Hogwarts/LevelInstances/EntranceHall/LI_EntranceHall_EXT/SM_HW_EH_Tower_Roof_StoneTrim_B,5C643845-4EAA-B191-0191-D491082EFBD8,1,DL_OVERLAND;DL_RENDER,DL_HW_EXT,LI_Hogwarts > LI_EntranceHall_EXT,/Game/Levels/Overland/Hogwarts/EntranceHall/LI_EntranceHall_EXT,,-9239.5,-26052.6,11495.7
Hogwarts,SM_HW_EH_Tower_WindowDormer_A_1,StaticMeshActor,LV_Overland/Hogwarts/LI_Hogwarts/LevelInstances/EntranceHall/LI_EntranceHall_EXT/RENDER/Tower/SM_HW_EH_Tower_WindowDormer_A_1,E601EFB5-4CAF-4ADF-593A-D2948B2A03E8,1,DL_OVERLAND;DL_RENDER,DL_HW_EXT,LI_Hogwarts > LI_EntranceHall_EXT,/Game/Levels/Overland/Hogwarts/EntranceHall/LI_EntranceHall_EXT,,-8627.2,-26091.3,12068.3
Hogwarts,SM_HW_EH_Tower_WindowDormer_A_2,StaticMeshActor,LV_Overland/Hogwarts/LI_Hogwarts/LevelInstances/EntranceHall/LI_EntranceHall_EXT/RENDER/Tower/SM_HW_EH_Tower_WindowDormer_A_2,0E0D62B8-4BC3-12F7-18A4-7A9363EC2AB9,1,DL_OVERLAND;DL_RENDER,DL_HW_EXT,LI_Hogwarts > LI_EntranceHall_EXT,/Game/Levels/Overland/Hogwarts/EntranceHall/LI_EntranceHall_EXT,,-8795.1,-26353.7,12068.3
Hogwarts,SM_HW_EH_Tower_WindowDormer_A_3,StaticMeshActor,LV_Overland/Hogwarts/LI_Hogwarts/LevelInstances/EntranceHall/LI_EntranceHall_EXT/RENDER/Tower/SM_HW_EH_Tower_WindowDormer_A_3,C2F483C6-446B-5732-00D1-F7BE0540C2B8,1,DL_OVERLAND;DL_RENDER,DL_HW_EXT,LI_Hogwarts > LI_EntranceHall_EXT,/Game/Levels/Overland/Hogwarts/EntranceHall/LI_EntranceHall_EXT,,-8695.0,-25786.7,12068.3
Hogwarts,SM_HW_EH_Tower_WindowDormer_A_4,StaticMeshActor,LV_Overland/Hogwarts/LI_Hogwarts/LevelInstances/EntranceHall/LI_EntranceHall_EXT/RENDER/Tower/SM_HW_EH_Tower_WindowDormer_A_4,5AC8BDD2-49AB-757D-761F-F6A91BCD1DF8,1,DL_OVERLAND;DL_RENDER,DL_HW_EXT,LI_Hogwarts > LI_EntranceHall_EXT,/Game/Levels/Overland/Hogwarts/EntranceHall/LI_EntranceHall_EXT,,-9758.1,-26182.3,12068.3
Hogwarts,SM_HW_EH_Tower_WindowDormer_A_5,StaticMeshActor,LV_Overland/Hogwarts/LI_Hogwarts/LevelInstances/EntranceHall/LI_EntranceHall_EXT/RENDER/Tower/SM_HW_EH_Tower_WindowDormer_A_5,20EC8660-4E0A-AA90-E979-CF88650F4718,1,DL_OVERLAND;DL_RENDER,DL_HW_EXT,LI_Hogwarts > LI_EntranceHall_EXT,/Game/Levels/Overland/Hogwarts/EntranceHall/LI_EntranceHall_EXT,,-9825.4,-25879.6,12068.3
Hogwarts,SM_HW_EH_Tower_WindowDormer_A_6,StaticMeshActor,LV_Overland/Hogwarts/LI_Hogwarts/LevelInstances/EntranceHall/LI_EntranceHall_EXT/RENDER/Tower/SM_HW_EH_Tower_WindowDormer_A_6,01DA3021-490D-528F-E0A0-E8B3B3161546,1,DL_OVERLAND;DL_RENDER,DL_HW_EXT,LI_Hogwarts > LI_EntranceHall_EXT,/Game/Levels/Overland/Hogwarts/EntranceHall/LI_EntranceHall_EXT,,-9659.0,-25617.9,12068.3
Hogwarts,SM_HW_EH_TrimBase_A,StaticMeshActor,LV_Overland/Hogwarts/LI_Hogwarts/LevelInstances/EntranceHall/LI_EntranceHall_EXT/RENDER/SM_HW_EH_TrimBase_A,3B4F63F2-4A58-351E-DA26-A68021D654B5,1,DL_OVERLAND;DL_RENDER,DL_HW_EXT,LI_Hogwarts > LI_EntranceHall_EXT,/Game/Levels/Overland/Hogwarts/EntranceHall/LI_EntranceHall_EXT,,-8329.0,-28947.1,7482.2
Hogwarts,SM_HW_EH_TrimBase_A2,StaticMeshActor,LV_Overland/Hogwarts/LI_Hogwarts/LevelInstances/EntranceHall/LI_EntranceHall_EXT/RENDER/SM_HW_EH_TrimBase_A2,7BB92C35-4737-26A1-9AA7-38A9402378D4,1,DL_OVERLAND;DL_RENDER,DL_HW_EXT,LI_Hogwarts > LI_EntranceHall_EXT,/Game/Levels/Overland/Hogwarts/EntranceHall/LI_EntranceHall_EXT,,-8181.4,-28110.0,7482.2
Hogwarts,SM_HW_EH_TrimBase_A3,StaticMeshActor,LV_Overland/Hogwarts/LI_Hogwarts/LevelInstances/EntranceHall/LI_EntranceHall_EXT/RENDER/SM_HW_EH_TrimBase_A3,A2BB1C4F-47B1-34FE-BF46-FAAD642D0DA3,1,DL_OVERLAND;DL_RENDER,DL_HW_EXT,LI_Hogwarts > LI_EntranceHall_EXT,/Game/Levels/Overland/Hogwarts/EntranceHall/LI_EntranceHall_EXT,,-8045.9,-27342.0,7482.2
Hogwarts,SM_HW_EH_TrimBase_A4,StaticMeshActor,LV_Overland/Hogwarts/LI_Hogwarts/LevelInstances/EntranceHall/LI_EntranceHall_EXT/RENDER/SM_HW_EH_TrimBase_A4,B5D31BFA-4E8C-F6C8-4B3E-B09EE68BE1C4,1,DL_OVERLAND;DL_RENDER,DL_HW_EXT,LI_Hogwarts > LI_EntranceHall_EXT,/Game/Levels/Overland/Hogwarts/EntranceHall/LI_EntranceHall_EXT,,-11084.2,-28453.9,7482.2
Hogwarts,SM_HW_EH_TrimBase_A5,StaticMeshActor,LV_Overland/Hogwarts/LI_Hogwarts/LevelInstances/EntranceHall/LI_EntranceHall_EXT/RENDER/SM_HW_EH_TrimBase_A5,BFCA8876-42C9-B099-925E-7A878A0DE78C,1,DL_OVERLAND;DL_RENDER,DL_HW_EXT,LI_Hogwarts > LI_EntranceHall_EXT,/Game/Levels/Overland/Hogwarts/EntranceHall/LI_EntranceHall_EXT,,-10942.4,-27650.1,7482.2
Hogwarts,SM_HW_EH_TrimBase_Dormer_A,StaticMeshActor,LV_Overland/Hogwarts/LI_Hogwarts/LevelInstances/EntranceHall/LI_EntranceHall_EXT/SM_HW_EH_TrimBase_Dormer_A,1EA9D5D2-419E-6ABD-3166-0497613DE257,1,DL_OVERLAND;DL_RENDER,DL_HW_EXT,LI_Hogwarts > LI_EntranceHall_EXT,/Game/Levels/Overland/Hogwarts/EntranceHall/LI_EntranceHall_EXT,,-8323.9,-28936.7,7590.9
Hogwarts,SM_HW_EH_TrimBase_Dormer_A2,StaticMeshActor,LV_Overland/Hogwarts/LI_Hogwarts/LevelInstances/EntranceHall/LI_EntranceHall_EXT/SM_HW_EH_TrimBase_Dormer_A2,E6FFC981-4DC3-25B2-7C14-55BE523DBA28,1,DL_OVERLAND;DL_RENDER,DL_HW_EXT,LI_Hogwarts > LI_EntranceHall_EXT,/Game/Levels/Overland/Hogwarts/EntranceHall/LI_EntranceHall_EXT,,-8176.3,-28099.6,7590.9
Hogwarts,SM_HW_EH_TrimBase_Dormer_A3,StaticMeshActor,LV_Overland/Hogwarts/LI_Hogwarts/LevelInstances/EntranceHall/LI_EntranceHall_EXT/SM_HW_EH_TrimBase_Dormer_A3,3382D648-4485-418D-FAA1-509020A5A2EB,1,DL_OVERLAND;DL_RENDER,DL_HW_EXT,LI_Hogwarts > LI_EntranceHall_EXT,/Game/Levels/Overland/Hogwarts/EntranceHall/LI_EntranceHall_EXT,,-11089.2,-28464.3,7590.9
Hogwarts,SM_HW_EH_TrimSection_A,StaticMeshActor,LV_Overland/Hogwarts/LI_Hogwarts/LevelInstances/EntranceHall/LI_EntranceHall_EXT/SM_HW_EH_TrimSection_A,3EB3FAC6-4FF7-2E67-6D0F-15856885D8D4,1,DL_OVERLAND;DL_RENDER,DL_HW_EXT,LI_Hogwarts > LI_EntranceHall_EXT,/Game/Levels/Overland/Hogwarts/EntranceHall/LI_EntranceHall_EXT,,-8306.9,-28545.1,7684.9
Hogwarts,SM_HW_EH_TrimSection_A10,StaticMeshActor,LV_Overland/Hogwarts/LI_Hogwarts/LevelInstances/EntranceHall/LI_EntranceHall_EXT/SM_HW_EH_TrimSection_A10,FB813FD6-4F31-F947-98B5-92AE0FEAED69,1,DL_OVERLAND;DL_RENDER,DL_HW_EXT,LI_Hogwarts > LI_EntranceHall_EXT,/Game/Levels/Overland/Hogwarts/EntranceHall/LI_EntranceHall_EXT,,-12941.6,-26888.8,7684.9
Hogwarts,SM_HW_EH_TrimSection_A11,StaticMeshActor,LV_Overland/Hogwarts/LI_Hogwarts/LevelInstances/EntranceHall/LI_EntranceHall_EXT/SM_HW_EH_TrimSection_A11,7FB0BDF0-4301-B6E9-0135-879C514BFDF5,1,DL_OVERLAND;DL_RENDER,DL_HW_EXT,LI_Hogwarts > LI_EntranceHall_EXT,/Game/Levels/Overland/Hogwarts/EntranceHall/LI_EntranceHall_EXT,,-9333.2,-30038.1,7684.9
Hogwarts,SM_HW_EH_TrimSection_A12,StaticMeshActor,LV_Overland/Hogwarts/LI_Hogwarts/LevelInstances/EntranceHall/LI_EntranceHall_EXT/SM_HW_EH_TrimSection_A12,B4B4F63D-4816-9875-DF52-E29D33938286,1,DL_OVERLAND;DL_RENDER,DL_HW_EXT,LI_Hogwarts > LI_EntranceHall_EXT,/Game/Levels/Overland/Hogwarts/EntranceHall/LI_EntranceHall_EXT,,-10514.9,-29829.7,7684.9
Hogwarts,SM_HW_EH_TrimSection_A13,StaticMeshActor,LV_Overland/Hogwarts/LI_Hogwarts/LevelInstances/EntranceHall/LI_EntranceHall_EXT/SM_HW_EH_TrimSection_A13,D7D20CEA-4613-73D5-B423-8291F6636A85,1,DL_OVERLAND;DL_RENDER,DL_HW_EXT,LI_Hogwarts > LI_EntranceHall_EXT,/Game/Levels/Overland/Hogwarts/EntranceHall/LI_EntranceHall_EXT,,-8306.2,-28546.3,7919.0
Hogwarts,SM_HW_EH_TrimSection_A14,StaticMeshActor,LV_Overland/Hogwarts/LI_Hogwarts/LevelInstances/EntranceHall/LI_EntranceHall_EXT/SM_HW_EH_TrimSection_A14,F48A07D4-44BD-B75F-5EC7-C6940450399E,1,DL_OVERLAND;DL_RENDER,DL_HW_EXT,LI_Hogwarts > LI_EntranceHall_EXT,/Game/Levels/Overland/Hogwarts/EntranceHall/LI_EntranceHall_EXT,,-8307.0,-28546.2,7919.0
Hogwarts,SM_HW_EH_TrimSection_A15,StaticMeshActor,LV_Overland/Hogwarts/LI_Hogwarts/LevelInstances/EntranceHall/LI_EntranceHall_EXT/SM_HW_EH_TrimSection_A15,526F833A-4D5D-A046-9D10-C2B7891B972A,1,DL_OVERLAND;DL_RENDER,DL_HW_EXT,LI_Hogwarts > LI_EntranceHall_EXT,/Game/Levels/Overland/Hogwarts/EntranceHall/LI_EntranceHall_EXT,,-8444.4,-29327.5,7919.0
Hogwarts,SM_HW_EH_TrimSection_A16,StaticMeshActor,LV_Overland/Hogwarts/LI_Hogwarts/LevelInstances/EntranceHall/LI_EntranceHall_EXT/SM_HW_EH_TrimSection_A16,C893067F-4D33-3F5D-EA0C-DC8096E10EAF,1,DL_OVERLAND;DL_RENDER,DL_HW_EXT,LI_Hogwarts > LI_EntranceHall_EXT,/Game/Levels/Overland/Hogwarts/EntranceHall/LI_EntranceHall_EXT,,-8163.7,-27732.0,7919.0
Hogwarts,SM_HW_EH_TrimSection_A17,StaticMeshActor,LV_Overland/Hogwarts/LI_Hogwarts/LevelInstances/EntranceHall/LI_EntranceHall_EXT/SM_HW_EH_TrimSection_A17,895F95BF-4E6B-57AC-A4AD-5AAF1D508958,1,DL_OVERLAND;DL_RENDER,DL_HW_EXT,LI_Hogwarts > LI_EntranceHall_EXT,/Game/Levels/Overland/Hogwarts/EntranceHall/LI_EntranceHall_EXT,,-8018.6,-26909.4,7919.0
Hogwarts,SM_HW_EH_TrimSection_A18,StaticMeshActor,LV_Overland/Hogwarts/LI_Hogwarts/LevelInstances/EntranceHall/LI_EntranceHall_EXT/SM_HW_EH_TrimSection_A18,22F05E25-4208-2153-711A-D18B30F476CA,1,DL_OVERLAND;DL_RENDER,DL_HW_EXT,LI_Hogwarts > LI_EntranceHall_EXT,/Game/Levels/Overland/Hogwarts/EntranceHall/LI_EntranceHall_EXT,,-11110.2,-28857.8,7919.0
Hogwarts,SM_HW_EH_TrimSection_A19,StaticMeshActor,LV_Overland/Hogwarts/LI_Hogwarts/LevelInstances/EntranceHall/LI_EntranceHall_EXT/SM_HW_EH_TrimSection_A19,FC09A642-40E4-8CBF-637B-46AA61F1A5A0,1,DL_OVERLAND;DL_RENDER,DL_HW_EXT,LI_Hogwarts > LI_EntranceHall_EXT,/Game/Levels/Overland/Hogwarts/EntranceHall/LI_EntranceHall_EXT,,-10971.9,-28076.6,7919.0
Hogwarts,SM_HW_EH_TrimSection_A2,StaticMeshActor,LV_Overland/Hogwarts/LI_Hogwarts/LevelInstances/EntranceHall/LI_EntranceHall_EXT/SM_HW_EH_TrimSection_A2,CBF3F1CE-4D64-7C85-C5B4-EC9CE493B32A,1,DL_OVERLAND;DL_RENDER,DL_HW_EXT,LI_Hogwarts > LI_EntranceHall_EXT,/Game/Levels/Overland/Hogwarts/EntranceHall/LI_EntranceHall_EXT,,-8164.4,-27733.3,7684.9
Hogwarts,SM_HW_EH_TrimSection_A20,StaticMeshActor,LV_Overland/Hogwarts/LI_Hogwarts/LevelInstances/EntranceHall/LI_EntranceHall_EXT/SM_HW_EH_TrimSection_A20,0711B78A-4AA8-90EF-C599-6EA31C595B93,1,DL_OVERLAND;DL_RENDER,DL_HW_EXT,LI_Hogwarts > LI_EntranceHall_EXT,/Game/Levels/Overland/Hogwarts/EntranceHall/LI_EntranceHall_EXT,,-10830.3,-27262.1,7919.0
Hogwarts,SM_HW_EH_TrimSection_A21,StaticMeshActor,LV_Overland/Hogwarts/LI_Hogwarts/LevelInstances/EntranceHall/LI_EntranceHall_EXT/SM_HW_EH_TrimSection_A21,129FAD0D-4785-18A5-B4F7-DBBFED0A6E62,1,DL_OVERLAND;DL_RENDER,DL_HW_EXT,LI_Hogwarts > LI_EntranceHall_EXT,/Game/Levels/Overland/Hogwarts/EntranceHall/LI_EntranceHall_EXT,,-11563.5,-27134.5,7919.0
Hogwarts,SM_HW_EH_TrimSection_A22,StaticMeshActor,LV_Overland/Hogwarts/LI_Hogwarts/LevelInstances/EntranceHall/LI_EntranceHall_EXT/SM_HW_EH_TrimSection_A22,A8012B16-44BB-4E5D-3344-0BAE9D7AD59C,1,DL_OVERLAND;DL_RENDER,DL_HW_EXT,LI_Hogwarts > LI_EntranceHall_EXT,/Game/Levels/Overland/Hogwarts/EntranceHall/LI_EntranceHall_EXT,,-12252.2,-27012.9,7919.0
Hogwarts,SM_HW_EH_TrimSection_A23,StaticMeshActor,LV_Overland/Hogwarts/LI_Hogwarts/LevelInstances/EntranceHall/LI_EntranceHall_EXT/SM_HW_EH_TrimSection_A23,C8F9B5F4-4827-0AED-3E8A-75AA8543B553,1,DL_OVERLAND;DL_RENDER,DL_HW_EXT,LI_Hogwarts > LI_EntranceHall_EXT,/Game/Levels/Overland/Hogwarts/EntranceHall/LI_EntranceHall_EXT,,-12942.3,-26891.2,7919.0
Hogwarts,SM_HW_EH_TrimSection_A24,StaticMeshActor,LV_Overland/Hogwarts/LI_Hogwarts/LevelInstances/EntranceHall/LI_EntranceHall_EXT/SM_HW_EH_TrimSection_A24,A226B60E-4370-F83E-E0AE-65927A180B76,1,DL_OVERLAND;DL_RENDER,DL_HW_EXT,LI_Hogwarts > LI_EntranceHall_EXT,/Game/Levels/Overland/Hogwarts/EntranceHall/LI_EntranceHall_EXT,,-10516.6,-29831.0,7919.0
Hogwarts,SM_HW_EH_TrimSection_A25,StaticMeshActor,LV_Overland/Hogwarts/LI_Hogwarts/LevelInstances/EntranceHall/LI_EntranceHall_EXT/SM_HW_EH_TrimSection_A25,ECBCFA53-4EFB-4C67-288C-7DBA786E2CFD,1,DL_OVERLAND;DL_RENDER,DL_HW_EXT,LI_Hogwarts > LI_EntranceHall_EXT,/Game/Levels/Overland/Hogwarts/EntranceHall/LI_EntranceHall_EXT,,-9331.8,-30041.4,7919.0
Hogwarts,SM_HW_EH_TrimSection_A26,StaticMeshActor,LV_Overland/Hogwarts/LI_Hogwarts/LevelInstances/EntranceHall/LI_EntranceHall_EXT/SM_HW_EH_TrimSection_A26,81172A43-441C-9376-C621-8D9B5EAD860D,1,DL_OVERLAND;DL_RENDER,DL_HW_EXT,LI_Hogwarts > LI_EntranceHall_EXT,/Game/Levels/Overland/Hogwarts/EntranceHall/LI_EntranceHall_EXT,,-8306.2,-28546.3,9120.1
Hogwarts,SM_HW_EH_TrimSection_A27,StaticMeshActor,LV_Overland/Hogwarts/LI_Hogwarts/LevelInstances/EntranceHall/LI_EntranceHall_EXT/SM_HW_EH_TrimSection_A27,DB19A5C4-4457-0669-005E-E293CBD9D065,1,DL_OVERLAND;DL_RENDER,DL_HW_EXT,LI_Hogwarts > LI_EntranceHall_EXT,/Game/Levels/Overland/Hogwarts/EntranceHall/LI_EntranceHall_EXT,,-8444.4,-29327.5,9120.1
Hogwarts,SM_HW_EH_TrimSection_A28,StaticMeshActor,LV_Overland/Hogwarts/LI_Hogwarts/LevelInstances/EntranceHall/LI_EntranceHall_EXT/SM_HW_EH_TrimSection_A28,95B9ECD8-40CC-1C9D-525A-09A36569A4E1,1,DL_OVERLAND;DL_RENDER,DL_HW_EXT,LI_Hogwarts > LI_EntranceHall_EXT,/Game/Levels/Overland/Hogwarts/EntranceHall/LI_EntranceHall_EXT,,-8163.7,-27732.0,9120.1
Hogwarts,SM_HW_EH_TrimSection_A29,StaticMeshActor,LV_Overland/Hogwarts/LI_Hogwarts/LevelInstances/EntranceHall/LI_EntranceHall_EXT/SM_HW_EH_TrimSection_A29,F56B2F2A-4EDE-E1EE-78A9-A0BC73EA17A6,1,DL_OVERLAND;DL_RENDER,DL_HW_EXT,LI_Hogwarts > LI_EntranceHall_EXT,/Game/Levels/Overland/Hogwarts/EntranceHall/LI_EntranceHall_EXT,,-8018.6,-26909.4,9120.1
Hogwarts,SM_HW_EH_TrimSection_A3,StaticMeshActor,LV_Overland/Hogwarts/LI_Hogwarts/LevelInstances/EntranceHall/LI_EntranceHall_EXT/SM_HW_EH_TrimSection_A3,832357A9-4B89-32AB-E5FC-3E92FEDC5BA6,1,DL_OVERLAND;DL_RENDER,DL_HW_EXT,LI_Hogwarts > LI_EntranceHall_EXT,/Game/Levels/Overland/Hogwarts/EntranceHall/LI_EntranceHall_EXT,,-8445.3,-29327.2,7684.9
Hogwarts,SM_HW_EH_TrimSection_A30,StaticMeshActor,LV_Overland/Hogwarts/LI_Hogwarts/LevelInstances/EntranceHall/LI_EntranceHall_EXT/SM_HW_EH_TrimSection_A30,EBF90710-4F81-627F-F1C3-02A77F6F698A,1,DL_OVERLAND;DL_RENDER,DL_HW_EXT,LI_Hogwarts > LI_EntranceHall_EXT,/Game/Levels/Overland/Hogwarts/EntranceHall/LI_EntranceHall_EXT,,-9331.8,-30041.4,9120.1
Hogwarts,SM_HW_EH_TrimSection_A31,StaticMeshActor,LV_Overland/Hogwarts/LI_Hogwarts/LevelInstances/EntranceHall/LI_EntranceHall_EXT/SM_HW_EH_TrimSection_A31,12850AB2-4EF9-CDFA-9064-328E46B8E882,1,DL_OVERLAND;DL_RENDER,DL_HW_EXT,LI_Hogwarts > LI_EntranceHall_EXT,/Game/Levels/Overland/Hogwarts/EntranceHall/LI_EntranceHall_EXT,,-10424.2,-29315.2,9120.1
Hogwarts,SM_HW_EH_TrimSection_A32,StaticMeshActor,LV_Overland/Hogwarts/LI_Hogwarts/LevelInstances/EntranceHall/LI_EntranceHall_EXT/SM_HW_EH_TrimSection_A32,8B41F767-48C3-BC72-BB42-52A6F1A12AB5,1,DL_OVERLAND;DL_RENDER,DL_HW_EXT,LI_Hogwarts > LI_EntranceHall_EXT,/Game/Levels/Overland/Hogwarts/EntranceHall/LI_EntranceHall_EXT,,-11110.2,-28857.8,9120.1
Hogwarts,SM_HW_EH_TrimSection_A33,StaticMeshActor,LV_Overland/Hogwarts/LI_Hogwarts/LevelInstances/EntranceHall/LI_EntranceHall_EXT/SM_HW_EH_TrimSection_A33,B4DC96EA-4775-D1DC-5CAA-7F9D9181348D,1,DL_OVERLAND;DL_RENDER,DL_HW_EXT,LI_Hogwarts > LI_EntranceHall_EXT,/Game/Levels/Overland/Hogwarts/EntranceHall/LI_EntranceHall_EXT,,-10971.9,-28076.6,9120.1
Hogwarts,SM_HW_EH_TrimSection_A34,StaticMeshActor,LV_Overland/Hogwarts/LI_Hogwarts/LevelInstances/EntranceHall/LI_EntranceHall_EXT/SM_HW_EH_TrimSection_A34,98497494-4B7A-E0B7-C9D1-26AED58C8AFA,1,DL_OVERLAND;DL_RENDER,DL_HW_EXT,LI_Hogwarts > LI_EntranceHall_EXT,/Game/Levels/Overland/Hogwarts/EntranceHall/LI_EntranceHall_EXT,,-10830.3,-27262.1,9120.1
Hogwarts,SM_HW_EH_TrimSection_A35,StaticMeshActor,LV_Overland/Hogwarts/LI_Hogwarts/LevelInstances/EntranceHall/LI_EntranceHall_EXT/SM_HW_EH_TrimSection_A35,CDF31B46-49EE-4CCF-9A5B-38830657F86B,1,DL_OVERLAND;DL_RENDER,DL_HW_EXT,LI_Hogwarts > LI_EntranceHall_EXT,/Game/Levels/Overland/Hogwarts/EntranceHall/LI_EntranceHall_EXT,,-11563.5,-27134.5,9120.1
Hogwarts,SM_HW_EH_TrimSection_A36,StaticMeshActor,LV_Overland/Hogwarts/LI_Hogwarts/LevelInstances/EntranceHall/LI_EntranceHall_EXT/SM_HW_EH_TrimSection_A36,B0A74C16-43AE-D5DA-EC8A-68A74086CA4B,1,DL_OVERLAND;DL_RENDER,DL_HW_EXT,LI_Hogwarts > LI_EntranceHall_EXT,/Game/Levels/Overland/Hogwarts/EntranceHall/LI_EntranceHall_EXT,,-12252.2,-27012.9,9120.1
Hogwarts,SM_HW_EH_TrimSection_A37,StaticMeshActor,LV_Overland/Hogwarts/LI_Hogwarts/LevelInstances/EntranceHall/LI_EntranceHall_EXT/SM_HW_EH_TrimSection_A37,7C473652-4F41-7207-D550-39A8F82472A0,1,DL_OVERLAND;DL_RENDER,DL_HW_EXT,LI_Hogwarts > LI_EntranceHall_EXT,/Game/Levels/Overland/Hogwarts/EntranceHall/LI_EntranceHall_EXT,,-12942.3,-26891.2,9120.1
Hogwarts,SM_HW_EH_TrimSection_A38,StaticMeshActor,LV_Overland/Hogwarts/LI_Hogwarts/LevelInstances/EntranceHall/LI_EntranceHall_EXT/SM_HW_EH_TrimSection_A38,442FADF6-428F-9F74-F977-D794D0D868A3,1,DL_OVERLAND;DL_RENDER,DL_HW_EXT,LI_Hogwarts > LI_EntranceHall_EXT,/Game/Levels/Overland/Hogwarts/EntranceHall/LI_EntranceHall_EXT,,-9243.4,-29521.6,9120.1
Hogwarts,SM_HW_EH_TrimSection_A39,StaticMeshActor,LV_Overland/Hogwarts/LI_Hogwarts/LevelInstances/EntranceHall/LI_EntranceHall_EXT/SM_HW_EH_TrimSection_A39,FD5C955C-42BB-4D33-0A4C-378C60D0FE31,1,DL_OVERLAND;DL_RENDER,DL_HW_EXT,LI_Hogwarts > LI_EntranceHall_EXT,/Game/Levels/Overland/Hogwarts/EntranceHall/LI_EntranceHall_EXT,,-10514.0,-29830.5,9120.1
Hogwarts,SM_HW_EH_TrimSection_A4,StaticMeshActor,LV_Overland/Hogwarts/LI_Hogwarts/LevelInstances/EntranceHall/LI_EntranceHall_EXT/SM_HW_EH_TrimSection_A4,973983A0-4BCC-28A1-64BA-1FA013C3DDA7,1,DL_OVERLAND;DL_RENDER,DL_HW_EXT,LI_Hogwarts > LI_EntranceHall_EXT,/Game/Levels/Overland/Hogwarts/EntranceHall/LI_EntranceHall_EXT,,-8017.9,-26909.8,7684.9
Hogwarts,SM_HW_EH_TrimSection_A5,StaticMeshActor,LV_Overland/Hogwarts/LI_Hogwarts/LevelInstances/EntranceHall/LI_EntranceHall_EXT/SM_HW_EH_TrimSection_A5,4F7FA895-47AD-FFAB-87DB-FCBEBB9B8FEF,1,DL_OVERLAND;DL_RENDER,DL_HW_EXT,LI_Hogwarts > LI_EntranceHall_EXT,/Game/Levels/Overland/Hogwarts/EntranceHall/LI_EntranceHall_EXT,,-11107.1,-28857.8,7684.9
Hogwarts,SM_HW_EH_TrimSection_A6,StaticMeshActor,LV_Overland/Hogwarts/LI_Hogwarts/LevelInstances/EntranceHall/LI_EntranceHall_EXT/SM_HW_EH_TrimSection_A6,895C746B-4895-20CC-15A7-91A54A9C00D2,1,DL_OVERLAND;DL_RENDER,DL_HW_EXT,LI_Hogwarts > LI_EntranceHall_EXT,/Game/Levels/Overland/Hogwarts/EntranceHall/LI_EntranceHall_EXT,,-10968.7,-28075.7,7684.9
Hogwarts,SM_HW_EH_TrimSection_A7,StaticMeshActor,LV_Overland/Hogwarts/LI_Hogwarts/LevelInstances/EntranceHall/LI_EntranceHall_EXT/SM_HW_EH_TrimSection_A7,E401A526-4F0F-CC91-5A95-C5BE686C69C2,1,DL_OVERLAND;DL_RENDER,DL_HW_EXT,LI_Hogwarts > LI_EntranceHall_EXT,/Game/Levels/Overland/Hogwarts/EntranceHall/LI_EntranceHall_EXT,,-10826.2,-27263.8,7684.9
Hogwarts,SM_HW_EH_TrimSection_A8,StaticMeshActor,LV_Overland/Hogwarts/LI_Hogwarts/LevelInstances/EntranceHall/LI_EntranceHall_EXT/SM_HW_EH_TrimSection_A8,5B2BB34A-445C-D261-CC50-A0AC8FC6F7AC,1,DL_OVERLAND;DL_RENDER,DL_HW_EXT,LI_Hogwarts > LI_EntranceHall_EXT,/Game/Levels/Overland/Hogwarts/EntranceHall/LI_EntranceHall_EXT,,-11563.2,-27132.0,7684.9
Hogwarts,SM_HW_EH_TrimSection_A9,StaticMeshActor,LV_Overland/Hogwarts/LI_Hogwarts/LevelInstances/EntranceHall/LI_EntranceHall_EXT/SM_HW_EH_TrimSection_A9,34BC93AD-45F2-FF96-ED17-8F86999FCCCD,1,DL_OVERLAND;DL_RENDER,DL_HW_EXT,LI_Hogwarts > LI_EntranceHall_EXT,/Game/Levels/Overland/Hogwarts/EntranceHall/LI_EntranceHall_EXT,,-12252.3,-27011.2,7684.9
Hogwarts,SM_HW_EH_Trim_3m,StaticMeshActor,LV_Overland/Hogwarts/LI_Hogwarts/LevelInstances/EntranceHall/LI_EntranceHall_EXT/SM_HW_EH_Trim_3m,C7A952F3-4CCC-702F-6DE3-1DA90CD51497,1,DL_OVERLAND;DL_RENDER,DL_HW_EXT,LI_Hogwarts > LI_EntranceHall_EXT,/Game/Levels/Overland/Hogwarts/EntranceHall/LI_EntranceHall_EXT,,-8172.1,-26405.5,9324.8
Hogwarts,SM_HW_EH_Trim_3m2,StaticMeshActor,LV_Overland/Hogwarts/LI_Hogwarts/LevelInstances/EntranceHall/LI_EntranceHall_EXT/SM_HW_EH_Trim_3m2,71964A83-49DC-335F-FB11-BFBB1DDF0BE9,1,DL_OVERLAND;DL_RENDER,DL_HW_EXT,LI_Hogwarts > LI_EntranceHall_EXT,/Game/Levels/Overland/Hogwarts/EntranceHall/LI_EntranceHall_EXT,,-8093.4,-25959.2,9324.8
Hogwarts,SM_HW_EH_Trim_3m3,StaticMeshActor,LV_Overland/Hogwarts/LI_Hogwarts/LevelInstances/EntranceHall/LI_EntranceHall_EXT/SM_HW_EH_Trim_3m3,91B7B020-42F0-0D43-F064-888517B9D8BF,1,DL_OVERLAND;DL_RENDER,DL_HW_EXT,LI_Hogwarts > LI_EntranceHall_EXT,/Game/Levels/Overland/Hogwarts/EntranceHall/LI_EntranceHall_EXT,,-8186.6,-25674.6,9324.8
Hogwarts,SM_HW_EH_Trim_3m4,StaticMeshActor,LV_Overland/Hogwarts/LI_Hogwarts/LevelInstances/EntranceHall/LI_EntranceHall_EXT/SM_HW_EH_Trim_3m4,366805D4-4D89-EA2A-61B2-D8B6DD472B46,1,DL_OVERLAND;DL_RENDER,DL_HW_EXT,LI_Hogwarts > LI_EntranceHall_EXT,/Game/Levels/Overland/Hogwarts/EntranceHall/LI_EntranceHall_EXT,,-8306.5,-26614.0,9347.9
Hogwarts,SM_HW_EH_Trim_3m6,StaticMeshActor,LV_Overland/Hogwarts/LI_Hogwarts/LevelInstances/EntranceHall/LI_EntranceHall_EXT/SM_HW_EH_Trim_3m6,FF521F86-4C3B-5048-6BEF-7E91A669674C,1,DL_OVERLAND;DL_RENDER,DL_HW_EXT,LI_Hogwarts > LI_EntranceHall_EXT,/Game/Levels/Overland/Hogwarts/EntranceHall/LI_EntranceHall_EXT,,-10453.2,-27141.3,9425.7
Hogwarts,SM_HW_EH_Trim_3m7,StaticMeshActor,LV_Overland/Hogwarts/LI_Hogwarts/LevelInstances/EntranceHall/LI_EntranceHall_EXT/SM_HW_EH_Trim_3m7,6991373E-4349-08DE-54DF-108DD9AC643E,1,DL_OVERLAND;DL_RENDER,DL_HW_EXT,LI_Hogwarts > LI_EntranceHall_EXT,/Game/Levels/Overland/Hogwarts/EntranceHall/LI_EntranceHall_EXT,,-9456.7,-30002.5,7456.0
Hogwarts,SM_HW_EH_Trim_3m8,StaticMeshActor,LV_Overland/Hogwarts/LI_Hogwarts/LevelInstances/EntranceHall/LI_EntranceHall_EXT/SM_HW_EH_Trim_3m8,E1936F70-4DDF-282E-97E4-F3833F344F0B,1,DL_OVERLAND;DL_RENDER,DL_HW_EXT,LI_Hogwarts > LI_EntranceHall_EXT,/Game/Levels/Overland/Hogwarts/EntranceHall/LI_EntranceHall_EXT,,-10385.4,-29839.7,7456.0
Hogwarts,SM_HW_EH_Trim_3m9,StaticMeshActor,LV_Overland/Hogwarts/LI_Hogwarts/LevelInstances/EntranceHall/LI_EntranceHall_EXT/SM_HW_EH_Trim_3m9,954AC70C-48A8-A5F8-E272-EFBCE718DA1B,1,DL_OVERLAND;DL_RENDER,DL_HW_EXT,LI_Hogwarts > LI_EntranceHall_EXT,/Game/Levels/Overland/Hogwarts/EntranceHall/LI_EntranceHall_EXT,,-10760.5,-28879.4,9425.7
Hogwarts,SM_HW_EH_Trim_A,StaticMeshActor,LV_Overland/Hogwarts/LI_Hogwarts/LevelInstances/EntranceHall/LI_EntranceHall_EXT/SM_HW_EH_Trim_A,BF8641F8-42C3-FCB0-EED0-6FAC9E3F6D9A,1,DL_OVERLAND;DL_RENDER,DL_HW_EXT,LI_Hogwarts > LI_EntranceHall_EXT,/Game/Levels/Overland/Hogwarts/EntranceHall/LI_EntranceHall_EXT,,-8313.3,-29213.2,7353.5
Hogwarts,SM_HW_EH_Trim_A2,StaticMeshActor,LV_Overland/Hogwarts/LI_Hogwarts/LevelInstances/EntranceHall/LI_EntranceHall_EXT/SM_HW_EH_Trim_A2,CE2BBF38-4362-B122-C1E5-ED91E1873114,1,DL_OVERLAND;DL_RENDER,DL_HW_EXT,LI_Hogwarts > LI_EntranceHall_EXT,/Game/Levels/Overland/Hogwarts/EntranceHall/LI_EntranceHall_EXT,,-8243.8,-28819.3,7353.5
Hogwarts,SM_HW_EH_Trim_A3,StaticMeshActor,LV_Overland/Hogwarts/LI_Hogwarts/LevelInstances/EntranceHall/LI_EntranceHall_EXT/SM_HW_EH_Trim_A3,328EF073-4DA3-8CDC-F11B-159D20146CA1,1,DL_OVERLAND;DL_RENDER,DL_HW_EXT,LI_Hogwarts > LI_EntranceHall_EXT,/Game/Levels/Overland/Hogwarts/EntranceHall/LI_EntranceHall_EXT,,-8101.6,-28012.8,7353.5
Hogwarts,SM_HW_EH_Trim_A4,StaticMeshActor,LV_Overland/Hogwarts/LI_Hogwarts/LevelInstances/EntranceHall/LI_EntranceHall_EXT/SM_HW_EH_Trim_A4,A6E247C3-4298-97DE-2206-CEBB2A2C4D39,1,DL_OVERLAND;DL_RENDER,DL_HW_EXT,LI_Hogwarts > LI_EntranceHall_EXT,/Game/Levels/Overland/Hogwarts/EntranceHall/LI_EntranceHall_EXT,,-8171.1,-28406.7,7353.5
Hogwarts,SM_HW_EH_Trim_A5,StaticMeshActor,LV_Overland/Hogwarts/LI_Hogwarts/LevelInstances/EntranceHall/LI_EntranceHall_EXT/SM_HW_EH_Trim_A5,2F7B7A9F-436F-84A8-2E80-B38DCBAC1AE9,1,DL_OVERLAND;DL_RENDER,DL_HW_EXT,LI_Hogwarts > LI_EntranceHall_EXT,/Game/Levels/Overland/Hogwarts/EntranceHall/LI_EntranceHall_EXT,,-8005.2,-27466.2,7353.5
Hogwarts,SM_HW_EH_Trim_A6,StaticMeshActor,LV_Overland/Hogwarts/LI_Hogwarts/LevelInstances/EntranceHall/LI_EntranceHall_EXT/SM_HW_EH_Trim_A6,3ECB1C3E-4444-8109-9AE7-EFB08963015F,1,DL_OVERLAND;DL_RENDER,DL_HW_EXT,LI_Hogwarts > LI_EntranceHall_EXT,/Game/Levels/Overland/Hogwarts/EntranceHall/LI_EntranceHall_EXT,,-11124.0,-28299.1,7356.3
Hogwarts,SM_HW_EH_Trim_A7,StaticMeshActor,LV_Overland/Hogwarts/LI_Hogwarts/LevelInstances/EntranceHall/LI_EntranceHall_EXT/SM_HW_EH_Trim_A7,11DB9BB9-468B-6095-D108-AC868320997C,1,DL_OVERLAND;DL_RENDER,DL_HW_EXT,LI_Hogwarts > LI_EntranceHall_EXT,/Game/Levels/Overland/Hogwarts/EntranceHall/LI_EntranceHall_EXT,,-11193.4,-28693.0,7356.3
Hogwarts,SM_HW_EH_Trim_A8,StaticMeshActor,LV_Overland/Hogwarts/LI_Hogwarts/LevelInstances/EntranceHall/LI_EntranceHall_EXT/SM_HW_EH_Trim_A8,B6DB1EBA-44F8-90FB-C464-7683E4131785,1,DL_OVERLAND;DL_RENDER,DL_HW_EXT,LI_Hogwarts > LI_EntranceHall_EXT,/Game/Levels/Overland/Hogwarts/EntranceHall/LI_EntranceHall_EXT,,-10367.9,-29619.5,7455.8
Hogwarts,SM_HW_EH_Trim_A9,StaticMeshActor,LV_Overland/Hogwarts/LI_Hogwarts/LevelInstances/EntranceHall/LI_EntranceHall_EXT/SM_HW_EH_Trim_A9,747C59C2-47C2-DE47-D847-E796BDEBDCA5,1,DL_OVERLAND;DL_RENDER,DL_HW_EXT,LI_Hogwarts > LI_EntranceHall_EXT,/Game/Levels/Overland/Hogwarts/EntranceHall/LI_EntranceHall_EXT,,-9390.9,-29713.7,7455.8
Hogwarts,SM_HW_EH_Trim_Small_A,StaticMeshActor,LV_Overland/Hogwarts/LI_Hogwarts/LevelInstances/EntranceHall/LI_EntranceHall_EXT/SM_HW_EH_Trim_Small_A,7432ECAB-47F9-9A21-6FA3-058E96AC96B2,1,DL_OVERLAND;DL_RENDER,DL_HW_EXT,LI_Hogwarts > LI_EntranceHall_EXT,/Game/Levels/Overland/Hogwarts/EntranceHall/LI_EntranceHall_EXT,,-10469.2,-29571.1,8963.0
Hogwarts,SM_HW_EH_Trim_Small_A2,StaticMeshActor,LV_Overland/Hogwarts/LI_Hogwarts/LevelInstances/EntranceHall/LI_EntranceHall_EXT/SM_HW_EH_Trim_Small_A2,2380017D-47F5-3C19-61E3-529529A16689,1,DL_OVERLAND;DL_RENDER,DL_HW_EXT,LI_Hogwarts > LI_EntranceHall_EXT,/Game/Levels/Overland/Hogwarts/EntranceHall/LI_EntranceHall_EXT,,-10468.8,-29558.5,7925.4
Hogwarts,SM_HW_EH_Trim_Small_A3,StaticMeshActor,LV_Overland/Hogwarts/LI_Hogwarts/LevelInstances/EntranceHall/LI_EntranceHall_EXT/SM_HW_EH_Trim_Small_A3,63B45B47-4068-3B9B-C1F9-508EA1568879,1,DL_OVERLAND;DL_RENDER,DL_HW_EXT,LI_Hogwarts > LI_EntranceHall_EXT,/Game/Levels/Overland/Hogwarts/EntranceHall/LI_EntranceHall_EXT,,-9288.6,-29777.1,7925.4
Hogwarts,SM_HW_EH_Trim_Small_A4,StaticMeshActor,LV_Overland/Hogwarts/LI_Hogwarts/LevelInstances/EntranceHall/LI_EntranceHall_EXT/SM_HW_EH_Trim_Small_A4,68B0E563-4B54-BE0C-0567-5F8CB79F7CCE,1,DL_OVERLAND;DL_RENDER,DL_HW_EXT,LI_Hogwarts > LI_EntranceHall_EXT,/Game/Levels/Overland/Hogwarts/EntranceHall/LI_EntranceHall_EXT,,-9299.1,-29784.4,7676.1
Hogwarts,SM_HW_EH_Trim_Small_A5,StaticMeshActor,LV_Overland/Hogwarts/LI_Hogwarts/LevelInstances/EntranceHall/LI_EntranceHall_EXT/SM_HW_EH_Trim_Small_A5,30DA3867-4879-2A68-6DE1-E4B9C5360151,1,DL_OVERLAND;DL_RENDER,DL_HW_EXT,LI_Hogwarts > LI_EntranceHall_EXT,/Game/Levels/Overland/Hogwarts/EntranceHall/LI_EntranceHall_EXT,,-10465.5,-29578.8,7676.1
Hogwarts,SM_HW_EH_Trim_Small_A6,StaticMeshActor,LV_Overland/Hogwarts/LI_Hogwarts/LevelInstances/EntranceHall/LI_EntranceHall_EXT/SM_HW_EH_Trim_Small_A6,AD0BBE1E-4701-8C2A-B170-59AC22A1F08F,1,DL_OVERLAND;DL_RENDER,DL_HW_EXT,LI_Hogwarts > LI_EntranceHall_EXT,/Game/Levels/Overland/Hogwarts/EntranceHall/LI_EntranceHall_EXT,,-9289.6,-29779.1,8963.0
Hogwarts,SM_HW_EH_Trim_Small_B,StaticMeshActor,LV_Overland/Hogwarts/LI_Hogwarts/LevelInstances/EntranceHall/LI_EntranceHall_EXT/SM_HW_EH_Trim_Small_B,48642605-4E8A-8D02-C98B-B1B4846A2482,1,DL_OVERLAND;DL_RENDER,DL_HW_EXT,LI_Hogwarts > LI_EntranceHall_EXT,/Game/Levels/Overland/Hogwarts/EntranceHall/LI_EntranceHall_EXT,,-11100.0,-28570.7,9120.0
Hogwarts,SM_HW_EH_Trim_Small_B10,StaticMeshActor,LV_Overland/Hogwarts/LI_Hogwarts/LevelInstances/EntranceHall/LI_EntranceHall_EXT/SM_HW_EH_Trim_Small_B10,B7734A6F-4678-6B34-6AC8-31AFA5198E04,1,DL_OVERLAND;DL_RENDER,DL_HW_EXT,LI_Hogwarts > LI_EntranceHall_EXT,/Game/Levels/Overland/Hogwarts/EntranceHall/LI_EntranceHall_EXT,,-8217.6,-28278.0,9120.0
Hogwarts,SM_HW_EH_Trim_Small_B11,StaticMeshActor,LV_Overland/Hogwarts/LI_Hogwarts/LevelInstances/EntranceHall/LI_EntranceHall_EXT/SM_HW_EH_Trim_Small_B11,6F255D89-448E-8FEB-C20D-CEB51DBF2FC7,1,DL_OVERLAND;DL_RENDER,DL_HW_EXT,LI_Hogwarts > LI_EntranceHall_EXT,/Game/Levels/Overland/Hogwarts/EntranceHall/LI_EntranceHall_EXT,,-8287.1,-28671.9,9120.0
Hogwarts,SM_HW_EH_Trim_Small_B12,StaticMeshActor,LV_Overland/Hogwarts/LI_Hogwarts/LevelInstances/EntranceHall/LI_EntranceHall_EXT/SM_HW_EH_Trim_Small_B12,B32D4DA7-4CFB-E241-B606-5E83B52473AE,1,DL_OVERLAND;DL_RENDER,DL_HW_EXT,LI_Hogwarts > LI_EntranceHall_EXT,/Game/Levels/Overland/Hogwarts/EntranceHall/LI_EntranceHall_EXT,,-8356.5,-29065.8,9120.0
Hogwarts,SM_HW_EH_Trim_Small_B13,StaticMeshActor,LV_Overland/Hogwarts/LI_Hogwarts/LevelInstances/EntranceHall/LI_EntranceHall_EXT/SM_HW_EH_Trim_Small_B13,E76BF5F1-4A58-0DE3-8862-5E995041EA98,1,DL_OVERLAND;DL_RENDER,DL_HW_EXT,LI_Hogwarts > LI_EntranceHall_EXT,/Game/Levels/Overland/Hogwarts/EntranceHall/LI_EntranceHall_EXT,,-8078.7,-27490.1,9120.0
Hogwarts,SM_HW_EH_Trim_Small_B14,StaticMeshActor,LV_Overland/Hogwarts/LI_Hogwarts/LevelInstances/EntranceHall/LI_EntranceHall_EXT/SM_HW_EH_Trim_Small_B14,958118F6-4A21-B3C8-5DA1-298182BFDA57,1,DL_OVERLAND;DL_RENDER,DL_HW_EXT,LI_Hogwarts > LI_EntranceHall_EXT,/Game/Levels/Overland/Hogwarts/EntranceHall/LI_EntranceHall_EXT,,-8009.2,-27096.2,9120.0
Hogwarts,SM_HW_EH_Trim_Small_B15,StaticMeshActor,LV_Overland/Hogwarts/LI_Hogwarts/LevelInstances/EntranceHall/LI_EntranceHall_EXT/SM_HW_EH_Trim_Small_B15,F20913CB-4BFE-07C6-9777-F7AF6796164C,1,DL_OVERLAND;DL_RENDER,DL_HW_EXT,LI_Hogwarts > LI_EntranceHall_EXT,/Game/Levels/Overland/Hogwarts/EntranceHall/LI_EntranceHall_EXT,,-8035.5,-27091.6,7917.9
Hogwarts,SM_HW_EH_Trim_Small_B16,StaticMeshActor,LV_Overland/Hogwarts/LI_Hogwarts/LevelInstances/EntranceHall/LI_EntranceHall_EXT/SM_HW_EH_Trim_Small_B16,304AAE28-4E2C-1F33-CDAE-FBBD105CC743,1,DL_OVERLAND;DL_RENDER,DL_HW_EXT,LI_Hogwarts > LI_EntranceHall_EXT,/Game/Levels/Overland/Hogwarts/EntranceHall/LI_EntranceHall_EXT,,-8105.0,-27485.5,7917.9
Hogwarts,SM_HW_EH_Trim_Small_B17,StaticMeshActor,LV_Overland/Hogwarts/LI_Hogwarts/LevelInstances/EntranceHall/LI_EntranceHall_EXT/SM_HW_EH_Trim_Small_B17,A501C6B6-42C1-0030-3464-B8B0595EDADE,1,DL_OVERLAND;DL_RENDER,DL_HW_EXT,LI_Hogwarts > LI_EntranceHall_EXT,/Game/Levels/Overland/Hogwarts/EntranceHall/LI_EntranceHall_EXT,,-8174.4,-27879.4,7917.9
Hogwarts,SM_HW_EH_Trim_Small_B18,StaticMeshActor,LV_Overland/Hogwarts/LI_Hogwarts/LevelInstances/EntranceHall/LI_EntranceHall_EXT/SM_HW_EH_Trim_Small_B18,59B947F5-4719-AC12-A849-7499BC470044,1,DL_OVERLAND;DL_RENDER,DL_HW_EXT,LI_Hogwarts > LI_EntranceHall_EXT,/Game/Levels/Overland/Hogwarts/EntranceHall/LI_EntranceHall_EXT,,-8243.9,-28273.3,7917.9
Hogwarts,SM_HW_EH_Trim_Small_B19,StaticMeshActor,LV_Overland/Hogwarts/LI_Hogwarts/LevelInstances/EntranceHall/LI_EntranceHall_EXT/SM_HW_EH_Trim_Small_B19,41EF5CEB-4B59-2756-75D0-1B85D2BD0E22,1,DL_OVERLAND;DL_RENDER,DL_HW_EXT,LI_Hogwarts > LI_EntranceHall_EXT,/Game/Levels/Overland/Hogwarts/EntranceHall/LI_EntranceHall_EXT,,-8313.3,-28667.3,7917.9
Hogwarts,SM_HW_EH_Trim_Small_B2,StaticMeshActor,LV_Overland/Hogwarts/LI_Hogwarts/LevelInstances/EntranceHall/LI_EntranceHall_EXT/SM_HW_EH_Trim_Small_B2,6FF253AB-40BF-52B5-906B-67B25D401098,1,DL_OVERLAND;DL_RENDER,DL_HW_EXT,LI_Hogwarts > LI_EntranceHall_EXT,/Game/Levels/Overland/Hogwarts/EntranceHall/LI_EntranceHall_EXT,,-11030.6,-28176.8,9120.0
Hogwarts,SM_HW_EH_Trim_Small_B20,StaticMeshActor,LV_Overland/Hogwarts/LI_Hogwarts/LevelInstances/EntranceHall/LI_EntranceHall_EXT/SM_HW_EH_Trim_Small_B20,2954FB98-40F2-CA3D-39E6-BFBBCDDE2A3B,1,DL_OVERLAND;DL_RENDER,DL_HW_EXT,LI_Hogwarts > LI_EntranceHall_EXT,/Game/Levels/Overland/Hogwarts/EntranceHall/LI_EntranceHall_EXT,,-8382.8,-29061.2,7917.9
Hogwarts,SM_HW_EH_Trim_Small_B21,StaticMeshActor,LV_Overland/Hogwarts/LI_Hogwarts/LevelInstances/EntranceHall/LI_EntranceHall_EXT/SM_HW_EH_Trim_Small_B21,274058CE-4753-F7A8-DD88-68B84F10FCF0,1,DL_OVERLAND;DL_RENDER,DL_HW_EXT,LI_Hogwarts > LI_EntranceHall_EXT,/Game/Levels/Overland/Hogwarts/EntranceHall/LI_EntranceHall_EXT,,-8316.6,-28666.7,7683.6
Hogwarts,SM_HW_EH_Trim_Small_B22,StaticMeshActor,LV_Overland/Hogwarts/LI_Hogwarts/LevelInstances/EntranceHall/LI_EntranceHall_EXT/SM_HW_EH_Trim_Small_B22,506C18FD-4BF5-A3BC-4860-CEA56F7CA44E,1,DL_OVERLAND;DL_RENDER,DL_HW_EXT,LI_Hogwarts > LI_EntranceHall_EXT,/Game/Levels/Overland/Hogwarts/EntranceHall/LI_EntranceHall_EXT,,-8386.0,-29060.6,7683.6
Hogwarts,SM_HW_EH_Trim_Small_B23,StaticMeshActor,LV_Overland/Hogwarts/LI_Hogwarts/LevelInstances/EntranceHall/LI_EntranceHall_EXT/SM_HW_EH_Trim_Small_B23,969067B8-454F-933D-1873-18AC0B3F5241,1,DL_OVERLAND;DL_RENDER,DL_HW_EXT,LI_Hogwarts > LI_EntranceHall_EXT,/Game/Levels/Overland/Hogwarts/EntranceHall/LI_EntranceHall_EXT,,-8247.1,-28272.8,7683.6
Hogwarts,SM_HW_EH_Trim_Small_B24,StaticMeshActor,LV_Overland/Hogwarts/LI_Hogwarts/LevelInstances/EntranceHall/LI_EntranceHall_EXT/SM_HW_EH_Trim_Small_B24,4E99D3AE-4BE6-B887-A229-828D2EA03C80,1,DL_OVERLAND;DL_RENDER,DL_HW_EXT,LI_Hogwarts > LI_EntranceHall_EXT,/Game/Levels/Overland/Hogwarts/EntranceHall/LI_EntranceHall_EXT,,-8177.6,-27878.9,7683.6
Hogwarts,SM_HW_EH_Trim_Small_B25,StaticMeshActor,LV_Overland/Hogwarts/LI_Hogwarts/LevelInstances/EntranceHall/LI_EntranceHall_EXT/SM_HW_EH_Trim_Small_B25,96A1EE22-4400-B1B7-0503-A7A81352D09D,1,DL_OVERLAND;DL_RENDER,DL_HW_EXT,LI_Hogwarts > LI_EntranceHall_EXT,/Game/Levels/Overland/Hogwarts/EntranceHall/LI_EntranceHall_EXT,,-8108.2,-27484.9,7683.6
Hogwarts,SM_HW_EH_Trim_Small_B26,StaticMeshActor,LV_Overland/Hogwarts/LI_Hogwarts/LevelInstances/EntranceHall/LI_EntranceHall_EXT/SM_HW_EH_Trim_Small_B26,CA60B4E2-4DA1-0C84-7263-8AB53E12B3A6,1,DL_OVERLAND;DL_RENDER,DL_HW_EXT,LI_Hogwarts > LI_EntranceHall_EXT,/Game/Levels/Overland/Hogwarts/EntranceHall/LI_EntranceHall_EXT,,-8038.7,-27091.0,7683.6
Hogwarts,SM_HW_EH_Trim_Small_B27,StaticMeshActor,LV_Overland/Hogwarts/LI_Hogwarts/LevelInstances/EntranceHall/LI_EntranceHall_EXT/SM_HW_EH_Trim_Small_B27,FD3402EB-42DB-F93A-DB25-8D907ECB8975,1,DL_OVERLAND;DL_RENDER,DL_HW_EXT,LI_Hogwarts > LI_EntranceHall_EXT,/Game/Levels/Overland/Hogwarts/EntranceHall/LI_EntranceHall_EXT,,-11060.7,-28577.6,7683.6
Hogwarts,SM_HW_EH_Trim_Small_B28,StaticMeshActor,LV_Overland/Hogwarts/LI_Hogwarts/LevelInstances/EntranceHall/LI_EntranceHall_EXT/SM_HW_EH_Trim_Small_B28,A4DD0F8F-4761-FEA0-6EAC-7F9FDFC70FC7,1,DL_OVERLAND;DL_RENDER,DL_HW_EXT,LI_Hogwarts > LI_EntranceHall_EXT,/Game/Levels/Overland/Hogwarts/EntranceHall/LI_EntranceHall_EXT,,-10991.2,-28183.7,7683.6
Hogwarts,SM_HW_EH_Trim_Small_B29,StaticMeshActor,LV_Overland/Hogwarts/LI_Hogwarts/LevelInstances/EntranceHall/LI_EntranceHall_EXT/SM_HW_EH_Trim_Small_B29,3C53524A-4798-87A0-D96B-12AE1AF08B2C,1,DL_OVERLAND;DL_RENDER,DL_HW_EXT,LI_Hogwarts > LI_EntranceHall_EXT,/Game/Levels/Overland/Hogwarts/EntranceHall/LI_EntranceHall_EXT,,-10921.8,-27789.8,7683.6
Hogwarts,SM_HW_EH_Trim_Small_B3,StaticMeshActor,LV_Overland/Hogwarts/LI_Hogwarts/LevelInstances/EntranceHall/LI_EntranceHall_EXT/SM_HW_EH_Trim_Small_B3,073645DC-45F8-3606-3DCD-D796CC332324,1,DL_OVERLAND;DL_RENDER,DL_HW_EXT,LI_Hogwarts > LI_EntranceHall_EXT,/Game/Levels/Overland/Hogwarts/EntranceHall/LI_EntranceHall_EXT,,-10961.1,-27782.9,9120.0
Hogwarts,SM_HW_EH_Trim_Small_B30,StaticMeshActor,LV_Overland/Hogwarts/LI_Hogwarts/LevelInstances/EntranceHall/LI_EntranceHall_EXT/SM_HW_EH_Trim_Small_B30,8340D8B4-43C4-B244-6D4E-0EBD7764B779,1,DL_OVERLAND;DL_RENDER,DL_HW_EXT,LI_Hogwarts > LI_EntranceHall_EXT,/Game/Levels/Overland/Hogwarts/EntranceHall/LI_EntranceHall_EXT,,-10852.3,-27395.9,7683.6
Hogwarts,SM_HW_EH_Trim_Small_B31,StaticMeshActor,LV_Overland/Hogwarts/LI_Hogwarts/LevelInstances/EntranceHall/LI_EntranceHall_EXT/SM_HW_EH_Trim_Small_B31,649858E5-4C78-107B-97E3-BDB749ACCE00,1,DL_OVERLAND;DL_RENDER,DL_HW_EXT,LI_Hogwarts > LI_EntranceHall_EXT,/Game/Levels/Overland/Hogwarts/EntranceHall/LI_EntranceHall_EXT,,-8348.3,-28762.7,7700.4
Hogwarts,SM_HW_EH_Trim_Small_B32,StaticMeshActor,LV_Overland/Hogwarts/LI_Hogwarts/LevelInstances/EntranceHall/LI_EntranceHall_EXT/SM_HW_EH_Trim_Small_B32,C482F555-4044-457E-2650-E79E3B83533F,1,DL_OVERLAND;DL_RENDER,DL_HW_EXT,LI_Hogwarts > LI_EntranceHall_EXT,/Game/Levels/Overland/Hogwarts/EntranceHall/LI_EntranceHall_EXT,,-8417.7,-29156.6,7700.4
Hogwarts,SM_HW_EH_Trim_Small_B33,StaticMeshActor,LV_Overland/Hogwarts/LI_Hogwarts/LevelInstances/EntranceHall/LI_EntranceHall_EXT/SM_HW_EH_Trim_Small_B33,D6BE9E1D-4AAC-542E-31A5-B3A9AB5F27F4,1,DL_OVERLAND;DL_RENDER,DL_HW_EXT,LI_Hogwarts > LI_EntranceHall_EXT,/Game/Levels/Overland/Hogwarts/EntranceHall/LI_EntranceHall_EXT,,-8348.3,-28762.7,7663.9
Hogwarts,SM_HW_EH_Trim_Small_B34,StaticMeshActor,LV_Overland/Hogwarts/LI_Hogwarts/LevelInstances/EntranceHall/LI_EntranceHall_EXT/SM_HW_EH_Trim_Small_B34,EDC73CD8-47BC-DC04-794D-E0A07978B237,1,DL_OVERLAND;DL_RENDER,DL_HW_EXT,LI_Hogwarts > LI_EntranceHall_EXT,/Game/Levels/Overland/Hogwarts/EntranceHall/LI_EntranceHall_EXT,,-8417.7,-29156.6,7663.9
Hogwarts,SM_HW_EH_Trim_Small_B35,StaticMeshActor,LV_Overland/Hogwarts/LI_Hogwarts/LevelInstances/EntranceHall/LI_EntranceHall_EXT/SM_HW_EH_Trim_Small_B35,21FA40C1-4F37-1616-EB25-DF9166B2D214,1,DL_OVERLAND;DL_RENDER,DL_HW_EXT,LI_Hogwarts > LI_EntranceHall_EXT,/Game/Levels/Overland/Hogwarts/EntranceHall/LI_EntranceHall_EXT,,-8200.7,-27925.6,7700.4
Hogwarts,SM_HW_EH_Trim_Small_B36,StaticMeshActor,LV_Overland/Hogwarts/LI_Hogwarts/LevelInstances/EntranceHall/LI_EntranceHall_EXT/SM_HW_EH_Trim_Small_B36,99EC5E2D-4BD4-2F8F-DB39-3B898A60CC4C,1,DL_OVERLAND;DL_RENDER,DL_HW_EXT,LI_Hogwarts > LI_EntranceHall_EXT,/Game/Levels/Overland/Hogwarts/EntranceHall/LI_EntranceHall_EXT,,-8200.7,-27925.6,7663.9
Hogwarts,SM_HW_EH_Trim_Small_B37,StaticMeshActor,LV_Overland/Hogwarts/LI_Hogwarts/LevelInstances/EntranceHall/LI_EntranceHall_EXT/SM_HW_EH_Trim_Small_B37,528D0C26-474C-1877-1900-C9BE9718DF11,1,DL_OVERLAND;DL_RENDER,DL_HW_EXT,LI_Hogwarts > LI_EntranceHall_EXT,/Game/Levels/Overland/Hogwarts/EntranceHall/LI_EntranceHall_EXT,,-8270.1,-28319.5,7663.9
Hogwarts,SM_HW_EH_Trim_Small_B38,StaticMeshActor,LV_Overland/Hogwarts/LI_Hogwarts/LevelInstances/EntranceHall/LI_EntranceHall_EXT/SM_HW_EH_Trim_Small_B38,6718B1FA-4975-1777-6874-32A4905706CF,1,DL_OVERLAND;DL_RENDER,DL_HW_EXT,LI_Hogwarts > LI_EntranceHall_EXT,/Game/Levels/Overland/Hogwarts/EntranceHall/LI_EntranceHall_EXT,,-8270.1,-28319.5,7700.4
Hogwarts,SM_HW_EH_Trim_Small_B39,StaticMeshActor,LV_Overland/Hogwarts/LI_Hogwarts/LevelInstances/EntranceHall/LI_EntranceHall_EXT/SM_HW_EH_Trim_Small_B39,852517D9-4B84-5E00-A696-25B8B7B50722,1,DL_OVERLAND;DL_RENDER,DL_HW_EXT,LI_Hogwarts > LI_EntranceHall_EXT,/Game/Levels/Overland/Hogwarts/EntranceHall/LI_EntranceHall_EXT,,-8053.1,-27088.5,7700.4
Hogwarts,SM_HW_EH_Trim_Small_B4,StaticMeshActor,LV_Overland/Hogwarts/LI_Hogwarts/LevelInstances/EntranceHall/LI_EntranceHall_EXT/SM_HW_EH_Trim_Small_B4,461336F9-4A5C-7732-75A8-79B7648B66C2,1,DL_OVERLAND;DL_RENDER,DL_HW_EXT,LI_Hogwarts > LI_EntranceHall_EXT,/Game/Levels/Overland/Hogwarts/EntranceHall/LI_EntranceHall_EXT,,-10891.6,-27388.9,9120.0
Hogwarts,SM_HW_EH_Trim_Small_B40,StaticMeshActor,LV_Overland/Hogwarts/LI_Hogwarts/LevelInstances/EntranceHall/LI_EntranceHall_EXT/SM_HW_EH_Trim_Small_B40,025940C1-4804-42DF-A63C-FCBC89CDF131,1,DL_OVERLAND;DL_RENDER,DL_HW_EXT,LI_Hogwarts > LI_EntranceHall_EXT,/Game/Levels/Overland/Hogwarts/EntranceHall/LI_EntranceHall_EXT,,-8053.1,-27088.5,7663.9
Hogwarts,SM_HW_EH_Trim_Small_B41,StaticMeshActor,LV_Overland/Hogwarts/LI_Hogwarts/LevelInstances/EntranceHall/LI_EntranceHall_EXT/SM_HW_EH_Trim_Small_B41,BC774E41-468F-FB33-FA78-BC87FD5FB080,1,DL_OVERLAND;DL_RENDER,DL_HW_EXT,LI_Hogwarts > LI_EntranceHall_EXT,/Game/Levels/Overland/Hogwarts/EntranceHall/LI_EntranceHall_EXT,,-8122.5,-27482.4,7663.9
Hogwarts,SM_HW_EH_Trim_Small_B42,StaticMeshActor,LV_Overland/Hogwarts/LI_Hogwarts/LevelInstances/EntranceHall/LI_EntranceHall_EXT/SM_HW_EH_Trim_Small_B42,D90156DF-410B-4B3B-B1A3-1EB75D3B3158,1,DL_OVERLAND;DL_RENDER,DL_HW_EXT,LI_Hogwarts > LI_EntranceHall_EXT,/Game/Levels/Overland/Hogwarts/EntranceHall/LI_EntranceHall_EXT,,-8122.5,-27482.4,7700.4
Hogwarts,SM_HW_EH_Trim_Small_B43,StaticMeshActor,LV_Overland/Hogwarts/LI_Hogwarts/LevelInstances/EntranceHall/LI_EntranceHall_EXT/SM_HW_EH_Trim_Small_B43,D518B936-4121-6CC9-62F0-FEA5F01E94F2,1,DL_OVERLAND;DL_RENDER,DL_HW_EXT,LI_Hogwarts > LI_EntranceHall_EXT,/Game/Levels/Overland/Hogwarts/EntranceHall/LI_EntranceHall_EXT,,-10473.0,-29034.9,9119.6
Hogwarts,SM_HW_EH_Trim_Small_B44,StaticMeshActor,LV_Overland/Hogwarts/LI_Hogwarts/LevelInstances/EntranceHall/LI_EntranceHall_EXT/SM_HW_EH_Trim_Small_B44,BFAEC804-4C1A-71E3-C818-C0BFB73DF326,1,DL_OVERLAND;DL_RENDER,DL_HW_EXT,LI_Hogwarts > LI_EntranceHall_EXT,/Game/Levels/Overland/Hogwarts/EntranceHall/LI_EntranceHall_EXT,,-10866.9,-28965.4,9119.6
Hogwarts,SM_HW_EH_Trim_Small_B45,StaticMeshActor,LV_Overland/Hogwarts/LI_Hogwarts/LevelInstances/EntranceHall/LI_EntranceHall_EXT/SM_HW_EH_Trim_Small_B45,88F8558E-49E6-2BB6-516D-9181178547F2,1,DL_OVERLAND;DL_RENDER,DL_HW_EXT,LI_Hogwarts > LI_EntranceHall_EXT,/Game/Levels/Overland/Hogwarts/EntranceHall/LI_EntranceHall_EXT,,-9023.9,-29290.4,9119.6
Hogwarts,SM_HW_EH_Trim_Small_B46,StaticMeshActor,LV_Overland/Hogwarts/LI_Hogwarts/LevelInstances/EntranceHall/LI_EntranceHall_EXT/SM_HW_EH_Trim_Small_B46,423E8BE0-4ADB-1C60-B61F-19ADCDB1EA6E,1,DL_OVERLAND;DL_RENDER,DL_HW_EXT,LI_Hogwarts > LI_EntranceHall_EXT,/Game/Levels/Overland/Hogwarts/EntranceHall/LI_EntranceHall_EXT,,-8630.0,-29359.8,9119.6
Hogwarts,SM_HW_EH_Trim_Small_B47,StaticMeshActor,LV_Overland/Hogwarts/LI_Hogwarts/LevelInstances/EntranceHall/LI_EntranceHall_EXT/SM_HW_EH_Trim_Small_B47,A3AF38BA-443F-ED3E-A2F4-73A1D1F8F767,1,DL_OVERLAND;DL_RENDER,DL_HW_EXT,LI_Hogwarts > LI_EntranceHall_EXT,/Game/Levels/Overland/Hogwarts/EntranceHall/LI_EntranceHall_EXT,,-10847.5,-27458.9,7700.4
Hogwarts,SM_HW_EH_Trim_Small_B48,StaticMeshActor,LV_Overland/Hogwarts/LI_Hogwarts/LevelInstances/EntranceHall/LI_EntranceHall_EXT/SM_HW_EH_Trim_Small_B48,EF3A2009-4F01-FBA6-6218-9D83C2D0043A,1,DL_OVERLAND;DL_RENDER,DL_HW_EXT,LI_Hogwarts > LI_EntranceHall_EXT,/Game/Levels/Overland/Hogwarts/EntranceHall/LI_EntranceHall_EXT,,-10995.1,-28296.0,7700.4
Hogwarts,SM_HW_EH_Trim_Small_B49,StaticMeshActor,LV_Overland/Hogwarts/LI_Hogwarts/LevelInstances/EntranceHall/LI_EntranceHall_EXT/SM_HW_EH_Trim_Small_B49,348C6C5C-4CCC-CC44-FF19-66AE5600DF34,1,DL_OVERLAND;DL_RENDER,DL_HW_EXT,LI_Hogwarts > LI_EntranceHall_EXT,/Game/Levels/Overland/Hogwarts/EntranceHall/LI_EntranceHall_EXT,,-11064.5,-28689.9,7700.4
Hogwarts,SM_HW_EH_Trim_Small_B5,StaticMeshActor,LV_Overland/Hogwarts/LI_Hogwarts/LevelInstances/EntranceHall/LI_EntranceHall_EXT/SM_HW_EH_Trim_Small_B5,AA5715AF-40F0-F40C-B07F-C686ECF96E76,1,DL_OVERLAND;DL_RENDER,DL_HW_EXT,LI_Hogwarts > LI_EntranceHall_EXT,/Game/Levels/Overland/Hogwarts/EntranceHall/LI_EntranceHall_EXT,,-10992.7,-28183.5,7918.3
Hogwarts,SM_HW_EH_Trim_Small_B50,StaticMeshActor,LV_Overland/Hogwarts/LI_Hogwarts/LevelInstances/EntranceHall/LI_EntranceHall_EXT/SM_HW_EH_Trim_Small_B50,611ECEBC-4BBC-B5B9-0866-D281952DE144,1,DL_OVERLAND;DL_RENDER,DL_HW_EXT,LI_Hogwarts > LI_EntranceHall_EXT,/Game/Levels/Overland/Hogwarts/EntranceHall/LI_EntranceHall_EXT,,-11073.8,-28688.3,7666.6
Hogwarts,SM_HW_EH_Trim_Small_B51,StaticMeshActor,LV_Overland/Hogwarts/LI_Hogwarts/LevelInstances/EntranceHall/LI_EntranceHall_EXT/SM_HW_EH_Trim_Small_B51,E07BA3E2-45C8-619E-82E5-118F83EC9E2A,1,DL_OVERLAND;DL_RENDER,DL_HW_EXT,LI_Hogwarts > LI_EntranceHall_EXT,/Game/Levels/Overland/Hogwarts/EntranceHall/LI_EntranceHall_EXT,,-11004.3,-28294.3,7666.6
Hogwarts,SM_HW_EH_Trim_Small_B52,StaticMeshActor,LV_Overland/Hogwarts/LI_Hogwarts/LevelInstances/EntranceHall/LI_EntranceHall_EXT/SM_HW_EH_Trim_Small_B52,73C29D1D-458A-7FEB-104F-F6A3B4719B0C,1,DL_OVERLAND;DL_RENDER,DL_HW_EXT,LI_Hogwarts > LI_EntranceHall_EXT,/Game/Levels/Overland/Hogwarts/EntranceHall/LI_EntranceHall_EXT,,-10856.1,-27457.4,7666.4
Hogwarts,SM_HW_EH_Trim_Small_B53,StaticMeshActor,LV_Overland/Hogwarts/LI_Hogwarts/LevelInstances/EntranceHall/LI_EntranceHall_EXT/SM_HW_EH_Trim_Small_B53,C558A07E-487D-EE04-A972-1F8D2913CAB4,1,DL_OVERLAND;DL_RENDER,DL_HW_EXT,LI_Hogwarts > LI_EntranceHall_EXT,/Game/Levels/Overland/Hogwarts/EntranceHall/LI_EntranceHall_EXT,,-10925.6,-27851.3,7666.4
Hogwarts,SM_HW_EH_Trim_Small_B54,StaticMeshActor,LV_Overland/Hogwarts/LI_Hogwarts/LevelInstances/EntranceHall/LI_EntranceHall_EXT/SM_HW_EH_Trim_Small_B54,5C8E1B63-4A96-C69D-9F04-4ABB0BA4DB70,1,DL_OVERLAND;DL_RENDER,DL_HW_EXT,LI_Hogwarts > LI_EntranceHall_EXT,/Game/Levels/Overland/Hogwarts/EntranceHall/LI_EntranceHall_EXT,,-10916.9,-27852.8,7700.4
Hogwarts,SM_HW_EH_Trim_Small_B55,StaticMeshActor,LV_Overland/Hogwarts/LI_Hogwarts/LevelInstances/EntranceHall/LI_EntranceHall_EXT/SM_HW_EH_Trim_Small_B55,A5D2279C-4CE9-0B32-7DB5-16A788A02E93,1,DL_OVERLAND;DL_RENDER,DL_HW_EXT,LI_Hogwarts > LI_EntranceHall_EXT,/Game/Levels/Overland/Hogwarts/EntranceHall/LI_EntranceHall_EXT,,-11078.8,-27197.1,9120.0
Hogwarts,SM_HW_EH_Trim_Small_B56,StaticMeshActor,LV_Overland/Hogwarts/LI_Hogwarts/LevelInstances/EntranceHall/LI_EntranceHall_EXT/SM_HW_EH_Trim_Small_B56,8E9E7CF2-4324-97AE-740E-0E8188A43A2A,1,DL_OVERLAND;DL_RENDER,DL_HW_EXT,LI_Hogwarts > LI_EntranceHall_EXT,/Game/Levels/Overland/Hogwarts/EntranceHall/LI_EntranceHall_EXT,,-11476.7,-27126.9,9120.0
Hogwarts,SM_HW_EH_Trim_Small_B57,StaticMeshActor,LV_Overland/Hogwarts/LI_Hogwarts/LevelInstances/EntranceHall/LI_EntranceHall_EXT/SM_HW_EH_Trim_Small_B57,4B067CF4-42E2-EF27-7D21-BCB796EE0EB4,1,DL_OVERLAND;DL_RENDER,DL_HW_EXT,LI_Hogwarts > LI_EntranceHall_EXT,/Game/Levels/Overland/Hogwarts/EntranceHall/LI_EntranceHall_EXT,,-11874.5,-27056.8,9120.0
Hogwarts,SM_HW_EH_Trim_Small_B58,StaticMeshActor,LV_Overland/Hogwarts/LI_Hogwarts/LevelInstances/EntranceHall/LI_EntranceHall_EXT/SM_HW_EH_Trim_Small_B58,5AD8C742-47BD-D685-2E41-8EA3BF12654E,1,DL_OVERLAND;DL_RENDER,DL_HW_EXT,LI_Hogwarts > LI_EntranceHall_EXT,/Game/Levels/Overland/Hogwarts/EntranceHall/LI_EntranceHall_EXT,,-12272.4,-26986.6,9120.0
Hogwarts,SM_HW_EH_Trim_Small_B59,StaticMeshActor,LV_Overland/Hogwarts/LI_Hogwarts/LevelInstances/EntranceHall/LI_EntranceHall_EXT/SM_HW_EH_Trim_Small_B59,F1532638-4E4C-EE50-CA08-0FA4DF7B9B36,1,DL_OVERLAND;DL_RENDER,DL_HW_EXT,LI_Hogwarts > LI_EntranceHall_EXT,/Game/Levels/Overland/Hogwarts/EntranceHall/LI_EntranceHall_EXT,,-12670.3,-26916.4,9120.0
Hogwarts,SM_HW_EH_Trim_Small_B6,StaticMeshActor,LV_Overland/Hogwarts/LI_Hogwarts/LevelInstances/EntranceHall/LI_EntranceHall_EXT/SM_HW_EH_Trim_Small_B6,ACF05F9B-4CCF-EF14-8368-6CB6554CDC0B,1,DL_OVERLAND;DL_RENDER,DL_HW_EXT,LI_Hogwarts > LI_EntranceHall_EXT,/Game/Levels/Overland/Hogwarts/EntranceHall/LI_EntranceHall_EXT,,-10923.2,-27789.5,7918.3
Hogwarts,SM_HW_EH_Trim_Small_B60,StaticMeshActor,LV_Overland/Hogwarts/LI_Hogwarts/LevelInstances/EntranceHall/LI_EntranceHall_EXT/SM_HW_EH_Trim_Small_B60,823283B9-43E7-2C40-482F-83B8C66F8363,1,DL_OVERLAND;DL_RENDER,DL_HW_EXT,LI_Hogwarts > LI_EntranceHall_EXT,/Game/Levels/Overland/Hogwarts/EntranceHall/LI_EntranceHall_EXT,,-11074.7,-27173.6,7917.5
Hogwarts,SM_HW_EH_Trim_Small_B61,StaticMeshActor,LV_Overland/Hogwarts/LI_Hogwarts/LevelInstances/EntranceHall/LI_EntranceHall_EXT/SM_HW_EH_Trim_Small_B61,89B4CF4A-463C-C4F2-72AE-85ADD42C611B,1,DL_OVERLAND;DL_RENDER,DL_HW_EXT,LI_Hogwarts > LI_EntranceHall_EXT,/Game/Levels/Overland/Hogwarts/EntranceHall/LI_EntranceHall_EXT,,-11472.5,-27103.5,7917.5
Hogwarts,SM_HW_EH_Trim_Small_B62,StaticMeshActor,LV_Overland/Hogwarts/LI_Hogwarts/LevelInstances/EntranceHall/LI_EntranceHall_EXT/SM_HW_EH_Trim_Small_B62,5AA91E08-44F5-3073-21E2-A8914C891D96,1,DL_OVERLAND;DL_RENDER,DL_HW_EXT,LI_Hogwarts > LI_EntranceHall_EXT,/Game/Levels/Overland/Hogwarts/EntranceHall/LI_EntranceHall_EXT,,-11870.4,-27033.3,7917.5
Hogwarts,SM_HW_EH_Trim_Small_B63,StaticMeshActor,LV_Overland/Hogwarts/LI_Hogwarts/LevelInstances/EntranceHall/LI_EntranceHall_EXT/SM_HW_EH_Trim_Small_B63,5FCD7906-43D6-B88B-010C-54BA28750DB5,1,DL_OVERLAND;DL_RENDER,DL_HW_EXT,LI_Hogwarts > LI_EntranceHall_EXT,/Game/Levels/Overland/Hogwarts/EntranceHall/LI_EntranceHall_EXT,,-12268.3,-26963.1,7917.5
Hogwarts,SM_HW_EH_Trim_Small_B64,StaticMeshActor,LV_Overland/Hogwarts/LI_Hogwarts/LevelInstances/EntranceHall/LI_EntranceHall_EXT/SM_HW_EH_Trim_Small_B64,1CCE1FA8-4199-1826-030C-C9BE729F485A,1,DL_OVERLAND;DL_RENDER,DL_HW_EXT,LI_Hogwarts > LI_EntranceHall_EXT,/Game/Levels/Overland/Hogwarts/EntranceHall/LI_EntranceHall_EXT,,-12666.1,-26893.0,7917.5
Hogwarts,SM_HW_EH_Trim_Small_B7,StaticMeshActor,LV_Overland/Hogwarts/LI_Hogwarts/LevelInstances/EntranceHall/LI_EntranceHall_EXT/SM_HW_EH_Trim_Small_B7,72C67B8F-414E-0687-8BD2-43BB084DCC13,1,DL_OVERLAND;DL_RENDER,DL_HW_EXT,LI_Hogwarts > LI_EntranceHall_EXT,/Game/Levels/Overland/Hogwarts/EntranceHall/LI_EntranceHall_EXT,,-10853.7,-27395.6,7918.3
Hogwarts,SM_HW_EH_Trim_Small_B8,StaticMeshActor,LV_Overland/Hogwarts/LI_Hogwarts/LevelInstances/EntranceHall/LI_EntranceHall_EXT/SM_HW_EH_Trim_Small_B8,AC1ADD95-414E-100B-9542-3EAC22FE3C9C,1,DL_OVERLAND;DL_RENDER,DL_HW_EXT,LI_Hogwarts > LI_EntranceHall_EXT,/Game/Levels/Overland/Hogwarts/EntranceHall/LI_EntranceHall_EXT,,-11062.1,-28577.4,7918.3
Hogwarts,SM_HW_EH_Trim_Small_B9,StaticMeshActor,LV_Overland/Hogwarts/LI_Hogwarts/LevelInstances/EntranceHall/LI_EntranceHall_EXT/SM_HW_EH_Trim_Small_B9,F6BA26BF-4802-DA1F-D08A-C187E80362FD,1,DL_OVERLAND;DL_RENDER,DL_HW_EXT,LI_Hogwarts > LI_EntranceHall_EXT,/Game/Levels/Overland/Hogwarts/EntranceHall/LI_EntranceHall_EXT,,-8148.2,-27884.1,9120.0
Hogwarts,SM_HW_EH_Trim_Top_A,StaticMeshActor,LV_Overland/Hogwarts/LI_Hogwarts/LevelInstances/EntranceHall/LI_EntranceHall_EXT/SM_HW_EH_Trim_Top_A,81E6C8CE-4195-1A34-0B97-C48E829DF2BD,1,DL_OVERLAND;DL_RENDER,DL_HW_EXT,LI_Hogwarts > LI_EntranceHall_EXT,/Game/Levels/Overland/Hogwarts/EntranceHall/LI_EntranceHall_EXT,,-8348.2,-29077.5,9381.2
Hogwarts,SM_HW_EH_Trim_Top_A10,StaticMeshActor,LV_Overland/Hogwarts/LI_Hogwarts/LevelInstances/EntranceHall/LI_EntranceHall_EXT/SM_HW_EH_Trim_Top_A10,0F64B08D-43A7-B628-E3A1-91866123E817,1,DL_OVERLAND;DL_RENDER,DL_HW_EXT,LI_Hogwarts > LI_EntranceHall_EXT,/Game/Levels/Overland/Hogwarts/EntranceHall/LI_EntranceHall_EXT,,-10982.3,-27870.4,9381.2
Hogwarts,SM_HW_EH_Trim_Top_A11,StaticMeshActor,LV_Overland/Hogwarts/LI_Hogwarts/LevelInstances/EntranceHall/LI_EntranceHall_EXT/SM_HW_EH_Trim_Top_A11,6C031517-4CB6-9C98-CC07-D9AEAB388AAA,1,DL_OVERLAND;DL_RENDER,DL_HW_EXT,LI_Hogwarts > LI_EntranceHall_EXT,/Game/Levels/Overland/Hogwarts/EntranceHall/LI_EntranceHall_EXT,,-11051.8,-28264.3,9381.2
Hogwarts,SM_HW_EH_Trim_Top_A12,StaticMeshActor,LV_Overland/Hogwarts/LI_Hogwarts/LevelInstances/EntranceHall/LI_EntranceHall_EXT/SM_HW_EH_Trim_Top_A12,845A3741-497E-75DC-4E15-83B41F17A561,1,DL_OVERLAND;DL_RENDER,DL_HW_EXT,LI_Hogwarts > LI_EntranceHall_EXT,/Game/Levels/Overland/Hogwarts/EntranceHall/LI_EntranceHall_EXT,,-11121.3,-28658.2,9381.2
Hogwarts,SM_HW_EH_Trim_Top_A13,StaticMeshActor,LV_Overland/Hogwarts/LI_Hogwarts/LevelInstances/EntranceHall/LI_EntranceHall_EXT/SM_HW_EH_Trim_Top_A13,C2A7ED7A-4706-84E8-3FDB-6B9FE69549CF,1,DL_OVERLAND;DL_RENDER,DL_HW_EXT,LI_Hogwarts > LI_EntranceHall_EXT,/Game/Levels/Overland/Hogwarts/EntranceHall/LI_EntranceHall_EXT,,-11490.4,-27152.1,9381.2
Hogwarts,SM_HW_EH_Trim_Top_A14,StaticMeshActor,LV_Overland/Hogwarts/LI_Hogwarts/LevelInstances/EntranceHall/LI_EntranceHall_EXT/SM_HW_EH_Trim_Top_A14,7693F487-4755-539C-3F34-FDB202983604,1,DL_OVERLAND;DL_RENDER,DL_HW_EXT,LI_Hogwarts > LI_EntranceHall_EXT,/Game/Levels/Overland/Hogwarts/EntranceHall/LI_EntranceHall_EXT,,-11884.3,-27082.7,9381.2
Hogwarts,SM_HW_EH_Trim_Top_A15,StaticMeshActor,LV_Overland/Hogwarts/LI_Hogwarts/LevelInstances/EntranceHall/LI_EntranceHall_EXT/SM_HW_EH_Trim_Top_A15,0E9C5F8F-4777-5BF4-C26B-3D965FFA5BBC,1,DL_OVERLAND;DL_RENDER,DL_HW_EXT,LI_Hogwarts > LI_EntranceHall_EXT,/Game/Levels/Overland/Hogwarts/EntranceHall/LI_EntranceHall_EXT,,-12278.3,-27013.2,9381.2
Hogwarts,SM_HW_EH_Trim_Top_A16,StaticMeshActor,LV_Overland/Hogwarts/LI_Hogwarts/LevelInstances/EntranceHall/LI_EntranceHall_EXT/SM_HW_EH_Trim_Top_A16,1EA4FEC1-4BB3-3CBF-90CC-8595B9011657,1,DL_OVERLAND;DL_RENDER,DL_HW_EXT,LI_Hogwarts > LI_EntranceHall_EXT,/Game/Levels/Overland/Hogwarts/EntranceHall/LI_EntranceHall_EXT,,-11096.5,-27221.6,9381.2
Hogwarts,SM_HW_EH_Trim_Top_A17,StaticMeshActor,LV_Overland/Hogwarts/LI_Hogwarts/LevelInstances/EntranceHall/LI_EntranceHall_EXT/SM_HW_EH_Trim_Top_A17,FE353645-43B8-4021-3F85-E2BA447D0C04,1,DL_OVERLAND;DL_RENDER,DL_HW_EXT,LI_Hogwarts > LI_EntranceHall_EXT,/Game/Levels/Overland/Hogwarts/EntranceHall/LI_EntranceHall_EXT,,-12672.2,-26943.8,9381.2
Hogwarts,SM_HW_EH_Trim_Top_A2,StaticMeshActor,LV_Overland/Hogwarts/LI_Hogwarts/LevelInstances/EntranceHall/LI_EntranceHall_EXT/SM_HW_EH_Trim_Top_A2,D6338076-40E9-3EA1-56E0-2FB53CB6AEBF,1,DL_OVERLAND;DL_RENDER,DL_HW_EXT,LI_Hogwarts > LI_EntranceHall_EXT,/Game/Levels/Overland/Hogwarts/EntranceHall/LI_EntranceHall_EXT,,-8278.7,-28683.6,9381.2
Hogwarts,SM_HW_EH_Trim_Top_A3,StaticMeshActor,LV_Overland/Hogwarts/LI_Hogwarts/LevelInstances/EntranceHall/LI_EntranceHall_EXT/SM_HW_EH_Trim_Top_A3,95A5389D-4C45-643A-D120-2DB834E91D4F,1,DL_OVERLAND;DL_RENDER,DL_HW_EXT,LI_Hogwarts > LI_EntranceHall_EXT,/Game/Levels/Overland/Hogwarts/EntranceHall/LI_EntranceHall_EXT,,-8209.3,-28289.6,9381.2
Hogwarts,SM_HW_EH_Trim_Top_A4,StaticMeshActor,LV_Overland/Hogwarts/LI_Hogwarts/LevelInstances/EntranceHall/LI_EntranceHall_EXT/SM_HW_EH_Trim_Top_A4,7A3309DB-47BA-E8D2-9A87-52A4E1753C06,1,DL_OVERLAND;DL_RENDER,DL_HW_EXT,LI_Hogwarts > LI_EntranceHall_EXT,/Game/Levels/Overland/Hogwarts/EntranceHall/LI_EntranceHall_EXT,,-8139.8,-27895.7,9381.2
Hogwarts,SM_HW_EH_Trim_Top_A5,StaticMeshActor,LV_Overland/Hogwarts/LI_Hogwarts/LevelInstances/EntranceHall/LI_EntranceHall_EXT/SM_HW_EH_Trim_Top_A5,4E8B5AA8-4AE0-362B-03F6-1FBD89E7C63F,1,DL_OVERLAND;DL_RENDER,DL_HW_EXT,LI_Hogwarts > LI_EntranceHall_EXT,/Game/Levels/Overland/Hogwarts/EntranceHall/LI_EntranceHall_EXT,,-8070.4,-27501.8,9381.2
Hogwarts,SM_HW_EH_Trim_Top_A6,StaticMeshActor,LV_Overland/Hogwarts/LI_Hogwarts/LevelInstances/EntranceHall/LI_EntranceHall_EXT/SM_HW_EH_Trim_Top_A6,5C1C4215-4F88-7A09-D217-F38427EBC47A,1,DL_OVERLAND;DL_RENDER,DL_HW_EXT,LI_Hogwarts > LI_EntranceHall_EXT,/Game/Levels/Overland/Hogwarts/EntranceHall/LI_EntranceHall_EXT,,-8000.9,-27107.9,9381.2
Hogwarts,SM_HW_EH_Trim_Top_A9,StaticMeshActor,LV_Overland/Hogwarts/LI_Hogwarts/LevelInstances/EntranceHall/LI_EntranceHall_EXT/SM_HW_EH_Trim_Top_A9,2CAD1CAC-4E6A-06EA-FD50-C48B0D8BC79A,1,DL_OVERLAND;DL_RENDER,DL_HW_EXT,LI_Hogwarts > LI_EntranceHall_EXT,/Game/Levels/Overland/Hogwarts/EntranceHall/LI_EntranceHall_EXT,,-10912.9,-27476.5,9381.2
Hogwarts,SM_HW_EH_Wall_Attic_Door_B,StaticMeshActor,LV_Overland/Hogwarts/LI_Hogwarts/LevelInstances/EntranceHall/LI_EntranceHall_EXT/SM_HW_EH_Wall_Attic_Door_B,6F735AAC-4184-9BF9-18AD-799F086970EA,1,DL_OVERLAND;DL_RENDER,DL_HW_EXT,LI_Hogwarts > LI_EntranceHall_EXT,/Game/Levels/Overland/Hogwarts/EntranceHall/LI_EntranceHall_EXT,,-8574.7,-27953.5,9485.9
Hogwarts,SM_HW_EH_Wall_Entrance,StaticMeshActor,LV_Overland/Hogwarts/LI_Hogwarts/LevelInstances/EntranceHall/LI_EntranceHall_EXT/RENDER/SM_HW_EH_Wall_Entrance,3699DF5F-49EB-7F96-5290-35AF5D8BAB5F,1,DL_OVERLAND;DL_RENDER,DL_HW_EXT,LI_Hogwarts > LI_EntranceHall_EXT,/Game/Levels/Overland/Hogwarts/EntranceHall/LI_EntranceHall_EXT,,-9795.1,-29124.7,9301.0
Hogwarts,SM_HW_EH_Wall_Windows2,StaticMeshActor,LV_Overland/Hogwarts/LI_Hogwarts/LevelInstances/EntranceHall/LI_EntranceHall_EXT/RENDER/SM_HW_EH_Wall_Windows2,F7E720F9-4C82-6A36-D2F1-E7ABFFB59EAF,1,DL_OVERLAND;DL_RENDER,DL_HW_EXT,LI_Hogwarts > LI_EntranceHall_EXT,/Game/Levels/Overland/Hogwarts/EntranceHall/LI_EntranceHall_EXT,,-10524.0,-27721.7,9719.1
Hogwarts,SM_HW_EH_Wall_Windows_A,StaticMeshActor,LV_Overland/Hogwarts/LI_Hogwarts/LevelInstances/EntranceHall/LI_EntranceHall_EXT/SM_HW_EH_Wall_Windows_A,CF98A54D-4349-1DA1-C889-379F7D9C2077,1,DL_OVERLAND;DL_RENDER,DL_HW_EXT,LI_Hogwarts > LI_EntranceHall_EXT,/Game/Levels/Overland/Hogwarts/EntranceHall/LI_EntranceHall_EXT,,-8245.6,-28139.1,8328.7
Hogwarts,SM_HW_EH_Wall_Windows_B,StaticMeshActor,LV_Overland/Hogwarts/LI_Hogwarts/LevelInstances/EntranceHall/LI_EntranceHall_EXT/SM_HW_EH_Wall_Windows_B,819C3E54-4477-211C-71CD-BF839D1A3C1E,1,DL_OVERLAND;DL_RENDER,DL_HW_EXT,LI_Hogwarts > LI_EntranceHall_EXT,/Game/Levels/Overland/Hogwarts/EntranceHall/LI_EntranceHall_EXT,,-10952.0,-27938.5,8315.5
Hogwarts,SM_HW_EH_Wall_Windows_Small_A,StaticMeshActor,LV_Overland/Hogwarts/LI_Hogwarts/LevelInstances/EntranceHall/LI_EntranceHall_EXT/SM_HW_EH_Wall_Windows_Small_A,4908095C-443D-526A-41D1-81BAEF9C0EC4,1,DL_OVERLAND;DL_RENDER,DL_HW_EXT,LI_Hogwarts > LI_EntranceHall_EXT,/Game/Levels/Overland/Hogwarts/EntranceHall/LI_EntranceHall_EXT,,-8191.6,-28142.9,9238.1
Hogwarts,SM_HW_EH_Wall_Windows_Small_B,StaticMeshActor,LV_Overland/Hogwarts/LI_Hogwarts/LevelInstances/EntranceHall/LI_EntranceHall_EXT/SM_HW_EH_Wall_Windows_Small_B,F259A577-4770-E3DA-D77E-9085739A7036,1,DL_OVERLAND;DL_RENDER,DL_HW_EXT,LI_Hogwarts > LI_EntranceHall_EXT,/Game/Levels/Overland/Hogwarts/EntranceHall/LI_EntranceHall_EXT,,-10988.1,-27965.1,9243.3
Hogwarts,SM_HW_EH_WindowGlass_Circle2,StaticMeshActor,LV_Overland/Hogwarts/LI_Hogwarts/LevelInstances/EntranceHall/LI_EntranceHall_EXT/SM_HW_EH_WindowGlass_Circle2,0D2F9314-4446-3E29-EA99-ACAC9E04582C,1,DL_OVERLAND;DL_RENDER,DL_HW_EXT,LI_Hogwarts > LI_EntranceHall_EXT,/Game/Levels/Overland/Hogwarts/EntranceHall/LI_EntranceHall_EXT,,-9772.3,-29073.4,9700.0
Hogwarts,SM_HW_Finial_A10,StaticMeshActor,LV_Overland/Hogwarts/LI_Hogwarts/LevelInstances/EntranceHall/LI_EntranceHall_EXT/SM_HW_Finial_A10,3AA7F5E1-48C2-C133-C1ED-DCAA8B34B81D,1,DL_OVERLAND;DL_RENDER,DL_HW_EXT,LI_Hogwarts > LI_EntranceHall_EXT,/Game/Levels/Overland/Hogwarts/EntranceHall/LI_EntranceHall_EXT,,-9076.7,-26011.1,13596.6
Hogwarts,SM_HW_Finial_A11,StaticMeshActor,LV_Overland/Hogwarts/LI_Hogwarts/LevelInstances/EntranceHall/LI_EntranceHall_EXT/SM_HW_Finial_A11,957A3AA7-4710-1217-9FBB-2899544902D9,1,DL_OVERLAND;DL_RENDER,DL_HW_EXT,LI_Hogwarts > LI_EntranceHall_EXT,/Game/Levels/Overland/Hogwarts/EntranceHall/LI_EntranceHall_EXT,,-9280.9,-25975.1,13596.6
Hogwarts,SM_HW_Finial_A12,StaticMeshActor,LV_Overland/Hogwarts/LI_Hogwarts/LevelInstances/EntranceHall/LI_EntranceHall_EXT/SM_HW_Finial_A12,1BCE94EC-4757-E2BD-E98C-D3919240C250,1,DL_OVERLAND;DL_RENDER,DL_HW_EXT,LI_Hogwarts > LI_EntranceHall_EXT,/Game/Levels/Overland/Hogwarts/EntranceHall/LI_EntranceHall_EXT,,-9379.4,-25957.8,13596.6
Hogwarts,SM_HW_Finial_A6,StaticMeshActor,LV_Overland/Hogwarts/LI_Hogwarts/LevelInstances/EntranceHall/LI_EntranceHall_EXT/SM_HW_Finial_A6,8D10356A-41FB-6122-45CD-9DAB7DBD43CF,1,DL_OVERLAND;DL_RENDER,DL_HW_EXT,LI_Hogwarts > LI_EntranceHall_EXT,/Game/Levels/Overland/Hogwarts/EntranceHall/LI_EntranceHall_EXT,,-9226.5,-25985.0,13902.8
Hogwarts,SM_HW_Finial_A7,StaticMeshActor,LV_Overland/Hogwarts/LI_Hogwarts/LevelInstances/EntranceHall/LI_EntranceHall_EXT/SM_HW_Finial_A7,F814B959-4727-DF83-E259-15B8C8C88585,1,DL_OVERLAND;DL_RENDER,DL_HW_EXT,LI_Hogwarts > LI_EntranceHall_EXT,/Game/Levels/Overland/Hogwarts/EntranceHall/LI_EntranceHall_EXT,,-9039.7,-26017.7,13744.0
Hogwarts,SM_HW_Finial_A8,StaticMeshActor,LV_Overland/Hogwarts/LI_Hogwarts/LevelInstances/EntranceHall/LI_EntranceHall_EXT/SM_HW_Finial_A8,FCF112F9-4E90-8E0C-AC0B-EC8FEA3E55B4,1,DL_OVERLAND;DL_RENDER,DL_HW_EXT,LI_Hogwarts > LI_EntranceHall_EXT,/Game/Levels/Overland/Hogwarts/EntranceHall/LI_EntranceHall_EXT,,-9417.4,-25949.6,13744.0
Hogwarts,SM_HW_Finial_A9,StaticMeshActor,LV_Overland/Hogwarts/LI_Hogwarts/LevelInstances/EntranceHall/LI_EntranceHall_EXT/SM_HW_Finial_A9,99201FDD-4E4B-1B9F-AE05-01A5FF4D7C13,1,DL_OVERLAND;DL_RENDER,DL_HW_EXT,LI_Hogwarts > LI_EntranceHall_EXT,/Game/Levels/Overland/Hogwarts/EntranceHall/LI_EntranceHall_EXT,,-9175.2,-25993.7,13596.6
Hogwarts,SM_HW_Finial_B_5,StaticMeshActor,LV_Overland/Hogwarts/LI_Hogwarts/LevelInstances/EntranceHall/LI_EntranceHall_EXT/RENDER/Tower/SM_HW_Finial_B_5,F0A40A91-4127-3004-DB97-C78BC17D2453,1,DL_OVERLAND;DL_RENDER,DL_HW_EXT,LI_Hogwarts > LI_EntranceHall_EXT,/Game/Levels/Overland/Hogwarts/EntranceHall/LI_EntranceHall_EXT,,-9150.3,-25541.5,13331.4
Hogwarts,SM_HW_GH_Trim_Base_A15,StaticMeshActor,LV_Overland/Hogwarts/LI_Hogwarts/LevelInstances/EntranceHall/LI_EntranceHall_EXT/RENDER/SM_HW_GH_Trim_Base_A15,195F090D-4EAA-5B84-ED4F-208683372C70,1,DL_OVERLAND;DL_RENDER,DL_HW_EXT,LI_Hogwarts > LI_EntranceHall_EXT,/Game/Levels/Overland/Hogwarts/EntranceHall/LI_EntranceHall_EXT,,-8417.8,-27198.0,9425.7
Hogwarts,SM_HW_GH_Trim_Base_A16,StaticMeshActor,LV_Overland/Hogwarts/LI_Hogwarts/LevelInstances/EntranceHall/LI_EntranceHall_EXT/RENDER/SM_HW_GH_Trim_Base_A16,086EAD39-4A4C-ECF6-09E0-C8A4F16B55D5,1,DL_OVERLAND;DL_RENDER,DL_HW_EXT,LI_Hogwarts > LI_EntranceHall_EXT,/Game/Levels/Overland/Hogwarts/EntranceHall/LI_EntranceHall_EXT,,-8500.5,-27687.1,9425.7
Hogwarts,SM_HW_GH_Trim_Base_A17,StaticMeshActor,LV_Overland/Hogwarts/LI_Hogwarts/LevelInstances/EntranceHall/LI_EntranceHall_EXT/RENDER/SM_HW_GH_Trim_Base_A17,7B80B20C-4E36-D04B-8249-C0BB6A1B3D48,1,DL_OVERLAND;DL_RENDER,DL_HW_EXT,LI_Hogwarts > LI_EntranceHall_EXT,/Game/Levels/Overland/Hogwarts/EntranceHall/LI_EntranceHall_EXT,,-8586.1,-28179.2,9425.7
Hogwarts,SM_HW_GH_Trim_Base_A18,StaticMeshActor,LV_Overland/Hogwarts/LI_Hogwarts/LevelInstances/EntranceHall/LI_EntranceHall_EXT/RENDER/SM_HW_GH_Trim_Base_A18,8F024BA6-4845-188A-3CF6-FBBF983CDCAA,1,DL_OVERLAND;DL_RENDER,DL_HW_EXT,LI_Hogwarts > LI_EntranceHall_EXT,/Game/Levels/Overland/Hogwarts/EntranceHall/LI_EntranceHall_EXT,,-8675.8,-28671.7,9425.7
Hogwarts,SM_HW_GH_Trim_Base_A19,StaticMeshActor,LV_Overland/Hogwarts/LI_Hogwarts/LevelInstances/EntranceHall/LI_EntranceHall_EXT/RENDER/SM_HW_GH_Trim_Base_A19,94A52857-4B48-CDEA-E75F-C3A616CA2FCA,1,DL_OVERLAND;DL_RENDER,DL_HW_EXT,LI_Hogwarts > LI_EntranceHall_EXT,/Game/Levels/Overland/Hogwarts/EntranceHall/LI_EntranceHall_EXT,,-8750.8,-29105.4,9425.7
Hogwarts,SM_HW_GH_Trim_Base_A20,StaticMeshActor,LV_Overland/Hogwarts/LI_Hogwarts/LevelInstances/EntranceHall/LI_EntranceHall_EXT/RENDER/SM_HW_GH_Trim_Base_A20,CB3963D9-40CD-4A95-8566-82BAE8897B00,1,DL_OVERLAND;DL_RENDER,DL_HW_EXT,LI_Hogwarts > LI_EntranceHall_EXT,/Game/Levels/Overland/Hogwarts/EntranceHall/LI_EntranceHall_EXT,,-10638.2,-28172.4,9425.7
Hogwarts,SM_HW_GH_Trim_Base_A21,StaticMeshActor,LV_Overland/Hogwarts/LI_Hogwarts/LevelInstances/EntranceHall/LI_EntranceHall_EXT/RENDER/SM_HW_GH_Trim_Base_A21,A7DF558F-48F7-B9CF-C54A-98A258A406DC,1,DL_OVERLAND;DL_RENDER,DL_HW_EXT,LI_Hogwarts > LI_EntranceHall_EXT,/Game/Levels/Overland/Hogwarts/EntranceHall/LI_EntranceHall_EXT,,-10571.0,-27783.8,9425.7
Hogwarts,SM_HW_GH_Trim_Base_A22,StaticMeshActor,LV_Overland/Hogwarts/LI_Hogwarts/LevelInstances/EntranceHall/LI_EntranceHall_EXT/RENDER/SM_HW_GH_Trim_Base_A22,774C3916-477B-8328-0E27-9993682018AF,1,DL_OVERLAND;DL_RENDER,DL_HW_EXT,LI_Hogwarts > LI_EntranceHall_EXT,/Game/Levels/Overland/Hogwarts/EntranceHall/LI_EntranceHall_EXT,,-10504.7,-27401.2,9425.7
Hogwarts,SM_HW_GH_Trim_Base_A25,StaticMeshActor,LV_Overland/Hogwarts/LI_Hogwarts/LevelInstances/EntranceHall/LI_EntranceHall_EXT/RENDER/SM_HW_GH_Trim_Base_A25,31E57100-40E9-E921-7DE7-53BF28C64D3D,1,DL_OVERLAND;DL_RENDER,DL_HW_EXT,LI_Hogwarts > LI_EntranceHall_EXT,/Game/Levels/Overland/Hogwarts/EntranceHall/LI_EntranceHall_EXT,,-10706.6,-28567.4,9425.7
Hogwarts,SM_HW_GH_Trim_Base_A26,StaticMeshActor,LV_Overland/Hogwarts/LI_Hogwarts/LevelInstances/EntranceHall/LI_EntranceHall_EXT/RENDER/SM_HW_GH_Trim_Base_A26,22978A14-415B-5F70-DCBF-26B2B830B212,1,DL_OVERLAND;DL_RENDER,DL_HW_EXT,LI_Hogwarts > LI_EntranceHall_EXT,/Game/Levels/Overland/Hogwarts/EntranceHall/LI_EntranceHall_EXT,,-10367.2,-26638.5,9425.7
Hogwarts,SM_HW_GH_Trim_Base_A27,StaticMeshActor,LV_Overland/Hogwarts/LI_Hogwarts/LevelInstances/EntranceHall/LI_EntranceHall_EXT/RENDER/SM_HW_GH_Trim_Base_A27,CD5528BA-453B-16F3-678F-75BDC9D94EC3,1,DL_OVERLAND;DL_RENDER,DL_HW_EXT,LI_Hogwarts > LI_EntranceHall_EXT,/Game/Levels/Overland/Hogwarts/EntranceHall/LI_EntranceHall_EXT,,-10625.4,-26456.6,9425.7
Hogwarts,SM_HW_GH_Trim_Base_A28,StaticMeshActor,LV_Overland/Hogwarts/LI_Hogwarts/LevelInstances/EntranceHall/LI_EntranceHall_EXT/RENDER/SM_HW_GH_Trim_Base_A28,E9055228-4411-1A63-3A77-DEBE742E683C,1,DL_OVERLAND;DL_RENDER,DL_HW_EXT,LI_Hogwarts > LI_EntranceHall_EXT,/Game/Levels/Overland/Hogwarts/EntranceHall/LI_EntranceHall_EXT,,-8497.6,-26605.0,10025.1
Hogwarts,SM_HW_GH_Trim_Base_A29,StaticMeshActor,LV_Overland/Hogwarts/LI_Hogwarts/LevelInstances/EntranceHall/LI_EntranceHall_EXT/RENDER/SM_HW_GH_Trim_Base_A29,D7088E7A-4919-C19C-51A9-5CA8831D8E73,1,DL_OVERLAND;DL_RENDER,DL_HW_EXT,LI_Hogwarts > LI_EntranceHall_EXT,/Game/Levels/Overland/Hogwarts/EntranceHall/LI_EntranceHall_EXT,,-11019.5,-26388.4,9425.7
Hogwarts,SM_HW_GH_Trim_Base_A30,StaticMeshActor,LV_Overland/Hogwarts/LI_Hogwarts/LevelInstances/EntranceHall/LI_EntranceHall_EXT/RENDER/SM_HW_GH_Trim_Base_A30,686BD020-4EAA-A566-799F-39B539D0B5FD,1,DL_OVERLAND;DL_RENDER,DL_HW_EXT,LI_Hogwarts > LI_EntranceHall_EXT,/Game/Levels/Overland/Hogwarts/EntranceHall/LI_EntranceHall_EXT,,-11413.6,-26320.2,9425.7
Hogwarts,SM_HW_GH_Trim_Base_A31,StaticMeshActor,LV_Overland/Hogwarts/LI_Hogwarts/LevelInstances/EntranceHall/LI_EntranceHall_EXT/RENDER/SM_HW_GH_Trim_Base_A31,7BFF1810-47B0-9B90-50C5-2FA912370B60,1,DL_OVERLAND;DL_RENDER,DL_HW_EXT,LI_Hogwarts > LI_EntranceHall_EXT,/Game/Levels/Overland/Hogwarts/EntranceHall/LI_EntranceHall_EXT,,-11807.8,-26252.0,9425.7
Hogwarts,SM_HW_GH_Trim_Base_A32,StaticMeshActor,LV_Overland/Hogwarts/LI_Hogwarts/LevelInstances/EntranceHall/LI_EntranceHall_EXT/RENDER/SM_HW_GH_Trim_Base_A32,A1E9431E-4AE7-A591-607D-5E847BCD9AD7,1,DL_OVERLAND;DL_RENDER,DL_HW_EXT,LI_Hogwarts > LI_EntranceHall_EXT,/Game/Levels/Overland/Hogwarts/EntranceHall/LI_EntranceHall_EXT,,-12207.8,-26182.7,9425.7
Hogwarts,SM_HW_GH_Trim_Base_A33,StaticMeshActor,LV_Overland/Hogwarts/LI_Hogwarts/LevelInstances/EntranceHall/LI_EntranceHall_EXT/RENDER/SM_HW_GH_Trim_Base_A33,BBF728B0-49BC-77F5-31BB-E7B292B574A5,1,DL_OVERLAND;DL_RENDER,DL_HW_EXT,LI_Hogwarts > LI_EntranceHall_EXT,/Game/Levels/Overland/Hogwarts/EntranceHall/LI_EntranceHall_EXT,,-8354.7,-26819.7,9347.9
Hogwarts,SM_HW_GH_Trim_Base_A34,StaticMeshActor,LV_Overland/Hogwarts/LI_Hogwarts/LevelInstances/EntranceHall/LI_EntranceHall_EXT/RENDER/SM_HW_GH_Trim_Base_A34,7765D208-4C3B-817E-B42A-E1A7D36A4D4B,1,DL_OVERLAND;DL_RENDER,DL_HW_EXT,LI_Hogwarts > LI_EntranceHall_EXT,/Game/Levels/Overland/Hogwarts/EntranceHall/LI_EntranceHall_EXT,,-12124.3,-24757.3,9336.1
Hogwarts,SM_HW_GH_Trim_Base_A35,StaticMeshActor,LV_Overland/Hogwarts/LI_Hogwarts/LevelInstances/EntranceHall/LI_EntranceHall_EXT/RENDER/SM_HW_GH_Trim_Base_A35,66057065-4A0D-E4F3-F582-9480EC696DAD,1,DL_OVERLAND;DL_RENDER,DL_HW_EXT,LI_Hogwarts > LI_EntranceHall_EXT,/Game/Levels/Overland/Hogwarts/EntranceHall/LI_EntranceHall_EXT,,-11730.1,-24825.5,9336.1
Hogwarts,SM_HW_GH_Trim_Base_A36,StaticMeshActor,LV_Overland/Hogwarts/LI_Hogwarts/LevelInstances/EntranceHall/LI_EntranceHall_EXT/RENDER/SM_HW_GH_Trim_Base_A36,D9CD2682-4780-E105-DCEB-2E8092B32FAD,1,DL_OVERLAND;DL_RENDER,DL_HW_EXT,LI_Hogwarts > LI_EntranceHall_EXT,/Game/Levels/Overland/Hogwarts/EntranceHall/LI_EntranceHall_EXT,,-11336.0,-24893.7,9336.1
Hogwarts,SM_HW_GH_Trim_Base_A37,StaticMeshActor,LV_Overland/Hogwarts/LI_Hogwarts/LevelInstances/EntranceHall/LI_EntranceHall_EXT/RENDER/SM_HW_GH_Trim_Base_A37,D4872246-462D-D951-3EB4-FF99B315A334,1,DL_OVERLAND;DL_RENDER,DL_HW_EXT,LI_Hogwarts > LI_EntranceHall_EXT,/Game/Levels/Overland/Hogwarts/EntranceHall/LI_EntranceHall_EXT,,-10941.9,-24962.0,9336.1
Hogwarts,SM_HW_GH_Trim_Base_A38,StaticMeshActor,LV_Overland/Hogwarts/LI_Hogwarts/LevelInstances/EntranceHall/LI_EntranceHall_EXT/RENDER/SM_HW_GH_Trim_Base_A38,932AC1CF-43B2-27B5-B647-D9AD4CB2146A,1,DL_OVERLAND;DL_RENDER,DL_HW_EXT,LI_Hogwarts > LI_EntranceHall_EXT,/Game/Levels/Overland/Hogwarts/EntranceHall/LI_EntranceHall_EXT,,-10537.8,-25031.9,9336.1
Hogwarts,SM_HW_GH_Trim_Base_A67,StaticMeshActor,LV_Overland/Hogwarts/LI_Hogwarts/LevelInstances/EntranceHall/LI_EntranceHall_EXT/RENDER/SM_HW_GH_Trim_Base_A67,D803DDAD-4373-72D2-5060-4991A9207A4A,1,DL_OVERLAND;DL_RENDER,DL_HW_EXT,LI_Hogwarts > LI_EntranceHall_EXT,/Game/Levels/Overland/Hogwarts/EntranceHall/LI_EntranceHall_EXT,,-9168.8,-26513.9,11456.0
Hogwarts,SM_HW_GH_Trim_Base_A68,StaticMeshActor,LV_Overland/Hogwarts/LI_Hogwarts/LevelInstances/EntranceHall/LI_EntranceHall_EXT/RENDER/SM_HW_GH_Trim_Base_A68,D7651642-4F91-64DE-A426-58BB9AA432AB,1,DL_OVERLAND;DL_RENDER,DL_HW_EXT,LI_Hogwarts > LI_EntranceHall_EXT,/Game/Levels/Overland/Hogwarts/EntranceHall/LI_EntranceHall_EXT,,-9562.7,-26444.4,11456.0
Hogwarts,SM_HW_GH_Trim_Base_A70,StaticMeshActor,LV_Overland/Hogwarts/LI_Hogwarts/LevelInstances/EntranceHall/LI_EntranceHall_EXT/RENDER/SM_HW_GH_Trim_Base_A70,6C224BFB-4F3B-9060-2CAA-5491248AEB7A,1,DL_OVERLAND;DL_RENDER,DL_HW_EXT,LI_Hogwarts > LI_EntranceHall_EXT,/Game/Levels/Overland/Hogwarts/EntranceHall/LI_EntranceHall_EXT,,-8469.4,-26113.6,11440.6
Hogwarts,SM_HW_GH_Trim_Base_A72,StaticMeshActor,LV_Overland/Hogwarts/LI_Hogwarts/LevelInstances/EntranceHall/LI_EntranceHall_EXT/RENDER/SM_HW_GH_Trim_Base_A72,0286639E-437A-01BE-C005-FBBA5786128E,1,DL_OVERLAND;DL_RENDER,DL_HW_EXT,LI_Hogwarts > LI_EntranceHall_EXT,/Game/Levels/Overland/Hogwarts/EntranceHall/LI_EntranceHall_EXT,,-8696.2,-26479.0,11440.6
Hogwarts,SM_HW_GH_Trim_Base_A74,StaticMeshActor,LV_Overland/Hogwarts/LI_Hogwarts/LevelInstances/EntranceHall/LI_EntranceHall_EXT/RENDER/SM_HW_GH_Trim_Base_A74,132C33BF-4939-A1A1-8584-5493B7293791,1,DL_OVERLAND;DL_RENDER,DL_HW_EXT,LI_Hogwarts > LI_EntranceHall_EXT,/Game/Levels/Overland/Hogwarts/EntranceHall/LI_EntranceHall_EXT,,-8566.1,-25695.0,11440.6
Hogwarts,SM_HW_GH_Trim_Base_A77,StaticMeshActor,LV_Overland/Hogwarts/LI_Hogwarts/LevelInstances/EntranceHall/LI_EntranceHall_EXT/RENDER/SM_HW_GH_Trim_Base_A77,0ACABFCB-4FA3-239C-8188-97A50F3BCA5D,1,DL_OVERLAND;DL_RENDER,DL_HW_EXT,LI_Hogwarts > LI_EntranceHall_EXT,/Game/Levels/Overland/Hogwarts/EntranceHall/LI_EntranceHall_EXT,,-9888.4,-26278.3,11440.6
Hogwarts,SM_HW_GH_Trim_Base_A79,StaticMeshActor,LV_Overland/Hogwarts/LI_Hogwarts/LevelInstances/EntranceHall/LI_EntranceHall_EXT/RENDER/SM_HW_GH_Trim_Base_A79,35EFDEFF-4BA9-366F-FCC5-2F9628454317,1,DL_OVERLAND;DL_RENDER,DL_HW_EXT,LI_Hogwarts > LI_EntranceHall_EXT,/Game/Levels/Overland/Hogwarts/EntranceHall/LI_EntranceHall_EXT,,-9759.7,-25486.7,11440.6
Hogwarts,SM_HW_GH_Trim_Base_A80,StaticMeshActor,LV_Overland/Hogwarts/LI_Hogwarts/LevelInstances/EntranceHall/LI_EntranceHall_EXT/RENDER/SM_HW_GH_Trim_Base_A80,6B4446E5-4E36-08C5-6749-7899A54A916B,1,DL_OVERLAND;DL_RENDER,DL_HW_EXT,LI_Hogwarts > LI_EntranceHall_EXT,/Game/Levels/Overland/Hogwarts/EntranceHall/LI_EntranceHall_EXT,,-9982.8,-25844.6,11440.6
Hogwarts,SM_HW_GH_Trim_Base_A82,StaticMeshActor,LV_Overland/Hogwarts/LI_Hogwarts/LevelInstances/EntranceHall/LI_EntranceHall_EXT/RENDER/SM_HW_GH_Trim_Base_A82,5718D40E-4B43-BC9C-9D3A-30ADA4FCEB10,1,DL_OVERLAND;DL_RENDER,DL_HW_EXT,LI_Hogwarts > LI_EntranceHall_EXT,/Game/Levels/Overland/Hogwarts/EntranceHall/LI_EntranceHall_EXT,,-9850.3,-25893.4,11485.7
Hogwarts,SM_HW_GH_Trim_Base_A83,StaticMeshActor,LV_Overland/Hogwarts/LI_Hogwarts/LevelInstances/EntranceHall/LI_EntranceHall_EXT/RENDER/SM_HW_GH_Trim_Base_A83,AAB24CD2-4A1B-5910-82F0-5DAD1BAAB399,1,DL_OVERLAND;DL_RENDER,DL_HW_EXT,LI_Hogwarts > LI_EntranceHall_EXT,/Game/Levels/Overland/Hogwarts/EntranceHall/LI_EntranceHall_EXT,,-9668.5,-25596.4,11485.7
Hogwarts,SM_HW_GH_Trim_Base_A84,StaticMeshActor,LV_Overland/Hogwarts/LI_Hogwarts/LevelInstances/EntranceHall/LI_EntranceHall_EXT/RENDER/SM_HW_GH_Trim_Base_A84,D01A5F80-4F02-B0F5-3FCE-0C8C50A985C6,1,DL_OVERLAND;DL_RENDER,DL_HW_EXT,LI_Hogwarts > LI_EntranceHall_EXT,/Game/Levels/Overland/Hogwarts/EntranceHall/LI_EntranceHall_EXT,,-9776.7,-26202.7,11485.7
Hogwarts,SM_HW_GH_Trim_Base_A86,StaticMeshActor,LV_Overland/Hogwarts/LI_Hogwarts/LevelInstances/EntranceHall/LI_EntranceHall_EXT/RENDER/SM_HW_GH_Trim_Base_A86,6E5B1989-4F2C-E4CD-3A4E-2B9A4A000E8F,1,DL_OVERLAND;DL_RENDER,DL_HW_EXT,LI_Hogwarts > LI_EntranceHall_EXT,/Game/Levels/Overland/Hogwarts/EntranceHall/LI_EntranceHall_EXT,,-8606.9,-26091.2,11485.7
Hogwarts,SM_HW_GH_Trim_Base_A87,StaticMeshActor,LV_Overland/Hogwarts/LI_Hogwarts/LevelInstances/EntranceHall/LI_EntranceHall_EXT/RENDER/SM_HW_GH_Trim_Base_A87,BF8626DB-4D77-82F7-181A-DBA6D76E64BE,1,DL_OVERLAND;DL_RENDER,DL_HW_EXT,LI_Hogwarts > LI_EntranceHall_EXT,/Game/Levels/Overland/Hogwarts/EntranceHall/LI_EntranceHall_EXT,,-8777.0,-26365.5,11485.1
Hogwarts,SM_HW_GH_Trim_Base_A89,StaticMeshActor,LV_Overland/Hogwarts/LI_Hogwarts/LevelInstances/EntranceHall/LI_EntranceHall_EXT/RENDER/SM_HW_GH_Trim_Base_A89,841C5CAA-489C-21AA-2D71-72ADEEED3986,1,DL_OVERLAND;DL_RENDER,DL_HW_EXT,LI_Hogwarts > LI_EntranceHall_EXT,/Game/Levels/Overland/Hogwarts/EntranceHall/LI_EntranceHall_EXT,,-8672.7,-25782.2,11485.7
Hogwarts,SM_HW_GH_WindowFrame_Lower_A_1,StaticMeshActor,LV_Overland/Hogwarts/LI_Hogwarts/LevelInstances/EntranceHall/LI_EntranceHall_EXT/RENDER/Tower/SM_HW_GH_WindowFrame_Lower_A_1,F02C9CAE-4D1D-D6F4-52AF-AD872789A826,1,DL_OVERLAND;DL_RENDER,DL_HW_EXT,LI_Hogwarts > LI_EntranceHall_EXT,/Game/Levels/Overland/Hogwarts/EntranceHall/LI_EntranceHall_EXT,,-8498.3,-26113.6,11957.0
Hogwarts,SM_HW_GH_WindowFrame_Lower_A_10,StaticMeshActor,LV_Overland/Hogwarts/LI_Hogwarts/LevelInstances/EntranceHall/LI_EntranceHall_EXT/RENDER/Tower/SM_HW_GH_WindowFrame_Lower_A_10,59636B70-46C7-AF8D-08B6-7B96C6D90BD8,1,DL_OVERLAND;DL_RENDER,DL_HW_EXT,LI_Hogwarts > LI_EntranceHall_EXT,/Game/Levels/Overland/Hogwarts/EntranceHall/LI_EntranceHall_EXT,,-9734.5,-25510.0,11957.0
Hogwarts,SM_HW_GH_WindowFrame_Lower_A_11,StaticMeshActor,LV_Overland/Hogwarts/LI_Hogwarts/LevelInstances/EntranceHall/LI_EntranceHall_EXT/RENDER/Tower/SM_HW_GH_WindowFrame_Lower_A_11,553E4CCA-4510-541C-F42A-EDA5AD1C73C0,1,DL_OVERLAND;DL_RENDER,DL_HW_EXT,LI_Hogwarts > LI_EntranceHall_EXT,/Game/Levels/Overland/Hogwarts/EntranceHall/LI_EntranceHall_EXT,,-9690.9,-25572.4,11978.9
Hogwarts,SM_HW_GH_WindowFrame_Lower_A_12,StaticMeshActor,LV_Overland/Hogwarts/LI_Hogwarts/LevelInstances/EntranceHall/LI_EntranceHall_EXT/RENDER/Tower/SM_HW_GH_WindowFrame_Lower_A_12,2B23C091-49ED-CB58-E904-46B81DCED3A5,1,DL_OVERLAND;DL_RENDER,DL_HW_EXT,LI_Hogwarts > LI_EntranceHall_EXT,/Game/Levels/Overland/Hogwarts/EntranceHall/LI_EntranceHall_EXT,,-9880.1,-25870.1,11978.9
Hogwarts,SM_HW_GH_WindowFrame_Lower_A_13,StaticMeshActor,LV_Overland/Hogwarts/LI_Hogwarts/LevelInstances/EntranceHall/LI_EntranceHall_EXT/RENDER/Tower/SM_HW_GH_WindowFrame_Lower_A_13,32A42458-43C6-FCDB-B130-D691001BFA5F,1,DL_OVERLAND;DL_RENDER,DL_HW_EXT,LI_Hogwarts > LI_EntranceHall_EXT,/Game/Levels/Overland/Hogwarts/EntranceHall/LI_EntranceHall_EXT,,-9805.6,-26213.9,11978.9
Hogwarts,SM_HW_GH_WindowFrame_Lower_A_18,StaticMeshActor,LV_Overland/Hogwarts/LI_Hogwarts/LevelInstances/EntranceHall/LI_EntranceHall_EXT/RENDER/Tower/SM_HW_GH_WindowFrame_Lower_A_18,F6E66FD6-484F-EA60-B890-CD987DFA8BC0,1,DL_OVERLAND;DL_RENDER,DL_HW_EXT,LI_Hogwarts > LI_EntranceHall_EXT,/Game/Levels/Overland/Hogwarts/EntranceHall/LI_EntranceHall_EXT,,-9797.7,-26215.8,11542.7
Hogwarts,SM_HW_GH_WindowFrame_Lower_A_19,StaticMeshActor,LV_Overland/Hogwarts/LI_Hogwarts/LevelInstances/EntranceHall/LI_EntranceHall_EXT/RENDER/Tower/SM_HW_GH_WindowFrame_Lower_A_19,E211594F-4E94-54C0-BA96-09B21CEB320F,1,DL_OVERLAND;DL_RENDER,DL_HW_EXT,LI_Hogwarts > LI_EntranceHall_EXT,/Game/Levels/Overland/Hogwarts/EntranceHall/LI_EntranceHall_EXT,,-8581.7,-26099.5,11545.5
Hogwarts,SM_HW_GH_WindowFrame_Lower_A_20,StaticMeshActor,LV_Overland/Hogwarts/LI_Hogwarts/LevelInstances/EntranceHall/LI_EntranceHall_EXT/RENDER/Tower/SM_HW_GH_WindowFrame_Lower_A_20,8938C1E2-47A9-1DD0-F0DD-86AF102E59B9,1,DL_OVERLAND;DL_RENDER,DL_HW_EXT,LI_Hogwarts > LI_EntranceHall_EXT,/Game/Levels/Overland/Hogwarts/EntranceHall/LI_EntranceHall_EXT,,-9873.1,-25881.7,11542.7
Hogwarts,SM_HW_GH_WindowFrame_Lower_A_21,StaticMeshActor,LV_Overland/Hogwarts/LI_Hogwarts/LevelInstances/EntranceHall/LI_EntranceHall_EXT/RENDER/Tower/SM_HW_GH_WindowFrame_Lower_A_21,E71F0930-4F4C-9FAA-9633-C6879080ADA2,1,DL_OVERLAND;DL_RENDER,DL_HW_EXT,LI_Hogwarts > LI_EntranceHall_EXT,/Game/Levels/Overland/Hogwarts/EntranceHall/LI_EntranceHall_EXT,,-8780.3,-26390.8,11542.7
Hogwarts,SM_HW_GH_WindowFrame_Lower_A_22,StaticMeshActor,LV_Overland/Hogwarts/LI_Hogwarts/LevelInstances/EntranceHall/LI_EntranceHall_EXT/RENDER/Tower/SM_HW_GH_WindowFrame_Lower_A_22,603A7C57-495E-7730-BE3A-E8812515A88D,1,DL_OVERLAND;DL_RENDER,DL_HW_EXT,LI_Hogwarts > LI_EntranceHall_EXT,/Game/Levels/Overland/Hogwarts/EntranceHall/LI_EntranceHall_EXT,,-8648.2,-25760.0,11547.1
Hogwarts,SM_HW_GH_WindowFrame_Lower_A_3,StaticMeshActor,LV_Overland/Hogwarts/LI_Hogwarts/LevelInstances/EntranceHall/LI_EntranceHall_EXT/RENDER/Tower/SM_HW_GH_WindowFrame_Lower_A_3,36E9EB1D-42BA-D26D-C485-67939C1F8F73,1,DL_OVERLAND;DL_RENDER,DL_HW_EXT,LI_Hogwarts > LI_EntranceHall_EXT,/Game/Levels/Overland/Hogwarts/EntranceHall/LI_EntranceHall_EXT,,-8572.8,-26100.4,11978.9
Hogwarts,SM_HW_GH_WindowFrame_Lower_A_4,StaticMeshActor,LV_Overland/Hogwarts/LI_Hogwarts/LevelInstances/EntranceHall/LI_EntranceHall_EXT/RENDER/Tower/SM_HW_GH_WindowFrame_Lower_A_4,73978A4A-4633-9D41-C89F-A1981A691554,1,DL_OVERLAND;DL_RENDER,DL_HW_EXT,LI_Hogwarts > LI_EntranceHall_EXT,/Game/Levels/Overland/Hogwarts/EntranceHall/LI_EntranceHall_EXT,,-8589.5,-25712.4,11957.0
Hogwarts,SM_HW_GH_WindowFrame_Lower_A_5,StaticMeshActor,LV_Overland/Hogwarts/LI_Hogwarts/LevelInstances/EntranceHall/LI_EntranceHall_EXT/RENDER/Tower/SM_HW_GH_WindowFrame_Lower_A_5,2E31E35E-446D-8779-6CE5-E19C8B6DB613,1,DL_OVERLAND;DL_RENDER,DL_HW_EXT,LI_Hogwarts > LI_EntranceHall_EXT,/Game/Levels/Overland/Hogwarts/EntranceHall/LI_EntranceHall_EXT,,-8651.6,-25755.4,11978.9
Hogwarts,SM_HW_GH_WindowFrame_Lower_A_6,StaticMeshActor,LV_Overland/Hogwarts/LI_Hogwarts/LevelInstances/EntranceHall/LI_EntranceHall_EXT/RENDER/Tower/SM_HW_GH_WindowFrame_Lower_A_6,518D1CB9-477C-21F8-3487-02B41318CBEB,1,DL_OVERLAND;DL_RENDER,DL_HW_EXT,LI_Hogwarts > LI_EntranceHall_EXT,/Game/Levels/Overland/Hogwarts/EntranceHall/LI_EntranceHall_EXT,,-8720.7,-26458.7,11957.0
Hogwarts,SM_HW_GH_WindowFrame_Lower_A_7,StaticMeshActor,LV_Overland/Hogwarts/LI_Hogwarts/LevelInstances/EntranceHall/LI_EntranceHall_EXT/RENDER/Tower/SM_HW_GH_WindowFrame_Lower_A_7,23F896B4-4FBF-776A-9705-F6ADA9ED7904,1,DL_OVERLAND;DL_RENDER,DL_HW_EXT,LI_Hogwarts > LI_EntranceHall_EXT,/Game/Levels/Overland/Hogwarts/EntranceHall/LI_EntranceHall_EXT,,-8764.3,-26397.7,11978.9
Hogwarts,SM_HW_GH_WindowFrame_Lower_A_8,StaticMeshActor,LV_Overland/Hogwarts/LI_Hogwarts/LevelInstances/EntranceHall/LI_EntranceHall_EXT/RENDER/Tower/SM_HW_GH_WindowFrame_Lower_A_8,068FEAB9-44AF-6960-4021-EB8BB95C05CA,1,DL_OVERLAND;DL_RENDER,DL_HW_EXT,LI_Hogwarts > LI_EntranceHall_EXT,/Game/Levels/Overland/Hogwarts/EntranceHall/LI_EntranceHall_EXT,,-9866.9,-26258.0,11957.0
Hogwarts,SM_HW_GH_WindowFrame_Lower_A_9,StaticMeshActor,LV_Overland/Hogwarts/LI_Hogwarts/LevelInstances/EntranceHall/LI_EntranceHall_EXT/RENDER/Tower/SM_HW_GH_WindowFrame_Lower_A_9,E6E46F73-4602-A389-82AA-7B8F5CB09CB1,1,DL_OVERLAND;DL_RENDER,DL_HW_EXT,LI_Hogwarts > LI_EntranceHall_EXT,/Game/Levels/Overland/Hogwarts/EntranceHall/LI_EntranceHall_EXT,,-9955.0,-25856.9,11957.0
Hogwarts,SM_HW_GH_Window_Dormer_SM_A,StaticMeshActor,LV_Overland/Hogwarts/LI_Hogwarts/LevelInstances/EntranceHall/LI_EntranceHall_EXT/SM_HW_GH_Window_Dormer_SM_A,5535A66A-4F7F-B243-C4A9-4C981A4D274C,1,DL_OVERLAND;DL_RENDER,DL_HW_EXT,LI_Hogwarts > LI_EntranceHall_EXT,/Game/Levels/Overland/Hogwarts/EntranceHall/LI_EntranceHall_EXT,,-9210.2,-27238.3,10930.7
Hogwarts,SM_HW_GH_Window_Dormer_SM_A2,StaticMeshActor,LV_Overland/Hogwarts/LI_Hogwarts/LevelInstances/EntranceHall/LI_EntranceHall_EXT/SM_HW_GH_Window_Dormer_SM_A2,7ED43605-490D-8A38-868A-51AC1C5545EE,1,DL_OVERLAND;DL_RENDER,DL_HW_EXT,LI_Hogwarts > LI_EntranceHall_EXT,/Game/Levels/Overland/Hogwarts/EntranceHall/LI_EntranceHall_EXT,,-9320.5,-27863.7,10930.7
Hogwarts,SM_HW_GH_Window_Dormer_SM_A3,StaticMeshActor,LV_Overland/Hogwarts/LI_Hogwarts/LevelInstances/EntranceHall/LI_EntranceHall_EXT/SM_HW_GH_Window_Dormer_SM_A3,D67E18B3-4EBB-8940-D37C-3E97B67462E5,1,DL_OVERLAND;DL_RENDER,DL_HW_EXT,LI_Hogwarts > LI_EntranceHall_EXT,/Game/Levels/Overland/Hogwarts/EntranceHall/LI_EntranceHall_EXT,,-9431.9,-28495.4,10930.7
Hogwarts,SM_HW_GH_Window_Dormer_SM_A4,StaticMeshActor,LV_Overland/Hogwarts/LI_Hogwarts/LevelInstances/EntranceHall/LI_EntranceHall_EXT/SM_HW_GH_Window_Dormer_SM_A4,4A3915B0-4B44-91F6-BC87-6A954AC433AB,1,DL_OVERLAND;DL_RENDER,DL_HW_EXT,LI_Hogwarts > LI_EntranceHall_EXT,/Game/Levels/Overland/Hogwarts/EntranceHall/LI_EntranceHall_EXT,,-9672.0,-27152.1,10930.7
Hogwarts,SM_HW_GH_Window_Dormer_SM_A5,StaticMeshActor,LV_Overland/Hogwarts/LI_Hogwarts/LevelInstances/EntranceHall/LI_EntranceHall_EXT/SM_HW_GH_Window_Dormer_SM_A5,B3F96814-41B7-A302-95B2-6197DD9109E4,1,DL_OVERLAND;DL_RENDER,DL_HW_EXT,LI_Hogwarts > LI_EntranceHall_EXT,/Game/Levels/Overland/Hogwarts/EntranceHall/LI_EntranceHall_EXT,,-9893.7,-28409.3,10930.7
Hogwarts,SM_HW_GH_Window_Dormer_SM_A6,StaticMeshActor,LV_Overland/Hogwarts/LI_Hogwarts/LevelInstances/EntranceHall/LI_EntranceHall_EXT/SM_HW_GH_Window_Dormer_SM_A6,5DD401F5-4FA0-0914-7C25-4A9FFC21CC50,1,DL_OVERLAND;DL_RENDER,DL_HW_EXT,LI_Hogwarts > LI_EntranceHall_EXT,/Game/Levels/Overland/Hogwarts/EntranceHall/LI_EntranceHall_EXT,,-9783.4,-27783.9,10930.7
Hogwarts,SM_HW_GH_Window_Tracery_Lower_A,StaticMeshActor,LV_Overland/Hogwarts/LI_Hogwarts/LevelInstances/EntranceHall/LI_EntranceHall_EXT/SM_HW_GH_Window_Tracery_Lower_A,D61E28E7-489A-6AD5-DCCE-28B43E8FE719,1,DL_OVERLAND;DL_RENDER,DL_HW_EXT,LI_Hogwarts > LI_EntranceHall_EXT,/Game/Levels/Overland/Hogwarts/EntranceHall/LI_EntranceHall_EXT,,-9709.5,-25545.4,11959.1
Hogwarts,SM_HW_GH_Window_Tracery_Lower_A_1,StaticMeshActor,LV_Overland/Hogwarts/LI_Hogwarts/LevelInstances/EntranceHall/LI_EntranceHall_EXT/RENDER/Tower/SM_HW_GH_Window_Tracery_Lower_A_1,CB5A39D2-4070-9507-5BE6-7DBC3D5C092C,1,DL_OVERLAND;DL_RENDER,DL_HW_EXT,LI_Hogwarts > LI_EntranceHall_EXT,/Game/Levels/Overland/Hogwarts/EntranceHall/LI_EntranceHall_EXT,,-8547.1,-26105.0,11959.1
Hogwarts,SM_HW_GH_Window_Tracery_Lower_A_2,StaticMeshActor,LV_Overland/Hogwarts/LI_Hogwarts/LevelInstances/EntranceHall/LI_EntranceHall_EXT/RENDER/Tower/SM_HW_GH_Window_Tracery_Lower_A_2,044F7E03-4021-6337-2A24-6A9D8A976972,1,DL_OVERLAND;DL_RENDER,DL_HW_EXT,LI_Hogwarts > LI_EntranceHall_EXT,/Game/Levels/Overland/Hogwarts/EntranceHall/LI_EntranceHall_EXT,,-8749.7,-26418.1,11959.1
Hogwarts,SM_HW_GH_Window_Tracery_Lower_A_3,StaticMeshActor,LV_Overland/Hogwarts/LI_Hogwarts/LevelInstances/EntranceHall/LI_EntranceHall_EXT/RENDER/Tower/SM_HW_GH_Window_Tracery_Lower_A_3,908A69AC-45AF-66D8-82E9-E3BD6D45F72D,1,DL_OVERLAND;DL_RENDER,DL_HW_EXT,LI_Hogwarts > LI_EntranceHall_EXT,/Game/Levels/Overland/Hogwarts/EntranceHall/LI_EntranceHall_EXT,,-8630.4,-25741.9,11956.8
Hogwarts,SM_HW_GH_Window_Tracery_Lower_A_5,StaticMeshActor,LV_Overland/Hogwarts/LI_Hogwarts/LevelInstances/EntranceHall/LI_EntranceHall_EXT/RENDER/Tower/SM_HW_GH_Window_Tracery_Lower_A_5,708BF6BB-4A7F-7FD5-52B1-8AB510284564,1,DL_OVERLAND;DL_RENDER,DL_HW_EXT,LI_Hogwarts > LI_EntranceHall_EXT,/Game/Levels/Overland/Hogwarts/EntranceHall/LI_EntranceHall_EXT,,-9825.4,-26228.0,11959.1
Hogwarts,SM_HW_GH_Window_Tracery_Lower_A_6,StaticMeshActor,LV_Overland/Hogwarts/LI_Hogwarts/LevelInstances/EntranceHall/LI_EntranceHall_EXT/RENDER/Tower/SM_HW_GH_Window_Tracery_Lower_A_6,8F0D747F-413A-F259-7A12-108164119A75,1,DL_OVERLAND;DL_RENDER,DL_HW_EXT,LI_Hogwarts > LI_EntranceHall_EXT,/Game/Levels/Overland/Hogwarts/EntranceHall/LI_EntranceHall_EXT,,-9903.9,-25865.7,11959.1
Hogwarts,SM_HW_GH_Window_Tracery_Lower_A_7,StaticMeshActor,LV_Overland/Hogwarts/LI_Hogwarts/LevelInstances/EntranceHall/LI_EntranceHall_EXT/RENDER/Tower/SM_HW_GH_Window_Tracery_Lower_A_7,F99C556E-4C62-AD86-8F2C-AC84863151FA,1,DL_OVERLAND;DL_RENDER,DL_HW_EXT,LI_Hogwarts > LI_EntranceHall_EXT,/Game/Levels/Overland/Hogwarts/EntranceHall/LI_EntranceHall_EXT,,-9683.2,-25580.8,11542.7
Hogwarts,SM_HW_RH_Roof_Wall_A,StaticMeshActor,LV_Overland/Hogwarts/LI_Hogwarts/LevelInstances/EntranceHall/LI_EntranceHall_EXT/SM_HW_RH_Roof_Wall_A,3B1F819D-42DB-305C-53DF-D3898C19268D,1,DL_OVERLAND;DL_RENDER,DL_HW_EXT,LI_Hogwarts > LI_EntranceHall_EXT,/Game/Levels/Overland/Hogwarts/EntranceHall/LI_EntranceHall_EXT,,-11298.2,-25619.5,9427.3
Hogwarts,SM_HW_RH_Wall_Windows_Small_A,StaticMeshActor,LV_Overland/Hogwarts/LI_Hogwarts/LevelInstances/EntranceHall/LI_EntranceHall_EXT/SM_HW_RH_Wall_Windows_Small_A,E7F41F7D-45BE-A655-FA9F-DC892F0A1093,1,DL_OVERLAND;DL_RENDER,DL_HW_EXT,LI_Hogwarts > LI_EntranceHall_EXT,/Game/Levels/Overland/Hogwarts/EntranceHall/LI_EntranceHall_EXT,,-11907.7,-27045.3,9240.4
Hogwarts,SM_HW_Stair_3x3_BrkdMdmg,StaticMeshActor,LV_Overland/Hogwarts/LI_Hogwarts/LevelInstances/EntranceHall/LI_EntranceHall_EXT/RENDER/SM_HW_Stair_3x3_BrkdMdmg,5D21BD56-4B85-56A8-1DFE-2C89911545B9,1,DL_OVERLAND;DL_RENDER,DL_HW_EXT,LI_Hogwarts > LI_EntranceHall_EXT,/Game/Levels/Overland/Hogwarts/EntranceHall/LI_EntranceHall_EXT,,-9602.0,-30243.7,7347.2
Hogwarts,SM_HW_Stair_3x3_BrkdMdmg2,StaticMeshActor,LV_Overland/Hogwarts/LI_Hogwarts/LevelInstances/EntranceHall/LI_EntranceHall_EXT/RENDER/SM_HW_Stair_3x3_BrkdMdmg2,F32793B4-4123-FB4A-8327-7E9615A82B15,1,DL_OVERLAND;DL_RENDER,DL_HW_EXT,LI_Hogwarts > LI_EntranceHall_EXT,/Game/Levels/Overland/Hogwarts/EntranceHall/LI_EntranceHall_EXT,,-9896.6,-30194.6,7347.2
Hogwarts,SM_HW_Stair_3x3_BrkdMdmg3,StaticMeshActor,LV_Overland/Hogwarts/LI_Hogwarts/LevelInstances/EntranceHall/LI_EntranceHall_EXT/RENDER/SM_HW_Stair_3x3_BrkdMdmg3,BE4EC906-4CC7-4AD8-CD55-9F8019BF25BA,1,DL_OVERLAND;DL_RENDER,DL_HW_EXT,LI_Hogwarts > LI_EntranceHall_EXT,/Game/Levels/Overland/Hogwarts/EntranceHall/LI_EntranceHall_EXT,,-10297.8,-30125.8,7347.2
Hogwarts,SM_HW_Stair_3x3_Mdmg51,StaticMeshActor,LV_Overland/Hogwarts/LI_Hogwarts/LevelInstances/EntranceHall/LI_EntranceHall_EXT/SM_HW_Stair_3x3_Mdmg51,ADDF14B0-4960-A607-7181-E9AD73F5BF8F,1,DL_OVERLAND;DL_RENDER,DL_HW_EXT,LI_Hogwarts > LI_EntranceHall_EXT,/Game/Levels/Overland/Hogwarts/EntranceHall/LI_EntranceHall_EXT,,-8216.2,-26857.4,9349.9
Hogwarts,SM_HW_Stair_End_Curved_BrkMdmg,StaticMeshActor,LV_Overland/Hogwarts/LI_Hogwarts/LevelInstances/EntranceHall/LI_EntranceHall_EXT/RENDER/SM_HW_Stair_End_Curved_BrkMdmg,84814E0E-4E9E-163F-0AD4-5A9A9A27884D,1,DL_OVERLAND;DL_RENDER,DL_HW_EXT,LI_Hogwarts > LI_EntranceHall_EXT,/Game/Levels/Overland/Hogwarts/EntranceHall/LI_EntranceHall_EXT,,-9363.9,-30273.3,7347.3
Hogwarts,SM_HW_Stair_End_Curved_BrkMdmg2,StaticMeshActor,LV_Overland/Hogwarts/LI_Hogwarts/LevelInstances/EntranceHall/LI_EntranceHall_EXT/RENDER/SM_HW_Stair_End_Curved_BrkMdmg2,E4D72EC1-4CBF-703E-CC7D-588918E1C75F,1,DL_OVERLAND;DL_RENDER,DL_HW_EXT,LI_Hogwarts > LI_EntranceHall_EXT,/Game/Levels/Overland/Hogwarts/EntranceHall/LI_EntranceHall_EXT,,-10539.6,-30081.5,7347.1
Hogwarts,SM_HW_VC_LargeColumn_B,StaticMeshActor,LV_Overland/Hogwarts/LI_Hogwarts/LevelInstances/EntranceHall/LI_EntranceHall_EXT/RENDER/SM_HW_VC_LargeColumn_B,EF08A169-4F0C-6009-6300-67A05B8281F7,1,DL_OVERLAND;DL_RENDER,DL_HW_EXT,LI_Hogwarts > LI_EntranceHall_EXT,/Game/Levels/Overland/Hogwarts/EntranceHall/LI_EntranceHall_EXT,,-10225.0,-29966.4,7613.3
Hogwarts,SM_HW_VC_LargeColumn_B2,StaticMeshActor,LV_Overland/Hogwarts/LI_Hogwarts/LevelInstances/EntranceHall/LI_EntranceHall_EXT/RENDER/SM_HW_VC_LargeColumn_B2,5C8C1107-4E9C-E7B3-B28E-F4BA49E8D725,1,DL_OVERLAND;DL_RENDER,DL_HW_EXT,LI_Hogwarts > LI_EntranceHall_EXT,/Game/Levels/Overland/Hogwarts/EntranceHall/LI_EntranceHall_EXT,,-9649.0,-30070.9,7616.9
Hogwarts,SM_Leaf_Debris_A84,StaticMeshActor,LV_Overland/Hogwarts/LI_Hogwarts/LevelInstances/EntranceHall/LI_EntranceHall_EXT/SM_Leaf_Debris_A84,CEF34B62-464F-7006-1B57-62A5E68DF516,1,DL_OVERLAND;DL_RENDER,DL_HW_EXT,LI_Hogwarts > LI_EntranceHall_EXT,/Game/Levels/Overland/Hogwarts/EntranceHall/LI_EntranceHall_EXT,,-10210.1,-29510.9,7402.7
Hogwarts,SM_Leaf_Debris_Alcove55,StaticMeshActor,LV_Overland/Hogwarts/LI_Hogwarts/LevelInstances/EntranceHall/LI_EntranceHall_EXT/SM_Leaf_Debris_Alcove55,C0B56C5F-430D-8663-865E-C09726982840,1,DL_OVERLAND;DL_RENDER,DL_HW_EXT,LI_Hogwarts > LI_EntranceHall_EXT,/Game/Levels/Overland/Hogwarts/EntranceHall/LI_EntranceHall_EXT,,-10270.5,-29468.5,7404.3
Hogwarts,SM_Leaf_Debris_Alcove56,StaticMeshActor,LV_Overland/Hogwarts/LI_Hogwarts/LevelInstances/EntranceHall/LI_EntranceHall_EXT/SM_Leaf_Debris_Alcove56,56FAC50F-4FCD-0641-CB53-77AFA56A4B78,1,DL_OVERLAND;DL_RENDER,DL_HW_EXT,LI_Hogwarts > LI_EntranceHall_EXT,/Game/Levels/Overland/Hogwarts/EntranceHall/LI_EntranceHall_EXT,,-10317.9,-29747.5,7404.0
Hogwarts,SM_Leaf_Debris_Alcove57,StaticMeshActor,LV_Overland/Hogwarts/LI_Hogwarts/LevelInstances/EntranceHall/LI_EntranceHall_EXT/SM_Leaf_Debris_Alcove57,5618F466-49A7-EF4E-FDDB-8082B6454B84,1,DL_OVERLAND;DL_RENDER,DL_HW_EXT,LI_Hogwarts > LI_EntranceHall_EXT,/Game/Levels/Overland/Hogwarts/EntranceHall/LI_EntranceHall_EXT,,-9523.3,-29977.1,7404.8
Hogwarts,SM_Leaf_Debris_Alcove58,StaticMeshActor,LV_Overland/Hogwarts/LI_Hogwarts/LevelInstances/EntranceHall/LI_EntranceHall_EXT/SM_Leaf_Debris_Alcove58,54339BB4-44B5-6071-DB27-8AB2C346DD21,1,DL_OVERLAND;DL_RENDER,DL_HW_EXT,LI_Hogwarts > LI_EntranceHall_EXT,/Game/Levels/Overland/Hogwarts/EntranceHall/LI_EntranceHall_EXT,,-9464.1,-29734.3,7403.3
Hogwarts,SM_Leaf_Debris_Alcove59,StaticMeshActor,LV_Overland/Hogwarts/LI_Hogwarts/LevelInstances/EntranceHall/LI_EntranceHall_EXT/SM_Leaf_Debris_Alcove59,C028BCC9-45DD-7A5A-D848-BF9691F9DFFC,1,DL_OVERLAND;DL_RENDER,DL_HW_EXT,LI_Hogwarts > LI_EntranceHall_EXT,/Game/Levels/Overland/Hogwarts/EntranceHall/LI_EntranceHall_EXT,,-9462.9,-29237.5,7404.8
Hogwarts,SM_Leaf_Debris_Alcove60,StaticMeshActor,LV_Overland/Hogwarts/LI_Hogwarts/LevelInstances/EntranceHall/LI_EntranceHall_EXT/SM_Leaf_Debris_Alcove60,D2D89DBB-4227-AACB-4DA1-2ABE58D20FE2,1,DL_OVERLAND;DL_RENDER,DL_HW_EXT,LI_Hogwarts > LI_EntranceHall_EXT,/Game/Levels/Overland/Hogwarts/EntranceHall/LI_EntranceHall_EXT,,-10316.0,-29836.6,7403.5
Hogwarts,SM_Leaf_Debris_Alcove63,StaticMeshActor,LV_Overland/Hogwarts/LI_Hogwarts/LevelInstances/EntranceHall/LI_EntranceHall_EXT/SM_Leaf_Debris_Alcove63,F1214197-4511-5B23-B771-6A9D0CF06EF5,1,DL_OVERLAND;DL_RENDER,DL_HW_EXT,LI_Hogwarts > LI_EntranceHall_EXT,/Game/Levels/Overland/Hogwarts/EntranceHall/LI_EntranceHall_EXT,,-8230.4,-27563.8,9403.5
Hogwarts,SM_Leaf_Debris_Corner34,StaticMeshActor,LV_Overland/Hogwarts/LI_Hogwarts/LevelInstances/EntranceHall/LI_EntranceHall_EXT/SM_Leaf_Debris_Corner34,B7EF8F66-458E-4606-8F52-F9BD98F5B533,1,DL_OVERLAND;DL_RENDER,DL_HW_EXT,LI_Hogwarts > LI_EntranceHall_EXT,/Game/Levels/Overland/Hogwarts/EntranceHall/LI_EntranceHall_EXT,,-9521.9,-29858.0,7404.9
Hogwarts,SM_Leaf_Debris_Corner35,StaticMeshActor,LV_Overland/Hogwarts/LI_Hogwarts/LevelInstances/EntranceHall/LI_EntranceHall_EXT/SM_Leaf_Debris_Corner35,30373E20-48C8-44CA-9652-4FBA27C65914,1,DL_OVERLAND;DL_RENDER,DL_HW_EXT,LI_Hogwarts > LI_EntranceHall_EXT,/Game/Levels/Overland/Hogwarts/EntranceHall/LI_EntranceHall_EXT,,-10250.2,-29623.7,7404.0
Hogwarts,SM_Leaf_Debris_Corner39,StaticMeshActor,LV_Overland/Hogwarts/LI_Hogwarts/LevelInstances/EntranceHall/LI_EntranceHall_EXT/SM_Leaf_Debris_Corner39,18A26BFA-46D4-EA4D-806B-84AAE6FED273,1,DL_OVERLAND;DL_RENDER,DL_HW_EXT,LI_Hogwarts > LI_EntranceHall_EXT,/Game/Levels/Overland/Hogwarts/EntranceHall/LI_EntranceHall_EXT,,-8387.9,-27404.4,9404.2
Hogwarts,SM_Leaf_Debris_Corner40,StaticMeshActor,LV_Overland/Hogwarts/LI_Hogwarts/LevelInstances/EntranceHall/LI_EntranceHall_EXT/SM_Leaf_Debris_Corner40,4679F26E-4EDA-EC56-9526-CAB4ECC36D01,1,DL_OVERLAND;DL_RENDER,DL_HW_EXT,LI_Hogwarts > LI_EntranceHall_EXT,/Game/Levels/Overland/Hogwarts/EntranceHall/LI_EntranceHall_EXT,,-8311.6,-27009.6,9404.2
Hogwarts,SM_Leaf_Debris_Edge_A100,StaticMeshActor,LV_Overland/Hogwarts/LI_Hogwarts/LevelInstances/EntranceHall/LI_EntranceHall_EXT/SM_Leaf_Debris_Edge_A100,1A68F197-47E1-6152-AAF3-13A8AC4EA4E1,1,DL_OVERLAND;DL_RENDER,DL_HW_EXT,LI_Hogwarts > LI_EntranceHall_EXT,/Game/Levels/Overland/Hogwarts/EntranceHall/LI_EntranceHall_EXT,,-10128.2,-29172.2,7404.5
Hogwarts,SM_Leaf_Debris_Edge_A101,StaticMeshActor,LV_Overland/Hogwarts/LI_Hogwarts/LevelInstances/EntranceHall/LI_EntranceHall_EXT/SM_Leaf_Debris_Edge_A101,A558A2C6-4358-45C2-502E-FA888853DA59,1,DL_OVERLAND;DL_RENDER,DL_HW_EXT,LI_Hogwarts > LI_EntranceHall_EXT,/Game/Levels/Overland/Hogwarts/EntranceHall/LI_EntranceHall_EXT,,-9447.0,-29649.8,7404.8
Hogwarts,SM_Leaf_Debris_Edge_A102,StaticMeshActor,LV_Overland/Hogwarts/LI_Hogwarts/LevelInstances/EntranceHall/LI_EntranceHall_EXT/SM_Leaf_Debris_Edge_A102,341E4C73-4E73-885B-19CC-8EA69E73923B,1,DL_OVERLAND;DL_RENDER,DL_HW_EXT,LI_Hogwarts > LI_EntranceHall_EXT,/Game/Levels/Overland/Hogwarts/EntranceHall/LI_EntranceHall_EXT,,-9471.1,-29312.5,7403.6
Hogwarts,SM_Leaf_Debris_Edge_A103,StaticMeshActor,LV_Overland/Hogwarts/LI_Hogwarts/LevelInstances/EntranceHall/LI_EntranceHall_EXT/SM_Leaf_Debris_Edge_A103,92F4051C-4690-BB55-C8D4-FCAB8678584E,1,DL_OVERLAND;DL_RENDER,DL_HW_EXT,LI_Hogwarts > LI_EntranceHall_EXT,/Game/Levels/Overland/Hogwarts/EntranceHall/LI_EntranceHall_EXT,,-9538.5,-29207.9,7403.9
Hogwarts,SM_Leaf_Debris_Edge_A104,StaticMeshActor,LV_Overland/Hogwarts/LI_Hogwarts/LevelInstances/EntranceHall/LI_EntranceHall_EXT/SM_Leaf_Debris_Edge_A104,3004D86A-4715-CD1E-5B74-2080D73E175F,1,DL_OVERLAND;DL_RENDER,DL_HW_EXT,LI_Hogwarts > LI_EntranceHall_EXT,/Game/Levels/Overland/Hogwarts/EntranceHall/LI_EntranceHall_EXT,,-10234.9,-29876.1,7404.8
Hogwarts,SM_Leaf_Debris_Edge_A105,StaticMeshActor,LV_Overland/Hogwarts/LI_Hogwarts/LevelInstances/EntranceHall/LI_EntranceHall_EXT/SM_Leaf_Debris_Edge_A105,8F9B5B04-4BE3-308B-EDAA-15BD8A6E1EA9,1,DL_OVERLAND;DL_RENDER,DL_HW_EXT,LI_Hogwarts > LI_EntranceHall_EXT,/Game/Levels/Overland/Hogwarts/EntranceHall/LI_EntranceHall_EXT,,-10035.3,-29118.5,7404.5
Hogwarts,SM_Leaf_Debris_Edge_A107,StaticMeshActor,LV_Overland/Hogwarts/LI_Hogwarts/LevelInstances/EntranceHall/LI_EntranceHall_EXT/SM_Leaf_Debris_Edge_A107,26B0718F-4824-007E-A384-A0AD4FF7B0DE,1,DL_OVERLAND;DL_RENDER,DL_HW_EXT,LI_Hogwarts > LI_EntranceHall_EXT,/Game/Levels/Overland/Hogwarts/EntranceHall/LI_EntranceHall_EXT,,-8381.9,-27310.6,9403.8
Hogwarts,SM_Leaf_Debris_Edge_A108,StaticMeshActor,LV_Overland/Hogwarts/LI_Hogwarts/LevelInstances/EntranceHall/LI_EntranceHall_EXT/SM_Leaf_Debris_Edge_A108,16B4CD38-407A-6226-D9A3-89B69FA9B193,1,DL_OVERLAND;DL_RENDER,DL_HW_EXT,LI_Hogwarts > LI_EntranceHall_EXT,/Game/Levels/Overland/Hogwarts/EntranceHall/LI_EntranceHall_EXT,,-8423.3,-27523.8,9403.1
Hogwarts,SM_Leaf_Debris_Edge_A109,StaticMeshActor,LV_Overland/Hogwarts/LI_Hogwarts/LevelInstances/EntranceHall/LI_EntranceHall_EXT/SM_Leaf_Debris_Edge_A109,C7995F52-4337-A566-4632-77966F254DC9,1,DL_OVERLAND;DL_RENDER,DL_HW_EXT,LI_Hogwarts > LI_EntranceHall_EXT,/Game/Levels/Overland/Hogwarts/EntranceHall/LI_EntranceHall_EXT,,-8470.5,-27841.2,9403.8
Hogwarts,SM_Leaf_Debris_Edge_A99,StaticMeshActor,LV_Overland/Hogwarts/LI_Hogwarts/LevelInstances/EntranceHall/LI_EntranceHall_EXT/SM_Leaf_Debris_Edge_A99,E535D847-4833-3086-610D-2695CC530472,1,DL_OVERLAND;DL_RENDER,DL_HW_EXT,LI_Hogwarts > LI_EntranceHall_EXT,/Game/Levels/Overland/Hogwarts/EntranceHall/LI_EntranceHall_EXT,,-9605.8,-29983.6,7405.0
Hogwarts,SM_Leaf_Debris_Edge_B40,StaticMeshActor,LV_Overland/Hogwarts/LI_Hogwarts/LevelInstances/EntranceHall/LI_EntranceHall_EXT/SM_Leaf_Debris_Edge_B40,DEB33079-418D-7431-0BCE-908C6194072F,1,DL_OVERLAND;DL_RENDER,DL_HW_EXT,LI_Hogwarts > LI_EntranceHall_EXT,/Game/Levels/Overland/Hogwarts/EntranceHall/LI_EntranceHall_EXT,,-10573.7,-30182.1,7300.1
Hogwarts,SM_Leaf_Debris_Edge_B45,StaticMeshActor,LV_Overland/Hogwarts/LI_Hogwarts/LevelInstances/EntranceHall/LI_EntranceHall_EXT/SM_Leaf_Debris_Edge_B45,97248E17-4CB2-22E1-474C-0CA7C3BCBB29,1,DL_OVERLAND;DL_RENDER,DL_HW_EXT,LI_Hogwarts > LI_EntranceHall_EXT,/Game/Levels/Overland/Hogwarts/EntranceHall/LI_EntranceHall_EXT,,-10222.7,-29432.6,7403.9
Hogwarts,SM_Leaf_Debris_Edge_B46,StaticMeshActor,LV_Overland/Hogwarts/LI_Hogwarts/LevelInstances/EntranceHall/LI_EntranceHall_EXT/SM_Leaf_Debris_Edge_B46,F0D6792F-4C81-3340-E887-07A0EEA1B114,1,DL_OVERLAND;DL_RENDER,DL_HW_EXT,LI_Hogwarts > LI_EntranceHall_EXT,/Game/Levels/Overland/Hogwarts/EntranceHall/LI_EntranceHall_EXT,,-9503.4,-29923.6,7404.5
Hogwarts,SM_Leaf_Debris_Edge_B47,StaticMeshActor,LV_Overland/Hogwarts/LI_Hogwarts/LevelInstances/EntranceHall/LI_EntranceHall_EXT/SM_Leaf_Debris_Edge_B47,CB64CC76-43FA-F973-C775-1C8FAE7D4519,1,DL_OVERLAND;DL_RENDER,DL_HW_EXT,LI_Hogwarts > LI_EntranceHall_EXT,/Game/Levels/Overland/Hogwarts/EntranceHall/LI_EntranceHall_EXT,,-9457.7,-29586.8,7403.8
Hogwarts,SM_Leaf_Debris_Edge_B48,StaticMeshActor,LV_Overland/Hogwarts/LI_Hogwarts/LevelInstances/EntranceHall/LI_EntranceHall_EXT/SM_Leaf_Debris_Edge_B48,B81FF125-4CF2-BB43-240E-43AEC9E89E4E,1,DL_OVERLAND;DL_RENDER,DL_HW_EXT,LI_Hogwarts > LI_EntranceHall_EXT,/Game/Levels/Overland/Hogwarts/EntranceHall/LI_EntranceHall_EXT,,-10232.0,-29694.8,7403.9
Hogwarts,SM_Leaf_Debris_Edge_B49,StaticMeshActor,LV_Overland/Hogwarts/LI_Hogwarts/LevelInstances/EntranceHall/LI_EntranceHall_EXT/SM_Leaf_Debris_Edge_B49,68380622-4E34-0A2B-9DEE-84B0804C0798,1,DL_OVERLAND;DL_RENDER,DL_HW_EXT,LI_Hogwarts > LI_EntranceHall_EXT,/Game/Levels/Overland/Hogwarts/EntranceHall/LI_EntranceHall_EXT,,-9491.9,-29518.5,7404.2
Hogwarts,SM_Leaf_Debris_Narrow_Cluster_A42,StaticMeshActor,LV_Overland/Hogwarts/LI_Hogwarts/LevelInstances/EntranceHall/LI_EntranceHall_EXT/SM_Leaf_Debris_Narrow_Cluster_A42,3BF34B2C-4548-511D-FC75-779C6B948F8C,1,DL_OVERLAND;DL_RENDER,DL_HW_EXT,LI_Hogwarts > LI_EntranceHall_EXT,/Game/Levels/Overland/Hogwarts/EntranceHall/LI_EntranceHall_EXT,,-8364.0,-27049.7,9405.7
Hogwarts,SM_Leaf_Debris_Narrow_Cluster_B4,StaticMeshActor,LV_Overland/Hogwarts/LI_Hogwarts/LevelInstances/EntranceHall/LI_EntranceHall_EXT/SM_Leaf_Debris_Narrow_Cluster_B4,D47F36CA-4CC2-56E2-30F7-1AA3301A13A0,1,DL_OVERLAND;DL_RENDER,DL_HW_EXT,LI_Hogwarts > LI_EntranceHall_EXT,/Game/Levels/Overland/Hogwarts/EntranceHall/LI_EntranceHall_EXT,,-10505.1,-30194.7,7298.5
Hogwarts,SM_Leaf_Debris_Narrow_Edge_B6,StaticMeshActor,LV_Overland/Hogwarts/LI_Hogwarts/LevelInstances/EntranceHall/LI_EntranceHall_EXT/SM_Leaf_Debris_Narrow_Edge_B6,0831E14F-4ABE-E7B0-8A2E-91BFB1A7FC8A,1,DL_OVERLAND;DL_RENDER,DL_HW_EXT,LI_Hogwarts > LI_EntranceHall_EXT,/Game/Levels/Overland/Hogwarts/EntranceHall/LI_EntranceHall_EXT,,-10313.2,-29537.0,7403.5
Hogwarts,SM_Leaf_Debris_Narrow_Edge_B7,StaticMeshActor,LV_Overland/Hogwarts/LI_Hogwarts/LevelInstances/EntranceHall/LI_EntranceHall_EXT/SM_Leaf_Debris_Narrow_Edge_B7,1B4ED057-4F01-65CA-EDFE-A1833A4A230F,1,DL_OVERLAND;DL_RENDER,DL_HW_EXT,LI_Hogwarts > LI_EntranceHall_EXT,/Game/Levels/Overland/Hogwarts/EntranceHall/LI_EntranceHall_EXT,,-9463.8,-29412.9,7403.0
Hogwarts,SM_Leaf_Debris_Narrow_Edge_B8,StaticMeshActor,LV_Overland/Hogwarts/LI_Hogwarts/LevelInstances/EntranceHall/LI_EntranceHall_EXT/SM_Leaf_Debris_Narrow_Edge_B8,F975D93D-4552-B288-DCF4-2B9A30F03096,1,DL_OVERLAND;DL_RENDER,DL_HW_EXT,LI_Hogwarts > LI_EntranceHall_EXT,/Game/Levels/Overland/Hogwarts/EntranceHall/LI_EntranceHall_EXT,,-10188.0,-29337.9,7403.5
Hogwarts,SM_SlateRoofRidge_Single_A,StaticMeshActor,LV_Overland/Hogwarts/LI_Hogwarts/LevelInstances/EntranceHall/LI_EntranceHall_EXT/RENDER/SM_SlateRoofRidge_Single_A,4AB6498A-4A60-6B00-48A7-B3A5B9B639D9,1,DL_OVERLAND;DL_RENDER,DL_HW_EXT,LI_Hogwarts > LI_EntranceHall_EXT,/Game/Levels/Overland/Hogwarts/EntranceHall/LI_EntranceHall_EXT,,-8907.4,-26577.6,12338.7
Hogwarts,SM_SlateRoofRidge_Single_A10,StaticMeshActor,LV_Overland/Hogwarts/LI_Hogwarts/LevelInstances/EntranceHall/LI_EntranceHall_EXT/RENDER/SM_SlateRoofRidge_Single_A10,44EEB9F1-4A1F-132C-9CFF-26A6DE44493D,1,DL_OVERLAND;DL_RENDER,DL_HW_EXT,LI_Hogwarts > LI_EntranceHall_EXT,/Game/Levels/Overland/Hogwarts/EntranceHall/LI_EntranceHall_EXT,,-8988.8,-26270.7,12891.0
Hogwarts,SM_SlateRoofRidge_Single_A100,StaticMeshActor,LV_Overland/Hogwarts/LI_Hogwarts/LevelInstances/EntranceHall/LI_EntranceHall_EXT/RENDER/SM_SlateRoofRidge_Single_A100,A9164580-4893-2D64-0F6A-C98CA1263953,1,DL_OVERLAND;DL_RENDER,DL_HW_EXT,LI_Hogwarts > LI_EntranceHall_EXT,/Game/Levels/Overland/Hogwarts/EntranceHall/LI_EntranceHall_EXT,,-9498.4,-25968.9,13348.2
Hogwarts,SM_SlateRoofRidge_Single_A101,StaticMeshActor,LV_Overland/Hogwarts/LI_Hogwarts/LevelInstances/EntranceHall/LI_EntranceHall_EXT/RENDER/SM_SlateRoofRidge_Single_A101,C560C763-4C9E-26D4-993F-76B46F50070D,1,DL_OVERLAND;DL_RENDER,DL_HW_EXT,LI_Hogwarts > LI_EntranceHall_EXT,/Game/Levels/Overland/Hogwarts/EntranceHall/LI_EntranceHall_EXT,,-9479.5,-25964.3,13395.3
Hogwarts,SM_SlateRoofRidge_Single_A102,StaticMeshActor,LV_Overland/Hogwarts/LI_Hogwarts/LevelInstances/EntranceHall/LI_EntranceHall_EXT/RENDER/SM_SlateRoofRidge_Single_A102,4A392704-47CF-0B3A-18CE-9784D34468BB,1,DL_OVERLAND;DL_RENDER,DL_HW_EXT,LI_Hogwarts > LI_EntranceHall_EXT,/Game/Levels/Overland/Hogwarts/EntranceHall/LI_EntranceHall_EXT,,-9516.0,-25973.9,13301.7
Hogwarts,SM_SlateRoofRidge_Single_A103,StaticMeshActor,LV_Overland/Hogwarts/LI_Hogwarts/LevelInstances/EntranceHall/LI_EntranceHall_EXT/RENDER/SM_SlateRoofRidge_Single_A103,085EB3B0-4D03-1180-DEDF-ED8CD9BEF405,1,DL_OVERLAND;DL_RENDER,DL_HW_EXT,LI_Hogwarts > LI_EntranceHall_EXT,/Game/Levels/Overland/Hogwarts/EntranceHall/LI_EntranceHall_EXT,,-9643.5,-25998.4,12959.7
Hogwarts,SM_SlateRoofRidge_Single_A104,StaticMeshActor,LV_Overland/Hogwarts/LI_Hogwarts/LevelInstances/EntranceHall/LI_EntranceHall_EXT/RENDER/SM_SlateRoofRidge_Single_A104,92B8C326-4CFF-B4D1-F0CB-09B44A9C62B8,1,DL_OVERLAND;DL_RENDER,DL_HW_EXT,LI_Hogwarts > LI_EntranceHall_EXT,/Game/Levels/Overland/Hogwarts/EntranceHall/LI_EntranceHall_EXT,,-9733.1,-26439.6,12333.7
Hogwarts,SM_SlateRoofRidge_Single_A105,StaticMeshActor,LV_Overland/Hogwarts/LI_Hogwarts/LevelInstances/EntranceHall/LI_EntranceHall_EXT/RENDER/SM_SlateRoofRidge_Single_A105,D9B40724-4739-0B4B-C087-57BD49258CB8,1,DL_OVERLAND;DL_RENDER,DL_HW_EXT,LI_Hogwarts > LI_EntranceHall_EXT,/Game/Levels/Overland/Hogwarts/EntranceHall/LI_EntranceHall_EXT,,-9710.7,-26412.8,12361.2
Hogwarts,SM_SlateRoofRidge_Single_A106,StaticMeshActor,LV_Overland/Hogwarts/LI_Hogwarts/LevelInstances/EntranceHall/LI_EntranceHall_EXT/RENDER/SM_SlateRoofRidge_Single_A106,879118B0-4EAA-2A68-4B67-65AD1AC8718F,1,DL_OVERLAND;DL_RENDER,DL_HW_EXT,LI_Hogwarts > LI_EntranceHall_EXT,/Game/Levels/Overland/Hogwarts/EntranceHall/LI_EntranceHall_EXT,,-9687.9,-26378.5,12398.2
Hogwarts,SM_SlateRoofRidge_Single_A107,StaticMeshActor,LV_Overland/Hogwarts/LI_Hogwarts/LevelInstances/EntranceHall/LI_EntranceHall_EXT/RENDER/SM_SlateRoofRidge_Single_A107,EA155655-4C15-0B77-0753-CEBADCECC0BC,1,DL_OVERLAND;DL_RENDER,DL_HW_EXT,LI_Hogwarts > LI_EntranceHall_EXT,/Game/Levels/Overland/Hogwarts/EntranceHall/LI_EntranceHall_EXT,,-9668.7,-26347.5,12437.2
Hogwarts,SM_SlateRoofRidge_Single_A108,StaticMeshActor,LV_Overland/Hogwarts/LI_Hogwarts/LevelInstances/EntranceHall/LI_EntranceHall_EXT/RENDER/SM_SlateRoofRidge_Single_A108,A13C4BC6-43DB-C38A-AD94-6A813B7E503B,1,DL_OVERLAND;DL_RENDER,DL_HW_EXT,LI_Hogwarts > LI_EntranceHall_EXT,/Game/Levels/Overland/Hogwarts/EntranceHall/LI_EntranceHall_EXT,,-9652.5,-26322.4,12476.3
Hogwarts,SM_SlateRoofRidge_Single_A109,StaticMeshActor,LV_Overland/Hogwarts/LI_Hogwarts/LevelInstances/EntranceHall/LI_EntranceHall_EXT/RENDER/SM_SlateRoofRidge_Single_A109,B8405B89-4FA4-5F3B-E039-72A4331CE49F,1,DL_OVERLAND;DL_RENDER,DL_HW_EXT,LI_Hogwarts > LI_EntranceHall_EXT,/Game/Levels/Overland/Hogwarts/EntranceHall/LI_EntranceHall_EXT,,-9638.2,-26302.2,12518.2
Hogwarts,SM_SlateRoofRidge_Single_A11,StaticMeshActor,LV_Overland/Hogwarts/LI_Hogwarts/LevelInstances/EntranceHall/LI_EntranceHall_EXT/RENDER/SM_SlateRoofRidge_Single_A11,6CCB7A48-4D0E-765A-6C38-A2B2F8DEB237,1,DL_OVERLAND;DL_RENDER,DL_HW_EXT,LI_Hogwarts > LI_EntranceHall_EXT,/Game/Levels/Overland/Hogwarts/EntranceHall/LI_EntranceHall_EXT,,-8994.8,-26241.5,12969.3
Hogwarts,SM_SlateRoofRidge_Single_A110,StaticMeshActor,LV_Overland/Hogwarts/LI_Hogwarts/LevelInstances/EntranceHall/LI_EntranceHall_EXT/RENDER/SM_SlateRoofRidge_Single_A110,C44829B1-4A4D-CB20-BC92-8C836A23ABF1,1,DL_OVERLAND;DL_RENDER,DL_HW_EXT,LI_Hogwarts > LI_EntranceHall_EXT,/Game/Levels/Overland/Hogwarts/EntranceHall/LI_EntranceHall_EXT,,-9620.3,-26273.7,12590.3
Hogwarts,SM_SlateRoofRidge_Single_A111,StaticMeshActor,LV_Overland/Hogwarts/LI_Hogwarts/LevelInstances/EntranceHall/LI_EntranceHall_EXT/RENDER/SM_SlateRoofRidge_Single_A111,B3EFFD74-4DC9-1788-7982-BBB1FBFDD1CA,1,DL_OVERLAND;DL_RENDER,DL_HW_EXT,LI_Hogwarts > LI_EntranceHall_EXT,/Game/Levels/Overland/Hogwarts/EntranceHall/LI_EntranceHall_EXT,,-9595.3,-26237.0,12690.1
Hogwarts,SM_SlateRoofRidge_Single_A112,StaticMeshActor,LV_Overland/Hogwarts/LI_Hogwarts/LevelInstances/EntranceHall/LI_EntranceHall_EXT/RENDER/SM_SlateRoofRidge_Single_A112,348EF628-46C9-5519-113A-4DB999794A17,1,DL_OVERLAND;DL_RENDER,DL_HW_EXT,LI_Hogwarts > LI_EntranceHall_EXT,/Game/Levels/Overland/Hogwarts/EntranceHall/LI_EntranceHall_EXT,,-9549.4,-26173.6,12892.0
Hogwarts,SM_SlateRoofRidge_Single_A113,StaticMeshActor,LV_Overland/Hogwarts/LI_Hogwarts/LevelInstances/EntranceHall/LI_EntranceHall_EXT/RENDER/SM_SlateRoofRidge_Single_A113,29FF637E-4350-4F33-F529-BCAB8ED45B7F,1,DL_OVERLAND;DL_RENDER,DL_HW_EXT,LI_Hogwarts > LI_EntranceHall_EXT,/Game/Levels/Overland/Hogwarts/EntranceHall/LI_EntranceHall_EXT,,-9533.9,-26151.8,12962.1
Hogwarts,SM_SlateRoofRidge_Single_A114,StaticMeshActor,LV_Overland/Hogwarts/LI_Hogwarts/LevelInstances/EntranceHall/LI_EntranceHall_EXT/RENDER/SM_SlateRoofRidge_Single_A114,4D7A4EAD-4EB1-5F6C-4447-7298774C022D,1,DL_OVERLAND;DL_RENDER,DL_HW_EXT,LI_Hogwarts > LI_EntranceHall_EXT,/Game/Levels/Overland/Hogwarts/EntranceHall/LI_EntranceHall_EXT,,-9520.6,-26126.4,13039.0
Hogwarts,SM_SlateRoofRidge_Single_A115,StaticMeshActor,LV_Overland/Hogwarts/LI_Hogwarts/LevelInstances/EntranceHall/LI_EntranceHall_EXT/RENDER/SM_SlateRoofRidge_Single_A115,A0CEFBC6-449F-AE1F-374D-1C9812FF6D41,1,DL_OVERLAND;DL_RENDER,DL_HW_EXT,LI_Hogwarts > LI_EntranceHall_EXT,/Game/Levels/Overland/Hogwarts/EntranceHall/LI_EntranceHall_EXT,,-9499.1,-26089.7,13145.6
Hogwarts,SM_SlateRoofRidge_Single_A116,StaticMeshActor,LV_Overland/Hogwarts/LI_Hogwarts/LevelInstances/EntranceHall/LI_EntranceHall_EXT/RENDER/SM_SlateRoofRidge_Single_A116,C159EA50-4B76-872F-83F6-2FA533B2F3FD,1,DL_OVERLAND;DL_RENDER,DL_HW_EXT,LI_Hogwarts > LI_EntranceHall_EXT,/Game/Levels/Overland/Hogwarts/EntranceHall/LI_EntranceHall_EXT,,-9479.3,-26056.1,13247.5
Hogwarts,SM_SlateRoofRidge_Single_A117,StaticMeshActor,LV_Overland/Hogwarts/LI_Hogwarts/LevelInstances/EntranceHall/LI_EntranceHall_EXT/RENDER/SM_SlateRoofRidge_Single_A117,7923EE35-44E3-97EA-E047-18BA24E23247,1,DL_OVERLAND;DL_RENDER,DL_HW_EXT,LI_Hogwarts > LI_EntranceHall_EXT,/Game/Levels/Overland/Hogwarts/EntranceHall/LI_EntranceHall_EXT,,-9466.8,-26033.7,13315.0
Hogwarts,SM_SlateRoofRidge_Single_A118,StaticMeshActor,LV_Overland/Hogwarts/LI_Hogwarts/LevelInstances/EntranceHall/LI_EntranceHall_EXT/RENDER/SM_SlateRoofRidge_Single_A118,8896C903-49DA-AF2A-0D30-17A5E5872DC7,1,DL_OVERLAND;DL_RENDER,DL_HW_EXT,LI_Hogwarts > LI_EntranceHall_EXT,/Game/Levels/Overland/Hogwarts/EntranceHall/LI_EntranceHall_EXT,,-9457.1,-26020.7,13355.4
Hogwarts,SM_SlateRoofRidge_Single_A119,StaticMeshActor,LV_Overland/Hogwarts/LI_Hogwarts/LevelInstances/EntranceHall/LI_EntranceHall_EXT/RENDER/SM_SlateRoofRidge_Single_A119,5B785215-4758-FB39-19E8-A3B4A7F0C272,1,DL_OVERLAND;DL_RENDER,DL_HW_EXT,LI_Hogwarts > LI_EntranceHall_EXT,/Game/Levels/Overland/Hogwarts/EntranceHall/LI_EntranceHall_EXT,,-9450.4,-26007.4,13393.4
Hogwarts,SM_SlateRoofRidge_Single_A12,StaticMeshActor,LV_Overland/Hogwarts/LI_Hogwarts/LevelInstances/EntranceHall/LI_EntranceHall_EXT/RENDER/SM_SlateRoofRidge_Single_A12,C5278DC1-4EC4-45E3-C70E-3398C0AD92B2,1,DL_OVERLAND;DL_RENDER,DL_HW_EXT,LI_Hogwarts > LI_EntranceHall_EXT,/Game/Levels/Overland/Hogwarts/EntranceHall/LI_EntranceHall_EXT,,-9000.2,-26216.2,13037.9
Hogwarts,SM_SlateRoofRidge_Single_A120,StaticMeshActor,LV_Overland/Hogwarts/LI_Hogwarts/LevelInstances/EntranceHall/LI_EntranceHall_EXT/RENDER/SM_SlateRoofRidge_Single_A120,3D5E3D73-464A-9B45-E818-EC8165366661,1,DL_OVERLAND;DL_RENDER,DL_HW_EXT,LI_Hogwarts > LI_EntranceHall_EXT,/Game/Levels/Overland/Hogwarts/EntranceHall/LI_EntranceHall_EXT,,-9571.5,-26202.3,12794.7
Hogwarts,SM_SlateRoofRidge_Single_A13,StaticMeshActor,LV_Overland/Hogwarts/LI_Hogwarts/LevelInstances/EntranceHall/LI_EntranceHall_EXT/RENDER/SM_SlateRoofRidge_Single_A13,630AD541-47A7-E432-FA93-DF98F47C5A84,1,DL_OVERLAND;DL_RENDER,DL_HW_EXT,LI_Hogwarts > LI_EntranceHall_EXT,/Game/Levels/Overland/Hogwarts/EntranceHall/LI_EntranceHall_EXT,,-9008.7,-26176.2,13145.6
Hogwarts,SM_SlateRoofRidge_Single_A14,StaticMeshActor,LV_Overland/Hogwarts/LI_Hogwarts/LevelInstances/EntranceHall/LI_EntranceHall_EXT/RENDER/SM_SlateRoofRidge_Single_A14,178C313D-4D0B-0ADB-1C26-388987D35EF3,1,DL_OVERLAND;DL_RENDER,DL_HW_EXT,LI_Hogwarts > LI_EntranceHall_EXT,/Game/Levels/Overland/Hogwarts/EntranceHall/LI_EntranceHall_EXT,,-9017.1,-26137.5,13246.6
Hogwarts,SM_SlateRoofRidge_Single_A15,StaticMeshActor,LV_Overland/Hogwarts/LI_Hogwarts/LevelInstances/EntranceHall/LI_EntranceHall_EXT/RENDER/SM_SlateRoofRidge_Single_A15,3DA02D8B-4CE1-E595-7942-E4872F408500,1,DL_OVERLAND;DL_RENDER,DL_HW_EXT,LI_Hogwarts > LI_EntranceHall_EXT,/Game/Levels/Overland/Hogwarts/EntranceHall/LI_EntranceHall_EXT,,-9023.1,-26112.7,13312.9
Hogwarts,SM_SlateRoofRidge_Single_A16,StaticMeshActor,LV_Overland/Hogwarts/LI_Hogwarts/LevelInstances/EntranceHall/LI_EntranceHall_EXT/RENDER/SM_SlateRoofRidge_Single_A16,78E07BE8-46C8-8749-E3F3-138185B59A10,1,DL_OVERLAND;DL_RENDER,DL_HW_EXT,LI_Hogwarts > LI_EntranceHall_EXT,/Game/Levels/Overland/Hogwarts/EntranceHall/LI_EntranceHall_EXT,,-9025.0,-26080.1,13394.1
Hogwarts,SM_SlateRoofRidge_Single_A17,StaticMeshActor,LV_Overland/Hogwarts/LI_Hogwarts/LevelInstances/EntranceHall/LI_EntranceHall_EXT/RENDER/SM_SlateRoofRidge_Single_A17,3E035577-4105-8D9E-3D60-BB8220316885,1,DL_OVERLAND;DL_RENDER,DL_HW_EXT,LI_Hogwarts > LI_EntranceHall_EXT,/Game/Levels/Overland/Hogwarts/EntranceHall/LI_EntranceHall_EXT,,-9023.1,-26097.5,13349.4
Hogwarts,SM_SlateRoofRidge_Single_A18,StaticMeshActor,LV_Overland/Hogwarts/LI_Hogwarts/LevelInstances/EntranceHall/LI_EntranceHall_EXT/RENDER/SM_SlateRoofRidge_Single_A18,B93F3A1A-41FF-DF02-5B45-0C8E834092AD,1,DL_OVERLAND;DL_RENDER,DL_HW_EXT,LI_Hogwarts > LI_EntranceHall_EXT,/Game/Levels/Overland/Hogwarts/EntranceHall/LI_EntranceHall_EXT,,-8662.8,-26254.1,12479.4
Hogwarts,SM_SlateRoofRidge_Single_A19,StaticMeshActor,LV_Overland/Hogwarts/LI_Hogwarts/LevelInstances/EntranceHall/LI_EntranceHall_EXT/RENDER/SM_SlateRoofRidge_Single_A19,FDF263E1-4BC3-8AFC-59DE-FF954D954D3C,1,DL_OVERLAND;DL_RENDER,DL_HW_EXT,LI_Hogwarts > LI_EntranceHall_EXT,/Game/Levels/Overland/Hogwarts/EntranceHall/LI_EntranceHall_EXT,,-8678.4,-26241.9,12510.5
Hogwarts,SM_SlateRoofRidge_Single_A2,StaticMeshActor,LV_Overland/Hogwarts/LI_Hogwarts/LevelInstances/EntranceHall/LI_EntranceHall_EXT/RENDER/SM_SlateRoofRidge_Single_A2,1F1FBBA1-4C93-0530-E4E8-D485C495089F,1,DL_OVERLAND;DL_RENDER,DL_HW_EXT,LI_Hogwarts > LI_EntranceHall_EXT,/Game/Levels/Overland/Hogwarts/EntranceHall/LI_EntranceHall_EXT,,-8916.0,-26547.9,12362.3
Hogwarts,SM_SlateRoofRidge_Single_A20,StaticMeshActor,LV_Overland/Hogwarts/LI_Hogwarts/LevelInstances/EntranceHall/LI_EntranceHall_EXT/RENDER/SM_SlateRoofRidge_Single_A20,FC73BC13-40BC-3E8C-FCB2-A98B55612D51,1,DL_OVERLAND;DL_RENDER,DL_HW_EXT,LI_Hogwarts > LI_EntranceHall_EXT,/Game/Levels/Overland/Hogwarts/EntranceHall/LI_EntranceHall_EXT,,-8709.1,-26221.4,12581.0
Hogwarts,SM_SlateRoofRidge_Single_A21,StaticMeshActor,LV_Overland/Hogwarts/LI_Hogwarts/LevelInstances/EntranceHall/LI_EntranceHall_EXT/RENDER/SM_SlateRoofRidge_Single_A21,DEAF080F-46A7-BE5E-3A85-2986C68117B7,1,DL_OVERLAND;DL_RENDER,DL_HW_EXT,LI_Hogwarts > LI_EntranceHall_EXT,/Game/Levels/Overland/Hogwarts/EntranceHall/LI_EntranceHall_EXT,,-8748.3,-26198.6,12680.2
Hogwarts,SM_SlateRoofRidge_Single_A22,StaticMeshActor,LV_Overland/Hogwarts/LI_Hogwarts/LevelInstances/EntranceHall/LI_EntranceHall_EXT/RENDER/SM_SlateRoofRidge_Single_A22,F41A5834-4C3C-04E1-A28F-CD8A36155A6E,1,DL_OVERLAND;DL_RENDER,DL_HW_EXT,LI_Hogwarts > LI_EntranceHall_EXT,/Game/Levels/Overland/Hogwarts/EntranceHall/LI_EntranceHall_EXT,,-8785.3,-26175.5,12784.2
Hogwarts,SM_SlateRoofRidge_Single_A23,StaticMeshActor,LV_Overland/Hogwarts/LI_Hogwarts/LevelInstances/EntranceHall/LI_EntranceHall_EXT/RENDER/SM_SlateRoofRidge_Single_A23,AEF8D4C9-4B6C-6639-A1C1-9CAC7ECFA6C7,1,DL_OVERLAND;DL_RENDER,DL_HW_EXT,LI_Hogwarts > LI_EntranceHall_EXT,/Game/Levels/Overland/Hogwarts/EntranceHall/LI_EntranceHall_EXT,,-8841.2,-26138.0,12959.2
Hogwarts,SM_SlateRoofRidge_Single_A24,StaticMeshActor,LV_Overland/Hogwarts/LI_Hogwarts/LevelInstances/EntranceHall/LI_EntranceHall_EXT/RENDER/SM_SlateRoofRidge_Single_A24,8BC4851C-4D9E-7163-9D65-2B9D91ABD02C,1,DL_OVERLAND;DL_RENDER,DL_HW_EXT,LI_Hogwarts > LI_EntranceHall_EXT,/Game/Levels/Overland/Hogwarts/EntranceHall/LI_EntranceHall_EXT,,-8863.1,-26125.0,13028.0
Hogwarts,SM_SlateRoofRidge_Single_A25,StaticMeshActor,LV_Overland/Hogwarts/LI_Hogwarts/LevelInstances/EntranceHall/LI_EntranceHall_EXT/RENDER/SM_SlateRoofRidge_Single_A25,104504E5-4A4C-60D9-01E7-DDB7CBE5C542,1,DL_OVERLAND;DL_RENDER,DL_HW_EXT,LI_Hogwarts > LI_EntranceHall_EXT,/Game/Levels/Overland/Hogwarts/EntranceHall/LI_EntranceHall_EXT,,-8897.6,-26102.3,13135.6
Hogwarts,SM_SlateRoofRidge_Single_A26,StaticMeshActor,LV_Overland/Hogwarts/LI_Hogwarts/LevelInstances/EntranceHall/LI_EntranceHall_EXT/RENDER/SM_SlateRoofRidge_Single_A26,4F308E2B-4304-CB14-80C3-AFAD093B2FCE,1,DL_OVERLAND;DL_RENDER,DL_HW_EXT,LI_Hogwarts > LI_EntranceHall_EXT,/Game/Levels/Overland/Hogwarts/EntranceHall/LI_EntranceHall_EXT,,-8930.5,-26081.2,13236.7
Hogwarts,SM_SlateRoofRidge_Single_A27,StaticMeshActor,LV_Overland/Hogwarts/LI_Hogwarts/LevelInstances/EntranceHall/LI_EntranceHall_EXT/RENDER/SM_SlateRoofRidge_Single_A27,733C462E-41AD-E6CB-19A8-ED810BA7B705,1,DL_OVERLAND;DL_RENDER,DL_HW_EXT,LI_Hogwarts > LI_EntranceHall_EXT,/Game/Levels/Overland/Hogwarts/EntranceHall/LI_EntranceHall_EXT,,-8964.6,-26059.8,13339.3
Hogwarts,SM_SlateRoofRidge_Single_A28,StaticMeshActor,LV_Overland/Hogwarts/LI_Hogwarts/LevelInstances/EntranceHall/LI_EntranceHall_EXT/RENDER/SM_SlateRoofRidge_Single_A28,A0477A67-4053-A923-2328-6FAE64BCD816,1,DL_OVERLAND;DL_RENDER,DL_HW_EXT,LI_Hogwarts > LI_EntranceHall_EXT,/Game/Levels/Overland/Hogwarts/EntranceHall/LI_EntranceHall_EXT,,-8951.6,-26066.7,13302.9
Hogwarts,SM_SlateRoofRidge_Single_A29,StaticMeshActor,LV_Overland/Hogwarts/LI_Hogwarts/LevelInstances/EntranceHall/LI_EntranceHall_EXT/RENDER/SM_SlateRoofRidge_Single_A29,DCED7DA9-4545-7115-9ED3-0A9CCD5604C7,1,DL_OVERLAND;DL_RENDER,DL_HW_EXT,LI_Hogwarts > LI_EntranceHall_EXT,/Game/Levels/Overland/Hogwarts/EntranceHall/LI_EntranceHall_EXT,,-8980.2,-26051.7,13383.8
Hogwarts,SM_SlateRoofRidge_Single_A3,StaticMeshActor,LV_Overland/Hogwarts/LI_Hogwarts/LevelInstances/EntranceHall/LI_EntranceHall_EXT/RENDER/SM_SlateRoofRidge_Single_A3,B655D93A-4066-3977-DE5C-F383E1D104CF,1,DL_OVERLAND;DL_RENDER,DL_HW_EXT,LI_Hogwarts > LI_EntranceHall_EXT,/Game/Levels/Overland/Hogwarts/EntranceHall/LI_EntranceHall_EXT,,-8926.7,-26511.1,12396.6
Hogwarts,SM_SlateRoofRidge_Single_A30,StaticMeshActor,LV_Overland/Hogwarts/LI_Hogwarts/LevelInstances/EntranceHall/LI_EntranceHall_EXT/RENDER/SM_SlateRoofRidge_Single_A30,503E9ED8-4E85-95EA-86BF-4D9B60AC0C31,1,DL_OVERLAND;DL_RENDER,DL_HW_EXT,LI_Hogwarts > LI_EntranceHall_EXT,/Game/Levels/Overland/Hogwarts/EntranceHall/LI_EntranceHall_EXT,,-8816.4,-26156.1,12881.3
Hogwarts,SM_SlateRoofRidge_Single_A31,StaticMeshActor,LV_Overland/Hogwarts/LI_Hogwarts/LevelInstances/EntranceHall/LI_EntranceHall_EXT/RENDER/SM_SlateRoofRidge_Single_A31,3264A3A1-41F8-EAC0-EA04-B1B1BD23D453,1,DL_OVERLAND;DL_RENDER,DL_HW_EXT,LI_Hogwarts > LI_EntranceHall_EXT,/Game/Levels/Overland/Hogwarts/EntranceHall/LI_EntranceHall_EXT,,-8604.4,-25927.9,12479.7
Hogwarts,SM_SlateRoofRidge_Single_A32,StaticMeshActor,LV_Overland/Hogwarts/LI_Hogwarts/LevelInstances/EntranceHall/LI_EntranceHall_EXT/RENDER/SM_SlateRoofRidge_Single_A32,2EAE5F9B-4A03-99C3-8FDF-4386D58CFBC4,1,DL_OVERLAND;DL_RENDER,DL_HW_EXT,LI_Hogwarts > LI_EntranceHall_EXT,/Game/Levels/Overland/Hogwarts/EntranceHall/LI_EntranceHall_EXT,,-8623.5,-25932.4,12511.0
Hogwarts,SM_SlateRoofRidge_Single_A33,StaticMeshActor,LV_Overland/Hogwarts/LI_Hogwarts/LevelInstances/EntranceHall/LI_EntranceHall_EXT/RENDER/SM_SlateRoofRidge_Single_A33,ED5789C3-4F98-47AA-D85F-8487CF9AC263,1,DL_OVERLAND;DL_RENDER,DL_HW_EXT,LI_Hogwarts > LI_EntranceHall_EXT,/Game/Levels/Overland/Hogwarts/EntranceHall/LI_EntranceHall_EXT,,-8658.6,-25942.6,12581.8
Hogwarts,SM_SlateRoofRidge_Single_A34,StaticMeshActor,LV_Overland/Hogwarts/LI_Hogwarts/LevelInstances/EntranceHall/LI_EntranceHall_EXT/RENDER/SM_SlateRoofRidge_Single_A34,79ECF474-4CA6-5D5D-7F83-99AC15570C39,1,DL_OVERLAND;DL_RENDER,DL_HW_EXT,LI_Hogwarts > LI_EntranceHall_EXT,/Game/Levels/Overland/Hogwarts/EntranceHall/LI_EntranceHall_EXT,,-8703.3,-25952.5,12680.8
Hogwarts,SM_SlateRoofRidge_Single_A35,StaticMeshActor,LV_Overland/Hogwarts/LI_Hogwarts/LevelInstances/EntranceHall/LI_EntranceHall_EXT/RENDER/SM_SlateRoofRidge_Single_A35,0DFD723C-438A-6568-4649-FBBBDA4A7B51,1,DL_OVERLAND;DL_RENDER,DL_HW_EXT,LI_Hogwarts > LI_EntranceHall_EXT,/Game/Levels/Overland/Hogwarts/EntranceHall/LI_EntranceHall_EXT,,-8746.6,-25962.2,12784.3
Hogwarts,SM_SlateRoofRidge_Single_A36,StaticMeshActor,LV_Overland/Hogwarts/LI_Hogwarts/LevelInstances/EntranceHall/LI_EntranceHall_EXT/RENDER/SM_SlateRoofRidge_Single_A36,62A4FDE2-424B-B9D8-98D2-F483B1D05158,1,DL_OVERLAND;DL_RENDER,DL_HW_EXT,LI_Hogwarts > LI_EntranceHall_EXT,/Game/Levels/Overland/Hogwarts/EntranceHall/LI_EntranceHall_EXT,,-8782.7,-25966.4,12881.3
Hogwarts,SM_SlateRoofRidge_Single_A37,StaticMeshActor,LV_Overland/Hogwarts/LI_Hogwarts/LevelInstances/EntranceHall/LI_EntranceHall_EXT/RENDER/SM_SlateRoofRidge_Single_A37,2B79A572-4F1D-F732-15C4-478D17E276F1,1,DL_OVERLAND;DL_RENDER,DL_HW_EXT,LI_Hogwarts > LI_EntranceHall_EXT,/Game/Levels/Overland/Hogwarts/EntranceHall/LI_EntranceHall_EXT,,-8837.9,-25975.9,13028.3
Hogwarts,SM_SlateRoofRidge_Single_A38,StaticMeshActor,LV_Overland/Hogwarts/LI_Hogwarts/LevelInstances/EntranceHall/LI_EntranceHall_EXT/RENDER/SM_SlateRoofRidge_Single_A38,5E9A4099-4522-08BC-E6A3-CCAE564EDCAD,1,DL_OVERLAND;DL_RENDER,DL_HW_EXT,LI_Hogwarts > LI_EntranceHall_EXT,/Game/Levels/Overland/Hogwarts/EntranceHall/LI_EntranceHall_EXT,,-8879.0,-25984.8,13135.7
Hogwarts,SM_SlateRoofRidge_Single_A39,StaticMeshActor,LV_Overland/Hogwarts/LI_Hogwarts/LevelInstances/EntranceHall/LI_EntranceHall_EXT/RENDER/SM_SlateRoofRidge_Single_A39,784ECAAB-470A-FC19-5F14-7189E2CD1042,1,DL_OVERLAND;DL_RENDER,DL_HW_EXT,LI_Hogwarts > LI_EntranceHall_EXT,/Game/Levels/Overland/Hogwarts/EntranceHall/LI_EntranceHall_EXT,,-8916.1,-25993.6,13237.0
Hogwarts,SM_SlateRoofRidge_Single_A4,StaticMeshActor,LV_Overland/Hogwarts/LI_Hogwarts/LevelInstances/EntranceHall/LI_EntranceHall_EXT/RENDER/SM_SlateRoofRidge_Single_A4,81531F7C-49B8-DF59-A8E4-8F8AADE408FC,1,DL_OVERLAND;DL_RENDER,DL_HW_EXT,LI_Hogwarts > LI_EntranceHall_EXT,/Game/Levels/Overland/Hogwarts/EntranceHall/LI_EntranceHall_EXT,,-8936.7,-26474.1,12437.4
Hogwarts,SM_SlateRoofRidge_Single_A40,StaticMeshActor,LV_Overland/Hogwarts/LI_Hogwarts/LevelInstances/EntranceHall/LI_EntranceHall_EXT/RENDER/SM_SlateRoofRidge_Single_A40,5A327DAD-4430-1269-D5EF-F4ABDE0EC975,1,DL_OVERLAND;DL_RENDER,DL_HW_EXT,LI_Hogwarts > LI_EntranceHall_EXT,/Game/Levels/Overland/Hogwarts/EntranceHall/LI_EntranceHall_EXT,,-8957.4,-26002.2,13348.2
Hogwarts,SM_SlateRoofRidge_Single_A41,StaticMeshActor,LV_Overland/Hogwarts/LI_Hogwarts/LevelInstances/EntranceHall/LI_EntranceHall_EXT/RENDER/SM_SlateRoofRidge_Single_A41,67E7382D-432F-3ED2-3F78-15B94FD02231,1,DL_OVERLAND;DL_RENDER,DL_HW_EXT,LI_Hogwarts > LI_EntranceHall_EXT,/Game/Levels/Overland/Hogwarts/EntranceHall/LI_EntranceHall_EXT,,-8976.2,-26006.8,13395.3
Hogwarts,SM_SlateRoofRidge_Single_A42,StaticMeshActor,LV_Overland/Hogwarts/LI_Hogwarts/LevelInstances/EntranceHall/LI_EntranceHall_EXT/RENDER/SM_SlateRoofRidge_Single_A42,7BF5FBAD-4871-33A2-65C7-309C95F291A2,1,DL_OVERLAND;DL_RENDER,DL_HW_EXT,LI_Hogwarts > LI_EntranceHall_EXT,/Game/Levels/Overland/Hogwarts/EntranceHall/LI_EntranceHall_EXT,,-8939.8,-25997.2,13301.7
Hogwarts,SM_SlateRoofRidge_Single_A43,StaticMeshActor,LV_Overland/Hogwarts/LI_Hogwarts/LevelInstances/EntranceHall/LI_EntranceHall_EXT/RENDER/SM_SlateRoofRidge_Single_A43,3D2A4C2E-4677-69DE-7ABD-23BD32FA7669,1,DL_OVERLAND;DL_RENDER,DL_HW_EXT,LI_Hogwarts > LI_EntranceHall_EXT,/Game/Levels/Overland/Hogwarts/EntranceHall/LI_EntranceHall_EXT,,-8812.3,-25972.5,12959.7
Hogwarts,SM_SlateRoofRidge_Single_A44,StaticMeshActor,LV_Overland/Hogwarts/LI_Hogwarts/LevelInstances/EntranceHall/LI_EntranceHall_EXT/RENDER/SM_SlateRoofRidge_Single_A44,CABF67B2-468B-D2DF-4101-4C9305FD8EDB,1,DL_OVERLAND;DL_RENDER,DL_HW_EXT,LI_Hogwarts > LI_EntranceHall_EXT,/Game/Levels/Overland/Hogwarts/EntranceHall/LI_EntranceHall_EXT,,-8726.8,-25535.7,12337.5
Hogwarts,SM_SlateRoofRidge_Single_A45,StaticMeshActor,LV_Overland/Hogwarts/LI_Hogwarts/LevelInstances/EntranceHall/LI_EntranceHall_EXT/RENDER/SM_SlateRoofRidge_Single_A45,F088DC46-4CEB-6EE3-8531-A399AC343D02,1,DL_OVERLAND;DL_RENDER,DL_HW_EXT,LI_Hogwarts > LI_EntranceHall_EXT,/Game/Levels/Overland/Hogwarts/EntranceHall/LI_EntranceHall_EXT,,-8745.0,-25557.2,12362.0
Hogwarts,SM_SlateRoofRidge_Single_A46,StaticMeshActor,LV_Overland/Hogwarts/LI_Hogwarts/LevelInstances/EntranceHall/LI_EntranceHall_EXT/RENDER/SM_SlateRoofRidge_Single_A46,4F622569-40E8-4669-3919-AA9067C3E26B,1,DL_OVERLAND;DL_RENDER,DL_HW_EXT,LI_Hogwarts > LI_EntranceHall_EXT,/Game/Levels/Overland/Hogwarts/EntranceHall/LI_EntranceHall_EXT,,-8767.7,-25591.4,12399.5
Hogwarts,SM_SlateRoofRidge_Single_A47,StaticMeshActor,LV_Overland/Hogwarts/LI_Hogwarts/LevelInstances/EntranceHall/LI_EntranceHall_EXT/RENDER/SM_SlateRoofRidge_Single_A47,B21D2439-4860-BAD7-FDE7-37A037650E7D,1,DL_OVERLAND;DL_RENDER,DL_HW_EXT,LI_Hogwarts > LI_EntranceHall_EXT,/Game/Levels/Overland/Hogwarts/EntranceHall/LI_EntranceHall_EXT,,-8787.1,-25624.1,12439.8
Hogwarts,SM_SlateRoofRidge_Single_A48,StaticMeshActor,LV_Overland/Hogwarts/LI_Hogwarts/LevelInstances/EntranceHall/LI_EntranceHall_EXT/RENDER/SM_SlateRoofRidge_Single_A48,7DD5591F-4015-55C6-D3B5-92B93A2A0C8C,1,DL_OVERLAND;DL_RENDER,DL_HW_EXT,LI_Hogwarts > LI_EntranceHall_EXT,/Game/Levels/Overland/Hogwarts/EntranceHall/LI_EntranceHall_EXT,,-8804.0,-25647.3,12477.2
Hogwarts,SM_SlateRoofRidge_Single_A49,StaticMeshActor,LV_Overland/Hogwarts/LI_Hogwarts/LevelInstances/EntranceHall/LI_EntranceHall_EXT/RENDER/SM_SlateRoofRidge_Single_A49,6564F165-4E2F-1A0B-6CEF-15A32F17960F,1,DL_OVERLAND;DL_RENDER,DL_HW_EXT,LI_Hogwarts > LI_EntranceHall_EXT,/Game/Levels/Overland/Hogwarts/EntranceHall/LI_EntranceHall_EXT,,-8817.9,-25668.8,12518.2
Hogwarts,SM_SlateRoofRidge_Single_A5,StaticMeshActor,LV_Overland/Hogwarts/LI_Hogwarts/LevelInstances/EntranceHall/LI_EntranceHall_EXT/RENDER/SM_SlateRoofRidge_Single_A5,FCF09305-47AF-68CD-C4A5-26A249B9B90A,1,DL_OVERLAND;DL_RENDER,DL_HW_EXT,LI_Hogwarts > LI_EntranceHall_EXT,/Game/Levels/Overland/Hogwarts/EntranceHall/LI_EntranceHall_EXT,,-8943.4,-26446.8,12475.0
Hogwarts,SM_SlateRoofRidge_Single_A50,StaticMeshActor,LV_Overland/Hogwarts/LI_Hogwarts/LevelInstances/EntranceHall/LI_EntranceHall_EXT/RENDER/SM_SlateRoofRidge_Single_A50,0BCAD4CA-46AE-099D-379A-5F926BFD8CA4,1,DL_OVERLAND;DL_RENDER,DL_HW_EXT,LI_Hogwarts > LI_EntranceHall_EXT,/Game/Levels/Overland/Hogwarts/EntranceHall/LI_EntranceHall_EXT,,-8835.5,-25697.0,12590.5
Hogwarts,SM_SlateRoofRidge_Single_A51,StaticMeshActor,LV_Overland/Hogwarts/LI_Hogwarts/LevelInstances/EntranceHall/LI_EntranceHall_EXT/RENDER/SM_SlateRoofRidge_Single_A51,E1716095-41BC-9EEF-E088-34BEA1806740,1,DL_OVERLAND;DL_RENDER,DL_HW_EXT,LI_Hogwarts > LI_EntranceHall_EXT,/Game/Levels/Overland/Hogwarts/EntranceHall/LI_EntranceHall_EXT,,-8860.7,-25734.0,12690.1
Hogwarts,SM_SlateRoofRidge_Single_A52,StaticMeshActor,LV_Overland/Hogwarts/LI_Hogwarts/LevelInstances/EntranceHall/LI_EntranceHall_EXT/RENDER/SM_SlateRoofRidge_Single_A52,63135890-4BAE-1904-4368-41812452A66F,1,DL_OVERLAND;DL_RENDER,DL_HW_EXT,LI_Hogwarts > LI_EntranceHall_EXT,/Game/Levels/Overland/Hogwarts/EntranceHall/LI_EntranceHall_EXT,,-8906.5,-25797.4,12892.0
Hogwarts,SM_SlateRoofRidge_Single_A53,StaticMeshActor,LV_Overland/Hogwarts/LI_Hogwarts/LevelInstances/EntranceHall/LI_EntranceHall_EXT/RENDER/SM_SlateRoofRidge_Single_A53,ED2A11F5-4001-D457-9D59-31ACCA481F7D,1,DL_OVERLAND;DL_RENDER,DL_HW_EXT,LI_Hogwarts > LI_EntranceHall_EXT,/Game/Levels/Overland/Hogwarts/EntranceHall/LI_EntranceHall_EXT,,-8922.1,-25819.2,12962.1
Hogwarts,SM_SlateRoofRidge_Single_A54,StaticMeshActor,LV_Overland/Hogwarts/LI_Hogwarts/LevelInstances/EntranceHall/LI_EntranceHall_EXT/RENDER/SM_SlateRoofRidge_Single_A54,0F3C268C-48B9-177F-F008-0388C705C6DF,1,DL_OVERLAND;DL_RENDER,DL_HW_EXT,LI_Hogwarts > LI_EntranceHall_EXT,/Game/Levels/Overland/Hogwarts/EntranceHall/LI_EntranceHall_EXT,,-8935.3,-25844.6,13039.0
Hogwarts,SM_SlateRoofRidge_Single_A55,StaticMeshActor,LV_Overland/Hogwarts/LI_Hogwarts/LevelInstances/EntranceHall/LI_EntranceHall_EXT/RENDER/SM_SlateRoofRidge_Single_A55,F45DBB99-4E8D-6A4C-3BC8-3292C0A48685,1,DL_OVERLAND;DL_RENDER,DL_HW_EXT,LI_Hogwarts > LI_EntranceHall_EXT,/Game/Levels/Overland/Hogwarts/EntranceHall/LI_EntranceHall_EXT,,-8956.8,-25881.4,13145.6
Hogwarts,SM_SlateRoofRidge_Single_A56,StaticMeshActor,LV_Overland/Hogwarts/LI_Hogwarts/LevelInstances/EntranceHall/LI_EntranceHall_EXT/RENDER/SM_SlateRoofRidge_Single_A56,5CABD59C-4B1A-4419-050F-A38061C4DC97,1,DL_OVERLAND;DL_RENDER,DL_HW_EXT,LI_Hogwarts > LI_EntranceHall_EXT,/Game/Levels/Overland/Hogwarts/EntranceHall/LI_EntranceHall_EXT,,-8976.5,-25915.0,13247.5
Hogwarts,SM_SlateRoofRidge_Single_A57,StaticMeshActor,LV_Overland/Hogwarts/LI_Hogwarts/LevelInstances/EntranceHall/LI_EntranceHall_EXT/RENDER/SM_SlateRoofRidge_Single_A57,7734D8EE-4D7E-1B38-0B77-B2B9AFEE464D,1,DL_OVERLAND;DL_RENDER,DL_HW_EXT,LI_Hogwarts > LI_EntranceHall_EXT,/Game/Levels/Overland/Hogwarts/EntranceHall/LI_EntranceHall_EXT,,-8991.8,-25935.8,13314.6
Hogwarts,SM_SlateRoofRidge_Single_A58,StaticMeshActor,LV_Overland/Hogwarts/LI_Hogwarts/LevelInstances/EntranceHall/LI_EntranceHall_EXT/RENDER/SM_SlateRoofRidge_Single_A58,F1459400-4C3B-1F86-0A99-1585ED116ED6,1,DL_OVERLAND;DL_RENDER,DL_HW_EXT,LI_Hogwarts > LI_EntranceHall_EXT,/Game/Levels/Overland/Hogwarts/EntranceHall/LI_EntranceHall_EXT,,-8998.8,-25947.6,13351.4
Hogwarts,SM_SlateRoofRidge_Single_A59,StaticMeshActor,LV_Overland/Hogwarts/LI_Hogwarts/LevelInstances/EntranceHall/LI_EntranceHall_EXT/RENDER/SM_SlateRoofRidge_Single_A59,C175AD09-4540-9F12-69AC-0CB19EEC6EBC,1,DL_OVERLAND;DL_RENDER,DL_HW_EXT,LI_Hogwarts > LI_EntranceHall_EXT,/Game/Levels/Overland/Hogwarts/EntranceHall/LI_EntranceHall_EXT,,-9005.6,-25962.4,13391.1
Hogwarts,SM_SlateRoofRidge_Single_A6,StaticMeshActor,LV_Overland/Hogwarts/LI_Hogwarts/LevelInstances/EntranceHall/LI_EntranceHall_EXT/RENDER/SM_SlateRoofRidge_Single_A6,24AF1EB5-4679-25E8-5D24-CA84EC2BE241,1,DL_OVERLAND;DL_RENDER,DL_HW_EXT,LI_Hogwarts > LI_EntranceHall_EXT,/Game/Levels/Overland/Hogwarts/EntranceHall/LI_EntranceHall_EXT,,-8949.3,-26424.0,12517.7
Hogwarts,SM_SlateRoofRidge_Single_A60,StaticMeshActor,LV_Overland/Hogwarts/LI_Hogwarts/LevelInstances/EntranceHall/LI_EntranceHall_EXT/RENDER/SM_SlateRoofRidge_Single_A60,FEE6E3E9-4D3B-8696-6B20-8D912FA05B6B,1,DL_OVERLAND;DL_RENDER,DL_HW_EXT,LI_Hogwarts > LI_EntranceHall_EXT,/Game/Levels/Overland/Hogwarts/EntranceHall/LI_EntranceHall_EXT,,-8884.3,-25768.4,12794.9
Hogwarts,SM_SlateRoofRidge_Single_A61,StaticMeshActor,LV_Overland/Hogwarts/LI_Hogwarts/LevelInstances/EntranceHall/LI_EntranceHall_EXT/RENDER/SM_SlateRoofRidge_Single_A61,72D92D00-4256-8AE0-487E-769A23692286,1,DL_OVERLAND;DL_RENDER,DL_HW_EXT,LI_Hogwarts > LI_EntranceHall_EXT,/Game/Levels/Overland/Hogwarts/EntranceHall/LI_EntranceHall_EXT,,-9548.8,-25387.0,12334.2
Hogwarts,SM_SlateRoofRidge_Single_A62,StaticMeshActor,LV_Overland/Hogwarts/LI_Hogwarts/LevelInstances/EntranceHall/LI_EntranceHall_EXT/RENDER/SM_SlateRoofRidge_Single_A62,B3AD4D67-4DFE-0071-6E16-09B19370CDB2,1,DL_OVERLAND;DL_RENDER,DL_HW_EXT,LI_Hogwarts > LI_EntranceHall_EXT,/Game/Levels/Overland/Hogwarts/EntranceHall/LI_EntranceHall_EXT,,-9539.2,-25423.1,12362.3
Hogwarts,SM_SlateRoofRidge_Single_A63,StaticMeshActor,LV_Overland/Hogwarts/LI_Hogwarts/LevelInstances/EntranceHall/LI_EntranceHall_EXT/RENDER/SM_SlateRoofRidge_Single_A63,65C91CA0-45C6-78AA-4E74-568A6EB57AE3,1,DL_OVERLAND;DL_RENDER,DL_HW_EXT,LI_Hogwarts > LI_EntranceHall_EXT,/Game/Levels/Overland/Hogwarts/EntranceHall/LI_EntranceHall_EXT,,-9528.4,-25460.0,12396.6
Hogwarts,SM_SlateRoofRidge_Single_A64,StaticMeshActor,LV_Overland/Hogwarts/LI_Hogwarts/LevelInstances/EntranceHall/LI_EntranceHall_EXT/RENDER/SM_SlateRoofRidge_Single_A64,DB8665E9-4D32-E5F5-63C8-C4A8B8C06059,1,DL_OVERLAND;DL_RENDER,DL_HW_EXT,LI_Hogwarts > LI_EntranceHall_EXT,/Game/Levels/Overland/Hogwarts/EntranceHall/LI_EntranceHall_EXT,,-9518.6,-25497.0,12437.4
Hogwarts,SM_SlateRoofRidge_Single_A65,StaticMeshActor,LV_Overland/Hogwarts/LI_Hogwarts/LevelInstances/EntranceHall/LI_EntranceHall_EXT/RENDER/SM_SlateRoofRidge_Single_A65,748012BE-4469-8ECC-D480-43A4BB47D0F6,1,DL_OVERLAND;DL_RENDER,DL_HW_EXT,LI_Hogwarts > LI_EntranceHall_EXT,/Game/Levels/Overland/Hogwarts/EntranceHall/LI_EntranceHall_EXT,,-9511.8,-25524.3,12475.0
Hogwarts,SM_SlateRoofRidge_Single_A66,StaticMeshActor,LV_Overland/Hogwarts/LI_Hogwarts/LevelInstances/EntranceHall/LI_EntranceHall_EXT/RENDER/SM_SlateRoofRidge_Single_A66,673FBCE2-45BE-B155-7552-9A95E8CDD4BB,1,DL_OVERLAND;DL_RENDER,DL_HW_EXT,LI_Hogwarts > LI_EntranceHall_EXT,/Game/Levels/Overland/Hogwarts/EntranceHall/LI_EntranceHall_EXT,,-9506.6,-25547.4,12517.5
Hogwarts,SM_SlateRoofRidge_Single_A67,StaticMeshActor,LV_Overland/Hogwarts/LI_Hogwarts/LevelInstances/EntranceHall/LI_EntranceHall_EXT/RENDER/SM_SlateRoofRidge_Single_A67,D63969FB-43DD-5DB2-EB8F-6A918EA2EF6F,1,DL_OVERLAND;DL_RENDER,DL_HW_EXT,LI_Hogwarts > LI_EntranceHall_EXT,/Game/Levels/Overland/Hogwarts/EntranceHall/LI_EntranceHall_EXT,,-9498.1,-25580.4,12590.0
Hogwarts,SM_SlateRoofRidge_Single_A68,StaticMeshActor,LV_Overland/Hogwarts/LI_Hogwarts/LevelInstances/EntranceHall/LI_EntranceHall_EXT/RENDER/SM_SlateRoofRidge_Single_A68,D50CB059-4612-A416-F245-299B35683554,1,DL_OVERLAND;DL_RENDER,DL_HW_EXT,LI_Hogwarts > LI_EntranceHall_EXT,/Game/Levels/Overland/Hogwarts/EntranceHall/LI_EntranceHall_EXT,,-9485.9,-25623.2,12689.6
Hogwarts,SM_SlateRoofRidge_Single_A69,StaticMeshActor,LV_Overland/Hogwarts/LI_Hogwarts/LevelInstances/EntranceHall/LI_EntranceHall_EXT/RENDER/SM_SlateRoofRidge_Single_A69,6776DDFB-4970-D065-3B81-4AB949273459,1,DL_OVERLAND;DL_RENDER,DL_HW_EXT,LI_Hogwarts > LI_EntranceHall_EXT,/Game/Levels/Overland/Hogwarts/EntranceHall/LI_EntranceHall_EXT,,-9474.5,-25664.4,12794.0
Hogwarts,SM_SlateRoofRidge_Single_A7,StaticMeshActor,LV_Overland/Hogwarts/LI_Hogwarts/LevelInstances/EntranceHall/LI_EntranceHall_EXT/RENDER/SM_SlateRoofRidge_Single_A7,70D392FF-4165-1CE4-94D9-7CA29DA24E92,1,DL_OVERLAND;DL_RENDER,DL_HW_EXT,LI_Hogwarts > LI_EntranceHall_EXT,/Game/Levels/Overland/Hogwarts/EntranceHall/LI_EntranceHall_EXT,,-8957.3,-26390.4,12589.8
Hogwarts,SM_SlateRoofRidge_Single_A70,StaticMeshActor,LV_Overland/Hogwarts/LI_Hogwarts/LevelInstances/EntranceHall/LI_EntranceHall_EXT/RENDER/SM_SlateRoofRidge_Single_A70,557A3CCF-4772-667A-8BCA-06957DBC0989,1,DL_OVERLAND;DL_RENDER,DL_HW_EXT,LI_Hogwarts > LI_EntranceHall_EXT,/Game/Levels/Overland/Hogwarts/EntranceHall/LI_EntranceHall_EXT,,-9466.8,-25700.1,12891.1
Hogwarts,SM_SlateRoofRidge_Single_A71,StaticMeshActor,LV_Overland/Hogwarts/LI_Hogwarts/LevelInstances/EntranceHall/LI_EntranceHall_EXT/RENDER/SM_SlateRoofRidge_Single_A71,0396ECA7-4119-70B5-8B92-EDAF400EA08A,1,DL_OVERLAND;DL_RENDER,DL_HW_EXT,LI_Hogwarts > LI_EntranceHall_EXT,/Game/Levels/Overland/Hogwarts/EntranceHall/LI_EntranceHall_EXT,,-9460.7,-25729.6,12969.3
Hogwarts,SM_SlateRoofRidge_Single_A72,StaticMeshActor,LV_Overland/Hogwarts/LI_Hogwarts/LevelInstances/EntranceHall/LI_EntranceHall_EXT/RENDER/SM_SlateRoofRidge_Single_A72,D8EECBE2-4E9E-6060-DD51-D6990DB5B5F6,1,DL_OVERLAND;DL_RENDER,DL_HW_EXT,LI_Hogwarts > LI_EntranceHall_EXT,/Game/Levels/Overland/Hogwarts/EntranceHall/LI_EntranceHall_EXT,,-9455.3,-25754.8,13038.0
Hogwarts,SM_SlateRoofRidge_Single_A73,StaticMeshActor,LV_Overland/Hogwarts/LI_Hogwarts/LevelInstances/EntranceHall/LI_EntranceHall_EXT/RENDER/SM_SlateRoofRidge_Single_A73,E2FC5B0E-4397-4134-DB36-7599A5BC9844,1,DL_OVERLAND;DL_RENDER,DL_HW_EXT,LI_Hogwarts > LI_EntranceHall_EXT,/Game/Levels/Overland/Hogwarts/EntranceHall/LI_EntranceHall_EXT,,-9446.8,-25794.5,13145.8
Hogwarts,SM_SlateRoofRidge_Single_A74,StaticMeshActor,LV_Overland/Hogwarts/LI_Hogwarts/LevelInstances/EntranceHall/LI_EntranceHall_EXT/RENDER/SM_SlateRoofRidge_Single_A74,6030B981-4740-2DD9-6E23-E4B7303571B1,1,DL_OVERLAND;DL_RENDER,DL_HW_EXT,LI_Hogwarts > LI_EntranceHall_EXT,/Game/Levels/Overland/Hogwarts/EntranceHall/LI_EntranceHall_EXT,,-9437.3,-25832.4,13246.9
Hogwarts,SM_SlateRoofRidge_Single_A75,StaticMeshActor,LV_Overland/Hogwarts/LI_Hogwarts/LevelInstances/EntranceHall/LI_EntranceHall_EXT/RENDER/SM_SlateRoofRidge_Single_A75,7AB3011B-437A-0C10-3280-63BBD580FB41,1,DL_OVERLAND;DL_RENDER,DL_HW_EXT,LI_Hogwarts > LI_EntranceHall_EXT,/Game/Levels/Overland/Hogwarts/EntranceHall/LI_EntranceHall_EXT,,-9432.6,-25858.0,13313.3
Hogwarts,SM_SlateRoofRidge_Single_A76,StaticMeshActor,LV_Overland/Hogwarts/LI_Hogwarts/LevelInstances/EntranceHall/LI_EntranceHall_EXT/RENDER/SM_SlateRoofRidge_Single_A76,6B3146E9-410C-CB0A-6CE1-FC9825FE9D02,1,DL_OVERLAND;DL_RENDER,DL_HW_EXT,LI_Hogwarts > LI_EntranceHall_EXT,/Game/Levels/Overland/Hogwarts/EntranceHall/LI_EntranceHall_EXT,,-9431.8,-25887.9,13387.9
Hogwarts,SM_SlateRoofRidge_Single_A77,StaticMeshActor,LV_Overland/Hogwarts/LI_Hogwarts/LevelInstances/EntranceHall/LI_EntranceHall_EXT/RENDER/SM_SlateRoofRidge_Single_A77,2CCF7FCB-4152-FB02-7566-36BE006EA6B8,1,DL_OVERLAND;DL_RENDER,DL_HW_EXT,LI_Hogwarts > LI_EntranceHall_EXT,/Game/Levels/Overland/Hogwarts/EntranceHall/LI_EntranceHall_EXT,,-9432.7,-25872.8,13349.8
Hogwarts,SM_SlateRoofRidge_Single_A78,StaticMeshActor,LV_Overland/Hogwarts/LI_Hogwarts/LevelInstances/EntranceHall/LI_EntranceHall_EXT/RENDER/SM_SlateRoofRidge_Single_A78,7FCC008D-4C42-2501-0EEC-3FB39067AA80,1,DL_OVERLAND;DL_RENDER,DL_HW_EXT,LI_Hogwarts > LI_EntranceHall_EXT,/Game/Levels/Overland/Hogwarts/EntranceHall/LI_EntranceHall_EXT,,-9793.0,-25716.4,12479.4
Hogwarts,SM_SlateRoofRidge_Single_A79,StaticMeshActor,LV_Overland/Hogwarts/LI_Hogwarts/LevelInstances/EntranceHall/LI_EntranceHall_EXT/RENDER/SM_SlateRoofRidge_Single_A79,AA90D7F9-4B41-717F-E21A-BF85E996A209,1,DL_OVERLAND;DL_RENDER,DL_HW_EXT,LI_Hogwarts > LI_EntranceHall_EXT,/Game/Levels/Overland/Hogwarts/EntranceHall/LI_EntranceHall_EXT,,-9776.5,-25729.2,12510.4
Hogwarts,SM_SlateRoofRidge_Single_A8,StaticMeshActor,LV_Overland/Hogwarts/LI_Hogwarts/LevelInstances/EntranceHall/LI_EntranceHall_EXT/RENDER/SM_SlateRoofRidge_Single_A8,F41ADD74-45D7-4F42-4038-6BA1596D67D7,1,DL_OVERLAND;DL_RENDER,DL_HW_EXT,LI_Hogwarts > LI_EntranceHall_EXT,/Game/Levels/Overland/Hogwarts/EntranceHall/LI_EntranceHall_EXT,,-8969.5,-26347.4,12689.4
Hogwarts,SM_SlateRoofRidge_Single_A80,StaticMeshActor,LV_Overland/Hogwarts/LI_Hogwarts/LevelInstances/EntranceHall/LI_EntranceHall_EXT/RENDER/SM_SlateRoofRidge_Single_A80,4884B600-4ADE-65F6-C8CB-1A99310DB5AC,1,DL_OVERLAND;DL_RENDER,DL_HW_EXT,LI_Hogwarts > LI_EntranceHall_EXT,/Game/Levels/Overland/Hogwarts/EntranceHall/LI_EntranceHall_EXT,,-9746.4,-25749.4,12581.0
Hogwarts,SM_SlateRoofRidge_Single_A81,StaticMeshActor,LV_Overland/Hogwarts/LI_Hogwarts/LevelInstances/EntranceHall/LI_EntranceHall_EXT/RENDER/SM_SlateRoofRidge_Single_A81,A39285A1-40CF-0ADA-7367-30AA4073E05C,1,DL_OVERLAND;DL_RENDER,DL_HW_EXT,LI_Hogwarts > LI_EntranceHall_EXT,/Game/Levels/Overland/Hogwarts/EntranceHall/LI_EntranceHall_EXT,,-9707.2,-25772.2,12680.2
Hogwarts,SM_SlateRoofRidge_Single_A82,StaticMeshActor,LV_Overland/Hogwarts/LI_Hogwarts/LevelInstances/EntranceHall/LI_EntranceHall_EXT/RENDER/SM_SlateRoofRidge_Single_A82,514B210B-4F2A-411F-BB51-8092B8C43FBC,1,DL_OVERLAND;DL_RENDER,DL_HW_EXT,LI_Hogwarts > LI_EntranceHall_EXT,/Game/Levels/Overland/Hogwarts/EntranceHall/LI_EntranceHall_EXT,,-9670.2,-25795.3,12784.2
Hogwarts,SM_SlateRoofRidge_Single_A83,StaticMeshActor,LV_Overland/Hogwarts/LI_Hogwarts/LevelInstances/EntranceHall/LI_EntranceHall_EXT/RENDER/SM_SlateRoofRidge_Single_A83,F72DD97E-4E54-D15A-E6BC-DEBF13F00170,1,DL_OVERLAND;DL_RENDER,DL_HW_EXT,LI_Hogwarts > LI_EntranceHall_EXT,/Game/Levels/Overland/Hogwarts/EntranceHall/LI_EntranceHall_EXT,,-9614.4,-25833.0,12959.2
Hogwarts,SM_SlateRoofRidge_Single_A84,StaticMeshActor,LV_Overland/Hogwarts/LI_Hogwarts/LevelInstances/EntranceHall/LI_EntranceHall_EXT/RENDER/SM_SlateRoofRidge_Single_A84,4981A01B-478E-8AE8-5E02-D794D42860B7,1,DL_OVERLAND;DL_RENDER,DL_HW_EXT,LI_Hogwarts > LI_EntranceHall_EXT,/Game/Levels/Overland/Hogwarts/EntranceHall/LI_EntranceHall_EXT,,-9592.5,-25846.0,13028.0
Hogwarts,SM_SlateRoofRidge_Single_A85,StaticMeshActor,LV_Overland/Hogwarts/LI_Hogwarts/LevelInstances/EntranceHall/LI_EntranceHall_EXT/RENDER/SM_SlateRoofRidge_Single_A85,0C44B4DC-4516-901F-0325-8486F10D1114,1,DL_OVERLAND;DL_RENDER,DL_HW_EXT,LI_Hogwarts > LI_EntranceHall_EXT,/Game/Levels/Overland/Hogwarts/EntranceHall/LI_EntranceHall_EXT,,-9558.1,-25868.7,13135.6
Hogwarts,SM_SlateRoofRidge_Single_A86,StaticMeshActor,LV_Overland/Hogwarts/LI_Hogwarts/LevelInstances/EntranceHall/LI_EntranceHall_EXT/RENDER/SM_SlateRoofRidge_Single_A86,10DE0504-4D6E-9065-90C3-839C68A40E99,1,DL_OVERLAND;DL_RENDER,DL_HW_EXT,LI_Hogwarts > LI_EntranceHall_EXT,/Game/Levels/Overland/Hogwarts/EntranceHall/LI_EntranceHall_EXT,,-9525.2,-25889.9,13236.7
Hogwarts,SM_SlateRoofRidge_Single_A87,StaticMeshActor,LV_Overland/Hogwarts/LI_Hogwarts/LevelInstances/EntranceHall/LI_EntranceHall_EXT/RENDER/SM_SlateRoofRidge_Single_A87,E5D8CCBF-470F-CF53-541A-52AF6F6B3730,1,DL_OVERLAND;DL_RENDER,DL_HW_EXT,LI_Hogwarts > LI_EntranceHall_EXT,/Game/Levels/Overland/Hogwarts/EntranceHall/LI_EntranceHall_EXT,,-9492.3,-25911.3,13339.5
Hogwarts,SM_SlateRoofRidge_Single_A88,StaticMeshActor,LV_Overland/Hogwarts/LI_Hogwarts/LevelInstances/EntranceHall/LI_EntranceHall_EXT/RENDER/SM_SlateRoofRidge_Single_A88,8CB4E524-46D5-BA90-218D-969E75209898,1,DL_OVERLAND;DL_RENDER,DL_HW_EXT,LI_Hogwarts > LI_EntranceHall_EXT,/Game/Levels/Overland/Hogwarts/EntranceHall/LI_EntranceHall_EXT,,-9504.0,-25904.4,13303.0
Hogwarts,SM_SlateRoofRidge_Single_A89,StaticMeshActor,LV_Overland/Hogwarts/LI_Hogwarts/LevelInstances/EntranceHall/LI_EntranceHall_EXT/RENDER/SM_SlateRoofRidge_Single_A89,34BE9CAA-430B-0E96-8E70-AB8BF60C9251,1,DL_OVERLAND;DL_RENDER,DL_HW_EXT,LI_Hogwarts > LI_EntranceHall_EXT,/Game/Levels/Overland/Hogwarts/EntranceHall/LI_EntranceHall_EXT,,-9476.8,-25918.7,13384.4
Hogwarts,SM_SlateRoofRidge_Single_A9,StaticMeshActor,LV_Overland/Hogwarts/LI_Hogwarts/LevelInstances/EntranceHall/LI_EntranceHall_EXT/RENDER/SM_SlateRoofRidge_Single_A9,570F57AC-4BCE-2C60-6231-18B63BAE50B1,1,DL_OVERLAND;DL_RENDER,DL_HW_EXT,LI_Hogwarts > LI_EntranceHall_EXT,/Game/Levels/Overland/Hogwarts/EntranceHall/LI_EntranceHall_EXT,,-8980.9,-26306.7,12794.0
Hogwarts,SM_SlateRoofRidge_Single_A90,StaticMeshActor,LV_Overland/Hogwarts/LI_Hogwarts/LevelInstances/EntranceHall/LI_EntranceHall_EXT/RENDER/SM_SlateRoofRidge_Single_A90,F146C623-4DBF-D99E-BFB7-AF8DEB94AF06,1,DL_OVERLAND;DL_RENDER,DL_HW_EXT,LI_Hogwarts > LI_EntranceHall_EXT,/Game/Levels/Overland/Hogwarts/EntranceHall/LI_EntranceHall_EXT,,-9639.2,-25814.9,12881.3
Hogwarts,SM_SlateRoofRidge_Single_A91,StaticMeshActor,LV_Overland/Hogwarts/LI_Hogwarts/LevelInstances/EntranceHall/LI_EntranceHall_EXT/RENDER/SM_SlateRoofRidge_Single_A91,90F8BF43-4E41-2AD5-4A74-B1BB371F8E41,1,DL_OVERLAND;DL_RENDER,DL_HW_EXT,LI_Hogwarts > LI_EntranceHall_EXT,/Game/Levels/Overland/Hogwarts/EntranceHall/LI_EntranceHall_EXT,,-9851.4,-26042.8,12479.7
Hogwarts,SM_SlateRoofRidge_Single_A92,StaticMeshActor,LV_Overland/Hogwarts/LI_Hogwarts/LevelInstances/EntranceHall/LI_EntranceHall_EXT/RENDER/SM_SlateRoofRidge_Single_A92,757F5783-49B6-C59F-5330-D29F8C00F0BE,1,DL_OVERLAND;DL_RENDER,DL_HW_EXT,LI_Hogwarts > LI_EntranceHall_EXT,/Game/Levels/Overland/Hogwarts/EntranceHall/LI_EntranceHall_EXT,,-9832.3,-26038.3,12511.0
Hogwarts,SM_SlateRoofRidge_Single_A93,StaticMeshActor,LV_Overland/Hogwarts/LI_Hogwarts/LevelInstances/EntranceHall/LI_EntranceHall_EXT/RENDER/SM_SlateRoofRidge_Single_A93,3C2F28B1-4737-8EBA-D934-1684A28A22FA,1,DL_OVERLAND;DL_RENDER,DL_HW_EXT,LI_Hogwarts > LI_EntranceHall_EXT,/Game/Levels/Overland/Hogwarts/EntranceHall/LI_EntranceHall_EXT,,-9797.2,-26028.2,12581.8
Hogwarts,SM_SlateRoofRidge_Single_A94,StaticMeshActor,LV_Overland/Hogwarts/LI_Hogwarts/LevelInstances/EntranceHall/LI_EntranceHall_EXT/RENDER/SM_SlateRoofRidge_Single_A94,B07054FE-43D3-E7A3-14C7-74A3B37E3523,1,DL_OVERLAND;DL_RENDER,DL_HW_EXT,LI_Hogwarts > LI_EntranceHall_EXT,/Game/Levels/Overland/Hogwarts/EntranceHall/LI_EntranceHall_EXT,,-9752.5,-26018.3,12680.8
Hogwarts,SM_SlateRoofRidge_Single_A95,StaticMeshActor,LV_Overland/Hogwarts/LI_Hogwarts/LevelInstances/EntranceHall/LI_EntranceHall_EXT/RENDER/SM_SlateRoofRidge_Single_A95,C89BB7EC-411F-711B-0A19-7AA43E348AAE,1,DL_OVERLAND;DL_RENDER,DL_HW_EXT,LI_Hogwarts > LI_EntranceHall_EXT,/Game/Levels/Overland/Hogwarts/EntranceHall/LI_EntranceHall_EXT,,-9709.2,-26008.7,12784.3
Hogwarts,SM_SlateRoofRidge_Single_A96,StaticMeshActor,LV_Overland/Hogwarts/LI_Hogwarts/LevelInstances/EntranceHall/LI_EntranceHall_EXT/RENDER/SM_SlateRoofRidge_Single_A96,29675B4A-4DF8-4B26-7FB3-24AEB6B5CC15,1,DL_OVERLAND;DL_RENDER,DL_HW_EXT,LI_Hogwarts > LI_EntranceHall_EXT,/Game/Levels/Overland/Hogwarts/EntranceHall/LI_EntranceHall_EXT,,-9672.9,-26004.5,12881.3
Hogwarts,SM_SlateRoofRidge_Single_A97,StaticMeshActor,LV_Overland/Hogwarts/LI_Hogwarts/LevelInstances/EntranceHall/LI_EntranceHall_EXT/RENDER/SM_SlateRoofRidge_Single_A97,90CBDC24-40F1-5CCA-6946-5E9266DF01B5,1,DL_OVERLAND;DL_RENDER,DL_HW_EXT,LI_Hogwarts > LI_EntranceHall_EXT,/Game/Levels/Overland/Hogwarts/EntranceHall/LI_EntranceHall_EXT,,-9617.9,-25995.0,13028.3
Hogwarts,SM_SlateRoofRidge_Single_A98,StaticMeshActor,LV_Overland/Hogwarts/LI_Hogwarts/LevelInstances/EntranceHall/LI_EntranceHall_EXT/RENDER/SM_SlateRoofRidge_Single_A98,4672FF59-4B84-3464-90C0-F084F48166F8,1,DL_OVERLAND;DL_RENDER,DL_HW_EXT,LI_Hogwarts > LI_EntranceHall_EXT,/Game/Levels/Overland/Hogwarts/EntranceHall/LI_EntranceHall_EXT,,-9576.7,-25986.2,13135.7
Hogwarts,SM_SlateRoofRidge_Single_A99,StaticMeshActor,LV_Overland/Hogwarts/LI_Hogwarts/LevelInstances/EntranceHall/LI_EntranceHall_EXT/RENDER/SM_SlateRoofRidge_Single_A99,8D6955FF-4797-5F6C-C4CE-0FB5F6D6EF60,1,DL_OVERLAND;DL_RENDER,DL_HW_EXT,LI_Hogwarts > LI_EntranceHall_EXT,/Game/Levels/Overland/Hogwarts/EntranceHall/LI_EntranceHall_EXT,,-9539.7,-25977.4,13237.0
Hogwarts,SM_Stair_Stone_Mdmg_A6,StaticMeshActor,LV_Overland/Hogwarts/LI_Hogwarts/LevelInstances/EntranceHall/LI_EntranceHall_EXT/RENDER/SM_Stair_Stone_Mdmg_A6,31199604-41E4-0135-3D08-6D8B29BDF690,1,DL_OVERLAND;DL_RENDER,DL_HW_EXT,LI_Hogwarts > LI_EntranceHall_EXT,/Game/Levels/Overland/Hogwarts/EntranceHall/LI_EntranceHall_EXT,,-10447.1,-29984.8,7366.0
Hogwarts,SM_Stair_Stone_Mdmg_A7,StaticMeshActor,LV_Overland/Hogwarts/LI_Hogwarts/LevelInstances/EntranceHall/LI_EntranceHall_EXT/RENDER/SM_Stair_Stone_Mdmg_A7,2DC388B9-42AF-C0B1-F891-A7BB547051FA,1,DL_OVERLAND;DL_RENDER,DL_HW_EXT,LI_Hogwarts > LI_EntranceHall_EXT,/Game/Levels/Overland/Hogwarts/EntranceHall/LI_EntranceHall_EXT,,-10407.9,-29984.0,7387.0
Hogwarts,SM_Twig_Debris_C24,StaticMeshActor,LV_Overland/Hogwarts/LI_Hogwarts/LevelInstances/EntranceHall/LI_EntranceHall_EXT/SM_Twig_Debris_C24,AA25BCCA-4038-2B00-B847-AFAD14EABF22,1,DL_OVERLAND;DL_RENDER,DL_HW_EXT,LI_Hogwarts > LI_EntranceHall_EXT,/Game/Levels/Overland/Hogwarts/EntranceHall/LI_EntranceHall_EXT,,-10309.5,-29738.1,7403.9
Hogwarts,SM_Twig_Debris_D20,StaticMeshActor,LV_Overland/Hogwarts/LI_Hogwarts/LevelInstances/EntranceHall/LI_EntranceHall_EXT/SM_Twig_Debris_D20,236AECF7-4128-327D-6FB2-85AFB7BA9A5E,1,DL_OVERLAND;DL_RENDER,DL_HW_EXT,LI_Hogwarts > LI_EntranceHall_EXT,/Game/Levels/Overland/Hogwarts/EntranceHall/LI_EntranceHall_EXT,,-9501.1,-29622.5,7405.0
Hogwarts,SM_WallMount_B,StaticMeshActor,LV_Overland/Hogwarts/LI_Hogwarts/LevelInstances/EntranceHall/LI_EntranceHall_EXT/Lighting/SM_WallMount_B,1993E39D-4BDB-9414-8707-7B89BAFA280E,1,DL_LIGHTING;DL_OVERLAND;DL_RENDER,DL_HW_EXT,LI_Hogwarts > LI_EntranceHall_EXT,/Game/Levels/Overland/Hogwarts/EntranceHall/LI_EntranceHall_EXT,,-9806.2,-29293.6,8819.6
Hogwarts,SM_WallMount_B2,StaticMeshActor,LV_Overland/Hogwarts/LI_Hogwarts/LevelInstances/EntranceHall/LI_EntranceHall_EXT/Lighting/SM_WallMount_B2,0A7E3083-4062-5CB8-9412-409A7C527C0C,1,DL_LIGHTING;DL_OVERLAND;DL_RENDER,DL_HW_EXT,LI_Hogwarts > LI_EntranceHall_EXT,/Game/Levels/Overland/Hogwarts/EntranceHall/LI_EntranceHall_EXT,,-9822.1,-29291.2,8819.6
Hogsmeade River,LA_Grassland_Mound_Heather_01a43,LevelInstance,LV_Overland/Region/Hogwarts Valley/Hogsmeade_RiverBlockout/LI_Hogsmeade_River/LA_Grassland_Mound_Heather_01a43,8ED2B209-4EE4-E327-6D49-92B0FD56F1A1,1,DL_HOGSMEADE;DL_OVERLAND,DL_HM_EXT;DL_HOGSMEADE,LI_Hogsmeade_River,/Game/Environment/River/LI_Hogsmeade_River,/Game/Environment/LevelAssemblies/Flora/LA_Heather_Cluster_Medium_B,26422.6,-87551.3,6917.7
Hogsmeade River,LA_Grassland_Mound_Heather_01a46,LevelInstance,LV_Overland/Region/Hogwarts Valley/Hogsmeade_RiverBlockout/LI_Hogsmeade_River/LA_Grassland_Mound_Heather_01a46,6AA3AB3D-4AF6-646D-2541-CE9B6796AF5E,1,DL_HOGSMEADE;DL_OVERLAND,DL_HM_EXT;DL_HOGSMEADE,LI_Hogsmeade_River,/Game/Environment/River/LI_Hogsmeade_River,/Game/Environment/LevelAssemblies/Flora/LA_Heather_Cluster_Medium_B,26220.7,-87653.1,6817.3
Hogsmeade River,LA_RiverBank_LargeStones_A04_noplants,LevelInstance,LV_Overland/Region/Hogwarts Valley/Hogsmeade_RiverBlockout/LI_Hogsmeade_River/LA_RiverBank_LargeStones_A04_noplants,62AD491D-4486-FF25-01D8-95975DF0411E,1,DL_HOGSMEADE;DL_OVERLAND,DL_HM_EXT;DL_HOGSMEADE,LI_Hogsmeade_River,/Game/Environment/River/LI_Hogsmeade_River,/Game/Environment/River/LevelActors/RiverBanks_Large_Stones/LA_RiverBank_LargeStones_A04_noplants,9653.6,-71076.8,3458.7
Hogsmeade River,LA_RiverBank_LargeStones_A04_noplants2,LevelInstance,LV_Overland/Region/Hogwarts Valley/Hogsmeade_RiverBlockout/LI_Hogsmeade_River/LA_RiverBank_LargeStones_A04_noplants2,0A129665-4EC3-7694-6ECA-1EA06FBE10EC,1,DL_HOGSMEADE;DL_OVERLAND,DL_HM_EXT;DL_HOGSMEADE,LI_Hogsmeade_River,/Game/Environment/River/LI_Hogsmeade_River,/Game/Environment/River/LevelActors/RiverBanks_Large_Stones/LA_RiverBank_LargeStones_A04_noplants,9796.6,-70787.5,3433.1
Hogsmeade River,LA_RiverBank_LargeStones_A04_noplants3,LevelInstance,LV_Overland/Region/Hogwarts Valley/Hogsmeade_RiverBlockout/LI_Hogsmeade_River/LA_RiverBank_LargeStones_A04_noplants3,0A23610C-4198-F78F-2C2B-7E84F325CB5B,1,DL_HOGSMEADE;DL_OVERLAND,DL_HM_EXT;DL_HOGSMEADE,LI_Hogsmeade_River,/Game/Environment/River/LI_Hogsmeade_River,/Game/Environment/River/LevelActors/RiverBanks_Large_Stones/LA_RiverBank_LargeStones_A04_noplants,9754.3,-71496.2,3406.4
Hogsmeade River,LA_RiverBank_LargeStones_A04_noplants4,LevelInstance,LV_Overland/Region/Hogwarts Valley/Hogsmeade_RiverBlockout/LI_Hogsmeade_River/LA_RiverBank_LargeStones_A04_noplants4,0CC1A33E-41AF-9A99-8209-EB9855F00D51,1,DL_HOGSMEADE;DL_OVERLAND,DL_HM_EXT;DL_HOGSMEADE,LI_Hogsmeade_River,/Game/Environment/River/LI_Hogsmeade_River,/Game/Environment/River/LevelActors/RiverBanks_Large_Stones/LA_RiverBank_LargeStones_A04_noplants,9544.8,-71574.7,3464.6
Hogsmeade River,LA_RiverBank_LargeStones_A04_noplants5,LevelInstance,LV_Overland/Region/Hogwarts Valley/Hogsmeade_RiverBlockout/LI_Hogsmeade_River/LA_RiverBank_LargeStones_A04_noplants5,74F7F1D3-4241-514D-BFC8-D98F076893F9,1,DL_HOGSMEADE;DL_OVERLAND,DL_HM_EXT;DL_HOGSMEADE,LI_Hogsmeade_River,/Game/Environment/River/LI_Hogsmeade_River,/Game/Environment/River/LevelActors/RiverBanks_Large_Stones/LA_RiverBank_LargeStones_A04_noplants,9347.1,-71841.8,3453.8
Hogsmeade River,LA_RiverBank_LargeStones_A04_noplants6,LevelInstance,LV_Overland/Region/Hogwarts Valley/Hogsmeade_RiverBlockout/LI_Hogsmeade_River/LA_RiverBank_LargeStones_A04_noplants6,D6E98A86-402F-61A4-849E-F2AA5D44D28D,1,DL_HOGSMEADE;DL_OVERLAND,DL_HM_EXT;DL_HOGSMEADE,LI_Hogsmeade_River,/Game/Environment/River/LI_Hogsmeade_River,/Game/Environment/River/LevelActors/RiverBanks_Large_Stones/LA_RiverBank_LargeStones_A04_noplants,9762.8,-72234.9,3430.4
Hogsmeade River,LA_RiverBank_LargeStones_A04_noplants7,LevelInstance,LV_Overland/Region/Hogwarts Valley/Hogsmeade_RiverBlockout/LI_Hogsmeade_River/LA_RiverBank_LargeStones_A04_noplants7,57F6D865-4FAB-7402-66F6-CF8CEE1493FC,1,DL_HOGSMEADE;DL_OVERLAND,DL_HM_EXT;DL_HOGSMEADE,LI_Hogsmeade_River,/Game/Environment/River/LI_Hogsmeade_River,/Game/Environment/River/LevelActors/RiverBanks_Large_Stones/LA_RiverBank_LargeStones_A04_noplants,9915.6,-70227.0,3428.1
Hogsmeade River,LA_RiverBank_LargeStones_A7,LevelInstance,LV_Overland/Region/Hogwarts Valley/Hogsmeade_RiverBlockout/LI_Hogsmeade_River/LA_RiverBank_LargeStones_A7,DC2DFC57-4D05-D5CB-6D33-FF9D4013365D,1,DL_HOGSMEADE;DL_OVERLAND,DL_HM_EXT;DL_HOGSMEADE,LI_Hogsmeade_River,/Game/Environment/River/LI_Hogsmeade_River,/Game/Environment/River/LevelActors/RiverBanks_Large_Stones/LA_RiverBank_LargeStones_A04,8863.0,-72040.0,3551.2
Hogsmeade River,LA_RiverBank_LargeStones_A8,LevelInstance,LV_Overland/Region/Hogwarts Valley/Hogsmeade_RiverBlockout/LI_Hogsmeade_River/LA_RiverBank_LargeStones_A8,63923EDE-4D38-51B1-7FAB-FA8B9FC148E1,1,DL_HOGSMEADE;DL_OVERLAND,DL_HM_EXT;DL_HOGSMEADE,LI_Hogsmeade_River,/Game/Environment/River/LI_Hogsmeade_River,/Game/Environment/River/LevelActors/RiverBanks_Large_Stones/LA_RiverBank_LargeStones_A04,8430.3,-72816.0,3504.6
Hogsmeade River,LA_RiverBank_LargeStones_A9,LevelInstance,LV_Overland/Region/Hogwarts Valley/Hogsmeade_RiverBlockout/LI_Hogsmeade_River/LA_RiverBank_LargeStones_A9,86D58076-48E7-BCEF-8BBF-D487FD9A03C7,1,DL_HOGSMEADE;DL_OVERLAND,DL_HM_EXT;DL_HOGSMEADE,LI_Hogsmeade_River,/Game/Environment/River/LI_Hogsmeade_River,/Game/Environment/River/LevelActors/RiverBanks_Large_Stones/LA_RiverBank_LargeStones_A04,8320.4,-73129.1,3518.9
Hogsmeade River,LI_RiverBank_LargeStones_A04,LevelInstance,LV_Overland/Region/Hogwarts Valley/Hogsmeade_RiverBlockout/LI_Hogsmeade_River/LI_RiverBank_LargeStones_A04,38FE8FB1-4D1F-1472-CD49-4DA0A15486D1,1,DL_HOGSMEADE;DL_OVERLAND,DL_HM_EXT;DL_HOGSMEADE,LI_Hogsmeade_River,/Game/Environment/River/LI_Hogsmeade_River,/Game/Environment/River/LevelActors/RiverBanks_Large_Stones/LA_RiverBank_LargeStones_A04,10470.8,-69945.4,3468.7
Hogsmeade River,LI_RiverBank_LargeStones_A04_noplants,LevelInstance,LV_Overland/Region/Hogwarts Valley/Hogsmeade_RiverBlockout/LI_Hogsmeade_River/LI_RiverBank_LargeStones_A04_noplants,91FDEB89-4850-8150-3149-D6BCF07FD4A9,1,DL_HOGSMEADE;DL_OVERLAND,DL_HM_EXT;DL_HOGSMEADE,LI_Hogsmeade_River,/Game/Environment/River/LI_Hogsmeade_River,/Game/Environment/River/LevelActors/RiverBanks_Large_Stones/LA_RiverBank_LargeStones_A04_noplants,10611.2,-71236.4,3401.9
Hogsmeade River,LI_RiverBank_LargeStones_A04_noplants10,LevelInstance,LV_Overland/Region/Hogwarts Valley/Hogsmeade_RiverBlockout/LI_Hogsmeade_River/LI_RiverBank_LargeStones_A04_noplants10,6D0BF6BD-4CDC-2DDE-4536-F893F42899A4,1,DL_HOGSMEADE;DL_OVERLAND,DL_HM_EXT;DL_HOGSMEADE,LI_Hogsmeade_River,/Game/Environment/River/LI_Hogsmeade_River,/Game/Environment/River/LevelActors/RiverBanks_Large_Stones/LA_RiverBank_LargeStones_A04_noplants,6429.2,-74494.0,4055.0
Hogsmeade River,LI_RiverBank_LargeStones_A04_noplants11,LevelInstance,LV_Overland/Region/Hogwarts Valley/Hogsmeade_RiverBlockout/LI_Hogsmeade_River/LI_RiverBank_LargeStones_A04_noplants11,23B749A0-4266-A347-1778-44BE425C3714,1,DL_HOGSMEADE;DL_OVERLAND,DL_HM_EXT;DL_HOGSMEADE,LI_Hogsmeade_River,/Game/Environment/River/LI_Hogsmeade_River,/Game/Environment/River/LevelActors/RiverBanks_Large_Stones/LA_RiverBank_LargeStones_A04_noplants,5774.0,-74983.4,4075.0
Hogsmeade River,LI_RiverBank_LargeStones_A04_noplants13,LevelInstance,LV_Overland/Region/Hogwarts Valley/Hogsmeade_RiverBlockout/LI_Hogsmeade_River/LI_RiverBank_LargeStones_A04_noplants13,A8A2B1C7-4536-E827-5A33-629FCB49C924,1,DL_HOGSMEADE;DL_OVERLAND,DL_HM_EXT;DL_HOGSMEADE,LI_Hogsmeade_River,/Game/Environment/River/LI_Hogsmeade_River,/Game/Environment/River/LevelActors/RiverBanks_Large_Stones/LA_RiverBank_LargeStones_A04_noplants,5448.4,-75734.4,4068.6
Hogsmeade River,LI_RiverBank_LargeStones_A04_noplants14,LevelInstance,LV_Overland/Region/Hogwarts Valley/Hogsmeade_RiverBlockout/LI_Hogsmeade_River/LI_RiverBank_LargeStones_A04_noplants14,04C6A1AE-413C-C2ED-AFFD-BF9798330773,1,DL_HOGSMEADE;DL_OVERLAND,DL_HM_EXT;DL_HOGSMEADE,LI_Hogsmeade_River,/Game/Environment/River/LI_Hogsmeade_River,/Game/Environment/River/LevelActors/RiverBanks_Large_Stones/LA_RiverBank_LargeStones_A04_noplants,5515.2,-75914.6,4033.0
Hogsmeade River,LI_RiverBank_LargeStones_A04_noplants15,LevelInstance,LV_Overland/Region/Hogwarts Valley/Hogsmeade_RiverBlockout/LI_Hogsmeade_River/LI_RiverBank_LargeStones_A04_noplants15,AD359089-4BE4-2918-43F6-E9B40752924F,1,DL_HOGSMEADE;DL_OVERLAND,DL_HM_EXT;DL_HOGSMEADE,LI_Hogsmeade_River,/Game/Environment/River/LI_Hogsmeade_River,/Game/Environment/River/LevelActors/RiverBanks_Large_Stones/LA_RiverBank_LargeStones_A04_noplants,5395.9,-75537.7,4099.0
Hogsmeade River,LI_RiverBank_LargeStones_A04_noplants2,LevelInstance,LV_Overland/Region/Hogwarts Valley/Hogsmeade_RiverBlockout/LI_Hogsmeade_River/LI_RiverBank_LargeStones_A04_noplants2,4E0DADFD-4AEC-7B2A-52E3-0CB97840284C,1,DL_HOGSMEADE;DL_OVERLAND,DL_HM_EXT;DL_HOGSMEADE,LI_Hogsmeade_River,/Game/Environment/River/LI_Hogsmeade_River,/Game/Environment/River/LevelActors/RiverBanks_Large_Stones/LA_RiverBank_LargeStones_A04_noplants,10505.3,-70957.7,3396.9
Hogsmeade River,LI_RiverBank_LargeStones_A04_noplants3,LevelInstance,LV_Overland/Region/Hogwarts Valley/Hogsmeade_RiverBlockout/LI_Hogsmeade_River/LI_RiverBank_LargeStones_A04_noplants3,2B5D59B1-4DAB-0025-FEAF-74BD86DFAF1B,1,DL_HOGSMEADE;DL_OVERLAND,DL_HM_EXT;DL_HOGSMEADE,LI_Hogsmeade_River,/Game/Environment/River/LI_Hogsmeade_River,/Game/Environment/River/LevelActors/RiverBanks_Large_Stones/LA_RiverBank_LargeStones_A04_noplants,10386.5,-70581.6,3396.9
Hogsmeade River,LI_RiverBank_LargeStones_A04_noplants4,LevelInstance,LV_Overland/Region/Hogwarts Valley/Hogsmeade_RiverBlockout/LI_Hogsmeade_River/LI_RiverBank_LargeStones_A04_noplants4,4CF2ACB2-4CF9-C046-6C8E-0D9BC23C3835,1,DL_HOGSMEADE;DL_OVERLAND,DL_HM_EXT;DL_HOGSMEADE,LI_Hogsmeade_River,/Game/Environment/River/LI_Hogsmeade_River,/Game/Environment/River/LevelActors/RiverBanks_Large_Stones/LA_RiverBank_LargeStones_A04_noplants,11118.0,-70995.5,3339.5
Hogsmeade River,LI_RiverBank_LargeStones_A04_noplants5,LevelInstance,LV_Overland/Region/Hogwarts Valley/Hogsmeade_RiverBlockout/LI_Hogsmeade_River/LI_RiverBank_LargeStones_A04_noplants5,5AC1D9F2-4BC0-A91A-86BE-2AAFEC02E4AB,1,DL_HOGSMEADE;DL_OVERLAND,DL_HM_EXT;DL_HOGSMEADE,LI_Hogsmeade_River,/Game/Environment/River/LI_Hogsmeade_River,/Game/Environment/River/LevelActors/RiverBanks_Large_Stones/LA_RiverBank_LargeStones_A04_noplants,10952.7,-70836.1,3361.8
Hogsmeade River,LI_RiverBank_LargeStones_A04_noplants6,LevelInstance,LV_Overland/Region/Hogwarts Valley/Hogsmeade_RiverBlockout/LI_Hogsmeade_River/LI_RiverBank_LargeStones_A04_noplants6,D1D1CE0F-453C-FA19-D195-D8858F6270F7,1,DL_HOGSMEADE;DL_OVERLAND,DL_HM_EXT;DL_HOGSMEADE,LI_Hogsmeade_River,/Game/Environment/River/LI_Hogsmeade_River,/Game/Environment/River/LevelActors/RiverBanks_Large_Stones/LA_RiverBank_LargeStones_A04_noplants,6460.9,-81306.5,4010.2
Hogsmeade River,LI_RiverBank_LargeStones_A04_noplants7,LevelInstance,LV_Overland/Region/Hogwarts Valley/Hogsmeade_RiverBlockout/LI_Hogsmeade_River/LI_RiverBank_LargeStones_A04_noplants7,327000E2-40EC-944C-D140-1D85310E51C3,1,DL_HOGSMEADE;DL_OVERLAND,DL_HM_EXT;DL_HOGSMEADE,LI_Hogsmeade_River,/Game/Environment/River/LI_Hogsmeade_River,/Game/Environment/River/LevelActors/RiverBanks_Large_Stones/LA_RiverBank_LargeStones_A04_noplants,6727.1,-81466.2,4019.8
Hogsmeade River,LI_RiverBank_LargeStones_A04_noplants8,LevelInstance,LV_Overland/Region/Hogwarts Valley/Hogsmeade_RiverBlockout/LI_Hogsmeade_River/LI_RiverBank_LargeStones_A04_noplants8,57AC9331-43E9-0436-1203-CB8E4D3E6FFD,1,DL_HOGSMEADE;DL_OVERLAND,DL_HM_EXT;DL_HOGSMEADE,LI_Hogsmeade_River,/Game/Environment/River/LI_Hogsmeade_River,/Game/Environment/River/LevelActors/RiverBanks_Large_Stones/LA_RiverBank_LargeStones_A04_noplants,6025.3,-80912.6,4006.8
Hogsmeade River,LI_RiverBank_LargeStones_A04_noplants9,LevelInstance,LV_Overland/Region/Hogwarts Valley/Hogsmeade_RiverBlockout/LI_Hogsmeade_River/LI_RiverBank_LargeStones_A04_noplants9,099AFE56-4C2F-C7D9-5127-4089B199333B,1,DL_HOGSMEADE;DL_OVERLAND,DL_HM_EXT;DL_HOGSMEADE,LI_Hogsmeade_River,/Game/Environment/River/LI_Hogsmeade_River,/Game/Environment/River/LevelActors/RiverBanks_Large_Stones/LA_RiverBank_LargeStones_A04_noplants,6007.3,-74790.7,4069.9
Hogsmeade River,LI_RiverBank_LargeStones_A05,LevelInstance,LV_Overland/Region/Hogwarts Valley/Hogsmeade_RiverBlockout/LI_Hogsmeade_River/LI_RiverBank_LargeStones_A05,4778C5CA-4B49-2134-8358-37AC94429E46,1,DL_HOGSMEADE;DL_OVERLAND,DL_HM_EXT;DL_HOGSMEADE,LI_Hogsmeade_River,/Game/Environment/River/LI_Hogsmeade_River,/Game/Environment/River/LevelActors/RiverBanks_Large_Stones/LA_RiverBank_LargeStones_A05,10198.3,-71214.3,3502.8
Hogsmeade River,LI_RiverBank_LargeStones_A06,LevelInstance,LV_Overland/Region/Hogwarts Valley/Hogsmeade_RiverBlockout/LI_Hogsmeade_River/LI_RiverBank_LargeStones_A06,4BDEDE0E-415A-E287-4A36-8DB624279804,1,DL_HOGSMEADE;DL_OVERLAND,DL_HM_EXT;DL_HOGSMEADE,LI_Hogsmeade_River,/Game/Environment/River/LI_Hogsmeade_River,/Game/Environment/River/LevelActors/RiverBanks_Large_Stones/LA_RiverBank_LargeStones_A06,10774.5,-71001.5,3455.6
Hogsmeade River,LI_RiverBank_LargeStones_A07,LevelInstance,LV_Overland/Region/Hogwarts Valley/Hogsmeade_RiverBlockout/LI_Hogsmeade_River/LI_RiverBank_LargeStones_A07,11F736D8-44DE-0287-A3E6-839AC509BB11,1,DL_HOGSMEADE;DL_OVERLAND,DL_HM_EXT;DL_HOGSMEADE,LI_Hogsmeade_River,/Game/Environment/River/LI_Hogsmeade_River,/Game/Environment/River/LevelActors/RiverBanks_Large_Stones/Blockout/LA_River_LargeStones_A07,10745.4,-70057.5,3471.8
Hogsmeade River,LI_RiverBank_LargeStones_A11,LevelInstance,LV_Overland/Region/Hogwarts Valley/Hogsmeade_RiverBlockout/LI_Hogsmeade_River/LI_RiverBank_LargeStones_A11,4B512561-44BC-9FBC-1AF8-D4AE3765E1D3,1,DL_HOGSMEADE;DL_OVERLAND,DL_HM_EXT;DL_HOGSMEADE,LI_Hogsmeade_River,/Game/Environment/River/LI_Hogsmeade_River,/Game/Environment/River/LevelActors/RiverBanks_Large_Stones/Blockout/LA_River_LargeStones_A07,9605.4,-71248.3,3505.5
Hogsmeade River,LI_RiverBank_LargeStones_A12,LevelInstance,LV_Overland/Region/Hogwarts Valley/Hogsmeade_RiverBlockout/LI_Hogsmeade_River/LI_RiverBank_LargeStones_A12,892D84E4-4DD1-D992-B06B-64B4284408CA,1,DL_HOGSMEADE;DL_OVERLAND,DL_HM_EXT;DL_HOGSMEADE,LI_Hogsmeade_River,/Game/Environment/River/LI_Hogsmeade_River,/Game/Environment/River/LevelActors/RiverBanks_Large_Stones/Blockout/LA_River_LargeStones_A07,9567.7,-70627.7,3535.3
Hogsmeade River,LI_RiverBank_LargeStones_A13,LevelInstance,LV_Overland/Region/Hogwarts Valley/Hogsmeade_RiverBlockout/LI_Hogsmeade_River/LI_RiverBank_LargeStones_A13,EA4A765F-4FD3-1319-B79E-F282BF41D6A8,1,DL_HOGSMEADE;DL_OVERLAND,DL_HM_EXT;DL_HOGSMEADE,LI_Hogsmeade_River,/Game/Environment/River/LI_Hogsmeade_River,/Game/Environment/River/LevelActors/RiverBanks_Large_Stones/Blockout/LA_River_LargeStones_A07,9443.7,-71368.0,3496.0
Hogsmeade River,LI_RiverBank_LargeStones_A14,LevelInstance,LV_Overland/Region/Hogwarts Valley/Hogsmeade_RiverBlockout/LI_Hogsmeade_River/LI_RiverBank_LargeStones_A14,BADAEC87-437E-801E-D3FA-45A010828E76,1,DL_HOGSMEADE;DL_OVERLAND,DL_HM_EXT;DL_HOGSMEADE,LI_Hogsmeade_River,/Game/Environment/River/LI_Hogsmeade_River,/Game/Environment/River/LevelActors/RiverBanks_Large_Stones/Blockout/LA_River_LargeStones_A07,14500.1,-66339.6,3046.8
Hogsmeade River,LI_RiverBank_LargeStones_A15,LevelInstance,LV_Overland/Region/Hogwarts Valley/Hogsmeade_RiverBlockout/LI_Hogsmeade_River/LI_RiverBank_LargeStones_A15,2AD4E39A-49ED-60FD-6A3B-DB999168809B,1,DL_HOGSMEADE;DL_OVERLAND,DL_HM_EXT;DL_HOGSMEADE,LI_Hogsmeade_River,/Game/Environment/River/LI_Hogsmeade_River,/Game/Environment/River/LevelActors/RiverBanks_Large_Stones/Blockout/LA_River_LargeStones_A07,14146.6,-66763.5,3265.6
Hogsmeade River,LI_RiverBank_LargeStones_A16,LevelInstance,LV_Overland/Region/Hogwarts Valley/Hogsmeade_RiverBlockout/LI_Hogsmeade_River/LI_RiverBank_LargeStones_A16,21A24039-4C1F-9B9C-A5B0-36BA04B628F2,1,DL_HOGSMEADE;DL_OVERLAND,DL_HM_EXT;DL_HOGSMEADE,LI_Hogsmeade_River,/Game/Environment/River/LI_Hogsmeade_River,/Game/Environment/River/LevelActors/RiverBanks_Large_Stones/Blockout/LA_River_LargeStones_A07,14699.0,-66820.7,3236.8
Hogsmeade River,LI_RiverBank_LargeStones_A26,LevelInstance,LV_Overland/Region/Hogwarts Valley/Hogsmeade_RiverBlockout/LI_Hogsmeade_River/LI_RiverBank_LargeStones_A26,6FB9945E-43CF-A199-E46B-B1A4B2720AF3,1,DL_HOGSMEADE;DL_OVERLAND,DL_HM_EXT;DL_HOGSMEADE,LI_Hogsmeade_River,/Game/Environment/River/LI_Hogsmeade_River,/Game/Environment/River/LevelActors/RiverBanks_Large_Stones/LA_RiverBank_LargeStones_A06,6382.1,-74613.8,4016.0
Hogsmeade River,LI_RiverBank_LargeStones_A27,LevelInstance,LV_Overland/Region/Hogwarts Valley/Hogsmeade_RiverBlockout/LI_Hogsmeade_River/LI_RiverBank_LargeStones_A27,EE5D781E-474A-D782-0754-1E8B33E6ECE6,1,DL_HOGSMEADE;DL_OVERLAND,DL_HM_EXT;DL_HOGSMEADE,LI_Hogsmeade_River,/Game/Environment/River/LI_Hogsmeade_River,/Game/Environment/River/LevelActors/RiverBanks_Large_Stones/LA_RiverBank_LargeStones_A06,6963.2,-74823.1,3984.1
Hogsmeade River,LI_RiverBank_LargeStones_A28,LevelInstance,LV_Overland/Region/Hogwarts Valley/Hogsmeade_RiverBlockout/LI_Hogsmeade_River/LI_RiverBank_LargeStones_A28,84370990-457F-E117-374F-2ABAACB0BF89,1,DL_HOGSMEADE;DL_OVERLAND,DL_HM_EXT;DL_HOGSMEADE,LI_Hogsmeade_River,/Game/Environment/River/LI_Hogsmeade_River,/Game/Environment/River/LevelActors/RiverBanks_Large_Stones/LA_RiverBank_LargeStones_A06,6950.0,-74445.9,3998.0
Hogsmeade River,LI_RiverBank_LargeStones_A5,LevelInstance,LV_Overland/Region/Hogwarts Valley/Hogsmeade_RiverBlockout/LI_Hogsmeade_River/LI_RiverBank_LargeStones_A5,94A07780-43DC-C879-6E0A-7CB0EBB2428C,1,DL_HOGSMEADE;DL_OVERLAND,DL_HM_EXT;DL_HOGSMEADE,LI_Hogsmeade_River,/Game/Environment/River/LI_Hogsmeade_River,/Game/Environment/River/LevelActors/RiverBanks_Large_Stones/LA_RiverBank_LargeStones_A04,10748.1,-70355.3,3454.4
Hogsmeade River,LI_RiverBank_LargeStones_A7,LevelInstance,LV_Overland/Region/Hogwarts Valley/Hogsmeade_RiverBlockout/LI_Hogsmeade_River/LI_RiverBank_LargeStones_A7,0AD23C6B-4956-16E0-5988-EDBE4759E280,1,DL_HOGSMEADE;DL_OVERLAND,DL_HM_EXT;DL_HOGSMEADE,LI_Hogsmeade_River,/Game/Environment/River/LI_Hogsmeade_River,/Game/Environment/River/LevelActors/RiverBanks_Large_Stones/LA_RiverBank_LargeStones_A06,10574.7,-70351.6,3485.0
Hogsmeade River,LI_RiverBank_LargeStones_A8,LevelInstance,LV_Overland/Region/Hogwarts Valley/Hogsmeade_RiverBlockout/LI_Hogsmeade_River/LI_RiverBank_LargeStones_A8,217BC915-487A-F3DB-AC2E-1B89D0D3E862,1,DL_HOGSMEADE;DL_OVERLAND,DL_HM_EXT;DL_HOGSMEADE,LI_Hogsmeade_River,/Game/Environment/River/LI_Hogsmeade_River,/Game/Environment/River/LevelActors/RiverBanks_Large_Stones/Blockout/LA_River_LargeStones_A07,10955.9,-70091.7,3460.7
Hogsmeade River,LI_RiverBank_LargeStones_A9,LevelInstance,LV_Overland/Region/Hogwarts Valley/Hogsmeade_RiverBlockout/LI_Hogsmeade_River/LI_RiverBank_LargeStones_A9,54538D7A-409A-0728-9301-E8973A59CE1F,1,DL_HOGSMEADE;DL_OVERLAND,DL_HM_EXT;DL_HOGSMEADE,LI_Hogsmeade_River,/Game/Environment/River/LI_Hogsmeade_River,/Game/Environment/River/LevelActors/RiverBanks_Large_Stones/LA_RiverBank_LargeStones_A06,10067.1,-70532.8,3462.2
Hogsmeade River,LI_WaterFall_A01,LevelInstance,LV_Overland/Region/Hogwarts Valley/Hogsmeade_RiverBlockout/LI_Hogsmeade_River/LI_WaterFall_A01,B91B6164-48F7-73BA-A6CE-919262C17583,1,DL_HOGSMEADE;DL_OVERLAND,DL_HM_EXT;DL_HOGSMEADE,LI_Hogsmeade_River,/Game/Environment/River/LI_Hogsmeade_River,/Game/Environment/River/LevelActors/RiverBanks_Large_Stones/Blockout/LA_WaterFall_A01,14699.6,-66108.7,2907.3
Hogsmeade River,LI_WaterFall_A10,LevelInstance,LV_Overland/Region/Hogwarts Valley/Hogsmeade_RiverBlockout/LI_Hogsmeade_River/LI_WaterFall_A10,C317288C-4465-FBBC-DC44-BB9855ED3445,1,DL_HOGSMEADE;DL_OVERLAND,DL_HM_EXT;DL_HOGSMEADE,LI_Hogsmeade_River,/Game/Environment/River/LI_Hogsmeade_River,/Game/Environment/River/LevelActors/RiverBanks_Large_Stones/Blockout/LA_WaterFall_A01,12574.2,-70034.2,3360.1
Hogsmeade River,LI_WaterFall_A11,LevelInstance,LV_Overland/Region/Hogwarts Valley/Hogsmeade_RiverBlockout/LI_Hogsmeade_River/LI_WaterFall_A11,05F1C3C2-4C1B-6E01-7669-41BC8B9BF978,1,DL_HOGSMEADE;DL_OVERLAND,DL_HM_EXT;DL_HOGSMEADE,LI_Hogsmeade_River,/Game/Environment/River/LI_Hogsmeade_River,/Game/Environment/River/LevelActors/RiverBanks_Large_Stones/Blockout/LA_WaterFall_A01,12067.8,-70038.1,3360.1
Hogsmeade River,LI_WaterFall_A12,LevelInstance,LV_Overland/Region/Hogwarts Valley/Hogsmeade_RiverBlockout/LI_Hogsmeade_River/LI_WaterFall_A12,61ADADAF-459E-C2D1-5D9B-88AE69AD298D,1,DL_HOGSMEADE;DL_OVERLAND,DL_HM_EXT;DL_HOGSMEADE,LI_Hogsmeade_River,/Game/Environment/River/LI_Hogsmeade_River,/Game/Environment/River/LevelActors/RiverBanks_Large_Stones/Blockout/LA_WaterFall_A01,14113.1,-66825.2,3221.8
Hogsmeade River,LI_WaterFall_A13,LevelInstance,LV_Overland/Region/Hogwarts Valley/Hogsmeade_RiverBlockout/LI_Hogsmeade_River/LI_WaterFall_A13,943E20B6-4EC3-787E-3DDE-D39BC8413AF0,1,DL_HOGSMEADE;DL_OVERLAND,DL_HM_EXT;DL_HOGSMEADE,LI_Hogsmeade_River,/Game/Environment/River/LI_Hogsmeade_River,/Game/Environment/River/LevelActors/RiverBanks_Large_Stones/Blockout/LA_WaterFall_A01,14416.3,-67109.8,3221.8
Hogsmeade River,LI_WaterFall_A14,LevelInstance,LV_Overland/Region/Hogwarts Valley/Hogsmeade_RiverBlockout/LI_Hogsmeade_River/LI_WaterFall_A14,DB3D7D20-4DC0-65C4-9B3F-A29BD99D5EF6,1,DL_HOGSMEADE;DL_OVERLAND,DL_HM_EXT;DL_HOGSMEADE,LI_Hogsmeade_River,/Game/Environment/River/LI_Hogsmeade_River,/Game/Environment/River/LevelActors/RiverBanks_Large_Stones/Blockout/LA_WaterFall_A01,9010.8,-72111.4,3438.1
Hogsmeade River,LI_WaterFall_A15,LevelInstance,LV_Overland/Region/Hogwarts Valley/Hogsmeade_RiverBlockout/LI_Hogsmeade_River/LI_WaterFall_A15,3D425D9B-412F-5F61-FA09-20A50C67E48C,1,DL_HOGSMEADE;DL_OVERLAND,DL_HM_EXT;DL_HOGSMEADE,LI_Hogsmeade_River,/Game/Environment/River/LI_Hogsmeade_River,/Game/Environment/River/LevelActors/RiverBanks_Large_Stones/Blockout/LA_WaterFall_A01,9361.0,-72452.6,3438.1
Hogsmeade River,LI_WaterFall_A16,LevelInstance,LV_Overland/Region/Hogwarts Valley/Hogsmeade_RiverBlockout/LI_Hogsmeade_River/LI_WaterFall_A16,EEE3A72C-4041-B8D2-D0F2-96B040EEAA13,1,DL_HOGSMEADE;DL_OVERLAND,DL_HM_EXT;DL_HOGSMEADE,LI_Hogsmeade_River,/Game/Environment/River/LI_Hogsmeade_River,/Game/Environment/River/LevelActors/RiverBanks_Large_Stones/Blockout/LA_WaterFall_A01,8110.7,-73839.6,3811.6
Hogsmeade River,LI_WaterFall_A17,LevelInstance,LV_Overland/Region/Hogwarts Valley/Hogsmeade_RiverBlockout/LI_Hogsmeade_River/LI_WaterFall_A17,633B4B7E-477E-ED85-B38A-91A9F82CCAF5,1,DL_HOGSMEADE;DL_OVERLAND,DL_HM_EXT;DL_HOGSMEADE,LI_Hogsmeade_River,/Game/Environment/River/LI_Hogsmeade_River,/Game/Environment/River/LevelActors/RiverBanks_Large_Stones/Blockout/LA_WaterFall_A01,8494.2,-73921.1,3811.6
Hogsmeade River,LI_WaterFall_A18,LevelInstance,LV_Overland/Region/Hogwarts Valley/Hogsmeade_RiverBlockout/LI_Hogsmeade_River/LI_WaterFall_A18,A3018E0C-4F5A-1894-CE07-34BDAF6585AD,1,DL_HOGSMEADE;DL_OVERLAND,DL_HM_EXT;DL_HOGSMEADE,LI_Hogsmeade_River,/Game/Environment/River/LI_Hogsmeade_River,/Game/Environment/River/LevelActors/RiverBanks_Large_Stones/Blockout/LA_WaterFall_A01,11719.6,-69988.6,3360.1
Hogsmeade River,LI_WaterFall_A2,LevelInstance,LV_Overland/Region/Hogwarts Valley/Hogsmeade_RiverBlockout/LI_Hogsmeade_River/LI_WaterFall_A2,B3376536-4A4D-132D-642C-CD96DEC1D5C9,1,DL_HOGSMEADE;DL_OVERLAND,DL_HM_EXT;DL_HOGSMEADE,LI_Hogsmeade_River,/Game/Environment/River/LI_Hogsmeade_River,/Game/Environment/River/LevelActors/RiverBanks_Large_Stones/Blockout/LA_WaterFall_A01,14983.2,-66324.6,2907.3
Hogsmeade River,LI_WaterFall_A3,LevelInstance,LV_Overland/Region/Hogwarts Valley/Hogsmeade_RiverBlockout/LI_Hogsmeade_River/LI_WaterFall_A3,316F164F-4832-F99E-877B-27B55FF058FC,1,DL_HOGSMEADE;DL_OVERLAND,DL_HM_EXT;DL_HOGSMEADE,LI_Hogsmeade_River,/Game/Environment/River/LI_Hogsmeade_River,/Game/Environment/River/LevelActors/RiverBanks_Large_Stones/Blockout/LA_WaterFall_A01,14351.9,-66423.3,3051.8
Hogsmeade River,LI_WaterFall_A4,LevelInstance,LV_Overland/Region/Hogwarts Valley/Hogsmeade_RiverBlockout/LI_Hogsmeade_River/LI_WaterFall_A4,77E73E6B-42CF-957F-9040-7E861891F9DB,1,DL_HOGSMEADE;DL_OVERLAND,DL_HM_EXT;DL_HOGSMEADE,LI_Hogsmeade_River,/Game/Environment/River/LI_Hogsmeade_River,/Game/Environment/River/LevelActors/RiverBanks_Large_Stones/Blockout/LA_WaterFall_A01,14797.8,-66609.5,3051.8
Hogsmeade River,LI_WaterFall_A5,LevelInstance,LV_Overland/Region/Hogwarts Valley/Hogsmeade_RiverBlockout/LI_Hogsmeade_River/LI_WaterFall_A5,9BDAA248-40DC-86E9-9EB6-9A9CECB306A3,1,DL_HOGSMEADE;DL_OVERLAND,DL_HM_EXT;DL_HOGSMEADE,LI_Hogsmeade_River,/Game/Environment/River/LI_Hogsmeade_River,/Game/Environment/River/LevelActors/RiverBanks_Large_Stones/Blockout/LA_WaterFall_A01,14907.4,-65846.4,2566.0
Hogsmeade River,LI_WaterFall_A6,LevelInstance,LV_Overland/Region/Hogwarts Valley/Hogsmeade_RiverBlockout/LI_Hogsmeade_River/LI_WaterFall_A6,B51F370D-4E77-3E66-1EB0-828E47FD779F,1,DL_HOGSMEADE;DL_OVERLAND,DL_HM_EXT;DL_HOGSMEADE,LI_Hogsmeade_River,/Game/Environment/River/LI_Hogsmeade_River,/Game/Environment/River/LevelActors/RiverBanks_Large_Stones/Blockout/LA_WaterFall_A01,15124.5,-66012.2,2566.0
Hogsmeade River,LI_WaterFall_A7,LevelInstance,LV_Overland/Region/Hogwarts Valley/Hogsmeade_RiverBlockout/LI_Hogsmeade_River/LI_WaterFall_A7,E290ADC5-4341-6051-05BA-3FBF6F6EF161,1,DL_HOGSMEADE;DL_OVERLAND,DL_HM_EXT;DL_HOGSMEADE,LI_Hogsmeade_River,/Game/Environment/River/LI_Hogsmeade_River,/Game/Environment/River/LevelActors/RiverBanks_Large_Stones/Blockout/LA_WaterFall_A01,12034.8,-69719.5,3360.1
Hogsmeade River,LI_WaterFall_A8,LevelInstance,LV_Overland/Region/Hogwarts Valley/Hogsmeade_RiverBlockout/LI_Hogsmeade_River/LI_WaterFall_A8,2FF09A10-4C1E-BC4D-404B-CB8DDDFF8634,1,DL_HOGSMEADE;DL_OVERLAND,DL_HM_EXT;DL_HOGSMEADE,LI_Hogsmeade_River,/Game/Environment/River/LI_Hogsmeade_River,/Game/Environment/River/LevelActors/RiverBanks_Large_Stones/Blockout/LA_WaterFall_A01,12485.7,-69773.5,3360.1
Hogsmeade River,LI_WaterFall_A9,LevelInstance,LV_Overland/Region/Hogwarts Valley/Hogsmeade_RiverBlockout/LI_Hogsmeade_River/LI_WaterFall_A9,D0A64F3A-4234-D655-D07B-34B1D9EAA392,1,DL_HOGSMEADE;DL_OVERLAND,DL_HM_EXT;DL_HOGSMEADE,LI_Hogsmeade_River,/Game/Environment/River/LI_Hogsmeade_River,/Game/Environment/River/LevelActors/RiverBanks_Large_Stones/Blockout/LA_WaterFall_A01,13061.1,-69922.5,3360.1
Hogsmeade River,RiverBank_LargeStones_A04,LevelInstance,LV_Overland/Region/Hogwarts Valley/Hogsmeade_RiverBlockout/LI_Hogsmeade_River/Hogsmeade_RiverBlockout/RiverBank_LargeStones_A04,CF19D18F-41B7-DAC8-A3C0-63BA24CBDA73,1,DL_HOGSMEADE;DL_OVERLAND,DL_HM_EXT;DL_HOGSMEADE,LI_Hogsmeade_River,/Game/Environment/River/LI_Hogsmeade_River,/Game/Environment/River/LevelActors/RiverBanks_Large_Stones/LA_RiverBank_LargeStones_A04,10550.2,-72289.1,3518.3
Hogsmeade River,RiverBank_LargeStones_A04_noplants,LevelInstance,LV_Overland/Region/Hogwarts Valley/Hogsmeade_RiverBlockout/LI_Hogsmeade_River/Hogsmeade_RiverBlockout/RiverBank_LargeStones_A04_noplants,B9D0F8D0-4B9A-3673-4486-F1986889FB6B,1,DL_HOGSMEADE;DL_OVERLAND,DL_HM_EXT;DL_HOGSMEADE,LI_Hogsmeade_River,/Game/Environment/River/LI_Hogsmeade_River,/Game/Environment/River/LevelActors/RiverBanks_Large_Stones/LA_RiverBank_LargeStones_A04_noplants,12185.5,-70483.4,3267.6
Hogsmeade River,RiverBank_LargeStones_A04_noplants10,LevelInstance,LV_Overland/Region/Hogwarts Valley/Hogsmeade_RiverBlockout/LI_Hogsmeade_River/Hogsmeade_RiverBlockout/RiverBank_LargeStones_A04_noplants10,B3FEE56C-4620-F6A7-5EAD-E1BD0A32C183,1,DL_HOGSMEADE;DL_OVERLAND,DL_HM_EXT;DL_HOGSMEADE,LI_Hogsmeade_River,/Game/Environment/River/LI_Hogsmeade_River,/Game/Environment/River/LevelActors/RiverBanks_Large_Stones/LA_RiverBank_LargeStones_A04_noplants,7660.5,-83638.4,4311.5
Hogsmeade River,RiverBank_LargeStones_A04_noplants12,LevelInstance,LV_Overland/Region/Hogwarts Valley/Hogsmeade_RiverBlockout/LI_Hogsmeade_River/Hogsmeade_RiverBlockout/RiverBank_LargeStones_A04_noplants12,2E125AF7-4F24-AF5F-FE23-5B98D349680A,1,DL_HOGSMEADE;DL_OVERLAND,DL_HM_EXT;DL_HOGSMEADE,LI_Hogsmeade_River,/Game/Environment/River/LI_Hogsmeade_River,/Game/Environment/River/LevelActors/RiverBanks_Large_Stones/LA_RiverBank_LargeStones_A04_noplants,4613.1,-79771.3,3778.6
Hogsmeade River,RiverBank_LargeStones_A04_noplants13,LevelInstance,LV_Overland/Region/Hogwarts Valley/Hogsmeade_RiverBlockout/LI_Hogsmeade_River/Hogsmeade_RiverBlockout/RiverBank_LargeStones_A04_noplants13,F33AB514-4152-2916-6CAB-598FB59811BF,1,DL_HOGSMEADE;DL_OVERLAND,DL_HM_EXT;DL_HOGSMEADE,LI_Hogsmeade_River,/Game/Environment/River/LI_Hogsmeade_River,/Game/Environment/River/LevelActors/RiverBanks_Large_Stones/LA_RiverBank_LargeStones_A04_noplants,4953.2,-80059.2,3831.6
Hogsmeade River,RiverBank_LargeStones_A04_noplants14,LevelInstance,LV_Overland/Region/Hogwarts Valley/Hogsmeade_RiverBlockout/LI_Hogsmeade_River/Hogsmeade_RiverBlockout/RiverBank_LargeStones_A04_noplants14,2F1A1184-452A-62D5-F1D6-638814C54FD6,1,DL_HOGSMEADE;DL_OVERLAND,DL_HM_EXT;DL_HOGSMEADE,LI_Hogsmeade_River,/Game/Environment/River/LI_Hogsmeade_River,/Game/Environment/River/LevelActors/RiverBanks_Large_Stones/LA_RiverBank_LargeStones_A04_noplants,6537.7,-76511.7,3889.1
Hogsmeade River,RiverBank_LargeStones_A04_noplants15,LevelInstance,LV_Overland/Region/Hogwarts Valley/Hogsmeade_RiverBlockout/LI_Hogsmeade_River/Hogsmeade_RiverBlockout/RiverBank_LargeStones_A04_noplants15,5BA3B8D2-4AA2-EE13-FDC5-2B849176A56E,1,DL_HOGSMEADE;DL_OVERLAND,DL_HM_EXT;DL_HOGSMEADE,LI_Hogsmeade_River,/Game/Environment/River/LI_Hogsmeade_River,/Game/Environment/River/LevelActors/RiverBanks_Large_Stones/LA_RiverBank_LargeStones_A04_noplants,6424.1,-76825.7,3910.1
Hogsmeade River,RiverBank_LargeStones_A04_noplants16,LevelInstance,LV_Overland/Region/Hogwarts Valley/Hogsmeade_RiverBlockout/LI_Hogsmeade_River/Hogsmeade_RiverBlockout/RiverBank_LargeStones_A04_noplants16,1E76761E-48FC-0C44-06B2-2F8AF04AE268,1,DL_HOGSMEADE;DL_OVERLAND,DL_HM_EXT;DL_HOGSMEADE,LI_Hogsmeade_River,/Game/Environment/River/LI_Hogsmeade_River,/Game/Environment/River/LevelActors/RiverBanks_Large_Stones/LA_RiverBank_LargeStones_A04_noplants,4889.0,-79116.6,3770.8
Hogsmeade River,RiverBank_LargeStones_A04_noplants17,LevelInstance,LV_Overland/Region/Hogwarts Valley/Hogsmeade_RiverBlockout/LI_Hogsmeade_River/Hogsmeade_RiverBlockout/RiverBank_LargeStones_A04_noplants17,D92D23ED-44BA-2963-4F62-F8A8BE6E5491,1,DL_HOGSMEADE;DL_OVERLAND,DL_HM_EXT;DL_HOGSMEADE,LI_Hogsmeade_River,/Game/Environment/River/LI_Hogsmeade_River,/Game/Environment/River/LevelActors/RiverBanks_Large_Stones/LA_RiverBank_LargeStones_A04_noplants,7629.4,-75260.2,3863.5
Hogsmeade River,RiverBank_LargeStones_A04_noplants18,LevelInstance,LV_Overland/Region/Hogwarts Valley/Hogsmeade_RiverBlockout/LI_Hogsmeade_River/Hogsmeade_RiverBlockout/RiverBank_LargeStones_A04_noplants18,45A244CA-413B-FDB8-4014-30860C14AC82,1,DL_HOGSMEADE;DL_OVERLAND,DL_HM_EXT;DL_HOGSMEADE,LI_Hogsmeade_River,/Game/Environment/River/LI_Hogsmeade_River,/Game/Environment/River/LevelActors/RiverBanks_Large_Stones/LA_RiverBank_LargeStones_A04_noplants,8833.1,-74414.9,3976.5
Hogsmeade River,RiverBank_LargeStones_A04_noplants19,LevelInstance,LV_Overland/Region/Hogwarts Valley/Hogsmeade_RiverBlockout/LI_Hogsmeade_River/Hogsmeade_RiverBlockout/RiverBank_LargeStones_A04_noplants19,0C164695-4B44-D5EA-F3B5-84A9A0703B8D,1,DL_HOGSMEADE;DL_OVERLAND,DL_HM_EXT;DL_HOGSMEADE,LI_Hogsmeade_River,/Game/Environment/River/LI_Hogsmeade_River,/Game/Environment/River/LevelActors/RiverBanks_Large_Stones/LA_RiverBank_LargeStones_A04_noplants,9291.3,-72157.0,3423.4
Hogsmeade River,RiverBank_LargeStones_A04_noplants2,LevelInstance,LV_Overland/Region/Hogwarts Valley/Hogsmeade_RiverBlockout/LI_Hogsmeade_River/Hogsmeade_RiverBlockout/RiverBank_LargeStones_A04_noplants2,EC113676-4C0D-0034-67CA-F580DD0B8DF9,1,DL_HOGSMEADE;DL_OVERLAND,DL_HM_EXT;DL_HOGSMEADE,LI_Hogsmeade_River,/Game/Environment/River/LI_Hogsmeade_River,/Game/Environment/River/LevelActors/RiverBanks_Large_Stones/LA_RiverBank_LargeStones_A04_noplants,11847.1,-68574.6,3285.4
Hogsmeade River,RiverBank_LargeStones_A04_noplants20,LevelInstance,LV_Overland/Region/Hogwarts Valley/Hogsmeade_RiverBlockout/LI_Hogsmeade_River/Hogsmeade_RiverBlockout/RiverBank_LargeStones_A04_noplants20,82B98377-4DAC-963E-BCEB-F1AB08C75A4C,1,DL_HOGSMEADE;DL_OVERLAND,DL_HM_EXT;DL_HOGSMEADE,LI_Hogsmeade_River,/Game/Environment/River/LI_Hogsmeade_River,/Game/Environment/River/LevelActors/RiverBanks_Large_Stones/LA_RiverBank_LargeStones_A04_noplants,6779.6,-75271.6,3898.8
Hogsmeade River,RiverBank_LargeStones_A04_noplants21,LevelInstance,LV_Overland/Region/Hogwarts Valley/Hogsmeade_RiverBlockout/LI_Hogsmeade_River/Hogsmeade_RiverBlockout/RiverBank_LargeStones_A04_noplants21,A01B0724-4347-C91E-0638-939339C49F81,1,DL_HOGSMEADE;DL_OVERLAND,DL_HM_EXT;DL_HOGSMEADE,LI_Hogsmeade_River,/Game/Environment/River/LI_Hogsmeade_River,/Game/Environment/River/LevelActors/RiverBanks_Large_Stones/LA_RiverBank_LargeStones_A04_noplants,7540.7,-74733.8,3908.1
Hogsmeade River,RiverBank_LargeStones_A04_noplants22,LevelInstance,LV_Overland/Region/Hogwarts Valley/Hogsmeade_RiverBlockout/LI_Hogsmeade_River/Hogsmeade_RiverBlockout/RiverBank_LargeStones_A04_noplants22,6FB91C54-4637-64B0-1F50-BAA78A8E01EF,1,DL_HOGSMEADE;DL_OVERLAND,DL_HM_EXT;DL_HOGSMEADE,LI_Hogsmeade_River,/Game/Environment/River/LI_Hogsmeade_River,/Game/Environment/River/LevelActors/RiverBanks_Large_Stones/LA_RiverBank_LargeStones_A04_noplants,8445.4,-73523.7,3556.5
Hogsmeade River,RiverBank_LargeStones_A04_noplants23,LevelInstance,LV_Overland/Region/Hogwarts Valley/Hogsmeade_RiverBlockout/LI_Hogsmeade_River/Hogsmeade_RiverBlockout/RiverBank_LargeStones_A04_noplants23,9952233B-4CC1-B407-79D6-118FD1202688,1,DL_HOGSMEADE;DL_OVERLAND,DL_HM_EXT;DL_HOGSMEADE,LI_Hogsmeade_River,/Game/Environment/River/LI_Hogsmeade_River,/Game/Environment/River/LevelActors/RiverBanks_Large_Stones/LA_RiverBank_LargeStones_A04_noplants,6943.6,-82693.1,3951.0
Hogsmeade River,RiverBank_LargeStones_A04_noplants24,LevelInstance,LV_Overland/Region/Hogwarts Valley/Hogsmeade_RiverBlockout/LI_Hogsmeade_River/Hogsmeade_RiverBlockout/RiverBank_LargeStones_A04_noplants24,6B7D64F5-41BD-105A-EF59-929C9B4C2705,1,DL_HOGSMEADE;DL_OVERLAND,DL_HM_EXT;DL_HOGSMEADE,LI_Hogsmeade_River,/Game/Environment/River/LI_Hogsmeade_River,/Game/Environment/River/LevelActors/RiverBanks_Large_Stones/LA_RiverBank_LargeStones_A04_noplants,6585.6,-82611.5,3951.0
Hogsmeade River,RiverBank_LargeStones_A04_noplants25,LevelInstance,LV_Overland/Region/Hogwarts Valley/Hogsmeade_RiverBlockout/LI_Hogsmeade_River/Hogsmeade_RiverBlockout/RiverBank_LargeStones_A04_noplants25,8DB269B4-40BE-628A-FE00-52AF4BD5EF0B,1,DL_HOGSMEADE;DL_OVERLAND,DL_HM_EXT;DL_HOGSMEADE,LI_Hogsmeade_River,/Game/Environment/River/LI_Hogsmeade_River,/Game/Environment/River/LevelActors/RiverBanks_Large_Stones/LA_RiverBank_LargeStones_A04_noplants,6715.5,-82668.3,3951.0
Hogsmeade River,RiverBank_LargeStones_A04_noplants26,LevelInstance,LV_Overland/Region/Hogwarts Valley/Hogsmeade_RiverBlockout/LI_Hogsmeade_River/Hogsmeade_RiverBlockout/RiverBank_LargeStones_A04_noplants26,9793FB46-43E9-28C7-C0A4-80891D054316,1,DL_HOGSMEADE;DL_OVERLAND,DL_HM_EXT;DL_HOGSMEADE,LI_Hogsmeade_River,/Game/Environment/River/LI_Hogsmeade_River,/Game/Environment/River/LevelActors/RiverBanks_Large_Stones/LA_RiverBank_SmallSharpRocks_A01,12825.6,-71006.9,3434.5
Hogsmeade River,RiverBank_LargeStones_A04_noplants27,LevelInstance,LV_Overland/Region/Hogwarts Valley/Hogsmeade_RiverBlockout/LI_Hogsmeade_River/Hogsmeade_RiverBlockout/RiverBank_LargeStones_A04_noplants27,7FF7D319-47A7-15A8-5CDD-AB8AEBC7E397,1,DL_HOGSMEADE;DL_OVERLAND,DL_HM_EXT;DL_HOGSMEADE,LI_Hogsmeade_River,/Game/Environment/River/LI_Hogsmeade_River,/Game/Environment/River/LevelActors/RiverBanks_Large_Stones/LA_RiverBank_LargeStones_A04_noplants,12173.7,-70073.3,3255.1
Hogsmeade River,RiverBank_LargeStones_A04_noplants28,LevelInstance,LV_Overland/Region/Hogwarts Valley/Hogsmeade_RiverBlockout/LI_Hogsmeade_River/Hogsmeade_RiverBlockout/RiverBank_LargeStones_A04_noplants28,FC4CFD06-41A6-842A-AC08-8099A6E67A3A,1,DL_HOGSMEADE;DL_OVERLAND,DL_HM_EXT;DL_HOGSMEADE,LI_Hogsmeade_River,/Game/Environment/River/LI_Hogsmeade_River,/Game/Environment/River/LevelActors/RiverBanks_Large_Stones/LA_RiverBank_LargeStones_A04_noplants,12160.5,-69725.3,3260.7
Hogsmeade River,RiverBank_LargeStones_A04_noplants29,LevelInstance,LV_Overland/Region/Hogwarts Valley/Hogsmeade_RiverBlockout/LI_Hogsmeade_River/Hogsmeade_RiverBlockout/RiverBank_LargeStones_A04_noplants29,39FBE853-466A-D891-D363-AAA841D09C22,1,DL_HOGSMEADE;DL_OVERLAND,DL_HM_EXT;DL_HOGSMEADE,LI_Hogsmeade_River,/Game/Environment/River/LI_Hogsmeade_River,/Game/Environment/River/LevelActors/RiverBanks_Large_Stones/LA_RiverBank_LargeStones_A04_noplants,12214.3,-69885.7,3260.7
Hogsmeade River,RiverBank_LargeStones_A04_noplants3,LevelInstance,LV_Overland/Region/Hogwarts Valley/Hogsmeade_RiverBlockout/LI_Hogsmeade_River/Hogsmeade_RiverBlockout/RiverBank_LargeStones_A04_noplants3,352EC708-4AAB-173E-C902-7FBD0142AE7E,1,DL_HOGSMEADE;DL_OVERLAND,DL_HM_EXT;DL_HOGSMEADE,LI_Hogsmeade_River,/Game/Environment/River/LI_Hogsmeade_River,/Game/Environment/River/LevelActors/RiverBanks_Large_Stones/LA_RiverBank_LargeStones_A04_noplants,11904.5,-68001.9,3256.6
Hogsmeade River,RiverBank_LargeStones_A04_noplants30,LevelInstance,LV_Overland/Region/Hogwarts Valley/Hogsmeade_RiverBlockout/LI_Hogsmeade_River/Hogsmeade_RiverBlockout/RiverBank_LargeStones_A04_noplants30,1C40D43C-48DE-7D50-3352-308B615BB612,1,DL_HOGSMEADE;DL_OVERLAND,DL_HM_EXT;DL_HOGSMEADE,LI_Hogsmeade_River,/Game/Environment/River/LI_Hogsmeade_River,/Game/Environment/River/LevelActors/RiverBanks_Large_Stones/LA_RiverBank_LargeStones_A04_noplants,12640.2,-68970.7,3277.5
Hogsmeade River,RiverBank_LargeStones_A04_noplants31,LevelInstance,LV_Overland/Region/Hogwarts Valley/Hogsmeade_RiverBlockout/LI_Hogsmeade_River/Hogsmeade_RiverBlockout/RiverBank_LargeStones_A04_noplants31,DF641FA0-4B7A-C846-4586-379CB542EC5F,1,DL_HOGSMEADE;DL_OVERLAND,DL_HM_EXT;DL_HOGSMEADE,LI_Hogsmeade_River,/Game/Environment/River/LI_Hogsmeade_River,/Game/Environment/River/LevelActors/RiverBanks_Large_Stones/LA_RiverBank_LargeStones_A04_noplants,9066.3,-73035.5,3454.7
Hogsmeade River,RiverBank_LargeStones_A04_noplants32,LevelInstance,LV_Overland/Region/Hogwarts Valley/Hogsmeade_RiverBlockout/LI_Hogsmeade_River/Hogsmeade_RiverBlockout/RiverBank_LargeStones_A04_noplants32,39ABA6BD-43FB-B899-5C34-9680AB06ED2C,1,DL_HOGSMEADE;DL_OVERLAND,DL_HM_EXT;DL_HOGSMEADE,LI_Hogsmeade_River,/Game/Environment/River/LI_Hogsmeade_River,/Game/Environment/River/LevelActors/RiverBanks_Large_Stones/LA_RiverBank_LargeStones_A04_noplants,8633.7,-73349.5,3478.2
Hogsmeade River,RiverBank_LargeStones_A04_noplants33,LevelInstance,LV_Overland/Region/Hogwarts Valley/Hogsmeade_RiverBlockout/LI_Hogsmeade_River/Hogsmeade_RiverBlockout/RiverBank_LargeStones_A04_noplants33,32605035-4DE1-B32B-5FDA-4F9D25BD36D2,1,DL_HOGSMEADE;DL_OVERLAND,DL_HM_EXT;DL_HOGSMEADE,LI_Hogsmeade_River,/Game/Environment/River/LI_Hogsmeade_River,/Game/Environment/River/LevelActors/RiverBanks_Large_Stones/LA_RiverBank_LargeStones_A04_noplants,5730.5,-78491.8,3789.4
Hogsmeade River,RiverBank_LargeStones_A04_noplants34,LevelInstance,LV_Overland/Region/Hogwarts Valley/Hogsmeade_RiverBlockout/LI_Hogsmeade_River/Hogsmeade_RiverBlockout/RiverBank_LargeStones_A04_noplants34,997D6462-41B4-9604-4DB8-B889197D91AD,1,DL_HOGSMEADE;DL_OVERLAND,DL_HM_EXT;DL_HOGSMEADE,LI_Hogsmeade_River,/Game/Environment/River/LI_Hogsmeade_River,/Game/Environment/River/LevelActors/RiverBanks_Large_Stones/LA_RiverBank_LargeStones_A04_noplants,5562.5,-78418.7,3775.4
Hogsmeade River,RiverBank_LargeStones_A04_noplants36,LevelInstance,LV_Overland/Region/Hogwarts Valley/Hogsmeade_RiverBlockout/LI_Hogsmeade_River/RiverBank_LargeStones_A04_noplants36,1D4B3794-48F1-B4CC-8C90-EAB4B5A74929,1,DL_HOGSMEADE;DL_OVERLAND,DL_HM_EXT;DL_HOGSMEADE,LI_Hogsmeade_River,/Game/Environment/River/LI_Hogsmeade_River,/Game/Environment/River/LevelActors/RiverBanks_Large_Stones/LA_RiverBank_LargeStones_A04_noplants,5767.4,-77777.8,3995.8
Hogsmeade River,RiverBank_LargeStones_A04_noplants37,LevelInstance,LV_Overland/Region/Hogwarts Valley/Hogsmeade_RiverBlockout/LI_Hogsmeade_River/RiverBank_LargeStones_A04_noplants37,BD72EE7B-4A72-5268-16F0-C4B01E2A8640,1,DL_HOGSMEADE;DL_OVERLAND,DL_HM_EXT;DL_HOGSMEADE,LI_Hogsmeade_River,/Game/Environment/River/LI_Hogsmeade_River,/Game/Environment/River/LevelActors/RiverBanks_Large_Stones/LA_RiverBank_LargeStones_A04_noplants,5545.6,-78106.8,3850.4
Hogsmeade River,RiverBank_LargeStones_A04_noplants43,LevelInstance,LV_Overland/Region/Hogwarts Valley/Hogsmeade_RiverBlockout/LI_Hogsmeade_River/RiverBank_LargeStones_A04_noplants43,5D1E364D-4065-30BF-B1BF-CEBF1A8D9CA7,1,DL_HOGSMEADE;DL_OVERLAND,DL_HM_EXT;DL_HOGSMEADE,LI_Hogsmeade_River,/Game/Environment/River/LI_Hogsmeade_River,/Game/Environment/River/LevelActors/RiverBanks_Large_Stones/LA_RiverBank_LargeStones_A04_noplants,6924.2,-76246.8,3927.4
Hogsmeade River,RiverBank_LargeStones_A04_noplants45,LevelInstance,LV_Overland/Region/Hogwarts Valley/Hogsmeade_RiverBlockout/LI_Hogsmeade_River/RiverBank_LargeStones_A04_noplants45,9DC90FA3-498D-8045-F12C-C990148D42A8,1,DL_HOGSMEADE;DL_OVERLAND,DL_HM_EXT;DL_HOGSMEADE,LI_Hogsmeade_River,/Game/Environment/River/LI_Hogsmeade_River,/Game/Environment/River/LevelActors/RiverBanks_Large_Stones/LA_RiverBank_LargeStones_A04_noplants,6824.6,-76554.1,3954.5
Hogsmeade River,RiverBank_LargeStones_A04_noplants46,LevelInstance,LV_Overland/Region/Hogwarts Valley/Hogsmeade_RiverBlockout/LI_Hogsmeade_River/RiverBank_LargeStones_A04_noplants46,98C677C9-4971-1C5E-9D0F-0BA9DB155D53,1,DL_HOGSMEADE;DL_OVERLAND,DL_HM_EXT;DL_HOGSMEADE,LI_Hogsmeade_River,/Game/Environment/River/LI_Hogsmeade_River,/Game/Environment/River/LevelActors/RiverBanks_Large_Stones/LA_RiverBank_LargeStones_A04_noplants,7325.0,-75114.6,3976.4
Hogsmeade River,RiverBank_LargeStones_A04_noplants47,LevelInstance,LV_Overland/Region/Hogwarts Valley/Hogsmeade_RiverBlockout/LI_Hogsmeade_River/RiverBank_LargeStones_A04_noplants47,9C2671AA-4A02-CFA9-88E7-59B4B1F54C62,1,DL_HOGSMEADE;DL_OVERLAND,DL_HM_EXT;DL_HOGSMEADE,LI_Hogsmeade_River,/Game/Environment/River/LI_Hogsmeade_River,/Game/Environment/River/LevelActors/RiverBanks_Large_Stones/LA_RiverBank_LargeStones_A04_noplants,8432.2,-75046.4,3895.2
Hogsmeade River,RiverBank_LargeStones_A04_noplants48,LevelInstance,LV_Overland/Region/Hogwarts Valley/Hogsmeade_RiverBlockout/LI_Hogsmeade_River/RiverBank_LargeStones_A04_noplants48,D568FDA3-4CB1-F2C4-9CA8-2BAEE6C21BF8,1,DL_HOGSMEADE;DL_OVERLAND,DL_HM_EXT;DL_HOGSMEADE,LI_Hogsmeade_River,/Game/Environment/River/LI_Hogsmeade_River,/Game/Environment/River/LevelActors/RiverBanks_Large_Stones/LA_RiverBank_LargeStones_A04_noplants,7896.6,-74995.6,3889.2
Hogsmeade River,RiverBank_LargeStones_A04_noplants49,LevelInstance,LV_Overland/Region/Hogwarts Valley/Hogsmeade_RiverBlockout/LI_Hogsmeade_River/RiverBank_LargeStones_A04_noplants49,775484DC-4DC6-96B9-0EDA-E29DDB56E207,1,DL_HOGSMEADE;DL_OVERLAND,DL_HM_EXT;DL_HOGSMEADE,LI_Hogsmeade_River,/Game/Environment/River/LI_Hogsmeade_River,/Game/Environment/River/LevelActors/RiverBanks_Large_Stones/LA_RiverBank_LargeStones_A04_noplants,3016.3,-77881.3,4089.9
Hogsmeade River,RiverBank_LargeStones_A04_noplants5,LevelInstance,LV_Overland/Region/Hogwarts Valley/Hogsmeade_RiverBlockout/LI_Hogsmeade_River/Hogsmeade_RiverBlockout/RiverBank_LargeStones_A04_noplants5,23D32955-4B53-E1A1-AE26-25834286D994,1,DL_HOGSMEADE;DL_OVERLAND,DL_HM_EXT;DL_HOGSMEADE,LI_Hogsmeade_River,/Game/Environment/River/LI_Hogsmeade_River,/Game/Environment/River/LevelActors/RiverBanks_Large_Stones/LA_RiverBank_LargeStones_A04_noplants,5100.2,-77334.0,3904.0
Hogsmeade River,RiverBank_LargeStones_A04_noplants6,LevelInstance,LV_Overland/Region/Hogwarts Valley/Hogsmeade_RiverBlockout/LI_Hogsmeade_River/Hogsmeade_RiverBlockout/RiverBank_LargeStones_A04_noplants6,768FBB92-4C64-5DCF-D579-4B9B56479025,1,DL_HOGSMEADE;DL_OVERLAND,DL_HM_EXT;DL_HOGSMEADE,LI_Hogsmeade_River,/Game/Environment/River/LI_Hogsmeade_River,/Game/Environment/River/LevelActors/RiverBanks_Large_Stones/LA_RiverBank_LargeStones_A04_noplants,5272.0,-77235.3,3932.1
Hogsmeade River,RiverBank_LargeStones_A04_noplants7,LevelInstance,LV_Overland/Region/Hogwarts Valley/Hogsmeade_RiverBlockout/LI_Hogsmeade_River/Hogsmeade_RiverBlockout/RiverBank_LargeStones_A04_noplants7,BA4EB1B9-423D-C956-B2B5-70BE8B6E8364,1,DL_HOGSMEADE;DL_OVERLAND,DL_HM_EXT;DL_HOGSMEADE,LI_Hogsmeade_River,/Game/Environment/River/LI_Hogsmeade_River,/Game/Environment/River/LevelActors/RiverBanks_Large_Stones/LA_RiverBank_LargeStones_A04_noplants,5702.0,-76764.4,3944.3
Hogsmeade River,RiverBank_LargeStones_A04_noplants8,LevelInstance,LV_Overland/Region/Hogwarts Valley/Hogsmeade_RiverBlockout/LI_Hogsmeade_River/Hogsmeade_RiverBlockout/RiverBank_LargeStones_A04_noplants8,F208A33B-4AAA-CD45-3EB4-288952CFD89C,1,DL_HOGSMEADE;DL_OVERLAND,DL_HM_EXT;DL_HOGSMEADE,LI_Hogsmeade_River,/Game/Environment/River/LI_Hogsmeade_River,/Game/Environment/River/LevelActors/RiverBanks_Large_Stones/LA_RiverBank_LargeStones_A04_noplants,5693.9,-76598.6,3944.2
Hogsmeade River,RiverBank_LargeStones_A04_noplants9,LevelInstance,LV_Overland/Region/Hogwarts Valley/Hogsmeade_RiverBlockout/LI_Hogsmeade_River/Hogsmeade_RiverBlockout/RiverBank_LargeStones_A04_noplants9,7BDB6B60-40F4-1288-BE09-B0A007006227,1,DL_HOGSMEADE;DL_OVERLAND,DL_HM_EXT;DL_HOGSMEADE,LI_Hogsmeade_River,/Game/Environment/River/LI_Hogsmeade_River,/Game/Environment/River/LevelActors/RiverBanks_Large_Stones/LA_RiverBank_LargeStones_A04_noplants,8691.1,-84076.0,4650.3
Hogsmeade River,RiverBank_LargeStones_A06,LevelInstance,LV_Overland/Region/Hogwarts Valley/Hogsmeade_RiverBlockout/LI_Hogsmeade_River/Hogsmeade_RiverBlockout/RiverBank_LargeStones_A06,1B7ED67C-4565-AD49-D2E4-90A1AA436546,1,DL_HOGSMEADE;DL_OVERLAND,DL_HM_EXT;DL_HOGSMEADE,LI_Hogsmeade_River,/Game/Environment/River/LI_Hogsmeade_River,/Game/Environment/River/LevelActors/RiverBanks_Large_Stones/LA_RiverBank_LargeStones_A06,10243.8,-72530.7,3581.3
Hogsmeade River,RiverBank_LargeStones_A07,LevelInstance,LV_Overland/Region/Hogwarts Valley/Hogsmeade_RiverBlockout/LI_Hogsmeade_River/Hogsmeade_RiverBlockout/RiverBank_LargeStones_A07,82EEB9EC-48AC-4544-BC64-89A60BFCC694,1,DL_HOGSMEADE;DL_OVERLAND,DL_HM_EXT;DL_HOGSMEADE,LI_Hogsmeade_River,/Game/Environment/River/LI_Hogsmeade_River,/Game/Environment/River/LevelActors/RiverBanks_Large_Stones/Blockout/LA_River_LargeStones_A07,11377.6,-70122.7,3418.9
Hogsmeade River,RiverBank_LargeStones_A10,LevelInstance,LV_Overland/Region/Hogwarts Valley/Hogsmeade_RiverBlockout/LI_Hogsmeade_River/Hogsmeade_RiverBlockout/RiverBank_LargeStones_A10,C0393A03-4D50-E3A8-F445-B0B39C768B11,1,DL_HOGSMEADE;DL_OVERLAND,DL_HM_EXT;DL_HOGSMEADE,LI_Hogsmeade_River,/Game/Environment/River/LI_Hogsmeade_River,/Game/Environment/River/LevelActors/RiverBanks_Large_Stones/LA_RiverBank_LargeStones_A06,13079.3,-69901.5,3386.6
Hogsmeade River,RiverBank_LargeStones_A100,LevelInstance,LV_Overland/Region/Hogwarts Valley/Hogsmeade_RiverBlockout/LI_Hogsmeade_River/Hogsmeade_RiverBlockout/RiverBank_LargeStones_A100,3636837E-4603-3CD2-6D97-18ADB73DABA8,1,DL_HOGSMEADE;DL_OVERLAND,DL_HM_EXT;DL_HOGSMEADE,LI_Hogsmeade_River,/Game/Environment/River/LI_Hogsmeade_River,/Game/Environment/River/LevelActors/RiverBanks_Large_Stones/LA_RiverBank_LargeStones_A06,7616.0,-83193.9,4047.6
Hogsmeade River,RiverBank_LargeStones_A101,LevelInstance,LV_Overland/Region/Hogwarts Valley/Hogsmeade_RiverBlockout/LI_Hogsmeade_River/Hogsmeade_RiverBlockout/RiverBank_LargeStones_A101,BB685EFF-47C9-9585-21B8-F7AF0BF5C263,1,DL_HOGSMEADE;DL_OVERLAND,DL_HM_EXT;DL_HOGSMEADE,LI_Hogsmeade_River,/Game/Environment/River/LI_Hogsmeade_River,/Game/Environment/River/LevelActors/RiverBanks_Large_Stones/LA_RiverBank_LargeStones_A04,6535.4,-83117.3,3997.9
Hogsmeade River,RiverBank_LargeStones_A102,LevelInstance,LV_Overland/Region/Hogwarts Valley/Hogsmeade_RiverBlockout/LI_Hogsmeade_River/Hogsmeade_RiverBlockout/RiverBank_LargeStones_A102,AC673A85-4912-7214-D95E-D3B39E89D936,1,DL_HOGSMEADE;DL_OVERLAND,DL_HM_EXT;DL_HOGSMEADE,LI_Hogsmeade_River,/Game/Environment/River/LI_Hogsmeade_River,/Game/Environment/River/LevelActors/RiverBanks_Large_Stones/LA_RiverBank_LargeStones_A06,6222.2,-83005.8,4020.7
Hogsmeade River,RiverBank_LargeStones_A103,LevelInstance,LV_Overland/Region/Hogwarts Valley/Hogsmeade_RiverBlockout/LI_Hogsmeade_River/Hogsmeade_RiverBlockout/RiverBank_LargeStones_A103,A17B9B5C-4C89-4B36-59C4-A5B0E1B76107,1,DL_HOGSMEADE;DL_OVERLAND,DL_HM_EXT;DL_HOGSMEADE,LI_Hogsmeade_River,/Game/Environment/River/LI_Hogsmeade_River,/Game/Environment/River/LevelActors/RiverBanks_Large_Stones/LA_RiverBank_LargeStones_A06,6383.0,-81603.1,3965.7
Hogsmeade River,RiverBank_LargeStones_A104,LevelInstance,LV_Overland/Region/Hogwarts Valley/Hogsmeade_RiverBlockout/LI_Hogsmeade_River/Hogsmeade_RiverBlockout/RiverBank_LargeStones_A104,3528EDB6-473D-4FC5-A67D-939D02072880,1,DL_HOGSMEADE;DL_OVERLAND,DL_HM_EXT;DL_HOGSMEADE,LI_Hogsmeade_River,/Game/Environment/River/LI_Hogsmeade_River,/Game/Environment/River/LevelActors/RiverBanks_Large_Stones/LA_RiverBank_LargeStones_A04,7503.1,-83858.7,4320.2
Hogsmeade River,RiverBank_LargeStones_A105,LevelInstance,LV_Overland/Region/Hogwarts Valley/Hogsmeade_RiverBlockout/LI_Hogsmeade_River/Hogsmeade_RiverBlockout/RiverBank_LargeStones_A105,F78C44D2-41A9-5502-E549-B1967A0CCD92,1,DL_HOGSMEADE;DL_OVERLAND,DL_HM_EXT;DL_HOGSMEADE,LI_Hogsmeade_River,/Game/Environment/River/LI_Hogsmeade_River,/Game/Environment/River/LevelActors/RiverBanks_Large_Stones/LA_RiverBank_LargeStones_A06,7126.6,-83730.8,4129.5
Hogsmeade River,RiverBank_LargeStones_A106,LevelInstance,LV_Overland/Region/Hogwarts Valley/Hogsmeade_RiverBlockout/LI_Hogsmeade_River/Hogsmeade_RiverBlockout/RiverBank_LargeStones_A106,DE1C97CC-4F16-B076-4B2E-80A093FDE261,1,DL_HOGSMEADE;DL_OVERLAND,DL_HM_EXT;DL_HOGSMEADE,LI_Hogsmeade_River,/Game/Environment/River/LI_Hogsmeade_River,/Game/Environment/River/LevelActors/RiverBanks_Large_Stones/LA_RiverBank_LargeStones_A05,6852.5,-83547.4,4010.8
Hogsmeade River,RiverBank_LargeStones_A107,LevelInstance,LV_Overland/Region/Hogwarts Valley/Hogsmeade_RiverBlockout/LI_Hogsmeade_River/Hogsmeade_RiverBlockout/RiverBank_LargeStones_A107,4149F1F8-4F7B-5934-B2AF-7FACADD656F0,1,DL_HOGSMEADE;DL_OVERLAND,DL_HM_EXT;DL_HOGSMEADE,LI_Hogsmeade_River,/Game/Environment/River/LI_Hogsmeade_River,/Game/Environment/River/LevelActors/RiverBanks_Large_Stones/LA_RiverBank_LargeStones_A06,6999.1,-83307.9,3958.8
Hogsmeade River,RiverBank_LargeStones_A108,LevelInstance,LV_Overland/Region/Hogwarts Valley/Hogsmeade_RiverBlockout/LI_Hogsmeade_River/Hogsmeade_RiverBlockout/RiverBank_LargeStones_A108,7C36CD2B-44D2-92A6-5CA8-889B0E1B4AA3,1,DL_HOGSMEADE;DL_OVERLAND,DL_HM_EXT;DL_HOGSMEADE,LI_Hogsmeade_River,/Game/Environment/River/LI_Hogsmeade_River,/Game/Environment/River/LevelActors/RiverBanks_Large_Stones/LA_RiverBank_LargeStones_A06,6766.4,-83137.5,3991.6
Hogsmeade River,RiverBank_LargeStones_A109,LevelInstance,LV_Overland/Region/Hogwarts Valley/Hogsmeade_RiverBlockout/LI_Hogsmeade_River/Hogsmeade_RiverBlockout/RiverBank_LargeStones_A109,A46418AE-4F0A-DC10-0F58-0BB11DDCF21E,1,DL_HOGSMEADE;DL_OVERLAND,DL_HM_EXT;DL_HOGSMEADE,LI_Hogsmeade_River,/Game/Environment/River/LI_Hogsmeade_River,/Game/Environment/River/LevelActors/RiverBanks_Large_Stones/LA_RiverBank_LargeStones_A05,6135.6,-79203.6,4071.0
Hogsmeade River,RiverBank_LargeStones_A110,LevelInstance,LV_Overland/Region/Hogwarts Valley/Hogsmeade_RiverBlockout/LI_Hogsmeade_River/Hogsmeade_RiverBlockout/RiverBank_LargeStones_A110,44BA12B0-401F-0154-0F8D-6FBA5BB0EDA8,1,DL_HOGSMEADE;DL_OVERLAND,DL_HM_EXT;DL_HOGSMEADE,LI_Hogsmeade_River,/Game/Environment/River/LI_Hogsmeade_River,/Game/Environment/River/LevelActors/RiverBanks_Large_Stones/LA_RiverBank_LargeStones_A06,6292.5,-78976.1,3913.0
Hogsmeade River,RiverBank_LargeStones_A111,LevelInstance,LV_Overland/Region/Hogwarts Valley/Hogsmeade_RiverBlockout/LI_Hogsmeade_River/Hogsmeade_RiverBlockout/RiverBank_LargeStones_A111,D645DAF8-416D-D614-0A0B-D297BFA7E866,1,DL_HOGSMEADE;DL_OVERLAND,DL_HM_EXT;DL_HOGSMEADE,LI_Hogsmeade_River,/Game/Environment/River/LI_Hogsmeade_River,/Game/Environment/River/LevelActors/RiverBanks_Large_Stones/LA_RiverBank_LargeStones_A06,5907.5,-78866.0,3871.5
Hogsmeade River,RiverBank_LargeStones_A112,LevelInstance,LV_Overland/Region/Hogwarts Valley/Hogsmeade_RiverBlockout/LI_Hogsmeade_River/Hogsmeade_RiverBlockout/RiverBank_LargeStones_A112,8BAD684F-46DB-9898-680B-4BAB420208F1,1,DL_HOGSMEADE;DL_OVERLAND,DL_HM_EXT;DL_HOGSMEADE,LI_Hogsmeade_River,/Game/Environment/River/LI_Hogsmeade_River,/Game/Environment/River/LevelActors/RiverBanks_Large_Stones/LA_RiverBank_LargeStones_A05,6379.7,-78766.8,3966.2
Hogsmeade River,RiverBank_LargeStones_A115,LevelInstance,LV_Overland/Region/Hogwarts Valley/Hogsmeade_RiverBlockout/LI_Hogsmeade_River/Hogsmeade_RiverBlockout/RiverBank_LargeStones_A115,26113F1B-43FD-6F77-5879-ED9BA6448E4E,1,DL_HOGSMEADE;DL_OVERLAND,DL_HM_EXT;DL_HOGSMEADE,LI_Hogsmeade_River,/Game/Environment/River/LI_Hogsmeade_River,/Game/Environment/River/LevelActors/RiverBanks_Large_Stones/LA_RiverBank_LargeStones_A05,5927.0,-80771.9,4009.1
Hogsmeade River,RiverBank_LargeStones_A116,LevelInstance,LV_Overland/Region/Hogwarts Valley/Hogsmeade_RiverBlockout/LI_Hogsmeade_River/Hogsmeade_RiverBlockout/RiverBank_LargeStones_A116,F8C84952-453A-CE5A-DE30-E0BD7011572D,1,DL_HOGSMEADE;DL_OVERLAND,DL_HM_EXT;DL_HOGSMEADE,LI_Hogsmeade_River,/Game/Environment/River/LI_Hogsmeade_River,/Game/Environment/River/LevelActors/RiverBanks_Large_Stones/LA_RiverBank_LargeStones_A06,5351.2,-80725.9,3923.0
Hogsmeade River,RiverBank_LargeStones_A118,LevelInstance,LV_Overland/Region/Hogwarts Valley/Hogsmeade_RiverBlockout/LI_Hogsmeade_River/Hogsmeade_RiverBlockout/RiverBank_LargeStones_A118,098BFD08-4BA4-704D-E690-83837ECAE3EC,1,DL_HOGSMEADE;DL_OVERLAND,DL_HM_EXT;DL_HOGSMEADE,LI_Hogsmeade_River,/Game/Environment/River/LI_Hogsmeade_River,/Game/Environment/River/LevelActors/RiverBanks_Large_Stones/LA_RiverBank_LargeStones_A06,4677.6,-79351.7,3814.5
Hogsmeade River,RiverBank_LargeStones_A119,LevelInstance,LV_Overland/Region/Hogwarts Valley/Hogsmeade_RiverBlockout/LI_Hogsmeade_River/Hogsmeade_RiverBlockout/RiverBank_LargeStones_A119,BFF4FD2B-401A-6F38-237C-31B5612B3228,1,DL_HOGSMEADE;DL_OVERLAND,DL_HM_EXT;DL_HOGSMEADE,LI_Hogsmeade_River,/Game/Environment/River/LI_Hogsmeade_River,/Game/Environment/River/LevelActors/RiverBanks_Large_Stones/LA_RiverBank_LargeStones_A06,5000.5,-79549.3,3833.0
Hogsmeade River,RiverBank_LargeStones_A12,LevelInstance,LV_Overland/Region/Hogwarts Valley/Hogsmeade_RiverBlockout/LI_Hogsmeade_River/Hogsmeade_RiverBlockout/RiverBank_LargeStones_A12,C567E9A4-4413-D51F-6A44-309A250C0A04,1,DL_HOGSMEADE;DL_OVERLAND,DL_HM_EXT;DL_HOGSMEADE,LI_Hogsmeade_River,/Game/Environment/River/LI_Hogsmeade_River,/Game/Environment/River/LevelActors/RiverBanks_Large_Stones/LA_RiverBank_LargeStones_A06,5832.6,-78233.8,3898.7
Hogsmeade River,RiverBank_LargeStones_A123,LevelInstance,LV_Overland/Region/Hogwarts Valley/Hogsmeade_RiverBlockout/LI_Hogsmeade_River/Hogsmeade_RiverBlockout/RiverBank_LargeStones_A123,842E464E-4E1F-6ED4-0B86-62A3DD9172E6,1,DL_HOGSMEADE;DL_OVERLAND,DL_HM_EXT;DL_HOGSMEADE,LI_Hogsmeade_River,/Game/Environment/River/LI_Hogsmeade_River,/Game/Environment/River/LevelActors/RiverBanks_Large_Stones/LA_RiverBank_LargeStones_A06,6710.5,-74792.1,3984.6
Hogsmeade River,RiverBank_LargeStones_A126,LevelInstance,LV_Overland/Region/Hogwarts Valley/Hogsmeade_RiverBlockout/LI_Hogsmeade_River/Hogsmeade_RiverBlockout/RiverBank_LargeStones_A126,F550A390-463A-B94C-3274-5CA1D6DD65CA,1,DL_HOGSMEADE;DL_OVERLAND,DL_HM_EXT;DL_HOGSMEADE,LI_Hogsmeade_River,/Game/Environment/River/LI_Hogsmeade_River,/Game/Environment/River/LevelActors/RiverBanks_Large_Stones/LA_RiverBank_LargeStones_A05,5820.2,-76095.9,3928.6
Hogsmeade River,RiverBank_LargeStones_A128,LevelInstance,LV_Overland/Region/Hogwarts Valley/Hogsmeade_RiverBlockout/LI_Hogsmeade_River/Hogsmeade_RiverBlockout/RiverBank_LargeStones_A128,9940FFA9-4E12-E594-9261-EEBAED732A83,1,DL_HOGSMEADE;DL_OVERLAND,DL_HM_EXT;DL_HOGSMEADE,LI_Hogsmeade_River,/Game/Environment/River/LI_Hogsmeade_River,/Game/Environment/River/LevelActors/RiverBanks_Large_Stones/LA_RiverBank_LargeStones_A06,5872.0,-76219.4,3956.6
Hogsmeade River,RiverBank_LargeStones_A129,LevelInstance,LV_Overland/Region/Hogwarts Valley/Hogsmeade_RiverBlockout/LI_Hogsmeade_River/Hogsmeade_RiverBlockout/RiverBank_LargeStones_A129,071D2F0C-4E06-FCDF-760D-7BA33CE89D3C,1,DL_HOGSMEADE;DL_OVERLAND,DL_HM_EXT;DL_HOGSMEADE,LI_Hogsmeade_River,/Game/Environment/River/LI_Hogsmeade_River,/Game/Environment/River/LevelActors/RiverBanks_Large_Stones/LA_RiverBank_LargeStones_A04,5699.7,-77010.6,3981.5
Hogsmeade River,RiverBank_LargeStones_A13,LevelInstance,LV_Overland/Region/Hogwarts Valley/Hogsmeade_RiverBlockout/LI_Hogsmeade_River/Hogsmeade_RiverBlockout/RiverBank_LargeStones_A13,3BC692B0-4B99-581D-A6F6-3BBE14713717,1,DL_HOGSMEADE;DL_OVERLAND,DL_HM_EXT;DL_HOGSMEADE,LI_Hogsmeade_River,/Game/Environment/River/LI_Hogsmeade_River,/Game/Environment/River/LevelActors/RiverBanks_Large_Stones/LA_RiverBank_LargeStones_A06,5127.3,-80887.4,3856.2
Hogsmeade River,RiverBank_LargeStones_A130,LevelInstance,LV_Overland/Region/Hogwarts Valley/Hogsmeade_RiverBlockout/LI_Hogsmeade_River/Hogsmeade_RiverBlockout/RiverBank_LargeStones_A130,CF0E035A-47D2-3CC5-4AA8-CEA246405B85,1,DL_HOGSMEADE;DL_OVERLAND,DL_HM_EXT;DL_HOGSMEADE,LI_Hogsmeade_River,/Game/Environment/River/LI_Hogsmeade_River,/Game/Environment/River/LevelActors/RiverBanks_Large_Stones/LA_RiverBank_LargeStones_A04,6252.4,-77436.2,4061.9
Hogsmeade River,RiverBank_LargeStones_A131,LevelInstance,LV_Overland/Region/Hogwarts Valley/Hogsmeade_RiverBlockout/LI_Hogsmeade_River/Hogsmeade_RiverBlockout/RiverBank_LargeStones_A131,A3AE3A68-42E1-CCA6-5220-B39C2BF6097C,1,DL_HOGSMEADE;DL_OVERLAND,DL_HM_EXT;DL_HOGSMEADE,LI_Hogsmeade_River,/Game/Environment/River/LI_Hogsmeade_River,/Game/Environment/River/LevelActors/RiverBanks_Large_Stones/Blockout/LA_River_LargeStones_A07,7982.6,-74458.2,3921.6
Hogsmeade River,RiverBank_LargeStones_A133,LevelInstance,LV_Overland/Region/Hogwarts Valley/Hogsmeade_RiverBlockout/LI_Hogsmeade_River/Hogsmeade_RiverBlockout/RiverBank_LargeStones_A133,488641D8-41EB-3762-F759-A88842AD410D,1,DL_HOGSMEADE;DL_OVERLAND,DL_HM_EXT;DL_HOGSMEADE,LI_Hogsmeade_River,/Game/Environment/River/LI_Hogsmeade_River,/Game/Environment/River/LevelActors/RiverBanks_Large_Stones/Blockout/LA_River_LargeStones_A07,8210.8,-75368.1,3934.8
Hogsmeade River,RiverBank_LargeStones_A134,LevelInstance,LV_Overland/Region/Hogwarts Valley/Hogsmeade_RiverBlockout/LI_Hogsmeade_River/Hogsmeade_RiverBlockout/RiverBank_LargeStones_A134,1A496DD0-43E1-2587-228E-5689873F84A7,1,DL_HOGSMEADE;DL_OVERLAND,DL_HM_EXT;DL_HOGSMEADE,LI_Hogsmeade_River,/Game/Environment/River/LI_Hogsmeade_River,/Game/Environment/River/LevelActors/RiverBanks_Large_Stones/Blockout/LA_River_LargeStones_A07,7212.5,-75472.3,3943.4
Hogsmeade River,RiverBank_LargeStones_A135,LevelInstance,LV_Overland/Region/Hogwarts Valley/Hogsmeade_RiverBlockout/LI_Hogsmeade_River/Hogsmeade_RiverBlockout/RiverBank_LargeStones_A135,774AA829-4B35-CB8E-27E9-B294FBB8854A,1,DL_HOGSMEADE;DL_OVERLAND,DL_HM_EXT;DL_HOGSMEADE,LI_Hogsmeade_River,/Game/Environment/River/LI_Hogsmeade_River,/Game/Environment/River/LevelActors/RiverBanks_Large_Stones/LA_RiverBank_LargeStones_A04,6990.5,-76030.7,3945.3
Hogsmeade River,RiverBank_LargeStones_A137,LevelInstance,LV_Overland/Region/Hogwarts Valley/Hogsmeade_RiverBlockout/LI_Hogsmeade_River/Hogsmeade_RiverBlockout/RiverBank_LargeStones_A137,AFB2A153-4F56-C98F-AE7E-DBA1C4427046,1,DL_HOGSMEADE;DL_OVERLAND,DL_HM_EXT;DL_HOGSMEADE,LI_Hogsmeade_River,/Game/Environment/River/LI_Hogsmeade_River,/Game/Environment/River/LevelActors/RiverBanks_Large_Stones/LA_RiverBank_LargeStones_A06,7750.2,-74210.7,4017.4
Hogsmeade River,RiverBank_LargeStones_A142,LevelInstance,LV_Overland/Region/Hogwarts Valley/Hogsmeade_RiverBlockout/LI_Hogsmeade_River/Hogsmeade_RiverBlockout/RiverBank_LargeStones_A142,3AC918F8-46DF-4214-C0D4-90AB18983F81,1,DL_HOGSMEADE;DL_OVERLAND,DL_HM_EXT;DL_HOGSMEADE,LI_Hogsmeade_River,/Game/Environment/River/LI_Hogsmeade_River,/Game/Environment/River/LevelActors/RiverBanks_Large_Stones/LA_RiverBank_LargeStones_A06,6658.0,-74288.4,4040.4
Hogsmeade River,RiverBank_LargeStones_A143,LevelInstance,LV_Overland/Region/Hogwarts Valley/Hogsmeade_RiverBlockout/LI_Hogsmeade_River/Hogsmeade_RiverBlockout/RiverBank_LargeStones_A143,BFDCB5BB-40FB-2763-6236-5C907AE52025,1,DL_HOGSMEADE;DL_OVERLAND,DL_HM_EXT;DL_HOGSMEADE,LI_Hogsmeade_River,/Game/Environment/River/LI_Hogsmeade_River,/Game/Environment/River/LevelActors/RiverBanks_Large_Stones/Blockout/LA_River_LargeStones_A07,8554.2,-84870.5,4711.9
Hogsmeade River,RiverBank_LargeStones_A144,LevelInstance,LV_Overland/Region/Hogwarts Valley/Hogsmeade_RiverBlockout/LI_Hogsmeade_River/Hogsmeade_RiverBlockout/RiverBank_LargeStones_A144,56B0219D-479C-5EAF-3343-728AFDE0166F,1,DL_HOGSMEADE;DL_OVERLAND,DL_HM_EXT;DL_HOGSMEADE,LI_Hogsmeade_River,/Game/Environment/River/LI_Hogsmeade_River,/Game/Environment/River/LevelActors/RiverBanks_Large_Stones/Blockout/LA_River_LargeStones_A07,8928.1,-84341.0,4711.7
Hogsmeade River,RiverBank_LargeStones_A145,LevelInstance,LV_Overland/Region/Hogwarts Valley/Hogsmeade_RiverBlockout/LI_Hogsmeade_River/Hogsmeade_RiverBlockout/RiverBank_LargeStones_A145,C9C62F61-4BC3-640C-2F05-298DF308CEC3,1,DL_HOGSMEADE;DL_OVERLAND,DL_HM_EXT;DL_HOGSMEADE,LI_Hogsmeade_River,/Game/Environment/River/LI_Hogsmeade_River,/Game/Environment/River/LevelActors/RiverBanks_Large_Stones/LA_RiverBank_LargeStones_A06,7953.1,-84790.8,4706.0
Hogsmeade River,RiverBank_LargeStones_A146,LevelInstance,LV_Overland/Region/Hogwarts Valley/Hogsmeade_RiverBlockout/LI_Hogsmeade_River/Hogsmeade_RiverBlockout/RiverBank_LargeStones_A146,49F19A97-4031-A57C-79F5-7C8BF43598C3,1,DL_HOGSMEADE;DL_OVERLAND,DL_HM_EXT;DL_HOGSMEADE,LI_Hogsmeade_River,/Game/Environment/River/LI_Hogsmeade_River,/Game/Environment/River/LevelActors/RiverBanks_Large_Stones/LA_RiverBank_LargeStones_A04,6358.8,-77265.4,4043.6
Hogsmeade River,RiverBank_LargeStones_A147,LevelInstance,LV_Overland/Region/Hogwarts Valley/Hogsmeade_RiverBlockout/LI_Hogsmeade_River/Hogsmeade_RiverBlockout/RiverBank_LargeStones_A147,6900EFF4-46F2-A3CE-5354-1CB332154902,1,DL_HOGSMEADE;DL_OVERLAND,DL_HM_EXT;DL_HOGSMEADE,LI_Hogsmeade_River,/Game/Environment/River/LI_Hogsmeade_River,/Game/Environment/River/LevelActors/RiverBanks_Large_Stones/LA_RiverBank_LargeStones_A04,9124.1,-85216.8,4679.1
Hogsmeade River,RiverBank_LargeStones_A148,LevelInstance,LV_Overland/Region/Hogwarts Valley/Hogsmeade_RiverBlockout/LI_Hogsmeade_River/Hogsmeade_RiverBlockout/RiverBank_LargeStones_A148,166DE91A-4837-6CC1-64E0-F2A25BFF45FD,1,DL_HOGSMEADE;DL_OVERLAND,DL_HM_EXT;DL_HOGSMEADE,LI_Hogsmeade_River,/Game/Environment/River/LI_Hogsmeade_River,/Game/Environment/River/LevelActors/RiverBanks_Large_Stones/LA_RiverBank_LargeStones_A04,9079.9,-84654.4,4679.1
Hogsmeade River,RiverBank_LargeStones_A149,LevelInstance,LV_Overland/Region/Hogwarts Valley/Hogsmeade_RiverBlockout/LI_Hogsmeade_River/Hogsmeade_RiverBlockout/RiverBank_LargeStones_A149,EA66994B-4C91-1143-5CDD-3E87D0515BE8,1,DL_HOGSMEADE;DL_OVERLAND,DL_HM_EXT;DL_HOGSMEADE,LI_Hogsmeade_River,/Game/Environment/River/LI_Hogsmeade_River,/Game/Environment/River/LevelActors/RiverBanks_Large_Stones/LA_RiverBank_LargeStones_A06,7809.0,-84077.7,4464.4
Hogsmeade River,RiverBank_LargeStones_A15,LevelInstance,LV_Overland/Region/Hogwarts Valley/Hogsmeade_RiverBlockout/LI_Hogsmeade_River/Hogsmeade_RiverBlockout/RiverBank_LargeStones_A15,E3AFAC3E-40C7-C23C-4049-7796D3E47A1C,1,DL_HOGSMEADE;DL_OVERLAND,DL_HM_EXT;DL_HOGSMEADE,LI_Hogsmeade_River,/Game/Environment/River/LI_Hogsmeade_River,/Game/Environment/River/LevelActors/RiverBanks_Large_Stones/LA_RiverBank_LargeStones_A06,13975.3,-85971.9,5382.9
Hogsmeade River,RiverBank_LargeStones_A150,LevelInstance,LV_Overland/Region/Hogwarts Valley/Hogsmeade_RiverBlockout/LI_Hogsmeade_River/Hogsmeade_RiverBlockout/RiverBank_LargeStones_A150,751EE432-4AA2-AC82-EE93-0F96ADF1CCFA,1,DL_HOGSMEADE;DL_OVERLAND,DL_HM_EXT;DL_HOGSMEADE,LI_Hogsmeade_River,/Game/Environment/River/LI_Hogsmeade_River,/Game/Environment/River/LevelActors/RiverBanks_Large_Stones/LA_RiverBank_LargeStones_A06,8207.8,-83890.5,4573.0
Hogsmeade River,RiverBank_LargeStones_A151,LevelInstance,LV_Overland/Region/Hogwarts Valley/Hogsmeade_RiverBlockout/LI_Hogsmeade_River/Hogsmeade_RiverBlockout/RiverBank_LargeStones_A151,B478ECAB-43AA-79A1-030D-E0A53041E1BB,1,DL_HOGSMEADE;DL_OVERLAND,DL_HM_EXT;DL_HOGSMEADE,LI_Hogsmeade_River,/Game/Environment/River/LI_Hogsmeade_River,/Game/Environment/River/LevelActors/RiverBanks_Large_Stones/LA_RiverBank_LargeStones_A06,7282.2,-82553.5,4060.1
Hogsmeade River,RiverBank_LargeStones_A153,LevelInstance,LV_Overland/Region/Hogwarts Valley/Hogsmeade_RiverBlockout/LI_Hogsmeade_River/Hogsmeade_RiverBlockout/RiverBank_LargeStones_A153,550AA4D1-4DD1-5A29-6B44-6AAE6BB49FC6,1,DL_HOGSMEADE;DL_OVERLAND,DL_HM_EXT;DL_HOGSMEADE,LI_Hogsmeade_River,/Game/Environment/River/LI_Hogsmeade_River,/Game/Environment/River/LevelActors/RiverBanks_Large_Stones/LA_RiverBank_LargeStones_A06,9782.1,-86091.5,5011.1
Hogsmeade River,RiverBank_LargeStones_A154,LevelInstance,LV_Overland/Region/Hogwarts Valley/Hogsmeade_RiverBlockout/LI_Hogsmeade_River/Hogsmeade_RiverBlockout/RiverBank_LargeStones_A154,77E1D6E0-45CC-EE63-4000-299A80513E7D,1,DL_HOGSMEADE;DL_OVERLAND,DL_HM_EXT;DL_HOGSMEADE,LI_Hogsmeade_River,/Game/Environment/River/LI_Hogsmeade_River,/Game/Environment/River/LevelActors/RiverBanks_Large_Stones/LA_RiverBank_LargeStones_A04,6520.1,-77110.2,4049.1
Hogsmeade River,RiverBank_LargeStones_A155,LevelInstance,LV_Overland/Region/Hogwarts Valley/Hogsmeade_RiverBlockout/LI_Hogsmeade_River/Hogsmeade_RiverBlockout/RiverBank_LargeStones_A155,B6147632-4477-E3A0-5D7E-F3943FEEB683,1,DL_HOGSMEADE;DL_OVERLAND,DL_HM_EXT;DL_HOGSMEADE,LI_Hogsmeade_River,/Game/Environment/River/LI_Hogsmeade_River,/Game/Environment/River/LevelActors/RiverBanks_Large_Stones/Blockout/LA_River_LargeStones_A07,10441.1,-85708.2,5041.7
Hogsmeade River,RiverBank_LargeStones_A156,LevelInstance,LV_Overland/Region/Hogwarts Valley/Hogsmeade_RiverBlockout/LI_Hogsmeade_River/Hogsmeade_RiverBlockout/RiverBank_LargeStones_A156,34533EFB-4159-5C55-20BB-178FE8005591,1,DL_HOGSMEADE;DL_OVERLAND,DL_HM_EXT;DL_HOGSMEADE,LI_Hogsmeade_River,/Game/Environment/River/LI_Hogsmeade_River,/Game/Environment/River/LevelActors/RiverBanks_Large_Stones/Blockout/LA_River_LargeStones_A07,10120.2,-85393.7,5033.6
Hogsmeade River,RiverBank_LargeStones_A157,LevelInstance,LV_Overland/Region/Hogwarts Valley/Hogsmeade_RiverBlockout/LI_Hogsmeade_River/Hogsmeade_RiverBlockout/RiverBank_LargeStones_A157,A47BEAD8-41E4-5613-5CFC-62BD3CD935D6,1,DL_HOGSMEADE;DL_OVERLAND,DL_HM_EXT;DL_HOGSMEADE,LI_Hogsmeade_River,/Game/Environment/River/LI_Hogsmeade_River,/Game/Environment/River/LevelActors/RiverBanks_Large_Stones/LA_RiverBank_LargeStones_A06,10325.2,-86069.6,5039.3
Hogsmeade River,RiverBank_LargeStones_A158,LevelInstance,LV_Overland/Region/Hogwarts Valley/Hogsmeade_RiverBlockout/LI_Hogsmeade_River/Hogsmeade_RiverBlockout/RiverBank_LargeStones_A158,523890C0-46E5-BA69-D471-6195FBCC5341,1,DL_HOGSMEADE;DL_OVERLAND,DL_HM_EXT;DL_HOGSMEADE,LI_Hogsmeade_River,/Game/Environment/River/LI_Hogsmeade_River,/Game/Environment/River/LevelActors/RiverBanks_Large_Stones/LA_RiverBank_LargeStones_A06,10302.0,-85428.4,5033.1
Hogsmeade River,RiverBank_LargeStones_A159,LevelInstance,LV_Overland/Region/Hogwarts Valley/Hogsmeade_RiverBlockout/LI_Hogsmeade_River/Hogsmeade_RiverBlockout/RiverBank_LargeStones_A159,EC67F38B-4B1C-1B3E-9854-A6A762DF95ED,1,DL_HOGSMEADE;DL_OVERLAND,DL_HM_EXT;DL_HOGSMEADE,LI_Hogsmeade_River,/Game/Environment/River/LI_Hogsmeade_River,/Game/Environment/River/LevelActors/RiverBanks_Large_Stones/LA_RiverBank_LargeStones_A04,7158.4,-75765.4,3938.4
Hogsmeade River,RiverBank_LargeStones_A160,LevelInstance,LV_Overland/Region/Hogwarts Valley/Hogsmeade_RiverBlockout/LI_Hogsmeade_River/Hogsmeade_RiverBlockout/RiverBank_LargeStones_A160,96E9FA87-479B-CA02-4FB3-AD8ECB8B003C,1,DL_HOGSMEADE;DL_OVERLAND,DL_HM_EXT;DL_HOGSMEADE,LI_Hogsmeade_River,/Game/Environment/River/LI_Hogsmeade_River,/Game/Environment/River/LevelActors/RiverBanks_Large_Stones/LA_RiverBank_LargeStones_A04,9644.7,-86124.2,5145.8
Hogsmeade River,RiverBank_LargeStones_A162,LevelInstance,LV_Overland/Region/Hogwarts Valley/Hogsmeade_RiverBlockout/LI_Hogsmeade_River/Hogsmeade_RiverBlockout/RiverBank_LargeStones_A162,A0975262-4911-04E6-658D-61BB48AC4B89,1,DL_HOGSMEADE;DL_OVERLAND,DL_HM_EXT;DL_HOGSMEADE,LI_Hogsmeade_River,/Game/Environment/River/LI_Hogsmeade_River,/Game/Environment/River/LevelActors/RiverBanks_Large_Stones/LA_RiverBank_LargeStones_A05,10548.8,-86764.7,5242.3
Hogsmeade River,RiverBank_LargeStones_A164,LevelInstance,LV_Overland/Region/Hogwarts Valley/Hogsmeade_RiverBlockout/LI_Hogsmeade_River/Hogsmeade_RiverBlockout/RiverBank_LargeStones_A164,DE647B7E-4E3F-9901-8281-E386FCBEEE94,1,DL_HOGSMEADE;DL_OVERLAND,DL_HM_EXT;DL_HOGSMEADE,LI_Hogsmeade_River,/Game/Environment/River/LI_Hogsmeade_River,/Game/Environment/River/LevelActors/RiverBanks_Large_Stones/LA_RiverBank_LargeStones_A04,4808.4,-80357.9,3843.2
Hogsmeade River,RiverBank_LargeStones_A165,LevelInstance,LV_Overland/Region/Hogwarts Valley/Hogsmeade_RiverBlockout/LI_Hogsmeade_River/Hogsmeade_RiverBlockout/RiverBank_LargeStones_A165,4F747164-40A1-96B4-86AC-53AEBE47604D,1,DL_HOGSMEADE;DL_OVERLAND,DL_HM_EXT;DL_HOGSMEADE,LI_Hogsmeade_River,/Game/Environment/River/LI_Hogsmeade_River,/Game/Environment/River/LevelActors/RiverBanks_Large_Stones/LA_RiverBank_LargeStones_A04,5629.1,-79751.5,3993.0
Hogsmeade River,RiverBank_LargeStones_A166,LevelInstance,LV_Overland/Region/Hogwarts Valley/Hogsmeade_RiverBlockout/LI_Hogsmeade_River/Hogsmeade_RiverBlockout/RiverBank_LargeStones_A166,9A142695-430E-F18A-FC68-8B86068DB2B9,1,DL_HOGSMEADE;DL_OVERLAND,DL_HM_EXT;DL_HOGSMEADE,LI_Hogsmeade_River,/Game/Environment/River/LI_Hogsmeade_River,/Game/Environment/River/LevelActors/RiverBanks_Large_Stones/LA_RiverBank_LargeStones_A05,6304.0,-79971.6,4155.8
Hogsmeade River,RiverBank_LargeStones_A17,LevelInstance,LV_Overland/Region/Hogwarts Valley/Hogsmeade_RiverBlockout/LI_Hogsmeade_River/Hogsmeade_RiverBlockout/RiverBank_LargeStones_A17,25749460-45BF-0774-A328-61B74F96B84A,1,DL_HOGSMEADE;DL_OVERLAND,DL_HM_EXT;DL_HOGSMEADE,LI_Hogsmeade_River,/Game/Environment/River/LI_Hogsmeade_River,/Game/Environment/River/LevelActors/RiverBanks_Large_Stones/LA_RiverBank_LargeStones_A05,21599.6,-89809.4,5723.1
Hogsmeade River,RiverBank_LargeStones_A172,LevelInstance,LV_Overland/Region/Hogwarts Valley/Hogsmeade_RiverBlockout/LI_Hogsmeade_River/Hogsmeade_RiverBlockout/RiverBank_LargeStones_A172,13806B67-4D23-ACF7-13EA-6EAD7344FAA0,1,DL_HOGSMEADE;DL_OVERLAND,DL_HM_EXT;DL_HOGSMEADE,LI_Hogsmeade_River,/Game/Environment/River/LI_Hogsmeade_River,/Game/Environment/River/LevelActors/RiverBanks_Large_Stones/LA_RiverBank_LargeStones_A05,5155.5,-79343.9,3885.2
Hogsmeade River,RiverBank_LargeStones_A173,LevelInstance,LV_Overland/Region/Hogwarts Valley/Hogsmeade_RiverBlockout/LI_Hogsmeade_River/Hogsmeade_RiverBlockout/RiverBank_LargeStones_A173,B013A839-450C-FE02-B67A-08BADAA6F188,1,DL_HOGSMEADE;DL_OVERLAND,DL_HM_EXT;DL_HOGSMEADE,LI_Hogsmeade_River,/Game/Environment/River/LI_Hogsmeade_River,/Game/Environment/River/LevelActors/RiverBanks_Large_Stones/Blockout/LA_River_LargeStones_A07,6914.5,-76211.6,3939.2
Hogsmeade River,RiverBank_LargeStones_A174,LevelInstance,LV_Overland/Region/Hogwarts Valley/Hogsmeade_RiverBlockout/LI_Hogsmeade_River/Hogsmeade_RiverBlockout/RiverBank_LargeStones_A174,86E2EDF0-476D-FA7A-BBE6-D3A8119297C6,1,DL_HOGSMEADE;DL_OVERLAND,DL_HM_EXT;DL_HOGSMEADE,LI_Hogsmeade_River,/Game/Environment/River/LI_Hogsmeade_River,/Game/Environment/River/LevelActors/RiverBanks_Large_Stones/Blockout/LA_River_LargeStones_A07,6713.3,-76600.6,3965.0
Hogsmeade River,RiverBank_LargeStones_A175,LevelInstance,LV_Overland/Region/Hogwarts Valley/Hogsmeade_RiverBlockout/LI_Hogsmeade_River/Hogsmeade_RiverBlockout/RiverBank_LargeStones_A175,504270E6-4636-C670-BBD9-5FB64E91A9DE,1,DL_HOGSMEADE;DL_OVERLAND,DL_HM_EXT;DL_HOGSMEADE,LI_Hogsmeade_River,/Game/Environment/River/LI_Hogsmeade_River,/Game/Environment/River/LevelActors/RiverBanks_Large_Stones/LA_RiverBank_LargeStones_A05,6921.8,-76370.3,3964.2
Hogsmeade River,RiverBank_LargeStones_A176,LevelInstance,LV_Overland/Region/Hogwarts Valley/Hogsmeade_RiverBlockout/LI_Hogsmeade_River/Hogsmeade_RiverBlockout/RiverBank_LargeStones_A176,D0AD807E-4484-69DA-A08D-38B638F644A7,1,DL_HOGSMEADE;DL_OVERLAND,DL_HM_EXT;DL_HOGSMEADE,LI_Hogsmeade_River,/Game/Environment/River/LI_Hogsmeade_River,/Game/Environment/River/LevelActors/RiverBanks_Large_Stones/LA_RiverBank_LargeStones_A04,7463.1,-75520.2,3983.9
Hogsmeade River,RiverBank_LargeStones_A177,LevelInstance,LV_Overland/Region/Hogwarts Valley/Hogsmeade_RiverBlockout/LI_Hogsmeade_River/Hogsmeade_RiverBlockout/RiverBank_LargeStones_A177,92310C26-4D55-0189-87DE-3780C326322D,1,DL_HOGSMEADE;DL_OVERLAND,DL_HM_EXT;DL_HOGSMEADE,LI_Hogsmeade_River,/Game/Environment/River/LI_Hogsmeade_River,/Game/Environment/River/LevelActors/RiverBanks_Large_Stones/LA_RiverBank_LargeStones_A04,8728.8,-74296.2,3937.8
Hogsmeade River,RiverBank_LargeStones_A178,LevelInstance,LV_Overland/Region/Hogwarts Valley/Hogsmeade_RiverBlockout/LI_Hogsmeade_River/Hogsmeade_RiverBlockout/RiverBank_LargeStones_A178,8DC41535-41CF-EB64-6118-D481E5603C3D,1,DL_HOGSMEADE;DL_OVERLAND,DL_HM_EXT;DL_HOGSMEADE,LI_Hogsmeade_River,/Game/Environment/River/LI_Hogsmeade_River,/Game/Environment/River/LevelActors/RiverBanks_Large_Stones/LA_RiverBank_LargeStones_A04,8630.3,-74523.5,3938.4
Hogsmeade River,RiverBank_LargeStones_A179,LevelInstance,LV_Overland/Region/Hogwarts Valley/Hogsmeade_RiverBlockout/LI_Hogsmeade_River/Hogsmeade_RiverBlockout/RiverBank_LargeStones_A179,CDB9BDAF-4B48-C768-C3AE-33BAA6C90695,1,DL_HOGSMEADE;DL_OVERLAND,DL_HM_EXT;DL_HOGSMEADE,LI_Hogsmeade_River,/Game/Environment/River/LI_Hogsmeade_River,/Game/Environment/River/LevelActors/RiverBanks_Large_Stones/LA_RiverBank_LargeStones_A04,6706.3,-76786.2,3982.8
Hogsmeade River,RiverBank_LargeStones_A18,LevelInstance,LV_Overland/Region/Hogwarts Valley/Hogsmeade_RiverBlockout/LI_Hogsmeade_River/Hogsmeade_RiverBlockout/RiverBank_LargeStones_A18,3B949A9F-418A-0FC1-625C-ABB1E15FEF7C,1,DL_HOGSMEADE;DL_OVERLAND,DL_HM_EXT;DL_HOGSMEADE,LI_Hogsmeade_River,/Game/Environment/River/LI_Hogsmeade_River,/Game/Environment/River/LevelActors/RiverBanks_Large_Stones/LA_RiverBank_LargeStones_A06,22032.6,-89925.2,5777.0
Hogsmeade River,RiverBank_LargeStones_A180,LevelInstance,LV_Overland/Region/Hogwarts Valley/Hogsmeade_RiverBlockout/LI_Hogsmeade_River/Hogsmeade_RiverBlockout/RiverBank_LargeStones_A180,AC68183C-407D-D99F-9E0C-75866B9B4B60,1,DL_HOGSMEADE;DL_OVERLAND,DL_HM_EXT;DL_HOGSMEADE,LI_Hogsmeade_River,/Game/Environment/River/LI_Hogsmeade_River,/Game/Environment/River/LevelActors/RiverBanks_Large_Stones/Blockout/LA_River_LargeStones_A07,8894.3,-73302.0,3609.4
Hogsmeade River,RiverBank_LargeStones_A181,LevelInstance,LV_Overland/Region/Hogwarts Valley/Hogsmeade_RiverBlockout/LI_Hogsmeade_River/Hogsmeade_RiverBlockout/RiverBank_LargeStones_A181,460A7D06-4B15-3EA7-D488-689B52CBB657,1,DL_HOGSMEADE;DL_OVERLAND,DL_HM_EXT;DL_HOGSMEADE,LI_Hogsmeade_River,/Game/Environment/River/LI_Hogsmeade_River,/Game/Environment/River/LevelActors/RiverBanks_Large_Stones/Blockout/LA_River_LargeStones_A07,8348.8,-73358.1,3554.8
Hogsmeade River,RiverBank_LargeStones_A182,LevelInstance,LV_Overland/Region/Hogwarts Valley/Hogsmeade_RiverBlockout/LI_Hogsmeade_River/Hogsmeade_RiverBlockout/RiverBank_LargeStones_A182,1AC24BE3-4608-9BC9-F58E-E29F7C63A2DB,1,DL_HOGSMEADE;DL_OVERLAND,DL_HM_EXT;DL_HOGSMEADE,LI_Hogsmeade_River,/Game/Environment/River/LI_Hogsmeade_River,/Game/Environment/River/LevelActors/RiverBanks_Large_Stones/Blockout/LA_River_LargeStones_A07,8282.1,-73007.6,3540.9
Hogsmeade River,RiverBank_LargeStones_A183,LevelInstance,LV_Overland/Region/Hogwarts Valley/Hogsmeade_RiverBlockout/LI_Hogsmeade_River/Hogsmeade_RiverBlockout/RiverBank_LargeStones_A183,16A63C39-4D0F-3D5A-FC73-5A89E601603C,1,DL_HOGSMEADE;DL_OVERLAND,DL_HM_EXT;DL_HOGSMEADE,LI_Hogsmeade_River,/Game/Environment/River/LI_Hogsmeade_River,/Game/Environment/River/LevelActors/RiverBanks_Large_Stones/LA_RiverBank_LargeStones_A05,8113.3,-73536.9,3699.4
Hogsmeade River,RiverBank_LargeStones_A184,LevelInstance,LV_Overland/Region/Hogwarts Valley/Hogsmeade_RiverBlockout/LI_Hogsmeade_River/Hogsmeade_RiverBlockout/RiverBank_LargeStones_A184,A392DE3B-4C6E-84E3-CE33-899CFAA0342E,1,DL_HOGSMEADE;DL_OVERLAND,DL_HM_EXT;DL_HOGSMEADE,LI_Hogsmeade_River,/Game/Environment/River/LI_Hogsmeade_River,/Game/Environment/River/LevelActors/RiverBanks_Large_Stones/LA_RiverBank_LargeStones_A06,8081.5,-73820.9,3777.3
Hogsmeade River,RiverBank_LargeStones_A185,LevelInstance,LV_Overland/Region/Hogwarts Valley/Hogsmeade_RiverBlockout/LI_Hogsmeade_River/Hogsmeade_RiverBlockout/RiverBank_LargeStones_A185,7A9BC972-4339-EF67-A70B-F282C4D5E771,1,DL_HOGSMEADE;DL_OVERLAND,DL_HM_EXT;DL_HOGSMEADE,LI_Hogsmeade_River,/Game/Environment/River/LI_Hogsmeade_River,/Game/Environment/River/LevelActors/RiverBanks_Large_Stones/LA_RiverBank_LargeStones_A04,8555.3,-74828.3,3945.3
Hogsmeade River,RiverBank_LargeStones_A186,LevelInstance,LV_Overland/Region/Hogwarts Valley/Hogsmeade_RiverBlockout/LI_Hogsmeade_River/Hogsmeade_RiverBlockout/RiverBank_LargeStones_A186,98E379B2-4E7A-8E01-8D40-81ACDE069006,1,DL_HOGSMEADE;DL_OVERLAND,DL_HM_EXT;DL_HOGSMEADE,LI_Hogsmeade_River,/Game/Environment/River/LI_Hogsmeade_River,/Game/Environment/River/LevelActors/RiverBanks_Large_Stones/LA_RiverBank_LargeStones_A04,8101.0,-75195.1,3926.9
Hogsmeade River,RiverBank_LargeStones_A187,LevelInstance,LV_Overland/Region/Hogwarts Valley/Hogsmeade_RiverBlockout/LI_Hogsmeade_River/Hogsmeade_RiverBlockout/RiverBank_LargeStones_A187,8DA445C5-4040-5DCB-5B9D-688CE4F95B67,1,DL_HOGSMEADE;DL_OVERLAND,DL_HM_EXT;DL_HOGSMEADE,LI_Hogsmeade_River,/Game/Environment/River/LI_Hogsmeade_River,/Game/Environment/River/LevelActors/RiverBanks_Large_Stones/LA_RiverBank_LargeStones_A04,7056.0,-75000.3,3970.0
Hogsmeade River,RiverBank_LargeStones_A188,LevelInstance,LV_Overland/Region/Hogwarts Valley/Hogsmeade_RiverBlockout/LI_Hogsmeade_River/Hogsmeade_RiverBlockout/RiverBank_LargeStones_A188,E2B3CFF3-4EBC-81D2-E618-D68902F3AF6D,1,DL_HOGSMEADE;DL_OVERLAND,DL_HM_EXT;DL_HOGSMEADE,LI_Hogsmeade_River,/Game/Environment/River/LI_Hogsmeade_River,/Game/Environment/River/LevelActors/RiverBanks_Large_Stones/LA_RiverBank_LargeStones_A04,7183.5,-74664.8,3988.6
Hogsmeade River,RiverBank_LargeStones_A19,LevelInstance,LV_Overland/Region/Hogwarts Valley/Hogsmeade_RiverBlockout/LI_Hogsmeade_River/Hogsmeade_RiverBlockout/RiverBank_LargeStones_A19,A2C53BC4-4BF7-E1F6-FA4D-788CEB42E47A,1,DL_HOGSMEADE;DL_OVERLAND,DL_HM_EXT;DL_HOGSMEADE,LI_Hogsmeade_River,/Game/Environment/River/LI_Hogsmeade_River,/Game/Environment/River/LevelActors/RiverBanks_Large_Stones/LA_RiverBank_LargeStones_A05,21843.0,-89339.8,5651.6
Hogsmeade River,RiverBank_LargeStones_A192,LevelInstance,LV_Overland/Region/Hogwarts Valley/Hogsmeade_RiverBlockout/LI_Hogsmeade_River/Hogsmeade_RiverBlockout/RiverBank_LargeStones_A192,12B972D7-4CC9-996A-071A-3F86B6CB4026,1,DL_HOGSMEADE;DL_OVERLAND,DL_HM_EXT;DL_HOGSMEADE,LI_Hogsmeade_River,/Game/Environment/River/LI_Hogsmeade_River,/Game/Environment/River/LevelActors/RiverBanks_Large_Stones/LA_RiverBank_LargeStones_A06,9571.6,-72651.5,3465.2
Hogsmeade River,RiverBank_LargeStones_A193,LevelInstance,LV_Overland/Region/Hogwarts Valley/Hogsmeade_RiverBlockout/LI_Hogsmeade_River/Hogsmeade_RiverBlockout/RiverBank_LargeStones_A193,4637505D-41BA-549B-5BC3-90AEBC7CBED7,1,DL_HOGSMEADE;DL_OVERLAND,DL_HM_EXT;DL_HOGSMEADE,LI_Hogsmeade_River,/Game/Environment/River/LI_Hogsmeade_River,/Game/Environment/River/LevelActors/RiverBanks_Large_Stones/LA_RiverBank_LargeStones_A06,8445.5,-72567.4,3509.4
Hogsmeade River,RiverBank_LargeStones_A194,LevelInstance,LV_Overland/Region/Hogwarts Valley/Hogsmeade_RiverBlockout/LI_Hogsmeade_River/Hogsmeade_RiverBlockout/RiverBank_LargeStones_A194,87433BFF-49D3-D712-0D83-91B588CF4D4E,1,DL_HOGSMEADE;DL_OVERLAND,DL_HM_EXT;DL_HOGSMEADE,LI_Hogsmeade_River,/Game/Environment/River/LI_Hogsmeade_River,/Game/Environment/River/LevelActors/RiverBanks_Large_Stones/LA_RiverBank_LargeStones_A06,8723.2,-72174.1,3496.5
Hogsmeade River,RiverBank_LargeStones_A195,LevelInstance,LV_Overland/Region/Hogwarts Valley/Hogsmeade_RiverBlockout/LI_Hogsmeade_River/Hogsmeade_RiverBlockout/RiverBank_LargeStones_A195,1D4A564A-411D-A01A-8B31-F787938C37DE,1,DL_HOGSMEADE;DL_OVERLAND,DL_HM_EXT;DL_HOGSMEADE,LI_Hogsmeade_River,/Game/Environment/River/LI_Hogsmeade_River,/Game/Environment/River/LevelActors/RiverBanks_Large_Stones/LA_RiverBank_LargeStones_A06,8915.1,-72127.9,3432.8
Hogsmeade River,RiverBank_LargeStones_A196,LevelInstance,LV_Overland/Region/Hogwarts Valley/Hogsmeade_RiverBlockout/LI_Hogsmeade_River/Hogsmeade_RiverBlockout/RiverBank_LargeStones_A196,9B33D59D-465D-80A3-8CFC-5B92939A8192,1,DL_HOGSMEADE;DL_OVERLAND,DL_HM_EXT;DL_HOGSMEADE,LI_Hogsmeade_River,/Game/Environment/River/LI_Hogsmeade_River,/Game/Environment/River/LevelActors/RiverBanks_Large_Stones/LA_RiverBank_LargeStones_A05,8407.7,-72373.8,3549.0
Hogsmeade River,RiverBank_LargeStones_A197,LevelInstance,LV_Overland/Region/Hogwarts Valley/Hogsmeade_RiverBlockout/LI_Hogsmeade_River/Hogsmeade_RiverBlockout/RiverBank_LargeStones_A197,0BA04A45-4968-7C03-3C17-0E8705E4B22A,1,DL_HOGSMEADE;DL_OVERLAND,DL_HM_EXT;DL_HOGSMEADE,LI_Hogsmeade_River,/Game/Environment/River/LI_Hogsmeade_River,/Game/Environment/River/LevelActors/RiverBanks_Large_Stones/LA_RiverBank_LargeStones_A04,8641.1,-72362.2,3534.7
Hogsmeade River,RiverBank_LargeStones_A198,LevelInstance,LV_Overland/Region/Hogwarts Valley/Hogsmeade_RiverBlockout/LI_Hogsmeade_River/Hogsmeade_RiverBlockout/RiverBank_LargeStones_A198,C4ED421D-4A7B-EBAD-BABD-EEAA754FD6A3,1,DL_HOGSMEADE;DL_OVERLAND,DL_HM_EXT;DL_HOGSMEADE,LI_Hogsmeade_River,/Game/Environment/River/LI_Hogsmeade_River,/Game/Environment/River/LevelActors/RiverBanks_Large_Stones/LA_RiverBank_LargeStones_A04,8556.8,-72541.1,3569.6
Hogsmeade River,RiverBank_LargeStones_A199,LevelInstance,LV_Overland/Region/Hogwarts Valley/Hogsmeade_RiverBlockout/LI_Hogsmeade_River/Hogsmeade_RiverBlockout/RiverBank_LargeStones_A199,DD3A647D-457C-4F65-AE63-3B9C40690DFB,1,DL_HOGSMEADE;DL_OVERLAND,DL_HM_EXT;DL_HOGSMEADE,LI_Hogsmeade_River,/Game/Environment/River/LI_Hogsmeade_River,/Game/Environment/River/LevelActors/RiverBanks_Large_Stones/LA_RiverBank_LargeStones_A04_noplants,8811.5,-72445.2,3451.1
Hogsmeade River,RiverBank_LargeStones_A200,LevelInstance,LV_Overland/Region/Hogwarts Valley/Hogsmeade_RiverBlockout/LI_Hogsmeade_River/Hogsmeade_RiverBlockout/RiverBank_LargeStones_A200,7687F22E-49ED-D946-9C40-E9B4BBED8F2C,1,DL_HOGSMEADE;DL_OVERLAND,DL_HM_EXT;DL_HOGSMEADE,LI_Hogsmeade_River,/Game/Environment/River/LI_Hogsmeade_River,/Game/Environment/River/LevelActors/RiverBanks_Large_Stones/Blockout/LA_River_LargeStones_A07,11545.4,-86400.7,5287.3
Hogsmeade River,RiverBank_LargeStones_A201,LevelInstance,LV_Overland/Region/Hogwarts Valley/Hogsmeade_RiverBlockout/LI_Hogsmeade_River/Hogsmeade_RiverBlockout/RiverBank_LargeStones_A201,58B0A79D-45F9-F6A1-4B13-CAA145BB9753,1,DL_HOGSMEADE;DL_OVERLAND,DL_HM_EXT;DL_HOGSMEADE,LI_Hogsmeade_River,/Game/Environment/River/LI_Hogsmeade_River,/Game/Environment/River/LevelActors/RiverBanks_Large_Stones/LA_RiverBank_LargeStones_A04,11259.5,-86554.9,5279.1
Hogsmeade River,RiverBank_LargeStones_A202,LevelInstance,LV_Overland/Region/Hogwarts Valley/Hogsmeade_RiverBlockout/LI_Hogsmeade_River/Hogsmeade_RiverBlockout/RiverBank_LargeStones_A202,756492DC-4715-3E9A-18BB-D4B16B07D081,1,DL_HOGSMEADE;DL_OVERLAND,DL_HM_EXT;DL_HOGSMEADE,LI_Hogsmeade_River,/Game/Environment/River/LI_Hogsmeade_River,/Game/Environment/River/LevelActors/RiverBanks_Large_Stones/LA_RiverBank_LargeStones_A05,12060.9,-86412.7,5308.9
Hogsmeade River,RiverBank_LargeStones_A203,LevelInstance,LV_Overland/Region/Hogwarts Valley/Hogsmeade_RiverBlockout/LI_Hogsmeade_River/Hogsmeade_RiverBlockout/RiverBank_LargeStones_A203,B01C6328-4770-8418-6B83-94AC2F5B1791,1,DL_HOGSMEADE;DL_OVERLAND,DL_HM_EXT;DL_HOGSMEADE,LI_Hogsmeade_River,/Game/Environment/River/LI_Hogsmeade_River,/Game/Environment/River/LevelActors/RiverBanks_Large_Stones/Blockout/LA_River_LargeStones_A07,12268.3,-86234.7,5292.2
Hogsmeade River,RiverBank_LargeStones_A204,LevelInstance,LV_Overland/Region/Hogwarts Valley/Hogsmeade_RiverBlockout/LI_Hogsmeade_River/Hogsmeade_RiverBlockout/RiverBank_LargeStones_A204,36125B45-4DFE-9A2C-2A71-2DA6BFC5AA4D,1,DL_HOGSMEADE;DL_OVERLAND,DL_HM_EXT;DL_HOGSMEADE,LI_Hogsmeade_River,/Game/Environment/River/LI_Hogsmeade_River,/Game/Environment/River/LevelActors/RiverBanks_Large_Stones/Blockout/LA_River_LargeStones_A07,12384.1,-85797.5,5301.4
Hogsmeade River,RiverBank_LargeStones_A205,LevelInstance,LV_Overland/Region/Hogwarts Valley/Hogsmeade_RiverBlockout/LI_Hogsmeade_River/Hogsmeade_RiverBlockout/RiverBank_LargeStones_A205,60117D33-4AF8-D006-1D35-E79EE0702B90,1,DL_HOGSMEADE;DL_OVERLAND,DL_HM_EXT;DL_HOGSMEADE,LI_Hogsmeade_River,/Game/Environment/River/LI_Hogsmeade_River,/Game/Environment/River/LevelActors/RiverBanks_Large_Stones/LA_RiverBank_LargeStones_A01,11944.2,-85724.9,5294.3
Hogsmeade River,RiverBank_LargeStones_A206,LevelInstance,LV_Overland/Region/Hogwarts Valley/Hogsmeade_RiverBlockout/LI_Hogsmeade_River/Hogsmeade_RiverBlockout/RiverBank_LargeStones_A206,25B68907-4C84-100F-0A45-39801300A7EC,1,DL_HOGSMEADE;DL_OVERLAND,DL_HM_EXT;DL_HOGSMEADE,LI_Hogsmeade_River,/Game/Environment/River/LI_Hogsmeade_River,/Game/Environment/River/LevelActors/RiverBanks_Large_Stones/LA_RiverBank_LargeStones_A06,12588.6,-86425.0,5390.9
Hogsmeade River,RiverBank_LargeStones_A207,LevelInstance,LV_Overland/Region/Hogwarts Valley/Hogsmeade_RiverBlockout/LI_Hogsmeade_River/Hogsmeade_RiverBlockout/RiverBank_LargeStones_A207,B6092D1B-4E3F-896F-5BBF-8A8BB7CC0AA2,1,DL_HOGSMEADE;DL_OVERLAND,DL_HM_EXT;DL_HOGSMEADE,LI_Hogsmeade_River,/Game/Environment/River/LI_Hogsmeade_River,/Game/Environment/River/LevelActors/RiverBanks_Large_Stones/LA_RiverBank_LargeStones_A01,12527.2,-86487.3,5447.1
Hogsmeade River,RiverBank_LargeStones_A208,LevelInstance,LV_Overland/Region/Hogwarts Valley/Hogsmeade_RiverBlockout/LI_Hogsmeade_River/Hogsmeade_RiverBlockout/RiverBank_LargeStones_A208,20D26799-4E2F-16D2-5DFC-A69F04087C08,1,DL_HOGSMEADE;DL_OVERLAND,DL_HM_EXT;DL_HOGSMEADE,LI_Hogsmeade_River,/Game/Environment/River/LI_Hogsmeade_River,/Game/Environment/River/LevelActors/RiverBanks_Large_Stones/Blockout/LA_River_LargeStones_A07,13835.4,-86424.8,5410.6
Hogsmeade River,RiverBank_LargeStones_A209,LevelInstance,LV_Overland/Region/Hogwarts Valley/Hogsmeade_RiverBlockout/LI_Hogsmeade_River/Hogsmeade_RiverBlockout/RiverBank_LargeStones_A209,568AB045-4B6B-570C-B141-4BA5A7C472FB,1,DL_HOGSMEADE;DL_OVERLAND,DL_HM_EXT;DL_HOGSMEADE,LI_Hogsmeade_River,/Game/Environment/River/LI_Hogsmeade_River,/Game/Environment/River/LevelActors/RiverBanks_Large_Stones/Blockout/LA_River_LargeStones_A07,13135.1,-86295.9,5411.8
Hogsmeade River,RiverBank_LargeStones_A210,LevelInstance,LV_Overland/Region/Hogwarts Valley/Hogsmeade_RiverBlockout/LI_Hogsmeade_River/Hogsmeade_RiverBlockout/RiverBank_LargeStones_A210,057F2214-46BF-88B5-C197-428B34290617,1,DL_HOGSMEADE;DL_OVERLAND,DL_HM_EXT;DL_HOGSMEADE,LI_Hogsmeade_River,/Game/Environment/River/LI_Hogsmeade_River,/Game/Environment/River/LevelActors/RiverBanks_Large_Stones/LA_RiverBank_LargeStones_A06,13493.5,-86329.5,5383.6
Hogsmeade River,RiverBank_LargeStones_A212,LevelInstance,LV_Overland/Region/Hogwarts Valley/Hogsmeade_RiverBlockout/LI_Hogsmeade_River/Hogsmeade_RiverBlockout/RiverBank_LargeStones_A212,91DA4C31-4248-643D-F5A5-2E97FA2B70BA,1,DL_HOGSMEADE;DL_OVERLAND,DL_HM_EXT;DL_HOGSMEADE,LI_Hogsmeade_River,/Game/Environment/River/LI_Hogsmeade_River,/Game/Environment/River/LevelActors/RiverBanks_Large_Stones/LA_RiverBank_LargeStones_A06,12852.7,-85591.5,5397.4
Hogsmeade River,RiverBank_LargeStones_A213,LevelInstance,LV_Overland/Region/Hogwarts Valley/Hogsmeade_RiverBlockout/LI_Hogsmeade_River/Hogsmeade_RiverBlockout/RiverBank_LargeStones_A213,C8185208-4449-D690-48FD-CA83F6622438,1,DL_HOGSMEADE;DL_OVERLAND,DL_HM_EXT;DL_HOGSMEADE,LI_Hogsmeade_River,/Game/Environment/River/LI_Hogsmeade_River,/Game/Environment/River/LevelActors/RiverBanks_Large_Stones/LA_RiverBank_LargeStones_A04,11467.5,-85849.1,5264.9
Hogsmeade River,RiverBank_LargeStones_A214,LevelInstance,LV_Overland/Region/Hogwarts Valley/Hogsmeade_RiverBlockout/LI_Hogsmeade_River/Hogsmeade_RiverBlockout/RiverBank_LargeStones_A214,ECE582A3-40A5-8C35-E580-788B2E092726,1,DL_HOGSMEADE;DL_OVERLAND,DL_HM_EXT;DL_HOGSMEADE,LI_Hogsmeade_River,/Game/Environment/River/LI_Hogsmeade_River,/Game/Environment/River/LevelActors/RiverBanks_Large_Stones/Blockout/LA_River_LargeStones_A07,22928.3,-89515.6,5627.9
Hogsmeade River,RiverBank_LargeStones_A215,LevelInstance,LV_Overland/Region/Hogwarts Valley/Hogsmeade_RiverBlockout/LI_Hogsmeade_River/Hogsmeade_RiverBlockout/RiverBank_LargeStones_A215,4C6B456F-443E-65E4-C1DE-E88C1EFBEC6D,1,DL_HOGSMEADE;DL_OVERLAND,DL_HM_EXT;DL_HOGSMEADE,LI_Hogsmeade_River,/Game/Environment/River/LI_Hogsmeade_River,/Game/Environment/River/LevelActors/RiverBanks_Large_Stones/LA_RiverBank_LargeStones_A04,11495.4,-86434.9,5296.5
Hogsmeade River,RiverBank_LargeStones_A216,LevelInstance,LV_Overland/Region/Hogwarts Valley/Hogsmeade_RiverBlockout/LI_Hogsmeade_River/Hogsmeade_RiverBlockout/RiverBank_LargeStones_A216,B27C61E7-495E-8B16-C630-5EA700FA0FCE,1,DL_HOGSMEADE;DL_OVERLAND,DL_HM_EXT;DL_HOGSMEADE,LI_Hogsmeade_River,/Game/Environment/River/LI_Hogsmeade_River,/Game/Environment/River/LevelActors/RiverBanks_Large_Stones/LA_RiverBank_LargeStones_A06,11722.2,-86395.4,5257.8
Hogsmeade River,RiverBank_LargeStones_A217,LevelInstance,LV_Overland/Region/Hogwarts Valley/Hogsmeade_RiverBlockout/LI_Hogsmeade_River/Hogsmeade_RiverBlockout/RiverBank_LargeStones_A217,5E5FF8BD-4C58-3B4B-7AB0-75BB5E0AC233,1,DL_HOGSMEADE;DL_OVERLAND,DL_HM_EXT;DL_HOGSMEADE,LI_Hogsmeade_River,/Game/Environment/River/LI_Hogsmeade_River,/Game/Environment/River/LevelActors/RiverBanks_Large_Stones/LA_RiverBank_LargeStones_A06,14365.1,-86711.3,5679.0
Hogsmeade River,RiverBank_LargeStones_A218,LevelInstance,LV_Overland/Region/Hogwarts Valley/Hogsmeade_RiverBlockout/LI_Hogsmeade_River/Hogsmeade_RiverBlockout/RiverBank_LargeStones_A218,D9D6D49C-4BA2-9C99-D3C6-53A89333C702,1,DL_HOGSMEADE;DL_OVERLAND,DL_HM_EXT;DL_HOGSMEADE,LI_Hogsmeade_River,/Game/Environment/River/LI_Hogsmeade_River,/Game/Environment/River/LevelActors/RiverBanks_Large_Stones/LA_RiverBank_LargeStones_A06,14633.8,-85982.8,5681.3
Hogsmeade River,RiverBank_LargeStones_A219,LevelInstance,LV_Overland/Region/Hogwarts Valley/Hogsmeade_RiverBlockout/LI_Hogsmeade_River/Hogsmeade_RiverBlockout/RiverBank_LargeStones_A219,D1F8EDAB-48C8-922F-7702-4C83F4095DC2,1,DL_HOGSMEADE;DL_OVERLAND,DL_HM_EXT;DL_HOGSMEADE,LI_Hogsmeade_River,/Game/Environment/River/LI_Hogsmeade_River,/Game/Environment/River/LevelActors/RiverBanks_Large_Stones/LA_RiverBank_LargeStones_A06,14218.8,-86739.4,5624.1
Hogsmeade River,RiverBank_LargeStones_A22,LevelInstance,LV_Overland/Region/Hogwarts Valley/Hogsmeade_RiverBlockout/LI_Hogsmeade_River/Hogsmeade_RiverBlockout/RiverBank_LargeStones_A22,FE4045FC-4A3D-0738-FB07-15ACECFEA386,1,DL_HOGSMEADE;DL_OVERLAND,DL_HM_EXT;DL_HOGSMEADE,LI_Hogsmeade_River,/Game/Environment/River/LI_Hogsmeade_River,/Game/Environment/River/LevelActors/RiverBanks_Large_Stones/Blockout/LA_River_LargeStones_A07,22486.0,-89715.7,5620.7
Hogsmeade River,RiverBank_LargeStones_A226,LevelInstance,LV_Overland/Region/Hogwarts Valley/Hogsmeade_RiverBlockout/LI_Hogsmeade_River/Hogsmeade_RiverBlockout/RiverBank_LargeStones_A226,2823EAF5-4504-58E6-EEB1-50843314BB4E,1,DL_HOGSMEADE;DL_OVERLAND,DL_HM_EXT;DL_HOGSMEADE,LI_Hogsmeade_River,/Game/Environment/River/LI_Hogsmeade_River,/Game/Environment/River/LevelActors/RiverBanks_Large_Stones/LA_RiverBank_LargeStones_A06,23177.9,-89351.3,5592.3
Hogsmeade River,RiverBank_LargeStones_A23,LevelInstance,LV_Overland/Region/Hogwarts Valley/Hogsmeade_RiverBlockout/LI_Hogsmeade_River/Hogsmeade_RiverBlockout/RiverBank_LargeStones_A23,4A4141E9-4CAC-D386-BC80-21AFCC18C5B5,1,DL_HOGSMEADE;DL_OVERLAND,DL_HM_EXT;DL_HOGSMEADE,LI_Hogsmeade_River,/Game/Environment/River/LI_Hogsmeade_River,/Game/Environment/River/LevelActors/RiverBanks_Large_Stones/Blockout/LA_River_LargeStones_A07,10685.2,-71877.4,3415.6
Hogsmeade River,RiverBank_LargeStones_A230,LevelInstance,LV_Overland/Region/Hogwarts Valley/Hogsmeade_RiverBlockout/LI_Hogsmeade_River/Hogsmeade_RiverBlockout/RiverBank_LargeStones_A230,B6F5D08D-4934-CCE9-8AB0-8B8753F60874,1,DL_HOGSMEADE;DL_OVERLAND,DL_HM_EXT;DL_HOGSMEADE,LI_Hogsmeade_River,/Game/Environment/River/LI_Hogsmeade_River,/Game/Environment/River/LevelActors/RiverBanks_Large_Stones/LA_RiverBank_LargeStones_A05,23455.5,-88310.3,5383.7
Hogsmeade River,RiverBank_LargeStones_A231,LevelInstance,LV_Overland/Region/Hogwarts Valley/Hogsmeade_RiverBlockout/LI_Hogsmeade_River/Hogsmeade_RiverBlockout/RiverBank_LargeStones_A231,E11842CA-4378-3407-E1CA-E0B3FF9AD05B,1,DL_HOGSMEADE;DL_OVERLAND,DL_HM_EXT;DL_HOGSMEADE,LI_Hogsmeade_River,/Game/Environment/River/LI_Hogsmeade_River,/Game/Environment/River/LevelActors/RiverBanks_Large_Stones/Blockout/LA_River_LargeStones_A07,25536.2,-88294.2,5704.8
Hogsmeade River,RiverBank_LargeStones_A232,LevelInstance,LV_Overland/Region/Hogwarts Valley/Hogsmeade_RiverBlockout/LI_Hogsmeade_River/Hogsmeade_RiverBlockout/RiverBank_LargeStones_A232,C6982F77-4147-D3F0-4066-1CAB7312A91B,1,DL_HOGSMEADE;DL_OVERLAND,DL_HM_EXT;DL_HOGSMEADE,LI_Hogsmeade_River,/Game/Environment/River/LI_Hogsmeade_River,/Game/Environment/River/LevelActors/RiverBanks_Large_Stones/Blockout/LA_River_LargeStones_A07,25598.7,-88111.1,5723.0
Hogsmeade River,RiverBank_LargeStones_A233,LevelInstance,LV_Overland/Region/Hogwarts Valley/Hogsmeade_RiverBlockout/LI_Hogsmeade_River/Hogsmeade_RiverBlockout/RiverBank_LargeStones_A233,1078F9CA-4134-5014-9F3E-E4934C99C818,1,DL_HOGSMEADE;DL_OVERLAND,DL_HM_EXT;DL_HOGSMEADE,LI_Hogsmeade_River,/Game/Environment/River/LI_Hogsmeade_River,/Game/Environment/River/LevelActors/RiverBanks_Large_Stones/Blockout/LA_River_LargeStones_A07,25542.9,-87823.1,5593.6
Hogsmeade River,RiverBank_LargeStones_A236,LevelInstance,LV_Overland/Region/Hogwarts Valley/Hogsmeade_RiverBlockout/LI_Hogsmeade_River/Hogsmeade_RiverBlockout/RiverBank_LargeStones_A236,21C1DC0B-4E9A-D4DE-421C-808843AC6B2A,1,DL_HOGSMEADE;DL_OVERLAND,DL_HM_EXT;DL_HOGSMEADE,LI_Hogsmeade_River,/Game/Environment/River/LI_Hogsmeade_River,/Game/Environment/River/LevelActors/RiverBanks_Large_Stones/LA_RiverBank_LargeStones_A06,25416.1,-87431.2,5448.3
Hogsmeade River,RiverBank_LargeStones_A237,LevelInstance,LV_Overland/Region/Hogwarts Valley/Hogsmeade_RiverBlockout/LI_Hogsmeade_River/Hogsmeade_RiverBlockout/RiverBank_LargeStones_A237,8D8E0848-4485-AD39-2DF7-C087CB8CCA1A,1,DL_HOGSMEADE;DL_OVERLAND,DL_HM_EXT;DL_HOGSMEADE,LI_Hogsmeade_River,/Game/Environment/River/LI_Hogsmeade_River,/Game/Environment/River/LevelActors/RiverBanks_Large_Stones/LA_RiverBank_LargeStones_A05,23651.5,-87558.8,5334.7
Hogsmeade River,RiverBank_LargeStones_A239,LevelInstance,LV_Overland/Region/Hogwarts Valley/Hogsmeade_RiverBlockout/LI_Hogsmeade_River/Hogsmeade_RiverBlockout/RiverBank_LargeStones_A239,C8253F3B-4959-EFB1-F07A-0D9AC7DF44E8,1,DL_HOGSMEADE;DL_OVERLAND,DL_HM_EXT;DL_HOGSMEADE,LI_Hogsmeade_River,/Game/Environment/River/LI_Hogsmeade_River,/Game/Environment/River/LevelActors/RiverBanks_Large_Stones/Blockout/LA_River_LargeStones_A07,23444.1,-87254.2,5340.4
Hogsmeade River,RiverBank_LargeStones_A24,LevelInstance,LV_Overland/Region/Hogwarts Valley/Hogsmeade_RiverBlockout/LI_Hogsmeade_River/Hogsmeade_RiverBlockout/RiverBank_LargeStones_A24,F57DCDC4-47CD-216A-DE15-AAB85A4B8415,1,DL_HOGSMEADE;DL_OVERLAND,DL_HM_EXT;DL_HOGSMEADE,LI_Hogsmeade_River,/Game/Environment/River/LI_Hogsmeade_River,/Game/Environment/River/LevelActors/RiverBanks_Large_Stones/LA_RiverBank_LargeStones_A06,11030.8,-71972.8,3550.7
Hogsmeade River,RiverBank_LargeStones_A240,LevelInstance,LV_Overland/Region/Hogwarts Valley/Hogsmeade_RiverBlockout/LI_Hogsmeade_River/Hogsmeade_RiverBlockout/RiverBank_LargeStones_A240,F26F61F9-48E0-7C7A-242B-39AA20941F2A,1,DL_HOGSMEADE;DL_OVERLAND,DL_HM_EXT;DL_HOGSMEADE,LI_Hogsmeade_River,/Game/Environment/River/LI_Hogsmeade_River,/Game/Environment/River/LevelActors/RiverBanks_Large_Stones/LA_RiverBank_LargeStones_A06,25959.8,-85960.8,5540.6
Hogsmeade River,RiverBank_LargeStones_A247,LevelInstance,LV_Overland/Region/Hogwarts Valley/Hogsmeade_RiverBlockout/LI_Hogsmeade_River/Hogsmeade_RiverBlockout/RiverBank_LargeStones_A247,2AE9F47D-4DB2-5B16-35EF-55A5641CBA64,1,DL_HOGSMEADE;DL_OVERLAND,DL_HM_EXT;DL_HOGSMEADE,LI_Hogsmeade_River,/Game/Environment/River/LI_Hogsmeade_River,/Game/Environment/River/LevelActors/RiverBanks_Large_Stones/LA_RiverBank_LargeStones_A05,22213.3,-85832.5,5304.8
Hogsmeade River,RiverBank_LargeStones_A248,LevelInstance,LV_Overland/Region/Hogwarts Valley/Hogsmeade_RiverBlockout/LI_Hogsmeade_River/Hogsmeade_RiverBlockout/RiverBank_LargeStones_A248,BF02C587-43B5-7181-DC21-73B3C58088D9,1,DL_HOGSMEADE;DL_OVERLAND,DL_HM_EXT;DL_HOGSMEADE,LI_Hogsmeade_River,/Game/Environment/River/LI_Hogsmeade_River,/Game/Environment/River/LevelActors/RiverBanks_Large_Stones/LA_RiverBank_LargeStones_A05,22552.1,-85407.5,5393.7
Hogsmeade River,RiverBank_LargeStones_A252,LevelInstance,LV_Overland/Region/Hogwarts Valley/Hogsmeade_RiverBlockout/LI_Hogsmeade_River/RiverBank_LargeStones_A252,9B78AB05-4FA5-CE58-6582-819882F8B823,1,DL_HOGSMEADE;DL_OVERLAND,DL_HM_EXT;DL_HOGSMEADE,LI_Hogsmeade_River,/Game/Environment/River/LI_Hogsmeade_River,/Game/Environment/River/LevelActors/RiverBanks_Large_Stones/Blockout/LA_River_LargeStones_A07,14910.4,-86757.4,5735.5
Hogsmeade River,RiverBank_LargeStones_A254,LevelInstance,LV_Overland/Region/Hogwarts Valley/Hogsmeade_RiverBlockout/LI_Hogsmeade_River/RiverBank_LargeStones_A254,5E591959-431C-97F4-E9CF-D18F515417DB,1,DL_HOGSMEADE;DL_OVERLAND,DL_HM_EXT;DL_HOGSMEADE,LI_Hogsmeade_River,/Game/Environment/River/LI_Hogsmeade_River,/Game/Environment/River/LevelActors/RiverBanks_Large_Stones/LA_RiverBank_LargeStones_A05,15569.4,-87322.6,5770.8
Hogsmeade River,RiverBank_LargeStones_A27,LevelInstance,LV_Overland/Region/Hogwarts Valley/Hogsmeade_RiverBlockout/LI_Hogsmeade_River/Hogsmeade_RiverBlockout/RiverBank_LargeStones_A27,F56CC35D-48FA-CBD3-3D38-C6A2B0B1ED65,1,DL_HOGSMEADE;DL_OVERLAND,DL_HM_EXT;DL_HOGSMEADE,LI_Hogsmeade_River,/Game/Environment/River/LI_Hogsmeade_River,/Game/Environment/River/LevelActors/RiverBanks_Large_Stones/LA_RiverBank_LargeStones_A06,10686.0,-71113.0,3361.7
Hogsmeade River,RiverBank_LargeStones_A271,LevelInstance,LV_Overland/Region/Hogwarts Valley/Hogsmeade_RiverBlockout/LI_Hogsmeade_River/RiverBank_LargeStones_A271,DBAF1A03-4993-9E52-47C0-329C6C241192,1,DL_HOGSMEADE;DL_OVERLAND,DL_HM_EXT;DL_HOGSMEADE,LI_Hogsmeade_River,/Game/Environment/River/LI_Hogsmeade_River,/Game/Environment/River/LevelActors/RiverBanks_Large_Stones/LA_RiverBank_LargeStones_A05,19180.9,-90030.8,5739.3
Hogsmeade River,RiverBank_LargeStones_A278,LevelInstance,LV_Overland/Region/Hogwarts Valley/Hogsmeade_RiverBlockout/LI_Hogsmeade_River/RiverBank_LargeStones_A278,2E90F3CE-4303-1A04-407A-DDBD0216F456,1,DL_HOGSMEADE;DL_OVERLAND,DL_HM_EXT;DL_HOGSMEADE,LI_Hogsmeade_River,/Game/Environment/River/LI_Hogsmeade_River,/Game/Environment/River/LevelActors/RiverBanks_Large_Stones/LA_RiverBank_LargeStones_A06,19426.0,-89487.4,5695.1
Hogsmeade River,RiverBank_LargeStones_A279,LevelInstance,LV_Overland/Region/Hogwarts Valley/Hogsmeade_RiverBlockout/LI_Hogsmeade_River/Hogsmeade_RiverBlockout/RiverBank_LargeStones_A279,283BE88D-49C7-3F90-198B-B2B713E92BE3,1,DL_HOGSMEADE;DL_OVERLAND,DL_HM_EXT;DL_HOGSMEADE,LI_Hogsmeade_River,/Game/Environment/River/LI_Hogsmeade_River,/Game/Environment/River/LevelActors/RiverBanks_Large_Stones/Blockout/LA_River_LargeStones_A07,22073.0,-89636.1,5608.7
Hogsmeade River,RiverBank_LargeStones_A28,LevelInstance,LV_Overland/Region/Hogwarts Valley/Hogsmeade_RiverBlockout/LI_Hogsmeade_River/Hogsmeade_RiverBlockout/RiverBank_LargeStones_A28,78CDC169-476B-69A1-2C95-0E81E20AB229,1,DL_HOGSMEADE;DL_OVERLAND,DL_HM_EXT;DL_HOGSMEADE,LI_Hogsmeade_River,/Game/Environment/River/LI_Hogsmeade_River,/Game/Environment/River/LevelActors/RiverBanks_Large_Stones/LA_RiverBank_LargeStones_A05,10296.1,-71150.7,3424.3
Hogsmeade River,RiverBank_LargeStones_A280,LevelInstance,LV_Overland/Region/Hogwarts Valley/Hogsmeade_RiverBlockout/LI_Hogsmeade_River/Hogsmeade_RiverBlockout/RiverBank_LargeStones_A280,45760D74-48E8-D459-5F5E-BD8F9ED780C4,1,DL_HOGSMEADE;DL_OVERLAND,DL_HM_EXT;DL_HOGSMEADE,LI_Hogsmeade_River,/Game/Environment/River/LI_Hogsmeade_River,/Game/Environment/River/LevelActors/RiverBanks_Large_Stones/Blockout/LA_River_LargeStones_A07,21531.5,-89543.9,5600.5
Hogsmeade River,RiverBank_LargeStones_A286,LevelInstance,LV_Overland/Region/Hogwarts Valley/Hogsmeade_RiverBlockout/LI_Hogsmeade_River/Hogsmeade_RiverBlockout/RiverBank_LargeStones_A286,0449C03C-4E61-D781-DF91-F78AE4273198,1,DL_HOGSMEADE;DL_OVERLAND,DL_HM_EXT;DL_HOGSMEADE,LI_Hogsmeade_River,/Game/Environment/River/LI_Hogsmeade_River,/Game/Environment/River/LevelActors/RiverBanks_Large_Stones/Blockout/LA_River_LargeStones_A07,13687.2,-67823.3,3325.6
Hogsmeade River,RiverBank_LargeStones_A287,LevelInstance,LV_Overland/Region/Hogwarts Valley/Hogsmeade_RiverBlockout/LI_Hogsmeade_River/Hogsmeade_RiverBlockout/RiverBank_LargeStones_A287,0C958A76-4693-ACED-A090-9DB134A071EC,1,DL_HOGSMEADE;DL_OVERLAND,DL_HM_EXT;DL_HOGSMEADE,LI_Hogsmeade_River,/Game/Environment/River/LI_Hogsmeade_River,/Game/Environment/River/LevelActors/RiverBanks_Large_Stones/LA_RiverBank_LargeStones_A06,14414.4,-67491.9,3306.9
Hogsmeade River,RiverBank_LargeStones_A288,LevelInstance,LV_Overland/Region/Hogwarts Valley/Hogsmeade_RiverBlockout/LI_Hogsmeade_River/Hogsmeade_RiverBlockout/RiverBank_LargeStones_A288,9E44061A-4F6F-09B6-CA8E-59832109A185,1,DL_HOGSMEADE;DL_OVERLAND,DL_HM_EXT;DL_HOGSMEADE,LI_Hogsmeade_River,/Game/Environment/River/LI_Hogsmeade_River,/Game/Environment/River/LevelActors/RiverBanks_Large_Stones/LA_RiverBank_LargeStones_A06,13988.6,-67736.2,3289.8
Hogsmeade River,RiverBank_LargeStones_A289,LevelInstance,LV_Overland/Region/Hogwarts Valley/Hogsmeade_RiverBlockout/LI_Hogsmeade_River/Hogsmeade_RiverBlockout/RiverBank_LargeStones_A289,B3DEE03F-4A87-0FC9-4644-BDB5C1BE6317,1,DL_HOGSMEADE;DL_OVERLAND,DL_HM_EXT;DL_HOGSMEADE,LI_Hogsmeade_River,/Game/Environment/River/LI_Hogsmeade_River,/Game/Environment/River/LevelActors/RiverBanks_Large_Stones/LA_RiverBank_LargeStones_A05,13839.1,-67883.2,3362.9
Hogsmeade River,RiverBank_LargeStones_A29,LevelInstance,LV_Overland/Region/Hogwarts Valley/Hogsmeade_RiverBlockout/LI_Hogsmeade_River/Hogsmeade_RiverBlockout/RiverBank_LargeStones_A29,0EAD4643-41DD-DB47-206E-99911DAB0044,1,DL_HOGSMEADE;DL_OVERLAND,DL_HM_EXT;DL_HOGSMEADE,LI_Hogsmeade_River,/Game/Environment/River/LI_Hogsmeade_River,/Game/Environment/River/LevelActors/RiverBanks_Large_Stones/Blockout/LA_River_LargeStones_A07,10059.9,-72245.4,3435.3
Hogsmeade River,RiverBank_LargeStones_A290,LevelInstance,LV_Overland/Region/Hogwarts Valley/Hogsmeade_RiverBlockout/LI_Hogsmeade_River/Hogsmeade_RiverBlockout/RiverBank_LargeStones_A290,4F5BC715-433C-26EF-C173-AE9199BBA243,1,DL_HOGSMEADE;DL_OVERLAND,DL_HM_EXT;DL_HOGSMEADE,LI_Hogsmeade_River,/Game/Environment/River/LI_Hogsmeade_River,/Game/Environment/River/LevelActors/RiverBanks_Large_Stones/LA_RiverBank_LargeStones_A06,14055.0,-66638.3,3284.4
Hogsmeade River,RiverBank_LargeStones_A30,LevelInstance,LV_Overland/Region/Hogwarts Valley/Hogsmeade_RiverBlockout/LI_Hogsmeade_River/Hogsmeade_RiverBlockout/RiverBank_LargeStones_A30,7332CAB9-4D7B-8C02-6B24-6E9F8181FF08,1,DL_HOGSMEADE;DL_OVERLAND,DL_HM_EXT;DL_HOGSMEADE,LI_Hogsmeade_River,/Game/Environment/River/LI_Hogsmeade_River,/Game/Environment/River/LevelActors/RiverBanks_Large_Stones/LA_RiverBank_LargeStones_A05,9901.8,-72594.0,3537.8
Hogsmeade River,RiverBank_LargeStones_A31,LevelInstance,LV_Overland/Region/Hogwarts Valley/Hogsmeade_RiverBlockout/LI_Hogsmeade_River/Hogsmeade_RiverBlockout/RiverBank_LargeStones_A31,F1070BB8-4A82-7A76-119A-64941D84516B,1,DL_HOGSMEADE;DL_OVERLAND,DL_HM_EXT;DL_HOGSMEADE,LI_Hogsmeade_River,/Game/Environment/River/LI_Hogsmeade_River,/Game/Environment/River/LevelActors/RiverBanks_Large_Stones/LA_RiverBank_LargeStones_A04,10789.8,-72070.3,3529.4
Hogsmeade River,RiverBank_LargeStones_A32,LevelInstance,LV_Overland/Region/Hogwarts Valley/Hogsmeade_RiverBlockout/LI_Hogsmeade_River/Hogsmeade_RiverBlockout/RiverBank_LargeStones_A32,B489E61B-40A5-8594-344A-01B522262E8A,1,DL_HOGSMEADE;DL_OVERLAND,DL_HM_EXT;DL_HOGSMEADE,LI_Hogsmeade_River,/Game/Environment/River/LI_Hogsmeade_River,/Game/Environment/River/LevelActors/RiverBanks_Large_Stones/LA_RiverBank_LargeStones_A04,10679.5,-72168.1,3521.9
Hogsmeade River,RiverBank_LargeStones_A33,LevelInstance,LV_Overland/Region/Hogwarts Valley/Hogsmeade_RiverBlockout/LI_Hogsmeade_River/Hogsmeade_RiverBlockout/RiverBank_LargeStones_A33,259988A8-498B-58BC-1EEB-A8AA0CCDB1A0,1,DL_HOGSMEADE;DL_OVERLAND,DL_HM_EXT;DL_HOGSMEADE,LI_Hogsmeade_River,/Game/Environment/River/LI_Hogsmeade_River,/Game/Environment/River/LevelActors/RiverBanks_Large_Stones/LA_RiverBank_LargeStones_A04_noplants,10841.0,-71581.7,3328.2
Hogsmeade River,RiverBank_LargeStones_A34,LevelInstance,LV_Overland/Region/Hogwarts Valley/Hogsmeade_RiverBlockout/LI_Hogsmeade_River/Hogsmeade_RiverBlockout/RiverBank_LargeStones_A34,AD58E697-40DA-FC64-2AA2-DBBF1E39521B,1,DL_HOGSMEADE;DL_OVERLAND,DL_HM_EXT;DL_HOGSMEADE,LI_Hogsmeade_River,/Game/Environment/River/LI_Hogsmeade_River,/Game/Environment/River/LevelActors/RiverBanks_Large_Stones/LA_RiverBank_LargeStones_A04,11032.8,-71272.2,3337.1
Hogsmeade River,RiverBank_LargeStones_A37,LevelInstance,LV_Overland/Region/Hogwarts Valley/Hogsmeade_RiverBlockout/LI_Hogsmeade_River/Hogsmeade_RiverBlockout/RiverBank_LargeStones_A37,0DB21984-459F-ACFD-AA3B-FA969A9D16E9,1,DL_HOGSMEADE;DL_OVERLAND,DL_HM_EXT;DL_HOGSMEADE,LI_Hogsmeade_River,/Game/Environment/River/LI_Hogsmeade_River,/Game/Environment/River/LevelActors/RiverBanks_Large_Stones/LA_RiverBank_LargeStones_A04_noplants,10393.3,-71619.5,3323.2
Hogsmeade River,RiverBank_LargeStones_A38,LevelInstance,LV_Overland/Region/Hogwarts Valley/Hogsmeade_RiverBlockout/LI_Hogsmeade_River/Hogsmeade_RiverBlockout/RiverBank_LargeStones_A38,4DB1521F-4C48-4AC7-A847-3A8DB3F24676,1,DL_HOGSMEADE;DL_OVERLAND,DL_HM_EXT;DL_HOGSMEADE,LI_Hogsmeade_River,/Game/Environment/River/LI_Hogsmeade_River,/Game/Environment/River/LevelActors/RiverBanks_Large_Stones/LA_RiverBank_LargeStones_A04_noplants,9948.8,-71995.1,3365.3
Hogsmeade River,RiverBank_LargeStones_A39,LevelInstance,LV_Overland/Region/Hogwarts Valley/Hogsmeade_RiverBlockout/LI_Hogsmeade_River/Hogsmeade_RiverBlockout/RiverBank_LargeStones_A39,8011FB97-4DB0-06B1-F908-09B2FBC36FE7,1,DL_HOGSMEADE;DL_OVERLAND,DL_HM_EXT;DL_HOGSMEADE,LI_Hogsmeade_River,/Game/Environment/River/LI_Hogsmeade_River,/Game/Environment/River/LevelActors/RiverBanks_Large_Stones/LA_RiverBank_LargeStones_A04,10698.0,-71472.5,3340.8
Hogsmeade River,RiverBank_LargeStones_A41,LevelInstance,LV_Overland/Region/Hogwarts Valley/Hogsmeade_RiverBlockout/LI_Hogsmeade_River/Hogsmeade_RiverBlockout/RiverBank_LargeStones_A41,D6A5CC84-4D3F-B5F0-75C5-30AEE7AE72F5,1,DL_HOGSMEADE;DL_OVERLAND,DL_HM_EXT;DL_HOGSMEADE,LI_Hogsmeade_River,/Game/Environment/River/LI_Hogsmeade_River,/Game/Environment/River/LevelActors/RiverBanks_Large_Stones/LA_RiverBank_LargeStones_A05,11842.0,-71418.9,3409.1
Hogsmeade River,RiverBank_LargeStones_A42,LevelInstance,LV_Overland/Region/Hogwarts Valley/Hogsmeade_RiverBlockout/LI_Hogsmeade_River/Hogsmeade_RiverBlockout/RiverBank_LargeStones_A42,DB394E88-4DA6-0572-EE6A-40AE9AC4610D,1,DL_HOGSMEADE;DL_OVERLAND,DL_HM_EXT;DL_HOGSMEADE,LI_Hogsmeade_River,/Game/Environment/River/LI_Hogsmeade_River,/Game/Environment/River/LevelActors/RiverBanks_Large_Stones/LA_RiverBank_LargeStones_A06,12119.7,-71020.5,3364.5
Hogsmeade River,RiverBank_LargeStones_A43,LevelInstance,LV_Overland/Region/Hogwarts Valley/Hogsmeade_RiverBlockout/LI_Hogsmeade_River/Hogsmeade_RiverBlockout/RiverBank_LargeStones_A43,79949730-47A0-BCEC-8A61-9EAEAF1BBD09,1,DL_HOGSMEADE;DL_OVERLAND,DL_HM_EXT;DL_HOGSMEADE,LI_Hogsmeade_River,/Game/Environment/River/LI_Hogsmeade_River,/Game/Environment/River/LevelActors/RiverBanks_Large_Stones/LA_RiverBank_LargeStones_A05,8988.6,-71893.7,3511.4
Hogsmeade River,RiverBank_LargeStones_A44,LevelInstance,LV_Overland/Region/Hogwarts Valley/Hogsmeade_RiverBlockout/LI_Hogsmeade_River/Hogsmeade_RiverBlockout/RiverBank_LargeStones_A44,A299077E-4727-7143-A561-3D804983B83E,1,DL_HOGSMEADE;DL_OVERLAND,DL_HM_EXT;DL_HOGSMEADE,LI_Hogsmeade_River,/Game/Environment/River/LI_Hogsmeade_River,/Game/Environment/River/LevelActors/RiverBanks_Large_Stones/Blockout/LA_River_LargeStones_A07,9387.2,-71782.6,3475.6
Hogsmeade River,RiverBank_LargeStones_A45,LevelInstance,LV_Overland/Region/Hogwarts Valley/Hogsmeade_RiverBlockout/LI_Hogsmeade_River/Hogsmeade_RiverBlockout/RiverBank_LargeStones_A45,944E7E31-476B-6B83-9640-A1A48CF342D8,1,DL_HOGSMEADE;DL_OVERLAND,DL_HM_EXT;DL_HOGSMEADE,LI_Hogsmeade_River,/Game/Environment/River/LI_Hogsmeade_River,/Game/Environment/River/LevelActors/RiverBanks_Large_Stones/LA_RiverBank_LargeStones_A04,11011.9,-68116.7,3382.0
Hogsmeade River,RiverBank_LargeStones_A46,LevelInstance,LV_Overland/Region/Hogwarts Valley/Hogsmeade_RiverBlockout/LI_Hogsmeade_River/Hogsmeade_RiverBlockout/RiverBank_LargeStones_A46,9CAD5393-4EB2-1E1C-053A-43BA2175C4CF,1,DL_HOGSMEADE;DL_OVERLAND,DL_HM_EXT;DL_HOGSMEADE,LI_Hogsmeade_River,/Game/Environment/River/LI_Hogsmeade_River,/Game/Environment/River/LevelActors/RiverBanks_Large_Stones/LA_RiverBank_LargeStones_A06,11152.6,-68400.2,3420.7
Hogsmeade River,RiverBank_LargeStones_A47,LevelInstance,LV_Overland/Region/Hogwarts Valley/Hogsmeade_RiverBlockout/LI_Hogsmeade_River/Hogsmeade_RiverBlockout/RiverBank_LargeStones_A47,6F08BABF-4449-F6B8-FAB3-56BF733E4DEB,1,DL_HOGSMEADE;DL_OVERLAND,DL_HM_EXT;DL_HOGSMEADE,LI_Hogsmeade_River,/Game/Environment/River/LI_Hogsmeade_River,/Game/Environment/River/LevelActors/RiverBanks_Large_Stones/LA_RiverBank_LargeStones_A04_noplants,11577.9,-68547.1,3300.1
Hogsmeade River,RiverBank_LargeStones_A48,LevelInstance,LV_Overland/Region/Hogwarts Valley/Hogsmeade_RiverBlockout/LI_Hogsmeade_River/Hogsmeade_RiverBlockout/RiverBank_LargeStones_A48,F17A4EE8-458F-4692-E9B9-69B9F0796400,1,DL_HOGSMEADE;DL_OVERLAND,DL_HM_EXT;DL_HOGSMEADE,LI_Hogsmeade_River,/Game/Environment/River/LI_Hogsmeade_River,/Game/Environment/River/LevelActors/RiverBanks_Large_Stones/LA_RiverBank_LargeStones_A05,11416.8,-68666.8,3440.1
Hogsmeade River,RiverBank_LargeStones_A49,LevelInstance,LV_Overland/Region/Hogwarts Valley/Hogsmeade_RiverBlockout/LI_Hogsmeade_River/Hogsmeade_RiverBlockout/RiverBank_LargeStones_A49,C2F5E971-402C-18D0-2E30-89898DAF9DAD,1,DL_HOGSMEADE;DL_OVERLAND,DL_HM_EXT;DL_HOGSMEADE,LI_Hogsmeade_River,/Game/Environment/River/LI_Hogsmeade_River,/Game/Environment/River/LevelActors/RiverBanks_Large_Stones/Blockout/LA_River_LargeStones_A07,12060.6,-69281.0,3331.5
Hogsmeade River,RiverBank_LargeStones_A5,LevelInstance,LV_Overland/Region/Hogwarts Valley/Hogsmeade_RiverBlockout/LI_Hogsmeade_River/Hogsmeade_RiverBlockout/RiverBank_LargeStones_A5,35910A21-4040-2F4B-EE81-468EC597799A,1,DL_HOGSMEADE;DL_OVERLAND,DL_HM_EXT;DL_HOGSMEADE,LI_Hogsmeade_River,/Game/Environment/River/LI_Hogsmeade_River,/Game/Environment/River/LevelActors/RiverBanks_Large_Stones/LA_RiverBank_LargeStones_A04,12918.8,-70547.7,3339.9
Hogsmeade River,RiverBank_LargeStones_A50,LevelInstance,LV_Overland/Region/Hogwarts Valley/Hogsmeade_RiverBlockout/LI_Hogsmeade_River/Hogsmeade_RiverBlockout/RiverBank_LargeStones_A50,0C8E8E57-437B-3734-233B-C39379400F9D,1,DL_HOGSMEADE;DL_OVERLAND,DL_HM_EXT;DL_HOGSMEADE,LI_Hogsmeade_River,/Game/Environment/River/LI_Hogsmeade_River,/Game/Environment/River/LevelActors/RiverBanks_Large_Stones/LA_RiverBank_LargeStones_A04,11401.4,-68339.6,3350.0
Hogsmeade River,RiverBank_LargeStones_A51,LevelInstance,LV_Overland/Region/Hogwarts Valley/Hogsmeade_RiverBlockout/LI_Hogsmeade_River/Hogsmeade_RiverBlockout/RiverBank_LargeStones_A51,F75E69CF-4992-DBF4-5B2F-14B442C9A939,1,DL_HOGSMEADE;DL_OVERLAND,DL_HM_EXT;DL_HOGSMEADE,LI_Hogsmeade_River,/Game/Environment/River/LI_Hogsmeade_River,/Game/Environment/River/LevelActors/RiverBanks_Large_Stones/Blockout/LA_River_LargeStones_A07,11895.1,-68647.1,3321.1
Hogsmeade River,RiverBank_LargeStones_A52,LevelInstance,LV_Overland/Region/Hogwarts Valley/Hogsmeade_RiverBlockout/LI_Hogsmeade_River/Hogsmeade_RiverBlockout/RiverBank_LargeStones_A52,FBC13E3C-4E4A-C886-A811-04B33FEF8BE1,1,DL_HOGSMEADE;DL_OVERLAND,DL_HM_EXT;DL_HOGSMEADE,LI_Hogsmeade_River,/Game/Environment/River/LI_Hogsmeade_River,/Game/Environment/River/LevelActors/RiverBanks_Large_Stones/LA_RiverBank_LargeStones_A04_noplants,12070.1,-68691.7,3268.5
Hogsmeade River,RiverBank_LargeStones_A53,LevelInstance,LV_Overland/Region/Hogwarts Valley/Hogsmeade_RiverBlockout/LI_Hogsmeade_River/Hogsmeade_RiverBlockout/RiverBank_LargeStones_A53,5D190AE9-4ED4-6226-0A49-4F93FA09935D,1,DL_HOGSMEADE;DL_OVERLAND,DL_HM_EXT;DL_HOGSMEADE,LI_Hogsmeade_River,/Game/Environment/River/LI_Hogsmeade_River,/Game/Environment/River/LevelActors/RiverBanks_Large_Stones/LA_RiverBank_LargeStones_A06,12041.3,-68881.1,3303.4
Hogsmeade River,RiverBank_LargeStones_A54,LevelInstance,LV_Overland/Region/Hogwarts Valley/Hogsmeade_RiverBlockout/LI_Hogsmeade_River/Hogsmeade_RiverBlockout/RiverBank_LargeStones_A54,A412FFF4-4E0E-9106-6CCF-EFB21A7832FD,1,DL_HOGSMEADE;DL_OVERLAND,DL_HM_EXT;DL_HOGSMEADE,LI_Hogsmeade_River,/Game/Environment/River/LI_Hogsmeade_River,/Game/Environment/River/LevelActors/RiverBanks_Large_Stones/LA_RiverBank_LargeStones_A06,11945.2,-67716.6,3319.2
Hogsmeade River,RiverBank_LargeStones_A55,LevelInstance,LV_Overland/Region/Hogwarts Valley/Hogsmeade_RiverBlockout/LI_Hogsmeade_River/Hogsmeade_RiverBlockout/RiverBank_LargeStones_A55,752A6F9E-4F4A-4518-B986-A8AFF9AC2712,1,DL_HOGSMEADE;DL_OVERLAND,DL_HM_EXT;DL_HOGSMEADE,LI_Hogsmeade_River,/Game/Environment/River/LI_Hogsmeade_River,/Game/Environment/River/LevelActors/RiverBanks_Large_Stones/LA_RiverBank_LargeStones_A05,12105.1,-67564.8,3365.7
Hogsmeade River,RiverBank_LargeStones_A56,LevelInstance,LV_Overland/Region/Hogwarts Valley/Hogsmeade_RiverBlockout/LI_Hogsmeade_River/Hogsmeade_RiverBlockout/RiverBank_LargeStones_A56,AB92F32D-4E67-DD6D-5311-00AE140F1F9B,1,DL_HOGSMEADE;DL_OVERLAND,DL_HM_EXT;DL_HOGSMEADE,LI_Hogsmeade_River,/Game/Environment/River/LI_Hogsmeade_River,/Game/Environment/River/LevelActors/RiverBanks_Large_Stones/Blockout/LA_River_LargeStones_A07,12640.3,-67494.3,3328.3
Hogsmeade River,RiverBank_LargeStones_A57,LevelInstance,LV_Overland/Region/Hogwarts Valley/Hogsmeade_RiverBlockout/LI_Hogsmeade_River/Hogsmeade_RiverBlockout/RiverBank_LargeStones_A57,B2558794-4265-E563-DD9A-BA9057E861C1,1,DL_HOGSMEADE;DL_OVERLAND,DL_HM_EXT;DL_HOGSMEADE,LI_Hogsmeade_River,/Game/Environment/River/LI_Hogsmeade_River,/Game/Environment/River/LevelActors/RiverBanks_Large_Stones/Blockout/LA_River_LargeStones_A07,13009.5,-67303.3,3334.7
Hogsmeade River,RiverBank_LargeStones_A58,LevelInstance,LV_Overland/Region/Hogwarts Valley/Hogsmeade_RiverBlockout/LI_Hogsmeade_River/Hogsmeade_RiverBlockout/RiverBank_LargeStones_A58,407411BB-4901-E7BA-2312-0E84EECF9F21,1,DL_HOGSMEADE;DL_OVERLAND,DL_HM_EXT;DL_HOGSMEADE,LI_Hogsmeade_River,/Game/Environment/River/LI_Hogsmeade_River,/Game/Environment/River/LevelActors/RiverBanks_Large_Stones/LA_RiverBank_LargeStones_A05,11648.7,-69364.0,3468.3
Hogsmeade River,RiverBank_LargeStones_A59,LevelInstance,LV_Overland/Region/Hogwarts Valley/Hogsmeade_RiverBlockout/LI_Hogsmeade_River/Hogsmeade_RiverBlockout/RiverBank_LargeStones_A59,B66E566C-4B5E-9971-C78E-E1A152398749,1,DL_HOGSMEADE;DL_OVERLAND,DL_HM_EXT;DL_HOGSMEADE,LI_Hogsmeade_River,/Game/Environment/River/LI_Hogsmeade_River,/Game/Environment/River/LevelActors/RiverBanks_Large_Stones/LA_RiverBank_LargeStones_A06,11958.4,-69524.3,3368.8
Hogsmeade River,RiverBank_LargeStones_A6,LevelInstance,LV_Overland/Region/Hogwarts Valley/Hogsmeade_RiverBlockout/LI_Hogsmeade_River/Hogsmeade_RiverBlockout/RiverBank_LargeStones_A6,4C3339A7-4FDB-2D99-C991-F7973822B484,1,DL_HOGSMEADE;DL_OVERLAND,DL_HM_EXT;DL_HOGSMEADE,LI_Hogsmeade_River,/Game/Environment/River/LI_Hogsmeade_River,/Game/Environment/River/LevelActors/RiverBanks_Large_Stones/LA_RiverBank_LargeStones_A05,12974.0,-70308.4,3352.0
Hogsmeade River,RiverBank_LargeStones_A60,LevelInstance,LV_Overland/Region/Hogwarts Valley/Hogsmeade_RiverBlockout/LI_Hogsmeade_River/Hogsmeade_RiverBlockout/RiverBank_LargeStones_A60,7BB01441-488E-5C5C-9AE6-0BB38F521E7C,1,DL_HOGSMEADE;DL_OVERLAND,DL_HM_EXT;DL_HOGSMEADE,LI_Hogsmeade_River,/Game/Environment/River/LI_Hogsmeade_River,/Game/Environment/River/LevelActors/RiverBanks_Large_Stones/LA_RiverBank_LargeStones_A06,11549.8,-67802.1,3341.0
Hogsmeade River,RiverBank_LargeStones_A61,LevelInstance,LV_Overland/Region/Hogwarts Valley/Hogsmeade_RiverBlockout/LI_Hogsmeade_River/Hogsmeade_RiverBlockout/RiverBank_LargeStones_A61,BAD4AF78-4E73-0625-2CCB-83BADC82215E,1,DL_HOGSMEADE;DL_OVERLAND,DL_HM_EXT;DL_HOGSMEADE,LI_Hogsmeade_River,/Game/Environment/River/LI_Hogsmeade_River,/Game/Environment/River/LevelActors/RiverBanks_Large_Stones/LA_RiverBank_LargeStones_A06,11807.7,-67668.4,3390.1
Hogsmeade River,RiverBank_LargeStones_A62,LevelInstance,LV_Overland/Region/Hogwarts Valley/Hogsmeade_RiverBlockout/LI_Hogsmeade_River/Hogsmeade_RiverBlockout/RiverBank_LargeStones_A62,7431F81B-4EB2-5A6B-00B1-D6A75D320F6F,1,DL_HOGSMEADE;DL_OVERLAND,DL_HM_EXT;DL_HOGSMEADE,LI_Hogsmeade_River,/Game/Environment/River/LI_Hogsmeade_River,/Game/Environment/River/LevelActors/RiverBanks_Large_Stones/LA_RiverBank_LargeStones_A04,11549.4,-68169.1,3308.0
Hogsmeade River,RiverBank_LargeStones_A63,LevelInstance,LV_Overland/Region/Hogwarts Valley/Hogsmeade_RiverBlockout/LI_Hogsmeade_River/Hogsmeade_RiverBlockout/RiverBank_LargeStones_A63,BC63F740-4002-57EC-761D-7F8E82EF3D86,1,DL_HOGSMEADE;DL_OVERLAND,DL_HM_EXT;DL_HOGSMEADE,LI_Hogsmeade_River,/Game/Environment/River/LI_Hogsmeade_River,/Game/Environment/River/LevelActors/RiverBanks_Large_Stones/LA_RiverBank_LargeStones_A04,11100.4,-67751.0,3357.1
Hogsmeade River,RiverBank_LargeStones_A64,LevelInstance,LV_Overland/Region/Hogwarts Valley/Hogsmeade_RiverBlockout/LI_Hogsmeade_River/Hogsmeade_RiverBlockout/RiverBank_LargeStones_A64,2FDC85AF-487B-9590-8EA4-8FA6DC27BCC6,1,DL_HOGSMEADE;DL_OVERLAND,DL_HM_EXT;DL_HOGSMEADE,LI_Hogsmeade_River,/Game/Environment/River/LI_Hogsmeade_River,/Game/Environment/River/LevelActors/RiverBanks_Large_Stones/LA_RiverBank_LargeStones_A04,10943.4,-67774.0,3363.2
Hogsmeade River,RiverBank_LargeStones_A65,LevelInstance,LV_Overland/Region/Hogwarts Valley/Hogsmeade_RiverBlockout/LI_Hogsmeade_River/Hogsmeade_RiverBlockout/RiverBank_LargeStones_A65,65C49976-4821-93DA-5397-61958696A326,1,DL_HOGSMEADE;DL_OVERLAND,DL_HM_EXT;DL_HOGSMEADE,LI_Hogsmeade_River,/Game/Environment/River/LI_Hogsmeade_River,/Game/Environment/River/LevelActors/RiverBanks_Large_Stones/LA_RiverBank_LargeStones_A04,10843.9,-67798.6,3368.3
Hogsmeade River,RiverBank_LargeStones_A66,LevelInstance,LV_Overland/Region/Hogwarts Valley/Hogsmeade_RiverBlockout/LI_Hogsmeade_River/Hogsmeade_RiverBlockout/RiverBank_LargeStones_A66,F7CE5E2A-432F-E022-0098-2A842DBC304B,1,DL_HOGSMEADE;DL_OVERLAND,DL_HM_EXT;DL_HOGSMEADE,LI_Hogsmeade_River,/Game/Environment/River/LI_Hogsmeade_River,/Game/Environment/River/LevelActors/RiverBanks_Large_Stones/LA_RiverBank_LargeStones_A04,10769.1,-67972.8,3391.1
Hogsmeade River,RiverBank_LargeStones_A67,LevelInstance,LV_Overland/Region/Hogwarts Valley/Hogsmeade_RiverBlockout/LI_Hogsmeade_River/Hogsmeade_RiverBlockout/RiverBank_LargeStones_A67,19CDFF94-44F1-44CB-A49B-5BA1B29D503A,1,DL_HOGSMEADE;DL_OVERLAND,DL_HM_EXT;DL_HOGSMEADE,LI_Hogsmeade_River,/Game/Environment/River/LI_Hogsmeade_River,/Game/Environment/River/LevelActors/RiverBanks_Large_Stones/LA_RiverBank_LargeStones_A04,11223.4,-67829.5,3353.9
Hogsmeade River,RiverBank_LargeStones_A68,LevelInstance,LV_Overland/Region/Hogwarts Valley/Hogsmeade_RiverBlockout/LI_Hogsmeade_River/Hogsmeade_RiverBlockout/RiverBank_LargeStones_A68,C538BDDA-4C77-26DC-CA05-4B84BB7436AE,1,DL_HOGSMEADE;DL_OVERLAND,DL_HM_EXT;DL_HOGSMEADE,LI_Hogsmeade_River,/Game/Environment/River/LI_Hogsmeade_River,/Game/Environment/River/LevelActors/RiverBanks_Large_Stones/LA_RiverBank_LargeStones_A04,11938.8,-68832.1,3368.9
Hogsmeade River,RiverBank_LargeStones_A69,LevelInstance,LV_Overland/Region/Hogwarts Valley/Hogsmeade_RiverBlockout/LI_Hogsmeade_River/Hogsmeade_RiverBlockout/RiverBank_LargeStones_A69,0A420AB8-4720-F866-0070-A58C44074E8D,1,DL_HOGSMEADE;DL_OVERLAND,DL_HM_EXT;DL_HOGSMEADE,LI_Hogsmeade_River,/Game/Environment/River/LI_Hogsmeade_River,/Game/Environment/River/LevelActors/RiverBanks_Large_Stones/LA_RiverBank_LargeStones_A06,12650.6,-69400.3,3329.1
Hogsmeade River,RiverBank_LargeStones_A7,LevelInstance,LV_Overland/Region/Hogwarts Valley/Hogsmeade_RiverBlockout/LI_Hogsmeade_River/Hogsmeade_RiverBlockout/RiverBank_LargeStones_A7,9E3EAE44-4550-8C7E-B129-098AC336B519,1,DL_HOGSMEADE;DL_OVERLAND,DL_HM_EXT;DL_HOGSMEADE,LI_Hogsmeade_River,/Game/Environment/River/LI_Hogsmeade_River,/Game/Environment/River/LevelActors/RiverBanks_Large_Stones/LA_RiverBank_LargeStones_A06,13075.4,-70183.8,3354.7
Hogsmeade River,RiverBank_LargeStones_A70,LevelInstance,LV_Overland/Region/Hogwarts Valley/Hogsmeade_RiverBlockout/LI_Hogsmeade_River/Hogsmeade_RiverBlockout/RiverBank_LargeStones_A70,3E73E847-484A-5274-500D-BC840ABCC86A,1,DL_HOGSMEADE;DL_OVERLAND,DL_HM_EXT;DL_HOGSMEADE,LI_Hogsmeade_River,/Game/Environment/River/LI_Hogsmeade_River,/Game/Environment/River/LevelActors/RiverBanks_Large_Stones/LA_RiverBank_LargeStones_A05,12261.4,-70881.0,3443.9
Hogsmeade River,RiverBank_LargeStones_A71,LevelInstance,LV_Overland/Region/Hogwarts Valley/Hogsmeade_RiverBlockout/LI_Hogsmeade_River/Hogsmeade_RiverBlockout/RiverBank_LargeStones_A71,8D051262-4542-FAC0-4A81-5D8F828448A6,1,DL_HOGSMEADE;DL_OVERLAND,DL_HM_EXT;DL_HOGSMEADE,LI_Hogsmeade_River,/Game/Environment/River/LI_Hogsmeade_River,/Game/Environment/River/LevelActors/RiverBanks_Large_Stones/Blockout/LA_River_LargeStones_A07,12937.0,-68071.1,3331.5
Hogsmeade River,RiverBank_LargeStones_A72,LevelInstance,LV_Overland/Region/Hogwarts Valley/Hogsmeade_RiverBlockout/LI_Hogsmeade_River/Hogsmeade_RiverBlockout/RiverBank_LargeStones_A72,0910F775-4D80-0AE5-06D5-93AA122D2E06,1,DL_HOGSMEADE;DL_OVERLAND,DL_HM_EXT;DL_HOGSMEADE,LI_Hogsmeade_River,/Game/Environment/River/LI_Hogsmeade_River,/Game/Environment/River/LevelActors/RiverBanks_Large_Stones/Blockout/LA_River_LargeStones_A07,12563.6,-68577.1,3331.5
Hogsmeade River,RiverBank_LargeStones_A73,LevelInstance,LV_Overland/Region/Hogwarts Valley/Hogsmeade_RiverBlockout/LI_Hogsmeade_River/Hogsmeade_RiverBlockout/RiverBank_LargeStones_A73,1929DEC8-483C-2293-28F2-FA9C621B558A,1,DL_HOGSMEADE;DL_OVERLAND,DL_HM_EXT;DL_HOGSMEADE,LI_Hogsmeade_River,/Game/Environment/River/LI_Hogsmeade_River,/Game/Environment/River/LevelActors/RiverBanks_Large_Stones/LA_RiverBank_LargeStones_A05,12701.8,-68359.2,3362.7
Hogsmeade River,RiverBank_LargeStones_A74,LevelInstance,LV_Overland/Region/Hogwarts Valley/Hogsmeade_RiverBlockout/LI_Hogsmeade_River/Hogsmeade_RiverBlockout/RiverBank_LargeStones_A74,2E2813C7-4A36-97C6-00C5-9596C77885EA,1,DL_HOGSMEADE;DL_OVERLAND,DL_HM_EXT;DL_HOGSMEADE,LI_Hogsmeade_River,/Game/Environment/River/LI_Hogsmeade_River,/Game/Environment/River/LevelActors/RiverBanks_Large_Stones/Blockout/LA_River_LargeStones_A07,12784.4,-70726.7,3344.7
Hogsmeade River,RiverBank_LargeStones_A75,LevelInstance,LV_Overland/Region/Hogwarts Valley/Hogsmeade_RiverBlockout/LI_Hogsmeade_River/Hogsmeade_RiverBlockout/RiverBank_LargeStones_A75,A9D3AA28-4555-1891-4436-ABA68EE20B35,1,DL_HOGSMEADE;DL_OVERLAND,DL_HM_EXT;DL_HOGSMEADE,LI_Hogsmeade_River,/Game/Environment/River/LI_Hogsmeade_River,/Game/Environment/River/LevelActors/RiverBanks_Large_Stones/Blockout/LA_River_LargeStones_A07,7194.8,-83744.5,4208.9
Hogsmeade River,RiverBank_LargeStones_A76,LevelInstance,LV_Overland/Region/Hogwarts Valley/Hogsmeade_RiverBlockout/LI_Hogsmeade_River/Hogsmeade_RiverBlockout/RiverBank_LargeStones_A76,712E2161-46BF-CD11-0367-CBA2A79756C9,1,DL_HOGSMEADE;DL_OVERLAND,DL_HM_EXT;DL_HOGSMEADE,LI_Hogsmeade_River,/Game/Environment/River/LI_Hogsmeade_River,/Game/Environment/River/LevelActors/RiverBanks_Large_Stones/Blockout/LA_River_LargeStones_A07,6874.2,-83502.6,4058.9
Hogsmeade River,RiverBank_LargeStones_A77,LevelInstance,LV_Overland/Region/Hogwarts Valley/Hogsmeade_RiverBlockout/LI_Hogsmeade_River/Hogsmeade_RiverBlockout/RiverBank_LargeStones_A77,7FCA00E9-4F10-2F18-045C-8F8E75C3DAC4,1,DL_HOGSMEADE;DL_OVERLAND,DL_HM_EXT;DL_HOGSMEADE,LI_Hogsmeade_River,/Game/Environment/River/LI_Hogsmeade_River,/Game/Environment/River/LevelActors/RiverBanks_Large_Stones/Blockout/LA_River_LargeStones_A07,7286.3,-83465.4,4058.9
Hogsmeade River,RiverBank_LargeStones_A78,LevelInstance,LV_Overland/Region/Hogwarts Valley/Hogsmeade_RiverBlockout/LI_Hogsmeade_River/Hogsmeade_RiverBlockout/RiverBank_LargeStones_A78,F91B1548-434F-6ECE-5301-22B6E766719C,1,DL_HOGSMEADE;DL_OVERLAND,DL_HM_EXT;DL_HOGSMEADE,LI_Hogsmeade_River,/Game/Environment/River/LI_Hogsmeade_River,/Game/Environment/River/LevelActors/RiverBanks_Large_Stones/Blockout/LA_River_LargeStones_A07,3884.1,-80594.7,3997.9
Hogsmeade River,RiverBank_LargeStones_A79,LevelInstance,LV_Overland/Region/Hogwarts Valley/Hogsmeade_RiverBlockout/LI_Hogsmeade_River/Hogsmeade_RiverBlockout/RiverBank_LargeStones_A79,1CD1C924-4454-94BB-F7AC-E7B40703045B,1,DL_HOGSMEADE;DL_OVERLAND,DL_HM_EXT;DL_HOGSMEADE,LI_Hogsmeade_River,/Game/Environment/River/LI_Hogsmeade_River,/Game/Environment/River/LevelActors/RiverBanks_Large_Stones/LA_RiverBank_LargeStones_A06,3553.9,-77652.5,4026.9
Hogsmeade River,RiverBank_LargeStones_A8,LevelInstance,LV_Overland/Region/Hogwarts Valley/Hogsmeade_RiverBlockout/LI_Hogsmeade_River/Hogsmeade_RiverBlockout/RiverBank_LargeStones_A8,E20E1EA5-44CB-F680-816D-B0AD87992ED6,1,DL_HOGSMEADE;DL_OVERLAND,DL_HM_EXT;DL_HOGSMEADE,LI_Hogsmeade_River,/Game/Environment/River/LI_Hogsmeade_River,/Game/Environment/River/LevelActors/RiverBanks_Large_Stones/Blockout/LA_River_LargeStones_A07,11482.5,-71513.3,3454.6
Hogsmeade River,RiverBank_LargeStones_A80,LevelInstance,LV_Overland/Region/Hogwarts Valley/Hogsmeade_RiverBlockout/LI_Hogsmeade_River/Hogsmeade_RiverBlockout/RiverBank_LargeStones_A80,CC75AC5E-4881-E119-0B4F-4282084554C0,1,DL_HOGSMEADE;DL_OVERLAND,DL_HM_EXT;DL_HOGSMEADE,LI_Hogsmeade_River,/Game/Environment/River/LI_Hogsmeade_River,/Game/Environment/River/LevelActors/RiverBanks_Large_Stones/LA_RiverBank_LargeStones_A04,3821.3,-77835.1,3996.4
Hogsmeade River,RiverBank_LargeStones_A81,LevelInstance,LV_Overland/Region/Hogwarts Valley/Hogsmeade_RiverBlockout/LI_Hogsmeade_River/Hogsmeade_RiverBlockout/RiverBank_LargeStones_A81,68E0F46C-438F-9EE2-1EE9-7C88E7D2548E,1,DL_HOGSMEADE;DL_OVERLAND,DL_HM_EXT;DL_HOGSMEADE,LI_Hogsmeade_River,/Game/Environment/River/LI_Hogsmeade_River,/Game/Environment/River/LevelActors/RiverBanks_Large_Stones/LA_RiverBank_LargeStones_A04,4227.9,-77382.8,4011.7
Hogsmeade River,RiverBank_LargeStones_A82,LevelInstance,LV_Overland/Region/Hogwarts Valley/Hogsmeade_RiverBlockout/LI_Hogsmeade_River/Hogsmeade_RiverBlockout/RiverBank_LargeStones_A82,F672073B-440C-D710-599C-7AA05AD27A31,1,DL_HOGSMEADE;DL_OVERLAND,DL_HM_EXT;DL_HOGSMEADE,LI_Hogsmeade_River,/Game/Environment/River/LI_Hogsmeade_River,/Game/Environment/River/LevelActors/RiverBanks_Large_Stones/LA_RiverBank_LargeStones_A05,3870.1,-77423.9,4063.9
Hogsmeade River,RiverBank_LargeStones_A83,LevelInstance,LV_Overland/Region/Hogwarts Valley/Hogsmeade_RiverBlockout/LI_Hogsmeade_River/Hogsmeade_RiverBlockout/RiverBank_LargeStones_A83,88101A9E-44ED-5691-F76B-8F9BC474C5DB,1,DL_HOGSMEADE;DL_OVERLAND,DL_HM_EXT;DL_HOGSMEADE,LI_Hogsmeade_River,/Game/Environment/River/LI_Hogsmeade_River,/Game/Environment/River/LevelActors/RiverBanks_Large_Stones/Blockout/LA_River_LargeStones_A07,3307.8,-78089.8,4029.9
Hogsmeade River,RiverBank_LargeStones_A84,LevelInstance,LV_Overland/Region/Hogwarts Valley/Hogsmeade_RiverBlockout/LI_Hogsmeade_River/Hogsmeade_RiverBlockout/RiverBank_LargeStones_A84,95F4DB2C-47E4-3107-7D9B-DD84DCD04F6A,1,DL_HOGSMEADE;DL_OVERLAND,DL_HM_EXT;DL_HOGSMEADE,LI_Hogsmeade_River,/Game/Environment/River/LI_Hogsmeade_River,/Game/Environment/River/LevelActors/RiverBanks_Large_Stones/LA_RiverBank_LargeStones_A04,2689.4,-78107.5,4119.7
Hogsmeade River,RiverBank_LargeStones_A85,LevelInstance,LV_Overland/Region/Hogwarts Valley/Hogsmeade_RiverBlockout/LI_Hogsmeade_River/Hogsmeade_RiverBlockout/RiverBank_LargeStones_A85,2BC5431B-42BA-AF3A-9132-8099E241E730,1,DL_HOGSMEADE;DL_OVERLAND,DL_HM_EXT;DL_HOGSMEADE,LI_Hogsmeade_River,/Game/Environment/River/LI_Hogsmeade_River,/Game/Environment/River/LevelActors/RiverBanks_Large_Stones/LA_RiverBank_LargeStones_A04,2864.8,-79185.9,4089.4
Hogsmeade River,RiverBank_LargeStones_A87,LevelInstance,LV_Overland/Region/Hogwarts Valley/Hogsmeade_RiverBlockout/LI_Hogsmeade_River/Hogsmeade_RiverBlockout/RiverBank_LargeStones_A87,3E08B252-4FA6-39D6-780D-A8ACC4232E9E,1,DL_HOGSMEADE;DL_OVERLAND,DL_HM_EXT;DL_HOGSMEADE,LI_Hogsmeade_River,/Game/Environment/River/LI_Hogsmeade_River,/Game/Environment/River/LevelActors/RiverBanks_Large_Stones/LA_RiverBank_LargeStones_A04,3874.8,-79193.3,3801.1
Hogsmeade River,RiverBank_LargeStones_A88,LevelInstance,LV_Overland/Region/Hogwarts Valley/Hogsmeade_RiverBlockout/LI_Hogsmeade_River/Hogsmeade_RiverBlockout/RiverBank_LargeStones_A88,CADF8115-44AE-43A8-767E-0882C52CD974,1,DL_HOGSMEADE;DL_OVERLAND,DL_HM_EXT;DL_HOGSMEADE,LI_Hogsmeade_River,/Game/Environment/River/LI_Hogsmeade_River,/Game/Environment/River/LevelActors/RiverBanks_Large_Stones/Blockout/LA_River_LargeStones_A07,5196.3,-82260.3,3946.9
Hogsmeade River,RiverBank_LargeStones_A89,LevelInstance,LV_Overland/Region/Hogwarts Valley/Hogsmeade_RiverBlockout/LI_Hogsmeade_River/Hogsmeade_RiverBlockout/RiverBank_LargeStones_A89,0AAB6917-43F9-0FD7-FAD3-93806655FE55,1,DL_HOGSMEADE;DL_OVERLAND,DL_HM_EXT;DL_HOGSMEADE,LI_Hogsmeade_River,/Game/Environment/River/LI_Hogsmeade_River,/Game/Environment/River/LevelActors/RiverBanks_Large_Stones/Blockout/LA_River_LargeStones_A07,5812.7,-82658.8,3987.4
Hogsmeade River,RiverBank_LargeStones_A9,LevelInstance,LV_Overland/Region/Hogwarts Valley/Hogsmeade_RiverBlockout/LI_Hogsmeade_River/Hogsmeade_RiverBlockout/RiverBank_LargeStones_A9,3543343C-448B-553C-616F-71BD6C20FD95,1,DL_HOGSMEADE;DL_OVERLAND,DL_HM_EXT;DL_HOGSMEADE,LI_Hogsmeade_River,/Game/Environment/River/LI_Hogsmeade_River,/Game/Environment/River/LevelActors/RiverBanks_Large_Stones/Blockout/LA_River_LargeStones_A07,12862.1,-69933.7,3331.4
Hogsmeade River,RiverBank_LargeStones_A90,LevelInstance,LV_Overland/Region/Hogwarts Valley/Hogsmeade_RiverBlockout/LI_Hogsmeade_River/Hogsmeade_RiverBlockout/RiverBank_LargeStones_A90,7584E275-4289-8365-2529-52B6EE5328E6,1,DL_HOGSMEADE;DL_OVERLAND,DL_HM_EXT;DL_HOGSMEADE,LI_Hogsmeade_River,/Game/Environment/River/LI_Hogsmeade_River,/Game/Environment/River/LevelActors/RiverBanks_Large_Stones/LA_RiverBank_LargeStones_A06,5593.5,-82501.9,3957.5
Hogsmeade River,RiverBank_LargeStones_A92,LevelInstance,LV_Overland/Region/Hogwarts Valley/Hogsmeade_RiverBlockout/LI_Hogsmeade_River/Hogsmeade_RiverBlockout/RiverBank_LargeStones_A92,7C4503DC-43C3-334C-CD90-2F8DA330DCA0,1,DL_HOGSMEADE;DL_OVERLAND,DL_HM_EXT;DL_HOGSMEADE,LI_Hogsmeade_River,/Game/Environment/River/LI_Hogsmeade_River,/Game/Environment/River/LevelActors/RiverBanks_Large_Stones/LA_RiverBank_LargeStones_A04,5003.0,-81347.2,3826.0
Hogsmeade River,RiverBank_LargeStones_A93,LevelInstance,LV_Overland/Region/Hogwarts Valley/Hogsmeade_RiverBlockout/LI_Hogsmeade_River/Hogsmeade_RiverBlockout/RiverBank_LargeStones_A93,BDC5459D-4F21-54C8-CB15-75B2B269BA2B,1,DL_HOGSMEADE;DL_OVERLAND,DL_HM_EXT;DL_HOGSMEADE,LI_Hogsmeade_River,/Game/Environment/River/LI_Hogsmeade_River,/Game/Environment/River/LevelActors/RiverBanks_Large_Stones/LA_RiverBank_LargeStones_A04,5563.4,-82049.7,3878.5
Hogsmeade River,RiverBank_LargeStones_A94,LevelInstance,LV_Overland/Region/Hogwarts Valley/Hogsmeade_RiverBlockout/LI_Hogsmeade_River/Hogsmeade_RiverBlockout/RiverBank_LargeStones_A94,41F3DC30-41F6-CA82-0759-69BB469A0CF4,1,DL_HOGSMEADE;DL_OVERLAND,DL_HM_EXT;DL_HOGSMEADE,LI_Hogsmeade_River,/Game/Environment/River/LI_Hogsmeade_River,/Game/Environment/River/LevelActors/RiverBanks_Large_Stones/LA_RiverBank_LargeStones_A05,4101.7,-81537.3,3943.3
Hogsmeade River,RiverBank_LargeStones_A95,LevelInstance,LV_Overland/Region/Hogwarts Valley/Hogsmeade_RiverBlockout/LI_Hogsmeade_River/Hogsmeade_RiverBlockout/RiverBank_LargeStones_A95,9F4203F2-4E4F-C8FA-7F27-9DBE23CDF04C,1,DL_HOGSMEADE;DL_OVERLAND,DL_HM_EXT;DL_HOGSMEADE,LI_Hogsmeade_River,/Game/Environment/River/LI_Hogsmeade_River,/Game/Environment/River/LevelActors/RiverBanks_Large_Stones/LA_RiverBank_LargeStones_A06,6529.2,-82338.8,3992.7
Hogsmeade River,RiverBank_LargeStones_A96,LevelInstance,LV_Overland/Region/Hogwarts Valley/Hogsmeade_RiverBlockout/LI_Hogsmeade_River/Hogsmeade_RiverBlockout/RiverBank_LargeStones_A96,DB3F72C2-43D5-0C3B-192D-6A9C423A6CA2,1,DL_HOGSMEADE;DL_OVERLAND,DL_HM_EXT;DL_HOGSMEADE,LI_Hogsmeade_River,/Game/Environment/River/LI_Hogsmeade_River,/Game/Environment/River/LevelActors/RiverBanks_Large_Stones/LA_RiverBank_LargeStones_A05,5767.9,-82269.3,3893.3
Hogsmeade River,RiverBank_LargeStones_A97,LevelInstance,LV_Overland/Region/Hogwarts Valley/Hogsmeade_RiverBlockout/LI_Hogsmeade_River/Hogsmeade_RiverBlockout/RiverBank_LargeStones_A97,81E82DDE-4876-8986-998A-81B6F74EAFED,1,DL_HOGSMEADE;DL_OVERLAND,DL_HM_EXT;DL_HOGSMEADE,LI_Hogsmeade_River,/Game/Environment/River/LI_Hogsmeade_River,/Game/Environment/River/LevelActors/RiverBanks_Large_Stones/LA_RiverBank_LargeStones_A05,6983.5,-82162.3,4059.6
Hogsmeade River,RiverBank_LargeStones_A98,LevelInstance,LV_Overland/Region/Hogwarts Valley/Hogsmeade_RiverBlockout/LI_Hogsmeade_River/Hogsmeade_RiverBlockout/RiverBank_LargeStones_A98,F16E75AA-4650-A6A0-4A52-0EA012D0BEAF,1,DL_HOGSMEADE;DL_OVERLAND,DL_HM_EXT;DL_HOGSMEADE,LI_Hogsmeade_River,/Game/Environment/River/LI_Hogsmeade_River,/Game/Environment/River/LevelActors/RiverBanks_Large_Stones/LA_RiverBank_LargeStones_A04,7246.2,-83090.4,3983.4
Hogsmeade River,RiverBank_LargeStones_A99,LevelInstance,LV_Overland/Region/Hogwarts Valley/Hogsmeade_RiverBlockout/LI_Hogsmeade_River/Hogsmeade_RiverBlockout/RiverBank_LargeStones_A99,7BED5446-4DE6-3B1B-4382-DBA9E27A7102,1,DL_HOGSMEADE;DL_OVERLAND,DL_HM_EXT;DL_HOGSMEADE,LI_Hogsmeade_River,/Game/Environment/River/LI_Hogsmeade_River,/Game/Environment/River/LevelActors/RiverBanks_Large_Stones/LA_RiverBank_LargeStones_A06,7365.9,-82883.3,3998.4
Hogsmeade River,RiverBank_SmallSharpRocks_A10,LevelInstance,LV_Overland/Region/Hogwarts Valley/Hogsmeade_RiverBlockout/LI_Hogsmeade_River/Hogsmeade_RiverBlockout/RiverBank_SmallSharpRocks_A10,BA65E31A-4D52-653C-78C0-6ABC8FBEA867,1,DL_HOGSMEADE;DL_OVERLAND,DL_HM_EXT;DL_HOGSMEADE,LI_Hogsmeade_River,/Game/Environment/River/LI_Hogsmeade_River,/Game/Environment/River/LevelActors/RiverBanks_Large_Stones/LA_RiverBank_SmallSharpRocks_A01,5307.8,-81299.3,3803.4
Hogsmeade River,RiverBank_SmallSharpRocks_A11,LevelInstance,LV_Overland/Region/Hogwarts Valley/Hogsmeade_RiverBlockout/LI_Hogsmeade_River/Hogsmeade_RiverBlockout/RiverBank_SmallSharpRocks_A11,C1A2A614-4021-0719-8FEF-0BBD6C273A87,1,DL_HOGSMEADE;DL_OVERLAND,DL_HM_EXT;DL_HOGSMEADE,LI_Hogsmeade_River,/Game/Environment/River/LI_Hogsmeade_River,/Game/Environment/River/LevelActors/RiverBanks_Large_Stones/LA_RiverBank_SmallSharpRocks_A01,8890.6,-85059.6,4658.1
Hogsmeade River,RiverBank_SmallSharpRocks_A12,LevelInstance,LV_Overland/Region/Hogwarts Valley/Hogsmeade_RiverBlockout/LI_Hogsmeade_River/Hogsmeade_RiverBlockout/RiverBank_SmallSharpRocks_A12,EAE469BA-40EC-36A0-A013-EC9CBA713F0C,1,DL_HOGSMEADE;DL_OVERLAND,DL_HM_EXT;DL_HOGSMEADE,LI_Hogsmeade_River,/Game/Environment/River/LI_Hogsmeade_River,/Game/Environment/River/LevelActors/RiverBanks_Large_Stones/LA_RiverBank_SmallSharpRocks_A01,9454.4,-85853.2,5010.3
Hogsmeade River,RiverBank_SmallSharpRocks_A2,LevelInstance,LV_Overland/Region/Hogwarts Valley/Hogsmeade_RiverBlockout/LI_Hogsmeade_River/Hogsmeade_RiverBlockout/RiverBank_SmallSharpRocks_A2,E078706A-4759-8470-FA55-ABBEF3975E87,1,DL_HOGSMEADE;DL_OVERLAND,DL_HM_EXT;DL_HOGSMEADE,LI_Hogsmeade_River,/Game/Environment/River/LI_Hogsmeade_River,/Game/Environment/River/LevelActors/RiverBanks_Large_Stones/LA_RiverBank_SmallSharpRocks_A01,5470.0,-81759.5,3844.0
Hogsmeade River,RiverBank_SmallSharpRocks_A3,LevelInstance,LV_Overland/Region/Hogwarts Valley/Hogsmeade_RiverBlockout/LI_Hogsmeade_River/Hogsmeade_RiverBlockout/RiverBank_SmallSharpRocks_A3,5E02A7C8-452A-EDA1-36AC-0E8864E46908,1,DL_HOGSMEADE;DL_OVERLAND,DL_HM_EXT;DL_HOGSMEADE,LI_Hogsmeade_River,/Game/Environment/River/LI_Hogsmeade_River,/Game/Environment/River/LevelActors/RiverBanks_Large_Stones/LA_RiverBank_SmallSharpRocks_A01,3743.4,-78215.6,3903.8
Hogsmeade River,RiverBank_SmallSharpRocks_A4,LevelInstance,LV_Overland/Region/Hogwarts Valley/Hogsmeade_RiverBlockout/LI_Hogsmeade_River/Hogsmeade_RiverBlockout/RiverBank_SmallSharpRocks_A4,0DC3CC01-45FD-C3AA-50F7-60B670C96407,1,DL_HOGSMEADE;DL_OVERLAND,DL_HM_EXT;DL_HOGSMEADE,LI_Hogsmeade_River,/Game/Environment/River/LI_Hogsmeade_River,/Game/Environment/River/LevelActors/RiverBanks_Large_Stones/LA_RiverBank_SmallSharpRocks_A01,5750.7,-82259.8,3892.5
Hogsmeade River,RiverBank_SmallSharpRocks_A5,LevelInstance,LV_Overland/Region/Hogwarts Valley/Hogsmeade_RiverBlockout/LI_Hogsmeade_River/Hogsmeade_RiverBlockout/RiverBank_SmallSharpRocks_A5,94CBBED4-4704-8D73-D976-11A53C290B45,1,DL_HOGSMEADE;DL_OVERLAND,DL_HM_EXT;DL_HOGSMEADE,LI_Hogsmeade_River,/Game/Environment/River/LI_Hogsmeade_River,/Game/Environment/River/LevelActors/RiverBanks_Large_Stones/LA_RiverBank_SmallSharpRocks_A01,3401.3,-78302.8,3938.5
Hogsmeade River,RiverBank_SmallSharpRocks_A6,LevelInstance,LV_Overland/Region/Hogwarts Valley/Hogsmeade_RiverBlockout/LI_Hogsmeade_River/Hogsmeade_RiverBlockout/RiverBank_SmallSharpRocks_A6,991A8759-4514-45A3-BB1F-2C8675794DBE,1,DL_HOGSMEADE;DL_OVERLAND,DL_HM_EXT;DL_HOGSMEADE,LI_Hogsmeade_River,/Game/Environment/River/LI_Hogsmeade_River,/Game/Environment/River/LevelActors/RiverBanks_Large_Stones/LA_RiverBank_SmallSharpRocks_A01,3118.0,-78566.2,3944.8
Hogsmeade River,RiverBank_SmallSharpRocks_A7,LevelInstance,LV_Overland/Region/Hogwarts Valley/Hogsmeade_RiverBlockout/LI_Hogsmeade_River/Hogsmeade_RiverBlockout/RiverBank_SmallSharpRocks_A7,1E1A63E0-4B7F-C9DB-B41F-33A5CE6C1883,1,DL_HOGSMEADE;DL_OVERLAND,DL_HM_EXT;DL_HOGSMEADE,LI_Hogsmeade_River,/Game/Environment/River/LI_Hogsmeade_River,/Game/Environment/River/LevelActors/RiverBanks_Large_Stones/LA_RiverBank_SmallSharpRocks_A01,4522.0,-78427.6,3758.7
Hogsmeade River,RiverBank_SmallSharpRocks_A8,LevelInstance,LV_Overland/Region/Hogwarts Valley/Hogsmeade_RiverBlockout/LI_Hogsmeade_River/Hogsmeade_RiverBlockout/RiverBank_SmallSharpRocks_A8,90DF0C81-4945-9E6B-9CA5-0BA2D12A2B67,1,DL_HOGSMEADE;DL_OVERLAND,DL_HM_EXT;DL_HOGSMEADE,LI_Hogsmeade_River,/Game/Environment/River/LI_Hogsmeade_River,/Game/Environment/River/LevelActors/RiverBanks_Large_Stones/LA_RiverBank_SmallSharpRocks_A01,5044.8,-78268.0,3770.4
Hogsmeade River,RiverBank_SmallSharpRocks_A9,LevelInstance,LV_Overland/Region/Hogwarts Valley/Hogsmeade_RiverBlockout/LI_Hogsmeade_River/Hogsmeade_RiverBlockout/RiverBank_SmallSharpRocks_A9,C267B040-479E-B7FD-A710-E689488B57E8,1,DL_HOGSMEADE;DL_OVERLAND,DL_HM_EXT;DL_HOGSMEADE,LI_Hogsmeade_River,/Game/Environment/River/LI_Hogsmeade_River,/Game/Environment/River/LevelActors/RiverBanks_Large_Stones/LA_RiverBank_SmallSharpRocks_A01,5238.5,-78108.4,3805.3
Hogsmeade River,RiverBank_Verticle_A26,LevelInstance,LV_Overland/Region/Hogwarts Valley/Hogsmeade_RiverBlockout/LI_Hogsmeade_River/Hogsmeade_RiverBlockout/RiverBank_Verticle_A26,152F765A-4902-49FE-1212-71BABC08326C,1,DL_HOGSMEADE;DL_OVERLAND,DL_HM_EXT;DL_HOGSMEADE,LI_Hogsmeade_River,/Game/Environment/River/LI_Hogsmeade_River,/Game/Environment/River/LevelActors/RiverBanks_Large_Stones/LA_RiverBank_Verticle_A01,11428.4,-69117.1,3594.2
Hogsmeade River,RiverBank_Verticle_A27,LevelInstance,LV_Overland/Region/Hogwarts Valley/Hogsmeade_RiverBlockout/LI_Hogsmeade_River/Hogsmeade_RiverBlockout/RiverBank_Verticle_A27,057E935F-40DC-0D9E-2259-E382FDBFDD0B,1,DL_HOGSMEADE;DL_OVERLAND,DL_HM_EXT;DL_HOGSMEADE,LI_Hogsmeade_River,/Game/Environment/River/LI_Hogsmeade_River,/Game/Environment/River/LevelActors/RiverBanks_Large_Stones/LA_RiverBank_Verticle_A01,11431.9,-68865.6,3567.0
Hogsmeade River,RiverBank_Verticle_A28,LevelInstance,LV_Overland/Region/Hogwarts Valley/Hogsmeade_RiverBlockout/LI_Hogsmeade_River/Hogsmeade_RiverBlockout/RiverBank_Verticle_A28,2F7C16D2-45A7-2A3B-A048-EE894143C5C1,1,DL_HOGSMEADE;DL_OVERLAND,DL_HM_EXT;DL_HOGSMEADE,LI_Hogsmeade_River,/Game/Environment/River/LI_Hogsmeade_River,/Game/Environment/River/LevelActors/RiverBanks_Large_Stones/LA_RiverBank_Verticle_A01,11245.9,-68682.0,3526.9
Hogsmeade River,RiverBank_Verticle_A29,LevelInstance,LV_Overland/Region/Hogwarts Valley/Hogsmeade_RiverBlockout/LI_Hogsmeade_River/Hogsmeade_RiverBlockout/RiverBank_Verticle_A29,3C43B5AF-43FE-1F58-B49F-0D8832C96C97,1,DL_HOGSMEADE;DL_OVERLAND,DL_HM_EXT;DL_HOGSMEADE,LI_Hogsmeade_River,/Game/Environment/River/LI_Hogsmeade_River,/Game/Environment/River/LevelActors/RiverBanks_Large_Stones/LA_RiverBank_Verticle_A01,11059.2,-68510.3,3526.9
Hogsmeade River,RiverBank_Verticle_A30,LevelInstance,LV_Overland/Region/Hogwarts Valley/Hogsmeade_RiverBlockout/LI_Hogsmeade_River/Hogsmeade_RiverBlockout/RiverBank_Verticle_A30,478D9D2B-4F28-CBE9-5C4F-4FB16C0B8771,1,DL_HOGSMEADE;DL_OVERLAND,DL_HM_EXT;DL_HOGSMEADE,LI_Hogsmeade_River,/Game/Environment/River/LI_Hogsmeade_River,/Game/Environment/River/LevelActors/RiverBanks_Large_Stones/LA_RiverBank_Verticle_A01,11255.8,-68941.6,3587.4
Hogsmeade River,RiverBank_Verticle_A31,LevelInstance,LV_Overland/Region/Hogwarts Valley/Hogsmeade_RiverBlockout/LI_Hogsmeade_River/Hogsmeade_RiverBlockout/RiverBank_Verticle_A31,C1D5BCFF-4D31-0957-2718-B7BE203E1C42,1,DL_HOGSMEADE;DL_OVERLAND,DL_HM_EXT;DL_HOGSMEADE,LI_Hogsmeade_River,/Game/Environment/River/LI_Hogsmeade_River,/Game/Environment/River/LevelActors/RiverBanks_Large_Stones/LA_RiverBank_Verticle_A01,11129.8,-68732.8,3571.0
Hogsmeade River,RiverBank_Verticle_A32,LevelInstance,LV_Overland/Region/Hogwarts Valley/Hogsmeade_RiverBlockout/LI_Hogsmeade_River/Hogsmeade_RiverBlockout/RiverBank_Verticle_A32,B6D73C79-4A47-05C5-D1B8-07AC6499D707,1,DL_HOGSMEADE;DL_OVERLAND,DL_HM_EXT;DL_HOGSMEADE,LI_Hogsmeade_River,/Game/Environment/River/LI_Hogsmeade_River,/Game/Environment/River/LevelActors/RiverBanks_Large_Stones/LA_RiverBank_Verticle_A01,11605.7,-67640.4,3448.5
Hogsmeade River,RiverBank_Verticle_A33,LevelInstance,LV_Overland/Region/Hogwarts Valley/Hogsmeade_RiverBlockout/LI_Hogsmeade_River/Hogsmeade_RiverBlockout/RiverBank_Verticle_A33,1D14D0EC-4FF6-FE8E-DF32-668D4A734342,1,DL_HOGSMEADE;DL_OVERLAND,DL_HM_EXT;DL_HOGSMEADE,LI_Hogsmeade_River,/Game/Environment/River/LI_Hogsmeade_River,/Game/Environment/River/LevelActors/RiverBanks_Large_Stones/LA_RiverBank_Verticle_A01,11423.5,-67592.4,3448.5
Hogsmeade River,RiverBank_Verticle_A34,LevelInstance,LV_Overland/Region/Hogwarts Valley/Hogsmeade_RiverBlockout/LI_Hogsmeade_River/Hogsmeade_RiverBlockout/RiverBank_Verticle_A34,3FB7F51C-42FE-A9A0-510F-8E943791B6BE,1,DL_HOGSMEADE;DL_OVERLAND,DL_HM_EXT;DL_HOGSMEADE,LI_Hogsmeade_River,/Game/Environment/River/LI_Hogsmeade_River,/Game/Environment/River/LevelActors/RiverBanks_Large_Stones/LA_RiverBank_Verticle_A01,11228.7,-67653.8,3366.9
Hogsmeade River,RiverBank_Verticle_A35,LevelInstance,LV_Overland/Region/Hogwarts Valley/Hogsmeade_RiverBlockout/LI_Hogsmeade_River/Hogsmeade_RiverBlockout/RiverBank_Verticle_A35,F88DD31F-4E3D-1F93-6A76-5EB70210815F,1,DL_HOGSMEADE;DL_OVERLAND,DL_HM_EXT;DL_HOGSMEADE,LI_Hogsmeade_River,/Game/Environment/River/LI_Hogsmeade_River,/Game/Environment/River/LevelActors/RiverBanks_Large_Stones/LA_RiverBank_Verticle_A01,10962.8,-68300.8,3423.3
Hogsmeade River,RiverBank_Verticle_A36,LevelInstance,LV_Overland/Region/Hogwarts Valley/Hogsmeade_RiverBlockout/LI_Hogsmeade_River/Hogsmeade_RiverBlockout/RiverBank_Verticle_A36,2286947D-40B4-9830-76C9-E48AAD0751E2,1,DL_HOGSMEADE;DL_OVERLAND,DL_HM_EXT;DL_HOGSMEADE,LI_Hogsmeade_River,/Game/Environment/River/LI_Hogsmeade_River,/Game/Environment/River/LevelActors/RiverBanks_Large_Stones/LA_RiverBank_Verticle_A01,10753.6,-68220.7,3399.2
Hogsmeade River,RiverBank_Verticle_A37,LevelInstance,LV_Overland/Region/Hogwarts Valley/Hogsmeade_RiverBlockout/LI_Hogsmeade_River/Hogsmeade_RiverBlockout/RiverBank_Verticle_A37,3BAC81BD-4169-83A7-6225-20856A09B0D6,1,DL_HOGSMEADE;DL_OVERLAND,DL_HM_EXT;DL_HOGSMEADE,LI_Hogsmeade_River,/Game/Environment/River/LI_Hogsmeade_River,/Game/Environment/River/LevelActors/RiverBanks_Large_Stones/LA_RiverBank_Verticle_A01,10836.7,-68416.5,3471.4
Hogsmeade River,RiverBank_Verticle_A38,LevelInstance,LV_Overland/Region/Hogwarts Valley/Hogsmeade_RiverBlockout/LI_Hogsmeade_River/Hogsmeade_RiverBlockout/RiverBank_Verticle_A38,7EA4DA34-4663-EF83-2016-2AA2C040073C,1,DL_HOGSMEADE;DL_OVERLAND,DL_HM_EXT;DL_HOGSMEADE,LI_Hogsmeade_River,/Game/Environment/River/LI_Hogsmeade_River,/Game/Environment/River/LevelActors/RiverBanks_Large_Stones/LA_RiverBank_Verticle_A01,10958.8,-67619.0,3366.9
Hogsmeade River,RiverBank_Verticle_A39,LevelInstance,LV_Overland/Region/Hogwarts Valley/Hogsmeade_RiverBlockout/LI_Hogsmeade_River/Hogsmeade_RiverBlockout/RiverBank_Verticle_A39,FD7D257F-443C-8BC5-0849-E784CA727876,1,DL_HOGSMEADE;DL_OVERLAND,DL_HM_EXT;DL_HOGSMEADE,LI_Hogsmeade_River,/Game/Environment/River/LI_Hogsmeade_River,/Game/Environment/River/LevelActors/RiverBanks_Large_Stones/LA_RiverBank_Verticle_A01,10701.4,-67691.7,3366.9
Hogsmeade River,RiverBank_Verticle_A40,LevelInstance,LV_Overland/Region/Hogwarts Valley/Hogsmeade_RiverBlockout/LI_Hogsmeade_River/Hogsmeade_RiverBlockout/RiverBank_Verticle_A40,E0A22E01-48E2-4353-EAC4-1A8C2AF0675C,1,DL_HOGSMEADE;DL_OVERLAND,DL_HM_EXT;DL_HOGSMEADE,LI_Hogsmeade_River,/Game/Environment/River/LI_Hogsmeade_River,/Game/Environment/River/LevelActors/RiverBanks_Large_Stones/LA_RiverBank_Verticle_A01,10597.2,-68012.9,3371.5
Hogsmeade River,RiverBank_Verticle_A41,LevelInstance,LV_Overland/Region/Hogwarts Valley/Hogsmeade_RiverBlockout/LI_Hogsmeade_River/Hogsmeade_RiverBlockout/RiverBank_Verticle_A41,316E8962-4DB2-0EC3-48F1-859EFB49BCF9,1,DL_HOGSMEADE;DL_OVERLAND,DL_HM_EXT;DL_HOGSMEADE,LI_Hogsmeade_River,/Game/Environment/River/LI_Hogsmeade_River,/Game/Environment/River/LevelActors/RiverBanks_Large_Stones/LA_RiverBank_Verticle_A01,10571.8,-67822.2,3347.5
Hogsmeade River,RiverBank_Verticle_A42,LevelInstance,LV_Overland/Region/Hogwarts Valley/Hogsmeade_RiverBlockout/LI_Hogsmeade_River/Hogsmeade_RiverBlockout/RiverBank_Verticle_A42,E8D2CC8D-48C2-73BE-216E-44A7DB875DF7,1,DL_HOGSMEADE;DL_OVERLAND,DL_HM_EXT;DL_HOGSMEADE,LI_Hogsmeade_River,/Game/Environment/River/LI_Hogsmeade_River,/Game/Environment/River/LevelActors/RiverBanks_Large_Stones/LA_RiverBank_Verticle_A01,11453.5,-69326.6,3594.2
Hogsmeade River,RiverBank_Verticle_A46,LevelInstance,LV_Overland/Region/Hogwarts Valley/Hogsmeade_RiverBlockout/LI_Hogsmeade_River/Hogsmeade_RiverBlockout/RiverBank_Verticle_A46,3E33BBFE-4A89-2F60-663E-9C996129FCC7,1,DL_HOGSMEADE;DL_OVERLAND,DL_HM_EXT;DL_HOGSMEADE,LI_Hogsmeade_River,/Game/Environment/River/LI_Hogsmeade_River,/Game/Environment/River/LevelActors/RiverBanks_Large_Stones/LA_RiverBank_Verticle_A01,11801.8,-67556.3,3454.9
Hogsmeade River,RiverBank_Verticle_A47,LevelInstance,LV_Overland/Region/Hogwarts Valley/Hogsmeade_RiverBlockout/LI_Hogsmeade_River/Hogsmeade_RiverBlockout/RiverBank_Verticle_A47,E23CC850-4066-AABD-8AD0-1BB12AE7BECB,1,DL_HOGSMEADE;DL_OVERLAND,DL_HM_EXT;DL_HOGSMEADE,LI_Hogsmeade_River,/Game/Environment/River/LI_Hogsmeade_River,/Game/Environment/River/LevelActors/RiverBanks_Large_Stones/LA_RiverBank_Verticle_A01,12098.5,-67350.8,3454.9
Hogsmeade River,RiverBank_Verticle_A48,LevelInstance,LV_Overland/Region/Hogwarts Valley/Hogsmeade_RiverBlockout/LI_Hogsmeade_River/Hogsmeade_RiverBlockout/RiverBank_Verticle_A48,3DD9B145-4839-5C9A-7C42-D5868588DD2E,1,DL_HOGSMEADE;DL_OVERLAND,DL_HM_EXT;DL_HOGSMEADE,LI_Hogsmeade_River,/Game/Environment/River/LI_Hogsmeade_River,/Game/Environment/River/LevelActors/RiverBanks_Large_Stones/LA_RiverBank_Verticle_A01,12135.5,-67130.0,3462.5
Hogsmeade River,RiverBank_Verticle_A49,LevelInstance,LV_Overland/Region/Hogwarts Valley/Hogsmeade_RiverBlockout/LI_Hogsmeade_River/Hogsmeade_RiverBlockout/RiverBank_Verticle_A49,B91D3877-4CF0-5C72-5DA3-7EAA345EF918,1,DL_HOGSMEADE;DL_OVERLAND,DL_HM_EXT;DL_HOGSMEADE,LI_Hogsmeade_River,/Game/Environment/River/LI_Hogsmeade_River,/Game/Environment/River/LevelActors/RiverBanks_Large_Stones/LA_RiverBank_Verticle_A01,11876.4,-67401.3,3476.9
Hogsmeade River,RiverBank_Verticle_A50,LevelInstance,LV_Overland/Region/Hogwarts Valley/Hogsmeade_RiverBlockout/LI_Hogsmeade_River/Hogsmeade_RiverBlockout/RiverBank_Verticle_A50,6E8E7997-4465-C957-375F-7CA2AE76A318,1,DL_HOGSMEADE;DL_OVERLAND,DL_HM_EXT;DL_HOGSMEADE,LI_Hogsmeade_River,/Game/Environment/River/LI_Hogsmeade_River,/Game/Environment/River/LevelActors/RiverBanks_Large_Stones/LA_RiverBank_Verticle_A01,12467.0,-66912.3,3485.7
Hogsmeade River,RiverBank_Verticle_A51,LevelInstance,LV_Overland/Region/Hogwarts Valley/Hogsmeade_RiverBlockout/LI_Hogsmeade_River/Hogsmeade_RiverBlockout/RiverBank_Verticle_A51,655F1EE9-4D95-8A38-9A27-1780E2EE506E,1,DL_HOGSMEADE;DL_OVERLAND,DL_HM_EXT;DL_HOGSMEADE,LI_Hogsmeade_River,/Game/Environment/River/LI_Hogsmeade_River,/Game/Environment/River/LevelActors/RiverBanks_Large_Stones/LA_RiverBank_Verticle_A01,12240.2,-66926.8,3482.8
Hogsmeade River,RiverBank_Verticle_A52,LevelInstance,LV_Overland/Region/Hogwarts Valley/Hogsmeade_RiverBlockout/LI_Hogsmeade_River/Hogsmeade_RiverBlockout/RiverBank_Verticle_A52,6C67060F-4FAC-BC5F-0024-61B39F53E951,1,DL_HOGSMEADE;DL_OVERLAND,DL_HM_EXT;DL_HOGSMEADE,LI_Hogsmeade_River,/Game/Environment/River/LI_Hogsmeade_River,/Game/Environment/River/LevelActors/RiverBanks_Large_Stones/LA_RiverBank_Verticle_A01,12311.7,-66824.6,3494.0
Hogsmeade River,RiverBank_Verticle_A53,LevelInstance,LV_Overland/Region/Hogwarts Valley/Hogsmeade_RiverBlockout/LI_Hogsmeade_River/Hogsmeade_RiverBlockout/RiverBank_Verticle_A53,CAF6C000-48E3-7537-4DB6-F09BB468482C,1,DL_HOGSMEADE;DL_OVERLAND,DL_HM_EXT;DL_HOGSMEADE,LI_Hogsmeade_River,/Game/Environment/River/LI_Hogsmeade_River,/Game/Environment/River/LevelActors/RiverBanks_Large_Stones/LA_RiverBank_Verticle_A01,12640.6,-66859.7,3512.3
Hogsmeade River,RiverBank_Verticle_A54,LevelInstance,LV_Overland/Region/Hogwarts Valley/Hogsmeade_RiverBlockout/LI_Hogsmeade_River/Hogsmeade_RiverBlockout/RiverBank_Verticle_A54,2AD7AD55-4166-6816-05F3-C786A5D72D44,1,DL_HOGSMEADE;DL_OVERLAND,DL_HM_EXT;DL_HOGSMEADE,LI_Hogsmeade_River,/Game/Environment/River/LI_Hogsmeade_River,/Game/Environment/River/LevelActors/RiverBanks_Large_Stones/LA_RiverBank_Verticle_A01,12936.9,-66849.7,3512.3
Hogsmeade River,WaterFall_A01,LevelInstance,LV_Overland/Region/Hogwarts Valley/Hogsmeade_RiverBlockout/LI_Hogsmeade_River/Hogsmeade_RiverBlockout/WaterFall_A01,97D9FBBC-4723-C7D7-71C5-659B841264E1,1,DL_HOGSMEADE;DL_OVERLAND,DL_HM_EXT;DL_HOGSMEADE,LI_Hogsmeade_River,/Game/Environment/River/LI_Hogsmeade_River,/Game/Environment/River/LevelActors/RiverBanks_Large_Stones/Blockout/LA_WaterFall_A01,14150.8,-86195.5,5419.5
Hogsmeade River,WaterFall_A10,LevelInstance,LV_Overland/Region/Hogwarts Valley/Hogsmeade_RiverBlockout/LI_Hogsmeade_River/Hogsmeade_RiverBlockout/WaterFall_A10,ED7ADBC7-4E1F-EEA6-83CA-42BBB502048E,1,DL_HOGSMEADE;DL_OVERLAND,DL_HM_EXT;DL_HOGSMEADE,LI_Hogsmeade_River,/Game/Environment/River/LI_Hogsmeade_River,/Game/Environment/River/LevelActors/RiverBanks_Large_Stones/Blockout/LA_WaterFall_A01,7917.7,-84372.2,4578.9
Hogsmeade River,WaterFall_A11,LevelInstance,LV_Overland/Region/Hogwarts Valley/Hogsmeade_RiverBlockout/LI_Hogsmeade_River/Hogsmeade_RiverBlockout/WaterFall_A11,86A7BC0A-411C-382F-D214-7592F9D85A1C,1,DL_HOGSMEADE;DL_OVERLAND,DL_HM_EXT;DL_HOGSMEADE,LI_Hogsmeade_River,/Game/Environment/River/LI_Hogsmeade_River,/Game/Environment/River/LevelActors/RiverBanks_Large_Stones/Blockout/LA_WaterFall_A01,8233.0,-84248.9,4582.2
Hogsmeade River,WaterFall_A12,LevelInstance,LV_Overland/Region/Hogwarts Valley/Hogsmeade_RiverBlockout/LI_Hogsmeade_River/Hogsmeade_RiverBlockout/WaterFall_A12,D5A5E6AF-46F4-DCB6-5FDE-B993E77A51BF,1,DL_HOGSMEADE;DL_OVERLAND,DL_HM_EXT;DL_HOGSMEADE,LI_Hogsmeade_River,/Game/Environment/River/LI_Hogsmeade_River,/Game/Environment/River/LevelActors/RiverBanks_Large_Stones/Blockout/LA_WaterFall_A01,8361.9,-83921.2,4579.6
Hogsmeade River,WaterFall_A13,LevelInstance,LV_Overland/Region/Hogwarts Valley/Hogsmeade_RiverBlockout/LI_Hogsmeade_River/Hogsmeade_RiverBlockout/WaterFall_A13,E7966EBA-4A0E-BEB2-E7EC-AC84BE2678F1,1,DL_HOGSMEADE;DL_OVERLAND,DL_HM_EXT;DL_HOGSMEADE,LI_Hogsmeade_River,/Game/Environment/River/LI_Hogsmeade_River,/Game/Environment/River/LevelActors/RiverBanks_Large_Stones/Blockout/LA_WaterFall_A01,7987.7,-84128.1,4439.5
Hogsmeade River,WaterFall_A14,LevelInstance,LV_Overland/Region/Hogwarts Valley/Hogsmeade_RiverBlockout/LI_Hogsmeade_River/Hogsmeade_RiverBlockout/WaterFall_A14,C8504062-48AB-C3C1-EC97-81B02318C99C,1,DL_HOGSMEADE;DL_OVERLAND,DL_HM_EXT;DL_HOGSMEADE,LI_Hogsmeade_River,/Game/Environment/River/LI_Hogsmeade_River,/Game/Environment/River/LevelActors/RiverBanks_Large_Stones/Blockout/LA_WaterFall_A01,9371.9,-85387.5,4650.6
Hogsmeade River,WaterFall_A15,LevelInstance,LV_Overland/Region/Hogwarts Valley/Hogsmeade_RiverBlockout/LI_Hogsmeade_River/Hogsmeade_RiverBlockout/WaterFall_A15,CBA3541A-4525-E936-AD8D-C283F939F8FF,1,DL_HOGSMEADE;DL_OVERLAND,DL_HM_EXT;DL_HOGSMEADE,LI_Hogsmeade_River,/Game/Environment/River/LI_Hogsmeade_River,/Game/Environment/River/LevelActors/RiverBanks_Large_Stones/Blockout/LA_WaterFall_A01,9596.7,-85046.4,4689.5
Hogsmeade River,WaterFall_A16,LevelInstance,LV_Overland/Region/Hogwarts Valley/Hogsmeade_RiverBlockout/LI_Hogsmeade_River/Hogsmeade_RiverBlockout/WaterFall_A16,78169EE5-4B3E-97EC-F2FD-899D6805035E,1,DL_HOGSMEADE;DL_OVERLAND,DL_HM_EXT;DL_HOGSMEADE,LI_Hogsmeade_River,/Game/Environment/River/LI_Hogsmeade_River,/Game/Environment/River/LevelActors/RiverBanks_Large_Stones/Blockout/LA_WaterFall_A01,9372.6,-84699.6,4686.3
Hogsmeade River,WaterFall_A17,LevelInstance,LV_Overland/Region/Hogwarts Valley/Hogsmeade_RiverBlockout/LI_Hogsmeade_River/Hogsmeade_RiverBlockout/WaterFall_A17,FEEB9ED1-45C3-8E60-4EB7-3BB354578BD7,1,DL_HOGSMEADE;DL_OVERLAND,DL_HM_EXT;DL_HOGSMEADE,LI_Hogsmeade_River,/Game/Environment/River/LI_Hogsmeade_River,/Game/Environment/River/LevelActors/RiverBanks_Large_Stones/Blockout/LA_WaterFall_A01,9004.3,-85540.1,4904.6
Hogsmeade River,WaterFall_A18,LevelInstance,LV_Overland/Region/Hogwarts Valley/Hogsmeade_RiverBlockout/LI_Hogsmeade_River/Hogsmeade_RiverBlockout/WaterFall_A18,D7A61102-44AC-E3BD-0793-3BA040A9EC43,1,DL_HOGSMEADE;DL_OVERLAND,DL_HM_EXT;DL_HOGSMEADE,LI_Hogsmeade_River,/Game/Environment/River/LI_Hogsmeade_River,/Game/Environment/River/LevelActors/RiverBanks_Large_Stones/Blockout/LA_WaterFall_A01,9461.3,-85639.4,4904.0
Hogsmeade River,WaterFall_A19,LevelInstance,LV_Overland/Region/Hogwarts Valley/Hogsmeade_RiverBlockout/LI_Hogsmeade_River/Hogsmeade_RiverBlockout/WaterFall_A19,F41A7F90-45E4-0609-6F3D-4295DAC7C258,1,DL_HOGSMEADE;DL_OVERLAND,DL_HM_EXT;DL_HOGSMEADE,LI_Hogsmeade_River,/Game/Environment/River/LI_Hogsmeade_River,/Game/Environment/River/LevelActors/RiverBanks_Large_Stones/Blockout/LA_WaterFall_A01,9852.7,-85315.0,4893.9
Hogsmeade River,WaterFall_A2,LevelInstance,LV_Overland/Region/Hogwarts Valley/Hogsmeade_RiverBlockout/LI_Hogsmeade_River/Hogsmeade_RiverBlockout/WaterFall_A2,991EABC6-467E-4E63-EF77-CF8FBA51131F,1,DL_HOGSMEADE;DL_OVERLAND,DL_HM_EXT;DL_HOGSMEADE,LI_Hogsmeade_River,/Game/Environment/River/LI_Hogsmeade_River,/Game/Environment/River/LevelActors/RiverBanks_Large_Stones/Blockout/LA_WaterFall_A01,10961.2,-71877.2,3408.0
Hogsmeade River,WaterFall_A20,LevelInstance,LV_Overland/Region/Hogwarts Valley/Hogsmeade_RiverBlockout/LI_Hogsmeade_River/Hogsmeade_RiverBlockout/WaterFall_A20,7980B8B7-47E2-396C-77BA-7DA8776D14CE,1,DL_HOGSMEADE;DL_OVERLAND,DL_HM_EXT;DL_HOGSMEADE,LI_Hogsmeade_River,/Game/Environment/River/LI_Hogsmeade_River,/Game/Environment/River/LevelActors/RiverBanks_Large_Stones/Blockout/LA_WaterFall_A01,10088.9,-86208.5,5043.1
Hogsmeade River,WaterFall_A21,LevelInstance,LV_Overland/Region/Hogwarts Valley/Hogsmeade_RiverBlockout/LI_Hogsmeade_River/Hogsmeade_RiverBlockout/WaterFall_A21,0584FF1A-413A-8017-1057-9CA80A3A0CF9,1,DL_HOGSMEADE;DL_OVERLAND,DL_HM_EXT;DL_HOGSMEADE,LI_Hogsmeade_River,/Game/Environment/River/LI_Hogsmeade_River,/Game/Environment/River/LevelActors/RiverBanks_Large_Stones/Blockout/LA_WaterFall_A01,10618.3,-86119.4,5043.1
Hogsmeade River,WaterFall_A22,LevelInstance,LV_Overland/Region/Hogwarts Valley/Hogsmeade_RiverBlockout/LI_Hogsmeade_River/Hogsmeade_RiverBlockout/WaterFall_A22,82608F0D-46E1-EB65-F200-DEA85982F1E1,1,DL_HOGSMEADE;DL_OVERLAND,DL_HM_EXT;DL_HOGSMEADE,LI_Hogsmeade_River,/Game/Environment/River/LI_Hogsmeade_River,/Game/Environment/River/LevelActors/RiverBanks_Large_Stones/Blockout/LA_WaterFall_A01,8191.7,-73668.0,3633.8
Hogsmeade River,WaterFall_A23,LevelInstance,LV_Overland/Region/Hogwarts Valley/Hogsmeade_RiverBlockout/LI_Hogsmeade_River/Hogsmeade_RiverBlockout/WaterFall_A23,4F214CFF-4B97-6252-959B-15B5C61F3292,1,DL_HOGSMEADE;DL_OVERLAND,DL_HM_EXT;DL_HOGSMEADE,LI_Hogsmeade_River,/Game/Environment/River/LI_Hogsmeade_River,/Game/Environment/River/LevelActors/RiverBanks_Large_Stones/Blockout/LA_WaterFall_A01,8660.6,-73751.9,3679.4
Hogsmeade River,WaterFall_A24,LevelInstance,LV_Overland/Region/Hogwarts Valley/Hogsmeade_RiverBlockout/LI_Hogsmeade_River/Hogsmeade_RiverBlockout/WaterFall_A24,5132A430-4DE7-3E03-AC53-AE8FAB6D9079,1,DL_HOGSMEADE;DL_OVERLAND,DL_HM_EXT;DL_HOGSMEADE,LI_Hogsmeade_River,/Game/Environment/River/LI_Hogsmeade_River,/Game/Environment/River/LevelActors/RiverBanks_Large_Stones/Blockout/LA_WaterFall_A01,8920.5,-73700.2,3689.6
Hogsmeade River,WaterFall_A25,LevelInstance,LV_Overland/Region/Hogwarts Valley/Hogsmeade_RiverBlockout/LI_Hogsmeade_River/Hogsmeade_RiverBlockout/WaterFall_A25,5EEAF05D-44F6-72C9-6AC2-80A02D18E678,1,DL_HOGSMEADE;DL_OVERLAND,DL_HM_EXT;DL_HOGSMEADE,LI_Hogsmeade_River,/Game/Environment/River/LI_Hogsmeade_River,/Game/Environment/River/LevelActors/RiverBanks_Large_Stones/Blockout/LA_WaterFall_A01,8785.1,-73723.3,3747.9
Hogsmeade River,WaterFall_A26,LevelInstance,LV_Overland/Region/Hogwarts Valley/Hogsmeade_RiverBlockout/LI_Hogsmeade_River/Hogsmeade_RiverBlockout/WaterFall_A26,666D0BC5-4645-870F-3CB1-5BBEF414564D,1,DL_HOGSMEADE;DL_OVERLAND,DL_HM_EXT;DL_HOGSMEADE,LI_Hogsmeade_River,/Game/Environment/River/LI_Hogsmeade_River,/Game/Environment/River/LevelActors/RiverBanks_Large_Stones/Blockout/LA_WaterFall_A01,11238.1,-86360.9,5151.8
Hogsmeade River,WaterFall_A27,LevelInstance,LV_Overland/Region/Hogwarts Valley/Hogsmeade_RiverBlockout/LI_Hogsmeade_River/Hogsmeade_RiverBlockout/WaterFall_A27,D321B657-489C-FC59-5013-5A9CA272D268,1,DL_HOGSMEADE;DL_OVERLAND,DL_HM_EXT;DL_HOGSMEADE,LI_Hogsmeade_River,/Game/Environment/River/LI_Hogsmeade_River,/Game/Environment/River/LevelActors/RiverBanks_Large_Stones/Blockout/LA_WaterFall_A01,11112.0,-85823.6,5170.3
Hogsmeade River,WaterFall_A28,LevelInstance,LV_Overland/Region/Hogwarts Valley/Hogsmeade_RiverBlockout/LI_Hogsmeade_River/Hogsmeade_RiverBlockout/WaterFall_A28,09D83AEF-49D0-5B31-5806-72ABA9C57EF2,1,DL_HOGSMEADE;DL_OVERLAND,DL_HM_EXT;DL_HOGSMEADE,LI_Hogsmeade_River,/Game/Environment/River/LI_Hogsmeade_River,/Game/Environment/River/LevelActors/RiverBanks_Large_Stones/Blockout/LA_WaterFall_A01,12500.1,-86346.2,5267.2
Hogsmeade River,WaterFall_A29,LevelInstance,LV_Overland/Region/Hogwarts Valley/Hogsmeade_RiverBlockout/LI_Hogsmeade_River/Hogsmeade_RiverBlockout/WaterFall_A29,FD64738C-4300-920F-7F4C-068C4F65C785,1,DL_HOGSMEADE;DL_OVERLAND,DL_HM_EXT;DL_HOGSMEADE,LI_Hogsmeade_River,/Game/Environment/River/LI_Hogsmeade_River,/Game/Environment/River/LevelActors/RiverBanks_Large_Stones/Blockout/LA_WaterFall_A01,12824.9,-85924.1,5267.2
Hogsmeade River,WaterFall_A3,LevelInstance,LV_Overland/Region/Hogwarts Valley/Hogsmeade_RiverBlockout/LI_Hogsmeade_River/Hogsmeade_RiverBlockout/WaterFall_A3,E0C509B6-4D37-E165-DC9A-96BDA7F7A91A,1,DL_HOGSMEADE;DL_OVERLAND,DL_HM_EXT;DL_HOGSMEADE,LI_Hogsmeade_River,/Game/Environment/River/LI_Hogsmeade_River,/Game/Environment/River/LevelActors/RiverBanks_Large_Stones/Blockout/LA_WaterFall_A01,10457.5,-72401.5,3420.9
Hogsmeade River,WaterFall_A30,LevelInstance,LV_Overland/Region/Hogwarts Valley/Hogsmeade_RiverBlockout/LI_Hogsmeade_River/Hogsmeade_RiverBlockout/WaterFall_A30,6B829207-4D03-A84A-B289-C8B19B9805E2,1,DL_HOGSMEADE;DL_OVERLAND,DL_HM_EXT;DL_HOGSMEADE,LI_Hogsmeade_River,/Game/Environment/River/LI_Hogsmeade_River,/Game/Environment/River/LevelActors/RiverBanks_Large_Stones/Blockout/LA_WaterFall_A01,14361.8,-86311.7,5574.5
Hogsmeade River,WaterFall_A31,LevelInstance,LV_Overland/Region/Hogwarts Valley/Hogsmeade_RiverBlockout/LI_Hogsmeade_River/Hogsmeade_RiverBlockout/WaterFall_A31,1B22AA7E-455D-D127-980D-32A006FA6F59,1,DL_HOGSMEADE;DL_OVERLAND,DL_HM_EXT;DL_HOGSMEADE,LI_Hogsmeade_River,/Game/Environment/River/LI_Hogsmeade_River,/Game/Environment/River/LevelActors/RiverBanks_Large_Stones/Blockout/LA_WaterFall_A01,7716.9,-75248.7,3953.4
Hogsmeade River,WaterFall_A32,LevelInstance,LV_Overland/Region/Hogwarts Valley/Hogsmeade_RiverBlockout/LI_Hogsmeade_River/Hogsmeade_RiverBlockout/WaterFall_A32,5EA7C6B1-423C-E51D-8035-C0A5E2523144,1,DL_HOGSMEADE;DL_OVERLAND,DL_HM_EXT;DL_HOGSMEADE,LI_Hogsmeade_River,/Game/Environment/River/LI_Hogsmeade_River,/Game/Environment/River/LevelActors/RiverBanks_Large_Stones/Blockout/LA_WaterFall_A01,7525.7,-74810.9,3953.4
Hogsmeade River,WaterFall_A33,LevelInstance,LV_Overland/Region/Hogwarts Valley/Hogsmeade_RiverBlockout/LI_Hogsmeade_River/Hogsmeade_RiverBlockout/WaterFall_A33,6C60F6DC-4FF3-891B-048B-FF85426A4A70,1,DL_HOGSMEADE;DL_OVERLAND,DL_HM_EXT;DL_HOGSMEADE,LI_Hogsmeade_River,/Game/Environment/River/LI_Hogsmeade_River,/Game/Environment/River/LevelActors/RiverBanks_Large_Stones/Blockout/LA_WaterFall_A01,24347.6,-88453.5,5442.2
Hogsmeade River,WaterFall_A35,LevelInstance,LV_Overland/Region/Hogwarts Valley/Hogsmeade_RiverBlockout/LI_Hogsmeade_River/Hogsmeade_RiverBlockout/WaterFall_A35,2CD1B4AC-4158-D9A7-2C07-FE849D9A3E76,1,DL_HOGSMEADE;DL_OVERLAND,DL_HM_EXT;DL_HOGSMEADE,LI_Hogsmeade_River,/Game/Environment/River/LI_Hogsmeade_River,/Game/Environment/River/LevelActors/RiverBanks_Large_Stones/Blockout/LA_WaterFall_A01,25192.0,-88437.2,5611.1
Hogsmeade River,WaterFall_A36,LevelInstance,LV_Overland/Region/Hogwarts Valley/Hogsmeade_RiverBlockout/LI_Hogsmeade_River/Hogsmeade_RiverBlockout/WaterFall_A36,C481209C-4760-99F3-8E24-E48932B851E6,1,DL_HOGSMEADE;DL_OVERLAND,DL_HM_EXT;DL_HOGSMEADE,LI_Hogsmeade_River,/Game/Environment/River/LI_Hogsmeade_River,/Game/Environment/River/LevelActors/RiverBanks_Large_Stones/Blockout/LA_WaterFall_A01,25614.8,-88668.0,5753.2
Hogsmeade River,WaterFall_A37,LevelInstance,LV_Overland/Region/Hogwarts Valley/Hogsmeade_RiverBlockout/LI_Hogsmeade_River/Hogsmeade_RiverBlockout/WaterFall_A37,9A1D44BA-43EE-22D2-D44F-C5A76C55402B,1,DL_HOGSMEADE;DL_OVERLAND,DL_HM_EXT;DL_HOGSMEADE,LI_Hogsmeade_River,/Game/Environment/River/LI_Hogsmeade_River,/Game/Environment/River/LevelActors/RiverBanks_Large_Stones/Blockout/LA_WaterFall_A01,25569.6,-87892.7,5524.0
Hogsmeade River,WaterFall_A38,LevelInstance,LV_Overland/Region/Hogwarts Valley/Hogsmeade_RiverBlockout/LI_Hogsmeade_River/Hogsmeade_RiverBlockout/WaterFall_A38,E08FBDE4-434C-441A-C564-7F85A122436D,1,DL_HOGSMEADE;DL_OVERLAND,DL_HM_EXT;DL_HOGSMEADE,LI_Hogsmeade_River,/Game/Environment/River/LI_Hogsmeade_River,/Game/Environment/River/LevelActors/RiverBanks_Large_Stones/Blockout/LA_WaterFall_A01,25621.0,-87518.0,5540.3
Hogsmeade River,WaterFall_A39,LevelInstance,LV_Overland/Region/Hogwarts Valley/Hogsmeade_RiverBlockout/LI_Hogsmeade_River/Hogsmeade_RiverBlockout/WaterFall_A39,4D874B57-4C44-8160-2E77-1D9E11B04802,1,DL_HOGSMEADE;DL_OVERLAND,DL_HM_EXT;DL_HOGSMEADE,LI_Hogsmeade_River,/Game/Environment/River/LI_Hogsmeade_River,/Game/Environment/River/LevelActors/RiverBanks_Large_Stones/Blockout/LA_WaterFall_A01,25679.6,-87064.7,5566.2
Hogsmeade River,WaterFall_A4,LevelInstance,LV_Overland/Region/Hogwarts Valley/Hogsmeade_RiverBlockout/LI_Hogsmeade_River/Hogsmeade_RiverBlockout/WaterFall_A4,27AD9B1C-48AE-0B6B-294B-3FA2A3DA4177,1,DL_HOGSMEADE;DL_OVERLAND,DL_HM_EXT;DL_HOGSMEADE,LI_Hogsmeade_River,/Game/Environment/River/LI_Hogsmeade_River,/Game/Environment/River/LevelActors/RiverBanks_Large_Stones/Blockout/LA_WaterFall_A01,10278.9,-71940.1,3263.8
Hogsmeade River,WaterFall_A41,LevelInstance,LV_Overland/Region/Hogwarts Valley/Hogsmeade_RiverBlockout/LI_Hogsmeade_River/Hogsmeade_RiverBlockout/WaterFall_A41,D44B530F-445A-D8D4-7BB4-1BA30F4F4672,1,DL_HOGSMEADE;DL_OVERLAND,DL_HM_EXT;DL_HOGSMEADE,LI_Hogsmeade_River,/Game/Environment/River/LI_Hogsmeade_River,/Game/Environment/River/LevelActors/RiverBanks_Large_Stones/Blockout/LA_WaterFall_A01,25765.3,-86421.3,5573.0
Hogsmeade River,WaterFall_A42,LevelInstance,LV_Overland/Region/Hogwarts Valley/Hogsmeade_RiverBlockout/LI_Hogsmeade_River/Hogsmeade_RiverBlockout/WaterFall_A42,04F65F03-4308-E377-C7C7-E0B2D805B448,1,DL_HOGSMEADE;DL_OVERLAND,DL_HM_EXT;DL_HOGSMEADE,LI_Hogsmeade_River,/Game/Environment/River/LI_Hogsmeade_River,/Game/Environment/River/LevelActors/RiverBanks_Large_Stones/Blockout/LA_WaterFall_A01,25336.5,-86316.6,5344.2
Hogsmeade River,WaterFall_A43,LevelInstance,LV_Overland/Region/Hogwarts Valley/Hogsmeade_RiverBlockout/LI_Hogsmeade_River/Hogsmeade_RiverBlockout/WaterFall_A43,C65757CD-4456-D633-C000-9AA571B11FA3,1,DL_HOGSMEADE;DL_OVERLAND,DL_HM_EXT;DL_HOGSMEADE,LI_Hogsmeade_River,/Game/Environment/River/LI_Hogsmeade_River,/Game/Environment/River/LevelActors/RiverBanks_Large_Stones/Blockout/LA_WaterFall_A01,24893.1,-86217.0,5321.6
Hogsmeade River,WaterFall_A44,LevelInstance,LV_Overland/Region/Hogwarts Valley/Hogsmeade_RiverBlockout/LI_Hogsmeade_River/Hogsmeade_RiverBlockout/WaterFall_A44,343452BA-44A7-FC50-0077-DBA2CB9AEC0F,1,DL_HOGSMEADE;DL_OVERLAND,DL_HM_EXT;DL_HOGSMEADE,LI_Hogsmeade_River,/Game/Environment/River/LI_Hogsmeade_River,/Game/Environment/River/LevelActors/RiverBanks_Large_Stones/Blockout/LA_WaterFall_A01,24727.6,-88118.6,5292.6
Hogsmeade River,WaterFall_A45,LevelInstance,LV_Overland/Region/Hogwarts Valley/Hogsmeade_RiverBlockout/LI_Hogsmeade_River/Hogsmeade_RiverBlockout/WaterFall_A45,E54D8C1A-40AB-45FD-C07D-41A300CADDD6,1,DL_HOGSMEADE;DL_OVERLAND,DL_HM_EXT;DL_HOGSMEADE,LI_Hogsmeade_River,/Game/Environment/River/LI_Hogsmeade_River,/Game/Environment/River/LevelActors/RiverBanks_Large_Stones/Blockout/LA_WaterFall_A01,25070.6,-88133.8,5370.8
Hogsmeade River,WaterFall_A46,LevelInstance,LV_Overland/Region/Hogwarts Valley/Hogsmeade_RiverBlockout/LI_Hogsmeade_River/Hogsmeade_RiverBlockout/WaterFall_A46,B8169173-4EA5-208F-CEC8-7C894569BEFD,1,DL_HOGSMEADE;DL_OVERLAND,DL_HM_EXT;DL_HOGSMEADE,LI_Hogsmeade_River,/Game/Environment/River/LI_Hogsmeade_River,/Game/Environment/River/LevelActors/RiverBanks_Large_Stones/Blockout/LA_WaterFall_A01,24889.5,-87784.9,5148.3
Hogsmeade River,WaterFall_A47,LevelInstance,LV_Overland/Region/Hogwarts Valley/Hogsmeade_RiverBlockout/LI_Hogsmeade_River/Hogsmeade_RiverBlockout/WaterFall_A47,21B99475-4A0D-DF30-5F4F-A69131EE18BB,1,DL_HOGSMEADE;DL_OVERLAND,DL_HM_EXT;DL_HOGSMEADE,LI_Hogsmeade_River,/Game/Environment/River/LI_Hogsmeade_River,/Game/Environment/River/LevelActors/RiverBanks_Large_Stones/Blockout/LA_WaterFall_A01,23602.3,-87978.5,5248.7
Hogsmeade River,WaterFall_A48,LevelInstance,LV_Overland/Region/Hogwarts Valley/Hogsmeade_RiverBlockout/LI_Hogsmeade_River/Hogsmeade_RiverBlockout/WaterFall_A48,EED92202-4461-2283-79EF-2CAC80BDF0C6,1,DL_HOGSMEADE;DL_OVERLAND,DL_HM_EXT;DL_HOGSMEADE,LI_Hogsmeade_River,/Game/Environment/River/LI_Hogsmeade_River,/Game/Environment/River/LevelActors/RiverBanks_Large_Stones/Blockout/LA_WaterFall_A01,24009.3,-88071.3,5167.9
Hogsmeade River,WaterFall_A49,LevelInstance,LV_Overland/Region/Hogwarts Valley/Hogsmeade_RiverBlockout/LI_Hogsmeade_River/Hogsmeade_RiverBlockout/WaterFall_A49,CA3835B4-4DB3-18E8-DF86-D7AB009553C9,1,DL_HOGSMEADE;DL_OVERLAND,DL_HM_EXT;DL_HOGSMEADE,LI_Hogsmeade_River,/Game/Environment/River/LI_Hogsmeade_River,/Game/Environment/River/LevelActors/RiverBanks_Large_Stones/Blockout/LA_WaterFall_A01,24327.8,-88241.6,5218.6
Hogsmeade River,WaterFall_A5,LevelInstance,LV_Overland/Region/Hogwarts Valley/Hogsmeade_RiverBlockout/LI_Hogsmeade_River/Hogsmeade_RiverBlockout/WaterFall_A5,56AE658D-4E4C-F97A-B89B-CBA0E8762C8F,1,DL_HOGSMEADE;DL_OVERLAND,DL_HM_EXT;DL_HOGSMEADE,LI_Hogsmeade_River,/Game/Environment/River/LI_Hogsmeade_River,/Game/Environment/River/LevelActors/RiverBanks_Large_Stones/Blockout/LA_WaterFall_A01,11542.5,-69970.6,3345.1
Hogsmeade River,WaterFall_A50,LevelInstance,LV_Overland/Region/Hogwarts Valley/Hogsmeade_RiverBlockout/LI_Hogsmeade_River/Hogsmeade_RiverBlockout/WaterFall_A50,B550046E-4F2F-9A76-A658-57AE8EE14FD5,1,DL_HOGSMEADE;DL_OVERLAND,DL_HM_EXT;DL_HOGSMEADE,LI_Hogsmeade_River,/Game/Environment/River/LI_Hogsmeade_River,/Game/Environment/River/LevelActors/RiverBanks_Large_Stones/Blockout/LA_WaterFall_A01,23225.9,-86905.6,5220.8
Hogsmeade River,WaterFall_A51,LevelInstance,LV_Overland/Region/Hogwarts Valley/Hogsmeade_RiverBlockout/LI_Hogsmeade_River/Hogsmeade_RiverBlockout/WaterFall_A51,3404FD7E-4457-C4EB-6012-64964D4057D4,1,DL_HOGSMEADE;DL_OVERLAND,DL_HM_EXT;DL_HOGSMEADE,LI_Hogsmeade_River,/Game/Environment/River/LI_Hogsmeade_River,/Game/Environment/River/LevelActors/RiverBanks_Large_Stones/Blockout/LA_WaterFall_A01,24480.5,-85875.3,5321.6
Hogsmeade River,WaterFall_A58,LevelInstance,LV_Overland/Region/Hogwarts Valley/Hogsmeade_RiverBlockout/LI_Hogsmeade_River/Hogsmeade_RiverBlockout/WaterFall_A58,975B22B5-4E76-E3A2-8FD8-81A8158C78E9,1,DL_HOGSMEADE;DL_OVERLAND,DL_HM_EXT;DL_HOGSMEADE,LI_Hogsmeade_River,/Game/Environment/River/LI_Hogsmeade_River,/Game/Environment/River/LevelActors/RiverBanks_Large_Stones/Blockout/LA_WaterFall_A01,10910.8,-86682.6,5151.5
Hogsmeade River,WaterFall_A59,LevelInstance,LV_Overland/Region/Hogwarts Valley/Hogsmeade_RiverBlockout/LI_Hogsmeade_River/Hogsmeade_RiverBlockout/WaterFall_A59,073ABA96-4383-D4F1-041D-B1BF033538E5,1,DL_HOGSMEADE;DL_OVERLAND,DL_HM_EXT;DL_HOGSMEADE,LI_Hogsmeade_River,/Game/Environment/River/LI_Hogsmeade_River,/Game/Environment/River/LevelActors/RiverBanks_Large_Stones/Blockout/LA_WaterFall_A01,7554.1,-74731.3,3894.1
Hogsmeade River,WaterFall_A6,LevelInstance,LV_Overland/Region/Hogwarts Valley/Hogsmeade_RiverBlockout/LI_Hogsmeade_River/Hogsmeade_RiverBlockout/WaterFall_A6,4F9097F7-4E3B-9C9B-68C6-E6A21C22398A,1,DL_HOGSMEADE;DL_OVERLAND,DL_HM_EXT;DL_HOGSMEADE,LI_Hogsmeade_River,/Game/Environment/River/LI_Hogsmeade_River,/Game/Environment/River/LevelActors/RiverBanks_Large_Stones/Blockout/LA_WaterFall_A01,7753.8,-83906.3,4334.1
Hogsmeade River,WaterFall_A60,LevelInstance,LV_Overland/Region/Hogwarts Valley/Hogsmeade_RiverBlockout/LI_Hogsmeade_River/Hogsmeade_RiverBlockout/WaterFall_A60,7CD2C68C-43E5-FB01-4E01-63AD03EFB84A,1,DL_HOGSMEADE;DL_OVERLAND,DL_HM_EXT;DL_HOGSMEADE,LI_Hogsmeade_River,/Game/Environment/River/LI_Hogsmeade_River,/Game/Environment/River/LevelActors/RiverBanks_Large_Stones/Blockout/LA_WaterFall_A01,7745.3,-75169.1,3894.1
Hogsmeade River,WaterFall_A7,LevelInstance,LV_Overland/Region/Hogwarts Valley/Hogsmeade_RiverBlockout/LI_Hogsmeade_River/Hogsmeade_RiverBlockout/WaterFall_A7,B24A9A2F-48F7-F6DB-1C20-54A7058E2F37,1,DL_HOGSMEADE;DL_OVERLAND,DL_HM_EXT;DL_HOGSMEADE,LI_Hogsmeade_River,/Game/Environment/River/LI_Hogsmeade_River,/Game/Environment/River/LevelActors/RiverBanks_Large_Stones/Blockout/LA_WaterFall_A01,7585.8,-83713.5,4213.3
Hogsmeade River,WaterFall_A8,LevelInstance,LV_Overland/Region/Hogwarts Valley/Hogsmeade_RiverBlockout/LI_Hogsmeade_River/Hogsmeade_RiverBlockout/WaterFall_A8,133ACBD7-48C5-786F-E87E-51B5DE8700B8,1,DL_HOGSMEADE;DL_OVERLAND,DL_HM_EXT;DL_HOGSMEADE,LI_Hogsmeade_River,/Game/Environment/River/LI_Hogsmeade_River,/Game/Environment/River/LevelActors/RiverBanks_Large_Stones/Blockout/LA_WaterFall_A01,7816.7,-74313.1,3887.2
Hogsmeade River,WaterFall_A9,LevelInstance,LV_Overland/Region/Hogwarts Valley/Hogsmeade_RiverBlockout/LI_Hogsmeade_River/Hogsmeade_RiverBlockout/WaterFall_A9,76B457B3-4FAB-0F1A-E1F6-D79DCACAB851,1,DL_HOGSMEADE;DL_OVERLAND,DL_HM_EXT;DL_HOGSMEADE,LI_Hogsmeade_River,/Game/Environment/River/LI_Hogsmeade_River,/Game/Environment/River/LevelActors/RiverBanks_Large_Stones/Blockout/LA_WaterFall_A01,8920.5,-85325.6,4654.7
Hogsmeade River,Cube12,StaticMeshActor,LV_Overland/Region/Hogwarts Valley/Hogsmeade_RiverBlockout/LI_Hogsmeade_River/Cube12,C07A42FD-45B6-1E47-75AD-8EB9E14D7989,1,DL_OVERLAND;DL_RENDER,DL_HM_EXT;DL_HOGSMEADE,LI_Hogsmeade_River,/Game/Environment/River/LI_Hogsmeade_River,,19925.3,-88601.4,5592.5
Hogsmeade River,Cube13,StaticMeshActor,LV_Overland/Region/Hogwarts Valley/Hogsmeade_RiverBlockout/LI_Hogsmeade_River/Cube13,5EBDD251-4D3F-FA37-FA44-00B0D710BE78,1,DL_OVERLAND;DL_RENDER,DL_HM_EXT;DL_HOGSMEADE,LI_Hogsmeade_River,/Game/Environment/River/LI_Hogsmeade_River,,19470.5,-88547.0,5709.2
Hogsmeade River,RiverBank_LargeStones_A92,StaticMeshActor,LV_Overland/Region/Hogwarts Valley/Hogsmeade_RiverBlockout/LI_Hogsmeade_River/Hogsmeade_RiverBlockout/RiverBank_LargeStones_A04_noplants26/RiverBank_LargeStones_A92,010B2E4A-4991-A85E-28C9-0D9BA5EADAE9,12,DL_OVERLAND;DL_RENDER,DL_HM_EXT;DL_HOGSMEADE;DL_OVERLAND,LI_Hogsmeade_River > RiverBank_SmallSharpRocks_A7,/Game/Environment/River/LevelActors/RiverBanks_Large_Stones/LA_RiverBank_SmallSharpRocks_A01,,4522.0,-78427.6,3762.0
Hogsmeade River,RiverBank_LargeStones_A92,StaticMeshActor,LV_Overland/Region/Hogwarts Valley/Hogsmeade_RiverBlockout/LI_Hogsmeade_River/Hogsmeade_RiverBlockout/RiverBank_SmallSharpRocks_A10/RiverBank_LargeStones_A92,010B2E4A-4991-A85E-28C9-0D9BA5EADAE9,12,DL_OVERLAND;DL_RENDER,DL_HM_EXT;DL_HOGSMEADE;DL_OVERLAND,LI_Hogsmeade_River > RiverBank_SmallSharpRocks_A7,/Game/Environment/River/LevelActors/RiverBanks_Large_Stones/LA_RiverBank_SmallSharpRocks_A01,,4522.0,-78427.6,3762.0
Hogsmeade River,RiverBank_LargeStones_A92,StaticMeshActor,LV_Overland/Region/Hogwarts Valley/Hogsmeade_RiverBlockout/LI_Hogsmeade_River/Hogsmeade_RiverBlockout/RiverBank_SmallSharpRocks_A11/RiverBank_LargeStones_A92,010B2E4A-4991-A85E-28C9-0D9BA5EADAE9,12,DL_OVERLAND;DL_RENDER,DL_HM_EXT;DL_HOGSMEADE;DL_OVERLAND,LI_Hogsmeade_River > RiverBank_SmallSharpRocks_A7,/Game/Environment/River/LevelActors/RiverBanks_Large_Stones/LA_RiverBank_SmallSharpRocks_A01,,4522.0,-78427.6,3762.0
Hogsmeade River,RiverBank_LargeStones_A92,StaticMeshActor,LV_Overland/Region/Hogwarts Valley/Hogsmeade_RiverBlockout/LI_Hogsmeade_River/Hogsmeade_RiverBlockout/RiverBank_SmallSharpRocks_A12/RiverBank_LargeStones_A92,010B2E4A-4991-A85E-28C9-0D9BA5EADAE9,12,DL_OVERLAND;DL_RENDER,DL_HM_EXT;DL_HOGSMEADE;DL_OVERLAND,LI_Hogsmeade_River > RiverBank_SmallSharpRocks_A7,/Game/Environment/River/LevelActors/RiverBanks_Large_Stones/LA_RiverBank_SmallSharpRocks_A01,,4522.0,-78427.6,3762.0
Hogsmeade River,RiverBank_LargeStones_A92,StaticMeshActor,LV_Overland/Region/Hogwarts Valley/Hogsmeade_RiverBlockout/LI_Hogsmeade_River/Hogsmeade_RiverBlockout/RiverBank_SmallSharpRocks_A2/RiverBank_LargeStones_A92,010B2E4A-4991-A85E-28C9-0D9BA5EADAE9,12,DL_OVERLAND;DL_RENDER,DL_HM_EXT;DL_HOGSMEADE;DL_OVERLAND,LI_Hogsmeade_River > RiverBank_SmallSharpRocks_A7,/Game/Environment/River/LevelActors/RiverBanks_Large_Stones/LA_RiverBank_SmallSharpRocks_A01,,4522.0,-78427.6,3762.0
Hogsmeade River,RiverBank_LargeStones_A92,StaticMeshActor,LV_Overland/Region/Hogwarts Valley/Hogsmeade_RiverBlockout/LI_Hogsmeade_River/Hogsmeade_RiverBlockout/RiverBank_SmallSharpRocks_A3/RiverBank_LargeStones_A92,010B2E4A-4991-A85E-28C9-0D9BA5EADAE9,12,DL_OVERLAND;DL_RENDER,DL_HM_EXT;DL_HOGSMEADE;DL_OVERLAND,LI_Hogsmeade_River > RiverBank_SmallSharpRocks_A7,/Game/Environment/River/LevelActors/RiverBanks_Large_Stones/LA_RiverBank_SmallSharpRocks_A01,,4522.0,-78427.6,3762.0
Hogsmeade River,RiverBank_LargeStones_A92,StaticMeshActor,LV_Overland/Region/Hogwarts Valley/Hogsmeade_RiverBlockout/LI_Hogsmeade_River/Hogsmeade_RiverBlockout/RiverBank_SmallSharpRocks_A4/RiverBank_LargeStones_A92,010B2E4A-4991-A85E-28C9-0D9BA5EADAE9,12,DL_OVERLAND;DL_RENDER,DL_HM_EXT;DL_HOGSMEADE;DL_OVERLAND,LI_Hogsmeade_River > RiverBank_SmallSharpRocks_A7,/Game/Environment/River/LevelActors/RiverBanks_Large_Stones/LA_RiverBank_SmallSharpRocks_A01,,4522.0,-78427.6,3762.0
Hogsmeade River,RiverBank_LargeStones_A92,StaticMeshActor,LV_Overland/Region/Hogwarts Valley/Hogsmeade_RiverBlockout/LI_Hogsmeade_River/Hogsmeade_RiverBlockout/RiverBank_SmallSharpRocks_A5/RiverBank_LargeStones_A92,010B2E4A-4991-A85E-28C9-0D9BA5EADAE9,12,DL_OVERLAND;DL_RENDER,DL_HM_EXT;DL_HOGSMEADE;DL_OVERLAND,LI_Hogsmeade_River > RiverBank_SmallSharpRocks_A7,/Game/Environment/River/LevelActors/RiverBanks_Large_Stones/LA_RiverBank_SmallSharpRocks_A01,,4522.0,-78427.6,3762.0
Hogsmeade River,RiverBank_LargeStones_A92,StaticMeshActor,LV_Overland/Region/Hogwarts Valley/Hogsmeade_RiverBlockout/LI_Hogsmeade_River/Hogsmeade_RiverBlockout/RiverBank_SmallSharpRocks_A6/RiverBank_LargeStones_A92,010B2E4A-4991-A85E-28C9-0D9BA5EADAE9,12,DL_OVERLAND;DL_RENDER,DL_HM_EXT;DL_HOGSMEADE;DL_OVERLAND,LI_Hogsmeade_River > RiverBank_SmallSharpRocks_A7,/Game/Environment/River/LevelActors/RiverBanks_Large_Stones/LA_RiverBank_SmallSharpRocks_A01,,4522.0,-78427.6,3762.0
Hogsmeade River,RiverBank_LargeStones_A92,StaticMeshActor,LV_Overland/Region/Hogwarts Valley/Hogsmeade_RiverBlockout/LI_Hogsmeade_River/Hogsmeade_RiverBlockout/RiverBank_SmallSharpRocks_A7/RiverBank_LargeStones_A92,010B2E4A-4991-A85E-28C9-0D9BA5EADAE9,12,DL_OVERLAND;DL_RENDER,DL_HM_EXT;DL_HOGSMEADE;DL_OVERLAND,LI_Hogsmeade_River > RiverBank_SmallSharpRocks_A7,/Game/Environment/River/LevelActors/RiverBanks_Large_Stones/LA_RiverBank_SmallSharpRocks_A01,,4522.0,-78427.6,3762.0
Hogsmeade River,RiverBank_LargeStones_A92,StaticMeshActor,LV_Overland/Region/Hogwarts Valley/Hogsmeade_RiverBlockout/LI_Hogsmeade_River/Hogsmeade_RiverBlockout/RiverBank_SmallSharpRocks_A8/RiverBank_LargeStones_A92,010B2E4A-4991-A85E-28C9-0D9BA5EADAE9,12,DL_OVERLAND;DL_RENDER,DL_HM_EXT;DL_HOGSMEADE;DL_OVERLAND,LI_Hogsmeade_River > RiverBank_SmallSharpRocks_A7,/Game/Environment/River/LevelActors/RiverBanks_Large_Stones/LA_RiverBank_SmallSharpRocks_A01,,4522.0,-78427.6,3762.0
Hogsmeade River,RiverBank_LargeStones_A92,StaticMeshActor,LV_Overland/Region/Hogwarts Valley/Hogsmeade_RiverBlockout/LI_Hogsmeade_River/Hogsmeade_RiverBlockout/RiverBank_SmallSharpRocks_A9/RiverBank_LargeStones_A92,010B2E4A-4991-A85E-28C9-0D9BA5EADAE9,12,DL_OVERLAND;DL_RENDER,DL_HM_EXT;DL_HOGSMEADE;DL_OVERLAND,LI_Hogsmeade_River > RiverBank_SmallSharpRocks_A7,/Game/Environment/River/LevelActors/RiverBanks_Large_Stones/LA_RiverBank_SmallSharpRocks_A01,,4522.0,-78427.6,3762.0
Hogsmeade River,SM_AshTree_Med_B2,PlacedFoliageSkinnedNaniteAssembly,LV_Overland/Region/Hogwarts Valley/Hogsmeade_RiverBlockout/LI_Hogsmeade_River/SM_AshTree_Med_B2,07B59C1A-4F29-C221-6F08-8EAE3FAB5EB1,1,DL_OVERLAND;DL_RENDER,DL_HM_EXT;DL_HOGSMEADE,LI_Hogsmeade_River,/Game/Environment/River/LI_Hogsmeade_River,,22315.6,-90664.1,7206.0
Hogsmeade River,SM_Birch_Sapling_A14,PlacedFoliageSkinnedNaniteAssembly,LV_Overland/Region/Hogwarts Valley/Hogsmeade_RiverBlockout/LI_Hogsmeade_River/SM_Birch_Sapling_A14,B7E32AB8-4D24-B000-59D9-1D8E3DB215B0,1,DL_OVERLAND;DL_RENDER,DL_HM_EXT;DL_HOGSMEADE,LI_Hogsmeade_River,/Game/Environment/River/LI_Hogsmeade_River,,11128.3,-68933.3,3732.9
Hogsmeade River,SM_Birch_Sapling_A15,PlacedFoliageSkinnedNaniteAssembly,LV_Overland/Region/Hogwarts Valley/Hogsmeade_RiverBlockout/LI_Hogsmeade_River/SM_Birch_Sapling_A15,7A37B201-4A55-34E6-29E3-49BB0B8F670C,1,DL_OVERLAND;DL_RENDER,DL_HM_EXT;DL_HOGSMEADE,LI_Hogsmeade_River,/Game/Environment/River/LI_Hogsmeade_River,,12500.0,-71579.6,3995.7
Hogsmeade River,SM_Birch_Sapling_A18,PlacedFoliageSkinnedNaniteAssembly,LV_Overland/Region/Hogwarts Valley/Hogsmeade_RiverBlockout/LI_Hogsmeade_River/SM_Birch_Sapling_A18,FDD4600A-4DC8-29E4-CAD4-D582DA50BC64,1,DL_OVERLAND;DL_RENDER,DL_HM_EXT;DL_HOGSMEADE,LI_Hogsmeade_River,/Game/Environment/River/LI_Hogsmeade_River,,6487.0,-77992.6,4373.4
Hogsmeade River,SM_Birch_Sapling_A19,PlacedFoliageSkinnedNaniteAssembly,LV_Overland/Region/Hogwarts Valley/Hogsmeade_RiverBlockout/LI_Hogsmeade_River/SM_Birch_Sapling_A19,C80A9573-4428-73CF-35C5-65A42CF04C1A,1,DL_OVERLAND;DL_RENDER,DL_HM_EXT;DL_HOGSMEADE,LI_Hogsmeade_River,/Game/Environment/River/LI_Hogsmeade_River,,24137.2,-89393.5,6462.8
Hogsmeade River,SM_Birch_Sapling_A23,PlacedFoliageSkinnedNaniteAssembly,LV_Overland/Region/Hogwarts Valley/Hogsmeade_RiverBlockout/LI_Hogsmeade_River/SM_Birch_Sapling_A23,275633AF-480E-0F9A-5A9D-B384A8691902,1,DL_OVERLAND;DL_RENDER,DL_HM_EXT;DL_HOGSMEADE,LI_Hogsmeade_River,/Game/Environment/River/LI_Hogsmeade_River,,8626.5,-83684.6,4837.1
Hogsmeade River,SM_Birch_Sapling_A25,PlacedFoliageSkinnedNaniteAssembly,LV_Overland/Region/Hogwarts Valley/Hogsmeade_RiverBlockout/LI_Hogsmeade_River/SM_Birch_Sapling_A25,922EEA15-4D5B-1BB5-B059-09A791965AFC,1,DL_OVERLAND;DL_RENDER,DL_HM_EXT;DL_HOGSMEADE,LI_Hogsmeade_River,/Game/Environment/River/LI_Hogsmeade_River,,24258.9,-89442.8,6523.0
Hogsmeade River,SM_Birch_Sapling_A26,PlacedFoliageSkinnedNaniteAssembly,LV_Overland/Region/Hogwarts Valley/Hogsmeade_RiverBlockout/LI_Hogsmeade_River/SM_Birch_Sapling_A26,E2728351-4E39-91C4-83AF-51BAC4A96B18,1,DL_OVERLAND;DL_RENDER,DL_HM_EXT;DL_HOGSMEADE,LI_Hogsmeade_River,/Game/Environment/River/LI_Hogsmeade_River,,24221.7,-89383.2,6503.5
Hogsmeade River,SM_Birch_Sapling_A27,PlacedFoliageSkinnedNaniteAssembly,LV_Overland/Region/Hogwarts Valley/Hogsmeade_RiverBlockout/LI_Hogsmeade_River/SM_Birch_Sapling_A27,D17C8762-43A4-A6AF-67AA-198619C4CE4F,1,DL_OVERLAND;DL_RENDER,DL_HM_EXT;DL_HOGSMEADE,LI_Hogsmeade_River,/Game/Environment/River/LI_Hogsmeade_River,,24011.0,-89325.8,6430.5
Hogsmeade River,SM_Birch_Sapling_A28,PlacedFoliageSkinnedNaniteAssembly,LV_Overland/Region/Hogwarts Valley/Hogsmeade_RiverBlockout/LI_Hogsmeade_River/SM_Birch_Sapling_A28,28BBF4EC-4EE7-AA13-6C7D-06A01FEF7322,1,DL_OVERLAND;DL_RENDER,DL_HM_EXT;DL_HOGSMEADE,LI_Hogsmeade_River,/Game/Environment/River/LI_Hogsmeade_River,,22366.7,-90541.8,6549.1
Hogsmeade River,SM_Birch_Sapling_A29,PlacedFoliageSkinnedNaniteAssembly,LV_Overland/Region/Hogwarts Valley/Hogsmeade_RiverBlockout/LI_Hogsmeade_River/SM_Birch_Sapling_A29,2E9E37E2-446D-7096-87C6-BCAE0F838AC9,1,DL_OVERLAND;DL_RENDER,DL_HM_EXT;DL_HOGSMEADE,LI_Hogsmeade_River,/Game/Environment/River/LI_Hogsmeade_River,,22382.9,-90698.0,6561.9
Hogsmeade River,SM_Birch_Sapling_A30,PlacedFoliageSkinnedNaniteAssembly,LV_Overland/Region/Hogwarts Valley/Hogsmeade_RiverBlockout/LI_Hogsmeade_River/SM_Birch_Sapling_A30,A5191C22-4D7F-775D-D381-25BAC7B4C2BD,1,DL_OVERLAND;DL_RENDER,DL_HM_EXT;DL_HOGSMEADE,LI_Hogsmeade_River,/Game/Environment/River/LI_Hogsmeade_River,,22456.1,-90601.1,6537.5
Hogsmeade River,SM_Birch_Sapling_A4,PlacedFoliageSkinnedNaniteAssembly,LV_Overland/Region/Hogwarts Valley/Hogsmeade_RiverBlockout/LI_Hogsmeade_River/SM_Birch_Sapling_A4,C4D637D2-4F04-8006-FCED-2A833B6EFD04,1,DL_OVERLAND;DL_RENDER,DL_HM_EXT;DL_HOGSMEADE,LI_Hogsmeade_River,/Game/Environment/River/LI_Hogsmeade_River,,9305.3,-73228.6,4355.2
Hogsmeade River,SM_Birch_Sapling_A5,PlacedFoliageSkinnedNaniteAssembly,LV_Overland/Region/Hogwarts Valley/Hogsmeade_RiverBlockout/LI_Hogsmeade_River/SM_Birch_Sapling_A5,8141B951-42D8-EF8C-394A-07B49F056744,1,DL_OVERLAND;DL_RENDER,DL_HM_EXT;DL_HOGSMEADE,LI_Hogsmeade_River,/Game/Environment/River/LI_Hogsmeade_River,,10048.0,-73630.9,4362.9
Hogsmeade River,SM_Birch_Sapling_A7,PlacedFoliageSkinnedNaniteAssembly,LV_Overland/Region/Hogwarts Valley/Hogsmeade_RiverBlockout/LI_Hogsmeade_River/SM_Birch_Sapling_A7,0D60F927-46E4-7485-1210-90A7954A0DE0,1,DL_OVERLAND;DL_RENDER,DL_HM_EXT;DL_HOGSMEADE,LI_Hogsmeade_River,/Game/Environment/River/LI_Hogsmeade_River,,10369.0,-72818.0,4319.3
Hogsmeade River,SM_Birch_Sapling_A8,PlacedFoliageSkinnedNaniteAssembly,LV_Overland/Region/Hogwarts Valley/Hogsmeade_RiverBlockout/LI_Hogsmeade_River/SM_Birch_Sapling_A8,0196751F-4853-C3BB-C7DD-A18463303DEE,1,DL_OVERLAND;DL_RENDER,DL_HM_EXT;DL_HOGSMEADE,LI_Hogsmeade_River,/Game/Environment/River/LI_Hogsmeade_River,,22220.1,-90664.0,6545.9
Hogsmeade River,SM_Birch_Sapling_A9,PlacedFoliageSkinnedNaniteAssembly,LV_Overland/Region/Hogwarts Valley/Hogsmeade_RiverBlockout/LI_Hogsmeade_River/SM_Birch_Sapling_A9,63C39280-4A93-B7E5-AE37-4084520E3CEF,1,DL_OVERLAND;DL_RENDER,DL_HM_EXT;DL_HOGSMEADE,LI_Hogsmeade_River,/Game/Environment/River/LI_Hogsmeade_River,,23796.2,-89089.2,6263.9
Hogsmeade River,SM_Birch_Sapling_B12,PlacedFoliageSkinnedNaniteAssembly,LV_Overland/Region/Hogwarts Valley/Hogsmeade_RiverBlockout/LI_Hogsmeade_River/SM_Birch_Sapling_B12,B1FDED20-4265-5A28-7318-84B01C2859B6,1,DL_OVERLAND;DL_RENDER,DL_HM_EXT;DL_HOGSMEADE,LI_Hogsmeade_River,/Game/Environment/River/LI_Hogsmeade_River,,11286.4,-69027.5,3678.5
Hogsmeade River,SM_Birch_Sapling_B13,PlacedFoliageSkinnedNaniteAssembly,LV_Overland/Region/Hogwarts Valley/Hogsmeade_RiverBlockout/LI_Hogsmeade_River/SM_Birch_Sapling_B13,17F4E0B6-43D6-1D6F-4663-3D95BE5A88E5,1,DL_OVERLAND;DL_RENDER,DL_HM_EXT;DL_HOGSMEADE,LI_Hogsmeade_River,/Game/Environment/River/LI_Hogsmeade_River,,12627.4,-71589.4,3923.7
Hogsmeade River,SM_Birch_Sapling_B15,PlacedFoliageSkinnedNaniteAssembly,LV_Overland/Region/Hogwarts Valley/Hogsmeade_RiverBlockout/LI_Hogsmeade_River/SM_Birch_Sapling_B15,24393565-4E7B-8010-7E1D-A1BEBD3D3FB3,1,DL_OVERLAND;DL_RENDER,DL_HM_EXT;DL_HOGSMEADE,LI_Hogsmeade_River,/Game/Environment/River/LI_Hogsmeade_River,,6572.1,-77925.8,4296.4
Hogsmeade River,SM_Birch_Sapling_B16,PlacedFoliageSkinnedNaniteAssembly,LV_Overland/Region/Hogwarts Valley/Hogsmeade_RiverBlockout/LI_Hogsmeade_River/SM_Birch_Sapling_B16,4AC36735-4A49-BFF7-F821-2594C6C96809,1,DL_OVERLAND;DL_RENDER,DL_HM_EXT;DL_HOGSMEADE,LI_Hogsmeade_River,/Game/Environment/River/LI_Hogsmeade_River,,7551.6,-82431.3,4359.5
Hogsmeade River,SM_Birch_Sapling_B17,PlacedFoliageSkinnedNaniteAssembly,LV_Overland/Region/Hogwarts Valley/Hogsmeade_RiverBlockout/LI_Hogsmeade_River/SM_Birch_Sapling_B17,89097275-4A7E-33EE-B159-EC88979E6C9B,1,DL_OVERLAND;DL_RENDER,DL_HM_EXT;DL_HOGSMEADE,LI_Hogsmeade_River,/Game/Environment/River/LI_Hogsmeade_River,,7450.1,-82320.1,4360.4
Hogsmeade River,SM_Birch_Sapling_B20,PlacedFoliageSkinnedNaniteAssembly,LV_Overland/Region/Hogwarts Valley/Hogsmeade_RiverBlockout/LI_Hogsmeade_River/SM_Birch_Sapling_B20,1B356DAE-42B4-DBB3-CA27-8B80A3D93888,1,DL_OVERLAND;DL_RENDER,DL_HM_EXT;DL_HOGSMEADE,LI_Hogsmeade_River,/Game/Environment/River/LI_Hogsmeade_River,,22173.3,-90711.0,6509.9
Hogsmeade River,SM_Birch_Sapling_B21,PlacedFoliageSkinnedNaniteAssembly,LV_Overland/Region/Hogwarts Valley/Hogsmeade_RiverBlockout/LI_Hogsmeade_River/SM_Birch_Sapling_B21,CDF851C4-45E7-8190-E690-F5AF9115BB9E,1,DL_OVERLAND;DL_RENDER,DL_HM_EXT;DL_HOGSMEADE,LI_Hogsmeade_River,/Game/Environment/River/LI_Hogsmeade_River,,22110.6,-90640.0,6499.0
Hogsmeade River,SM_Birch_Sapling_B5,PlacedFoliageSkinnedNaniteAssembly,LV_Overland/Region/Hogwarts Valley/Hogsmeade_RiverBlockout/LI_Hogsmeade_River/SM_Birch_Sapling_B5,A0F4ADA9-4E76-C2F3-6FE4-D4BDB9E5B8EC,1,DL_OVERLAND;DL_RENDER,DL_HM_EXT;DL_HOGSMEADE,LI_Hogsmeade_River,/Game/Environment/River/LI_Hogsmeade_River,,9391.3,-73161.7,4299.2
Hogsmeade River,SM_Birch_Sapling_B6,PlacedFoliageSkinnedNaniteAssembly,LV_Overland/Region/Hogwarts Valley/Hogsmeade_RiverBlockout/LI_Hogsmeade_River/SM_Birch_Sapling_B6,3C88AF0A-46F6-1D00-798A-179CF0D15A94,1,DL_OVERLAND;DL_RENDER,DL_HM_EXT;DL_HOGSMEADE,LI_Hogsmeade_River,/Game/Environment/River/LI_Hogsmeade_River,,10157.9,-73538.4,4304.0
Hogsmeade River,SM_Birch_Sapling_B7,PlacedFoliageSkinnedNaniteAssembly,LV_Overland/Region/Hogwarts Valley/Hogsmeade_RiverBlockout/LI_Hogsmeade_River/SM_Birch_Sapling_B7,E1FB207D-4AD1-FEBB-CDFD-A4B344F636A1,1,DL_OVERLAND;DL_RENDER,DL_HM_EXT;DL_HOGSMEADE,LI_Hogsmeade_River,/Game/Environment/River/LI_Hogsmeade_River,,7481.6,-77039.6,4227.1
Hogsmeade River,SM_Birch_Sapling_B8,PlacedFoliageSkinnedNaniteAssembly,LV_Overland/Region/Hogwarts Valley/Hogsmeade_RiverBlockout/LI_Hogsmeade_River/SM_Birch_Sapling_B8,11D55BD3-4161-1BEA-E390-3E94BF8D97F5,1,DL_OVERLAND;DL_RENDER,DL_HM_EXT;DL_HOGSMEADE,LI_Hogsmeade_River,/Game/Environment/River/LI_Hogsmeade_River,,10264.7,-72832.6,4291.1
Hogsmeade River,SM_Birch_Sapling_B9,PlacedFoliageSkinnedNaniteAssembly,LV_Overland/Region/Hogwarts Valley/Hogsmeade_RiverBlockout/LI_Hogsmeade_River/SM_Birch_Sapling_B9,2C8842D5-4F45-946C-0DBB-AFB203F4B88F,1,DL_OVERLAND;DL_RENDER,DL_HM_EXT;DL_HOGSMEADE,LI_Hogsmeade_River,/Game/Environment/River/LI_Hogsmeade_River,,22183.6,-90614.1,6506.2
Hogsmeade River,SM_Birch_Small_A4,PlacedFoliageSkinnedNaniteAssembly,LV_Overland/Region/Hogwarts Valley/Hogsmeade_RiverBlockout/LI_Hogsmeade_River/SM_Birch_Small_A4,F69BE394-402C-0B47-787D-09AEE048F0F8,1,DL_OVERLAND;DL_RENDER,DL_HM_EXT;DL_HOGSMEADE,LI_Hogsmeade_River,/Game/Environment/River/LI_Hogsmeade_River,,10214.6,-73568.2,4594.7
Hogsmeade River,SM_Birch_Small_A7,PlacedFoliageSkinnedNaniteAssembly,LV_Overland/Region/Hogwarts Valley/Hogsmeade_RiverBlockout/LI_Hogsmeade_River/SM_Birch_Small_A7,4D3C01F4-47F8-4BEC-1E8B-B99479FAD043,1,DL_OVERLAND;DL_RENDER,DL_HM_EXT;DL_HOGSMEADE,LI_Hogsmeade_River,/Game/Environment/River/LI_Hogsmeade_River,,6622.2,-78182.1,4614.3
Hogsmeade River,SM_BogTree_Oak_LargeA_Master2,PlacedFoliageSkinnedNaniteAssembly,LV_Overland/Region/Hogwarts Valley/Hogsmeade_RiverBlockout/LI_Hogsmeade_River/Hogsmeade_RiverBlockout/SM_BogTree_Oak_LargeA_Master2,CB0C0B8D-4DCC-3D61-7BAC-77A166D9B8E0,1,DL_OVERLAND;DL_RENDER,DL_HM_EXT;DL_HOGSMEADE,LI_Hogsmeade_River,/Game/Environment/River/LI_Hogsmeade_River,,7253.8,-73752.4,4782.4
Hogsmeade River,SM_Bracken_A10,PlacedFoliageSkinnedNaniteAssembly,LV_Overland/Region/Hogwarts Valley/Hogsmeade_RiverBlockout/LI_Hogsmeade_River/SM_Bracken_A10,E3D01771-4D30-0CCD-9E56-8EA2BD752CD9,1,DL_OVERLAND;DL_RENDER,DL_HM_EXT;DL_HOGSMEADE,LI_Hogsmeade_River,/Game/Environment/River/LI_Hogsmeade_River,,9770.4,-73913.6,4290.3
Hogsmeade River,SM_Bracken_A11,PlacedFoliageSkinnedNaniteAssembly,LV_Overland/Region/Hogwarts Valley/Hogsmeade_RiverBlockout/LI_Hogsmeade_River/SM_Bracken_A11,7B6C4983-4410-1F64-7BA7-C4A9C91EF71D,1,DL_OVERLAND;DL_RENDER,DL_HM_EXT;DL_HOGSMEADE,LI_Hogsmeade_River,/Game/Environment/River/LI_Hogsmeade_River,,5751.6,-83680.2,5024.4
Hogsmeade River,SM_Bracken_A12,PlacedFoliageSkinnedNaniteAssembly,LV_Overland/Region/Hogwarts Valley/Hogsmeade_RiverBlockout/LI_Hogsmeade_River/SM_Bracken_A12,D663DACD-4A1F-4D0A-2EEB-50A94F717F23,1,DL_OVERLAND;DL_RENDER,DL_HM_EXT;DL_HOGSMEADE,LI_Hogsmeade_River,/Game/Environment/River/LI_Hogsmeade_River,,5639.2,-83501.3,5007.1
Hogsmeade River,SM_Bracken_A15,PlacedFoliageSkinnedNaniteAssembly,LV_Overland/Region/Hogwarts Valley/Hogsmeade_RiverBlockout/LI_Hogsmeade_River/SM_Bracken_A15,60D59D14-411C-86AA-3193-A78E46FD433F,1,DL_OVERLAND;DL_RENDER,DL_HM_EXT;DL_HOGSMEADE,LI_Hogsmeade_River,/Game/Environment/River/LI_Hogsmeade_River,,6209.7,-84697.6,5282.6
Hogsmeade River,SM_Bracken_A16,PlacedFoliageSkinnedNaniteAssembly,LV_Overland/Region/Hogwarts Valley/Hogsmeade_RiverBlockout/LI_Hogsmeade_River/SM_Bracken_A16,16C20573-404D-C794-91BC-27B81D5D1FCF,1,DL_OVERLAND;DL_RENDER,DL_HM_EXT;DL_HOGSMEADE,LI_Hogsmeade_River,/Game/Environment/River/LI_Hogsmeade_River,,6371.7,-84919.3,5370.9
Hogsmeade River,SM_Bracken_A17,PlacedFoliageSkinnedNaniteAssembly,LV_Overland/Region/Hogwarts Valley/Hogsmeade_RiverBlockout/LI_Hogsmeade_River/SM_Bracken_A17,771EECEA-4428-107F-974E-C5A925E50102,1,DL_OVERLAND;DL_RENDER,DL_HM_EXT;DL_HOGSMEADE,LI_Hogsmeade_River,/Game/Environment/River/LI_Hogsmeade_River,,7638.5,-76830.3,4229.4
Hogsmeade River,SM_Bracken_A20,PlacedFoliageSkinnedNaniteAssembly,LV_Overland/Region/Hogwarts Valley/Hogsmeade_RiverBlockout/LI_Hogsmeade_River/SM_Bracken_A20,BCFADFB9-4D2A-98DB-DE98-9BB51BACE97B,1,DL_OVERLAND;DL_RENDER,DL_HM_EXT;DL_HOGSMEADE,LI_Hogsmeade_River,/Game/Environment/River/LI_Hogsmeade_River,,7150.9,-84413.3,5101.5
Hogsmeade River,SM_Bracken_A21,PlacedFoliageSkinnedNaniteAssembly,LV_Overland/Region/Hogwarts Valley/Hogsmeade_RiverBlockout/LI_Hogsmeade_River/SM_Bracken_A21,9CF41B0F-4092-046B-132C-A49412DE01C8,1,DL_OVERLAND;DL_RENDER,DL_HM_EXT;DL_HOGSMEADE,LI_Hogsmeade_River,/Game/Environment/River/LI_Hogsmeade_River,,7617.6,-76695.9,4229.4
Hogsmeade River,SM_Bracken_A5,PlacedFoliageSkinnedNaniteAssembly,LV_Overland/Region/Hogwarts Valley/Hogsmeade_RiverBlockout/LI_Hogsmeade_River/SM_Bracken_A5,2FEDEB6C-4D05-B41A-CED5-0188D0A3A40A,1,DL_OVERLAND;DL_RENDER,DL_HM_EXT;DL_HOGSMEADE,LI_Hogsmeade_River,/Game/Environment/River/LI_Hogsmeade_River,,6699.5,-77450.9,4256.2
Hogsmeade River,SM_Bracken_A6,PlacedFoliageSkinnedNaniteAssembly,LV_Overland/Region/Hogwarts Valley/Hogsmeade_RiverBlockout/LI_Hogsmeade_River/SM_Bracken_A6,EFE878AF-4EF6-3B56-303A-00895F6264F4,1,DL_OVERLAND;DL_RENDER,DL_HM_EXT;DL_HOGSMEADE,LI_Hogsmeade_River,/Game/Environment/River/LI_Hogsmeade_River,,6382.9,-78074.5,4351.4
Hogsmeade River,SM_Bracken_A7,PlacedFoliageSkinnedNaniteAssembly,LV_Overland/Region/Hogwarts Valley/Hogsmeade_RiverBlockout/LI_Hogsmeade_River/SM_Bracken_A7,6EE9F91E-4203-3E0F-60B2-779DA8D8124A,1,DL_OVERLAND;DL_RENDER,DL_HM_EXT;DL_HOGSMEADE,LI_Hogsmeade_River,/Game/Environment/River/LI_Hogsmeade_River,,7554.8,-76812.1,4229.4
Hogsmeade River,SM_Bracken_A8,PlacedFoliageSkinnedNaniteAssembly,LV_Overland/Region/Hogwarts Valley/Hogsmeade_RiverBlockout/LI_Hogsmeade_River/SM_Bracken_A8,028B77CF-41B2-2787-9544-3497F9DC21E7,1,DL_OVERLAND;DL_RENDER,DL_HM_EXT;DL_HOGSMEADE,LI_Hogsmeade_River,/Game/Environment/River/LI_Hogsmeade_River,,11309.6,-69289.6,3684.2
Hogsmeade River,SM_Bracken_B12,PlacedFoliageSkinnedNaniteAssembly,LV_Overland/Region/Hogwarts Valley/Hogsmeade_RiverBlockout/LI_Hogsmeade_River/SM_Bracken_B12,BFF3D894-4CB3-AD08-614D-66A568A076BB,1,DL_OVERLAND;DL_RENDER,DL_HM_EXT;DL_HOGSMEADE,LI_Hogsmeade_River,/Game/Environment/River/LI_Hogsmeade_River,,9869.8,-73828.9,4301.4
Hogsmeade River,SM_Bracken_B13,PlacedFoliageSkinnedNaniteAssembly,LV_Overland/Region/Hogwarts Valley/Hogsmeade_RiverBlockout/LI_Hogsmeade_River/SM_Bracken_B13,64B623F1-4EEA-E76C-F54E-D0BA7187CCCF,1,DL_OVERLAND;DL_RENDER,DL_HM_EXT;DL_HOGSMEADE,LI_Hogsmeade_River,/Game/Environment/River/LI_Hogsmeade_River,,5564.5,-83667.4,5003.1
Hogsmeade River,SM_Bracken_B15,PlacedFoliageSkinnedNaniteAssembly,LV_Overland/Region/Hogwarts Valley/Hogsmeade_RiverBlockout/LI_Hogsmeade_River/SM_Bracken_B15,12B9E612-477C-87A2-F0D9-80A73859B847,1,DL_OVERLAND;DL_RENDER,DL_HM_EXT;DL_HOGSMEADE,LI_Hogsmeade_River,/Game/Environment/River/LI_Hogsmeade_River,,6283.6,-84795.3,5352.0
Hogsmeade River,SM_Bracken_B17,PlacedFoliageSkinnedNaniteAssembly,LV_Overland/Region/Hogwarts Valley/Hogsmeade_RiverBlockout/LI_Hogsmeade_River/SM_Bracken_B17,ABD00EB8-45BE-9879-F851-1FBF98EA2A56,1,DL_OVERLAND;DL_RENDER,DL_HM_EXT;DL_HOGSMEADE,LI_Hogsmeade_River,/Game/Environment/River/LI_Hogsmeade_River,,7560.1,-76969.5,4230.9
Hogsmeade River,SM_Bracken_B18,PlacedFoliageSkinnedNaniteAssembly,LV_Overland/Region/Hogwarts Valley/Hogsmeade_RiverBlockout/LI_Hogsmeade_River/SM_Bracken_B18,D18BB41C-4EAD-97D9-3503-4182D0CCC4A1,1,DL_OVERLAND;DL_RENDER,DL_HM_EXT;DL_HOGSMEADE,LI_Hogsmeade_River,/Game/Environment/River/LI_Hogsmeade_River,,7726.5,-76812.8,4230.9
Hogsmeade River,SM_Bracken_B19,PlacedFoliageSkinnedNaniteAssembly,LV_Overland/Region/Hogwarts Valley/Hogsmeade_RiverBlockout/LI_Hogsmeade_River/SM_Bracken_B19,8E6CA124-47EB-E173-45FA-CCAF7DEC8D33,1,DL_OVERLAND;DL_RENDER,DL_HM_EXT;DL_HOGSMEADE,LI_Hogsmeade_River,/Game/Environment/River/LI_Hogsmeade_River,,7511.4,-76703.2,4230.9
Hogsmeade River,SM_Bracken_B6,PlacedFoliageSkinnedNaniteAssembly,LV_Overland/Region/Hogwarts Valley/Hogsmeade_RiverBlockout/LI_Hogsmeade_River/SM_Bracken_B6,83BC4FFD-43A0-0AB2-4611-C5AD27AE53B6,1,DL_OVERLAND;DL_RENDER,DL_HM_EXT;DL_HOGSMEADE,LI_Hogsmeade_River,/Game/Environment/River/LI_Hogsmeade_River,,6745.1,-77411.2,4254.6
Hogsmeade River,SM_Bracken_B7,PlacedFoliageSkinnedNaniteAssembly,LV_Overland/Region/Hogwarts Valley/Hogsmeade_RiverBlockout/LI_Hogsmeade_River/SM_Bracken_B7,D5F08163-4BD5-323A-23A3-728C2C1B74DF,1,DL_OVERLAND;DL_RENDER,DL_HM_EXT;DL_HOGSMEADE,LI_Hogsmeade_River,/Game/Environment/River/LI_Hogsmeade_River,,6630.6,-78726.6,4349.1
Hogsmeade River,SM_Bracken_B8,PlacedFoliageSkinnedNaniteAssembly,LV_Overland/Region/Hogwarts Valley/Hogsmeade_RiverBlockout/LI_Hogsmeade_River/SM_Bracken_B8,C1C4FE69-4641-0F68-0D28-4A9B1A53444A,1,DL_OVERLAND;DL_RENDER,DL_HM_EXT;DL_HOGSMEADE,LI_Hogsmeade_River,/Game/Environment/River/LI_Hogsmeade_River,,7400.3,-76852.6,4230.9
Hogsmeade River,SM_Bracken_B9,PlacedFoliageSkinnedNaniteAssembly,LV_Overland/Region/Hogwarts Valley/Hogsmeade_RiverBlockout/LI_Hogsmeade_River/SM_Bracken_B9,85E151B5-4EB5-BF9D-B3D9-A7AB04C8B14C,1,DL_OVERLAND;DL_RENDER,DL_HM_EXT;DL_HOGSMEADE,LI_Hogsmeade_River,/Game/Environment/River/LI_Hogsmeade_River,,11344.3,-69433.1,3698.8
Hogsmeade River,SM_Bracken_C11,PlacedFoliageSkinnedNaniteAssembly,LV_Overland/Region/Hogwarts Valley/Hogsmeade_RiverBlockout/LI_Hogsmeade_River/SM_Bracken_C11,E75011E6-4CF5-43A7-439D-1E94392C5E86,1,DL_OVERLAND;DL_RENDER,DL_HM_EXT;DL_HOGSMEADE,LI_Hogsmeade_River,/Game/Environment/River/LI_Hogsmeade_River,,9776.1,-73816.5,4289.2
Hogsmeade River,SM_Bracken_C12,PlacedFoliageSkinnedNaniteAssembly,LV_Overland/Region/Hogwarts Valley/Hogsmeade_RiverBlockout/LI_Hogsmeade_River/SM_Bracken_C12,D024F6DB-4CA8-8C90-68E9-A7A10951DF40,1,DL_OVERLAND;DL_RENDER,DL_HM_EXT;DL_HOGSMEADE,LI_Hogsmeade_River,/Game/Environment/River/LI_Hogsmeade_River,,5478.9,-83571.5,4971.7
Hogsmeade River,SM_Bracken_C13,PlacedFoliageSkinnedNaniteAssembly,LV_Overland/Region/Hogwarts Valley/Hogsmeade_RiverBlockout/LI_Hogsmeade_River/SM_Bracken_C13,AF9354DE-48F6-EF89-B022-8F93A017C68B,1,DL_OVERLAND;DL_RENDER,DL_HM_EXT;DL_HOGSMEADE,LI_Hogsmeade_River,/Game/Environment/River/LI_Hogsmeade_River,,6037.7,-84296.5,5096.4
Hogsmeade River,SM_Bracken_C5,PlacedFoliageSkinnedNaniteAssembly,LV_Overland/Region/Hogwarts Valley/Hogsmeade_RiverBlockout/LI_Hogsmeade_River/SM_Bracken_C5,617139CD-4500-E4FE-4A9C-B69029A50536,1,DL_OVERLAND;DL_RENDER,DL_HM_EXT;DL_HOGSMEADE,LI_Hogsmeade_River,/Game/Environment/River/LI_Hogsmeade_River,,6700.0,-77372.2,4217.4
Hogsmeade River,SM_Bracken_C6,PlacedFoliageSkinnedNaniteAssembly,LV_Overland/Region/Hogwarts Valley/Hogsmeade_RiverBlockout/LI_Hogsmeade_River/SM_Bracken_C6,8D276027-4149-969F-EC39-C7A7C709CF1B,1,DL_OVERLAND;DL_RENDER,DL_HM_EXT;DL_HOGSMEADE,LI_Hogsmeade_River,/Game/Environment/River/LI_Hogsmeade_River,,6329.1,-78178.6,4326.7
Hogsmeade River,SM_Bracken_C7,PlacedFoliageSkinnedNaniteAssembly,LV_Overland/Region/Hogwarts Valley/Hogsmeade_RiverBlockout/LI_Hogsmeade_River/SM_Bracken_C7,6DDD94C1-4ADB-FE4B-3FCA-DDA5C9262721,1,DL_OVERLAND;DL_RENDER,DL_HM_EXT;DL_HOGSMEADE,LI_Hogsmeade_River,/Game/Environment/River/LI_Hogsmeade_River,,7605.9,-76036.0,4201.8
Hogsmeade River,SM_Bracken_C8,PlacedFoliageSkinnedNaniteAssembly,LV_Overland/Region/Hogwarts Valley/Hogsmeade_RiverBlockout/LI_Hogsmeade_River/SM_Bracken_C8,8C432BF9-434C-978E-796B-78B3BAC3DB85,1,DL_OVERLAND;DL_RENDER,DL_HM_EXT;DL_HOGSMEADE,LI_Hogsmeade_River,/Game/Environment/River/LI_Hogsmeade_River,,11423.0,-69191.3,3693.2
Hogsmeade River,SM_Bracken_D11,PlacedFoliageSkinnedNaniteAssembly,LV_Overland/Region/Hogwarts Valley/Hogsmeade_RiverBlockout/LI_Hogsmeade_River/SM_Bracken_D11,935E3072-4A93-4804-B564-AFBD83D2D6CB,1,DL_OVERLAND;DL_RENDER,DL_HM_EXT;DL_HOGSMEADE,LI_Hogsmeade_River,/Game/Environment/River/LI_Hogsmeade_River,,6583.1,-77562.0,4256.7
Hogsmeade River,SM_Bracken_D12,PlacedFoliageSkinnedNaniteAssembly,LV_Overland/Region/Hogwarts Valley/Hogsmeade_RiverBlockout/LI_Hogsmeade_River/SM_Bracken_D12,ED50850C-48C7-11D7-303D-BF8FA32DF7B5,1,DL_OVERLAND;DL_RENDER,DL_HM_EXT;DL_HOGSMEADE,LI_Hogsmeade_River,/Game/Environment/River/LI_Hogsmeade_River,,6286.4,-78042.3,4314.0
Hogsmeade River,SM_Bracken_D13,PlacedFoliageSkinnedNaniteAssembly,LV_Overland/Region/Hogwarts Valley/Hogsmeade_RiverBlockout/LI_Hogsmeade_River/SM_Bracken_D13,86030D22-4138-AE87-05B3-A4AB171C5FF8,1,DL_OVERLAND;DL_RENDER,DL_HM_EXT;DL_HOGSMEADE,LI_Hogsmeade_River,/Game/Environment/River/LI_Hogsmeade_River,,7487.5,-76023.6,4189.3
Hogsmeade River,SM_Bracken_D14,PlacedFoliageSkinnedNaniteAssembly,LV_Overland/Region/Hogwarts Valley/Hogsmeade_RiverBlockout/LI_Hogsmeade_River/SM_Bracken_D14,BA5A8856-4D69-6633-1924-709B69F70CD7,1,DL_OVERLAND;DL_RENDER,DL_HM_EXT;DL_HOGSMEADE,LI_Hogsmeade_River,/Game/Environment/River/LI_Hogsmeade_River,,7505.1,-76680.6,4192.0
Hogsmeade River,SM_Bracken_D15,PlacedFoliageSkinnedNaniteAssembly,LV_Overland/Region/Hogwarts Valley/Hogsmeade_RiverBlockout/LI_Hogsmeade_River/SM_Bracken_D15,27067F8D-4C96-6F3B-B2A5-4D889C7A82D5,1,DL_OVERLAND;DL_RENDER,DL_HM_EXT;DL_HOGSMEADE,LI_Hogsmeade_River,/Game/Environment/River/LI_Hogsmeade_River,,11408.3,-69311.5,3666.0
Hogsmeade River,SM_Bracken_D16,PlacedFoliageSkinnedNaniteAssembly,LV_Overland/Region/Hogwarts Valley/Hogsmeade_RiverBlockout/LI_Hogsmeade_River/SM_Bracken_D16,269DDF44-4733-A075-543B-9BA0F28DFBBA,1,DL_OVERLAND;DL_RENDER,DL_HM_EXT;DL_HOGSMEADE,LI_Hogsmeade_River,/Game/Environment/River/LI_Hogsmeade_River,,6117.3,-84619.6,5264.0
Hogsmeade River,SM_Bracken_D17,PlacedFoliageSkinnedNaniteAssembly,LV_Overland/Region/Hogwarts Valley/Hogsmeade_RiverBlockout/LI_Hogsmeade_River/SM_Bracken_D17,50C25234-401C-161B-F563-89A638999DDC,1,DL_OVERLAND;DL_RENDER,DL_HM_EXT;DL_HOGSMEADE,LI_Hogsmeade_River,/Game/Environment/River/LI_Hogsmeade_River,,7580.6,-76637.9,4192.0
Hogsmeade River,SM_Bracken_D18,PlacedFoliageSkinnedNaniteAssembly,LV_Overland/Region/Hogwarts Valley/Hogsmeade_RiverBlockout/LI_Hogsmeade_River/SM_Bracken_D18,9BD36308-44C8-DAFE-30ED-C893FC265ED9,1,DL_OVERLAND;DL_RENDER,DL_HM_EXT;DL_HOGSMEADE,LI_Hogsmeade_River,/Game/Environment/River/LI_Hogsmeade_River,,7710.2,-76679.4,4192.0
Hogsmeade River,SM_Bracken_E15,PlacedFoliageSkinnedNaniteAssembly,LV_Overland/Region/Hogwarts Valley/Hogsmeade_RiverBlockout/LI_Hogsmeade_River/SM_Bracken_E15,3A86360A-4435-5551-0F1C-649BAFDE318D,1,DL_OVERLAND;DL_RENDER,DL_HM_EXT;DL_HOGSMEADE,LI_Hogsmeade_River,/Game/Environment/River/LI_Hogsmeade_River,,6718.7,-77636.0,4248.3
Hogsmeade River,SM_Bracken_E16,PlacedFoliageSkinnedNaniteAssembly,LV_Overland/Region/Hogwarts Valley/Hogsmeade_RiverBlockout/LI_Hogsmeade_River/SM_Bracken_E16,C628567A-4FB4-0590-F82C-37A7787C853A,1,DL_OVERLAND;DL_RENDER,DL_HM_EXT;DL_HOGSMEADE,LI_Hogsmeade_River,/Game/Environment/River/LI_Hogsmeade_River,,7707.0,-75944.0,4201.2
Hogsmeade River,SM_Bracken_E17,PlacedFoliageSkinnedNaniteAssembly,LV_Overland/Region/Hogwarts Valley/Hogsmeade_RiverBlockout/LI_Hogsmeade_River/SM_Bracken_E17,5CAC4F62-4E8E-6A6D-74A4-F58D585B11D6,1,DL_OVERLAND;DL_RENDER,DL_HM_EXT;DL_HOGSMEADE,LI_Hogsmeade_River,/Game/Environment/River/LI_Hogsmeade_River,,7649.6,-76777.2,4199.8
Hogsmeade River,SM_Bracken_E18,PlacedFoliageSkinnedNaniteAssembly,LV_Overland/Region/Hogwarts Valley/Hogsmeade_RiverBlockout/LI_Hogsmeade_River/SM_Bracken_E18,9B964CC3-493E-4419-018D-74A4D2966B42,1,DL_OVERLAND;DL_RENDER,DL_HM_EXT;DL_HOGSMEADE,LI_Hogsmeade_River,/Game/Environment/River/LI_Hogsmeade_River,,9916.5,-73742.2,4285.6
Hogsmeade River,SM_Bracken_E19,PlacedFoliageSkinnedNaniteAssembly,LV_Overland/Region/Hogwarts Valley/Hogsmeade_RiverBlockout/LI_Hogsmeade_River/SM_Bracken_E19,4CBA31CA-4865-DE01-7256-C3A50555358E,1,DL_OVERLAND;DL_RENDER,DL_HM_EXT;DL_HOGSMEADE,LI_Hogsmeade_River,/Game/Environment/River/LI_Hogsmeade_River,,9723.6,-73862.5,4288.3
Hogsmeade River,SM_Bracken_E20,PlacedFoliageSkinnedNaniteAssembly,LV_Overland/Region/Hogwarts Valley/Hogsmeade_RiverBlockout/LI_Hogsmeade_River/SM_Bracken_E20,45250608-401F-B8C2-1D6A-4DBF2F82AE71,1,DL_OVERLAND;DL_RENDER,DL_HM_EXT;DL_HOGSMEADE,LI_Hogsmeade_River,/Game/Environment/River/LI_Hogsmeade_River,,9732.5,-73971.7,4286.7
Hogsmeade River,SM_Bracken_E21,PlacedFoliageSkinnedNaniteAssembly,LV_Overland/Region/Hogwarts Valley/Hogsmeade_RiverBlockout/LI_Hogsmeade_River/SM_Bracken_E21,6B45651E-4820-1E80-8891-978617802812,1,DL_OVERLAND;DL_RENDER,DL_HM_EXT;DL_HOGSMEADE,LI_Hogsmeade_River,/Game/Environment/River/LI_Hogsmeade_River,,5395.6,-83501.5,4968.9
Hogsmeade River,SM_Bracken_E23,PlacedFoliageSkinnedNaniteAssembly,LV_Overland/Region/Hogwarts Valley/Hogsmeade_RiverBlockout/LI_Hogsmeade_River/SM_Bracken_E23,86109190-4ACB-5F65-7A2C-B5893346A873,1,DL_OVERLAND;DL_RENDER,DL_HM_EXT;DL_HOGSMEADE,LI_Hogsmeade_River,/Game/Environment/River/LI_Hogsmeade_River,,6062.3,-84550.8,5254.2
Hogsmeade River,SM_Bulrush_Reeds_10,PlacedFoliageSkinnedNaniteAssembly,LV_Overland/Region/Hogwarts Valley/Hogsmeade_RiverBlockout/LI_Hogsmeade_River/SM_Bulrush_Reeds_10,B2A33C9F-4FC4-76ED-BA1F-76B9ADB914FA,1,DL_OVERLAND;DL_RENDER,DL_HM_EXT;DL_HOGSMEADE,LI_Hogsmeade_River,/Game/Environment/River/LI_Hogsmeade_River,,10782.4,-70337.2,3535.1
Hogsmeade River,SM_Bulrush_Reeds_100,PlacedFoliageSkinnedNaniteAssembly,LV_Overland/Region/Hogwarts Valley/Hogsmeade_RiverBlockout/LI_Hogsmeade_River/SM_Bulrush_Reeds_100,A23391D3-4ED4-470B-4798-F49739EEE6FB,1,DL_OVERLAND;DL_RENDER,DL_HM_EXT;DL_HOGSMEADE,LI_Hogsmeade_River,/Game/Environment/River/LI_Hogsmeade_River,,3103.5,-79575.6,4107.6
Hogsmeade River,SM_Bulrush_Reeds_101,PlacedFoliageSkinnedNaniteAssembly,LV_Overland/Region/Hogwarts Valley/Hogsmeade_RiverBlockout/LI_Hogsmeade_River/SM_Bulrush_Reeds_101,88CBD992-4CFF-FE62-EAC9-E7980BF2C93A,1,DL_OVERLAND;DL_RENDER,DL_HM_EXT;DL_HOGSMEADE,LI_Hogsmeade_River,/Game/Environment/River/LI_Hogsmeade_River,,2872.5,-78691.3,4117.6
Hogsmeade River,SM_Bulrush_Reeds_102,PlacedFoliageSkinnedNaniteAssembly,LV_Overland/Region/Hogwarts Valley/Hogsmeade_RiverBlockout/LI_Hogsmeade_River/SM_Bulrush_Reeds_102,AA3719EF-4B19-AE57-8401-8C90EEC5070F,1,DL_OVERLAND;DL_RENDER,DL_HM_EXT;DL_HOGSMEADE,LI_Hogsmeade_River,/Game/Environment/River/LI_Hogsmeade_River,,3072.2,-79020.3,4036.0
Hogsmeade River,SM_Bulrush_Reeds_103,PlacedFoliageSkinnedNaniteAssembly,LV_Overland/Region/Hogwarts Valley/Hogsmeade_RiverBlockout/LI_Hogsmeade_River/SM_Bulrush_Reeds_103,73ECD536-4946-51EC-0B2B-C7ACCDE25136,1,DL_OVERLAND;DL_RENDER,DL_HM_EXT;DL_HOGSMEADE,LI_Hogsmeade_River,/Game/Environment/River/LI_Hogsmeade_River,,2846.8,-78486.9,4095.0
Hogsmeade River,SM_Bulrush_Reeds_104,PlacedFoliageSkinnedNaniteAssembly,LV_Overland/Region/Hogwarts Valley/Hogsmeade_RiverBlockout/LI_Hogsmeade_River/SM_Bulrush_Reeds_104,F701A8F3-46C4-912A-D823-92A83D53D16B,1,DL_OVERLAND;DL_RENDER,DL_HM_EXT;DL_HOGSMEADE,LI_Hogsmeade_River,/Game/Environment/River/LI_Hogsmeade_River,,2791.9,-78488.3,4078.3
Hogsmeade River,SM_Bulrush_Reeds_105,PlacedFoliageSkinnedNaniteAssembly,LV_Overland/Region/Hogwarts Valley/Hogsmeade_RiverBlockout/LI_Hogsmeade_River/SM_Bulrush_Reeds_105,33A2029E-48DB-A3EE-C8F7-60A49EBF18A9,1,DL_OVERLAND;DL_RENDER,DL_HM_EXT;DL_HOGSMEADE,LI_Hogsmeade_River,/Game/Environment/River/LI_Hogsmeade_River,,3001.0,-79058.5,4123.2
Hogsmeade River,SM_Bulrush_Reeds_106,PlacedFoliageSkinnedNaniteAssembly,LV_Overland/Region/Hogwarts Valley/Hogsmeade_RiverBlockout/LI_Hogsmeade_River/SM_Bulrush_Reeds_106,06E8219B-40BD-D249-18A7-5A8D65EC187E,1,DL_OVERLAND;DL_RENDER,DL_HM_EXT;DL_HOGSMEADE,LI_Hogsmeade_River,/Game/Environment/River/LI_Hogsmeade_River,,3156.3,-78999.6,4059.1
Hogsmeade River,SM_Bulrush_Reeds_107,PlacedFoliageSkinnedNaniteAssembly,LV_Overland/Region/Hogwarts Valley/Hogsmeade_RiverBlockout/LI_Hogsmeade_River/SM_Bulrush_Reeds_107,732B3A74-460E-5222-6EAB-62B81F0A2760,1,DL_OVERLAND;DL_RENDER,DL_HM_EXT;DL_HOGSMEADE,LI_Hogsmeade_River,/Game/Environment/River/LI_Hogsmeade_River,,2992.8,-78820.6,4074.7
Hogsmeade River,SM_Bulrush_Reeds_108,PlacedFoliageSkinnedNaniteAssembly,LV_Overland/Region/Hogwarts Valley/Hogsmeade_RiverBlockout/LI_Hogsmeade_River/SM_Bulrush_Reeds_108,FD003F65-47DE-3420-E743-8CA00E132E8A,1,DL_OVERLAND;DL_RENDER,DL_HM_EXT;DL_HOGSMEADE,LI_Hogsmeade_River,/Game/Environment/River/LI_Hogsmeade_River,,3075.9,-78953.5,4050.4
Hogsmeade River,SM_Bulrush_Reeds_109,PlacedFoliageSkinnedNaniteAssembly,LV_Overland/Region/Hogwarts Valley/Hogsmeade_RiverBlockout/LI_Hogsmeade_River/SM_Bulrush_Reeds_109,C1DEC86F-442B-60A8-C846-AE981C9DD449,1,DL_OVERLAND;DL_RENDER,DL_HM_EXT;DL_HOGSMEADE,LI_Hogsmeade_River,/Game/Environment/River/LI_Hogsmeade_River,,2722.2,-78522.3,4123.2
Hogsmeade River,SM_Bulrush_Reeds_110,PlacedFoliageSkinnedNaniteAssembly,LV_Overland/Region/Hogwarts Valley/Hogsmeade_RiverBlockout/LI_Hogsmeade_River/SM_Bulrush_Reeds_110,1AE18FAF-4CAC-B738-0A7A-84AD381C0B2D,1,DL_OVERLAND;DL_RENDER,DL_HM_EXT;DL_HOGSMEADE,LI_Hogsmeade_River,/Game/Environment/River/LI_Hogsmeade_River,,2773.2,-78628.8,4117.6
Hogsmeade River,SM_Bulrush_Reeds_111,PlacedFoliageSkinnedNaniteAssembly,LV_Overland/Region/Hogwarts Valley/Hogsmeade_RiverBlockout/LI_Hogsmeade_River/SM_Bulrush_Reeds_111,59A35DE5-4F7C-0C7A-79AC-458B62C506E6,1,DL_OVERLAND;DL_RENDER,DL_HM_EXT;DL_HOGSMEADE,LI_Hogsmeade_River,/Game/Environment/River/LI_Hogsmeade_River,,3111.5,-79631.5,4095.8
Hogsmeade River,SM_Bulrush_Reeds_112,PlacedFoliageSkinnedNaniteAssembly,LV_Overland/Region/Hogwarts Valley/Hogsmeade_RiverBlockout/LI_Hogsmeade_River/SM_Bulrush_Reeds_112,68295609-412D-832B-58EB-DA98AF2BCB70,1,DL_OVERLAND;DL_RENDER,DL_HM_EXT;DL_HOGSMEADE,LI_Hogsmeade_River,/Game/Environment/River/LI_Hogsmeade_River,,2867.7,-78567.6,4123.2
Hogsmeade River,SM_Bulrush_Reeds_113,PlacedFoliageSkinnedNaniteAssembly,LV_Overland/Region/Hogwarts Valley/Hogsmeade_RiverBlockout/LI_Hogsmeade_River/SM_Bulrush_Reeds_113,9FEC65EC-45B1-04F0-7951-F685A24BD9C6,1,DL_OVERLAND;DL_RENDER,DL_HM_EXT;DL_HOGSMEADE,LI_Hogsmeade_River,/Game/Environment/River/LI_Hogsmeade_River,,2763.8,-78381.0,4095.0
Hogsmeade River,SM_Bulrush_Reeds_114,PlacedFoliageSkinnedNaniteAssembly,LV_Overland/Region/Hogwarts Valley/Hogsmeade_RiverBlockout/LI_Hogsmeade_River/SM_Bulrush_Reeds_114,D391A694-4AD5-4CBE-8C6A-8F99E7781BF4,1,DL_OVERLAND;DL_RENDER,DL_HM_EXT;DL_HOGSMEADE,LI_Hogsmeade_River,/Game/Environment/River/LI_Hogsmeade_River,,8825.3,-74389.7,4060.2
Hogsmeade River,SM_Bulrush_Reeds_116,PlacedFoliageSkinnedNaniteAssembly,LV_Overland/Region/Hogwarts Valley/Hogsmeade_RiverBlockout/LI_Hogsmeade_River/SM_Bulrush_Reeds_116,F2D6E371-46D1-5CDC-ACE3-A28151089041,1,DL_OVERLAND;DL_RENDER,DL_HM_EXT;DL_HOGSMEADE,LI_Hogsmeade_River,/Game/Environment/River/LI_Hogsmeade_River,,8826.2,-74407.0,4069.3
Hogsmeade River,SM_Bulrush_Reeds_12,PlacedFoliageSkinnedNaniteAssembly,LV_Overland/Region/Hogwarts Valley/Hogsmeade_RiverBlockout/LI_Hogsmeade_River/SM_Bulrush_Reeds_12,673D3626-4828-BFD9-BF0B-EF92AE50B0CA,1,DL_OVERLAND;DL_RENDER,DL_HM_EXT;DL_HOGSMEADE,LI_Hogsmeade_River,/Game/Environment/River/LI_Hogsmeade_River,,12359.3,-67578.6,3391.2
Hogsmeade River,SM_Bulrush_Reeds_125,PlacedFoliageSkinnedNaniteAssembly,LV_Overland/Region/Hogwarts Valley/Hogsmeade_RiverBlockout/LI_Hogsmeade_River/SM_Bulrush_Reeds_125,55402B81-4AA2-6D17-696E-509070C6AFBF,1,DL_OVERLAND;DL_RENDER,DL_HM_EXT;DL_HOGSMEADE,LI_Hogsmeade_River,/Game/Environment/River/LI_Hogsmeade_River,,12319.0,-67505.5,3406.6
Hogsmeade River,SM_Bulrush_Reeds_127,PlacedFoliageSkinnedNaniteAssembly,LV_Overland/Region/Hogwarts Valley/Hogsmeade_RiverBlockout/LI_Hogsmeade_River/SM_Bulrush_Reeds_127,3633FDEF-4179-42FA-027B-B0A7FE80EF03,1,DL_OVERLAND;DL_RENDER,DL_HM_EXT;DL_HOGSMEADE,LI_Hogsmeade_River,/Game/Environment/River/LI_Hogsmeade_River,,12347.3,-67503.2,3420.4
Hogsmeade River,SM_Bulrush_Reeds_129,PlacedFoliageSkinnedNaniteAssembly,LV_Overland/Region/Hogwarts Valley/Hogsmeade_RiverBlockout/LI_Hogsmeade_River/SM_Bulrush_Reeds_129,1D102764-4A1B-2000-F34E-019BD66A6748,1,DL_OVERLAND;DL_RENDER,DL_HM_EXT;DL_HOGSMEADE,LI_Hogsmeade_River,/Game/Environment/River/LI_Hogsmeade_River,,12338.5,-67652.3,3383.2
Hogsmeade River,SM_Bulrush_Reeds_13,PlacedFoliageSkinnedNaniteAssembly,LV_Overland/Region/Hogwarts Valley/Hogsmeade_RiverBlockout/LI_Hogsmeade_River/SM_Bulrush_Reeds_13,8C2C80E8-49C8-9DDA-4135-28B62FA0ECD0,1,DL_OVERLAND;DL_RENDER,DL_HM_EXT;DL_HOGSMEADE,LI_Hogsmeade_River,/Game/Environment/River/LI_Hogsmeade_River,,12264.0,-67487.5,3428.9
Hogsmeade River,SM_Bulrush_Reeds_130,PlacedFoliageSkinnedNaniteAssembly,LV_Overland/Region/Hogwarts Valley/Hogsmeade_RiverBlockout/LI_Hogsmeade_River/SM_Bulrush_Reeds_130,C7D08DE7-4DBF-FD58-0DA6-D387429660DF,1,DL_OVERLAND;DL_RENDER,DL_HM_EXT;DL_HOGSMEADE,LI_Hogsmeade_River,/Game/Environment/River/LI_Hogsmeade_River,,12321.9,-67432.8,3409.3
Hogsmeade River,SM_Bulrush_Reeds_131,PlacedFoliageSkinnedNaniteAssembly,LV_Overland/Region/Hogwarts Valley/Hogsmeade_RiverBlockout/LI_Hogsmeade_River/SM_Bulrush_Reeds_131,14DABA52-45FB-E270-7925-A980F9459A46,1,DL_OVERLAND;DL_RENDER,DL_HM_EXT;DL_HOGSMEADE,LI_Hogsmeade_River,/Game/Environment/River/LI_Hogsmeade_River,,12387.5,-67587.9,3367.8
Hogsmeade River,SM_Bulrush_Reeds_132,PlacedFoliageSkinnedNaniteAssembly,LV_Overland/Region/Hogwarts Valley/Hogsmeade_RiverBlockout/LI_Hogsmeade_River/SM_Bulrush_Reeds_132,77D4C97A-4FBC-8CF3-1514-FF907F4B2D65,1,DL_OVERLAND;DL_RENDER,DL_HM_EXT;DL_HOGSMEADE,LI_Hogsmeade_River,/Game/Environment/River/LI_Hogsmeade_River,,12235.0,-67649.6,3397.8
Hogsmeade River,SM_Bulrush_Reeds_134,PlacedFoliageSkinnedNaniteAssembly,LV_Overland/Region/Hogwarts Valley/Hogsmeade_RiverBlockout/LI_Hogsmeade_River/SM_Bulrush_Reeds_134,DAE0D2A6-42D6-0A52-58BC-E7B432AD366D,1,DL_OVERLAND;DL_RENDER,DL_HM_EXT;DL_HOGSMEADE,LI_Hogsmeade_River,/Game/Environment/River/LI_Hogsmeade_River,,10458.3,-71268.7,3402.4
Hogsmeade River,SM_Bulrush_Reeds_14,PlacedFoliageSkinnedNaniteAssembly,LV_Overland/Region/Hogwarts Valley/Hogsmeade_RiverBlockout/LI_Hogsmeade_River/SM_Bulrush_Reeds_14,06EC622B-4DEC-37B0-08F0-9B9130E5E0C3,1,DL_OVERLAND;DL_RENDER,DL_HM_EXT;DL_HOGSMEADE,LI_Hogsmeade_River,/Game/Environment/River/LI_Hogsmeade_River,,11012.2,-70930.6,3509.5
Hogsmeade River,SM_Bulrush_Reeds_140,PlacedFoliageSkinnedNaniteAssembly,LV_Overland/Region/Hogwarts Valley/Hogsmeade_RiverBlockout/LI_Hogsmeade_River/SM_Bulrush_Reeds_140,609A02E3-4D00-978C-FA16-5FB0676DE73A,1,DL_OVERLAND;DL_RENDER,DL_HM_EXT;DL_HOGSMEADE,LI_Hogsmeade_River,/Game/Environment/River/LI_Hogsmeade_River,,10117.9,-71114.4,3511.8
Hogsmeade River,SM_Bulrush_Reeds_141,PlacedFoliageSkinnedNaniteAssembly,LV_Overland/Region/Hogwarts Valley/Hogsmeade_RiverBlockout/LI_Hogsmeade_River/SM_Bulrush_Reeds_141,9C0EDA91-4F58-A4CA-A951-F29890CEC18A,1,DL_OVERLAND;DL_RENDER,DL_HM_EXT;DL_HOGSMEADE,LI_Hogsmeade_River,/Game/Environment/River/LI_Hogsmeade_River,,15218.9,-86953.6,5739.0
Hogsmeade River,SM_Bulrush_Reeds_142,PlacedFoliageSkinnedNaniteAssembly,LV_Overland/Region/Hogwarts Valley/Hogsmeade_RiverBlockout/LI_Hogsmeade_River/SM_Bulrush_Reeds_142,CD4BECE8-4E32-A051-C43E-89AB73C726D9,1,DL_OVERLAND;DL_RENDER,DL_HM_EXT;DL_HOGSMEADE,LI_Hogsmeade_River,/Game/Environment/River/LI_Hogsmeade_River,,15091.0,-86808.3,5739.0
Hogsmeade River,SM_Bulrush_Reeds_143,PlacedFoliageSkinnedNaniteAssembly,LV_Overland/Region/Hogwarts Valley/Hogsmeade_RiverBlockout/LI_Hogsmeade_River/SM_Bulrush_Reeds_143,05D032C4-410E-8208-0916-35935EE28D1F,1,DL_OVERLAND;DL_RENDER,DL_HM_EXT;DL_HOGSMEADE,LI_Hogsmeade_River,/Game/Environment/River/LI_Hogsmeade_River,,14984.7,-86684.8,5730.0
Hogsmeade River,SM_Bulrush_Reeds_144,PlacedFoliageSkinnedNaniteAssembly,LV_Overland/Region/Hogwarts Valley/Hogsmeade_RiverBlockout/LI_Hogsmeade_River/SM_Bulrush_Reeds_144,AF27C72B-46D1-AF53-AB1F-53A0E4A8C669,1,DL_OVERLAND;DL_RENDER,DL_HM_EXT;DL_HOGSMEADE,LI_Hogsmeade_River,/Game/Environment/River/LI_Hogsmeade_River,,15137.0,-86688.5,5730.0
Hogsmeade River,SM_Bulrush_Reeds_145,PlacedFoliageSkinnedNaniteAssembly,LV_Overland/Region/Hogwarts Valley/Hogsmeade_RiverBlockout/LI_Hogsmeade_River/SM_Bulrush_Reeds_145,929C2FB5-420C-4E6E-6749-C8BDEBC27BA3,1,DL_OVERLAND;DL_RENDER,DL_HM_EXT;DL_HOGSMEADE,LI_Hogsmeade_River,/Game/Environment/River/LI_Hogsmeade_River,,15217.0,-86815.6,5730.0
Hogsmeade River,SM_Bulrush_Reeds_147,PlacedFoliageSkinnedNaniteAssembly,LV_Overland/Region/Hogwarts Valley/Hogsmeade_RiverBlockout/LI_Hogsmeade_River/SM_Bulrush_Reeds_147,941581D2-4DCD-F7A0-A385-AC9342E54EFD,1,DL_OVERLAND;DL_RENDER,DL_HM_EXT;DL_HOGSMEADE,LI_Hogsmeade_River,/Game/Environment/River/LI_Hogsmeade_River,,14469.9,-86714.9,5736.4
Hogsmeade River,SM_Bulrush_Reeds_15,PlacedFoliageSkinnedNaniteAssembly,LV_Overland/Region/Hogwarts Valley/Hogsmeade_RiverBlockout/LI_Hogsmeade_River/SM_Bulrush_Reeds_15,50A558C6-4052-697C-2F13-E89E0687145A,1,DL_OVERLAND;DL_RENDER,DL_HM_EXT;DL_HOGSMEADE,LI_Hogsmeade_River,/Game/Environment/River/LI_Hogsmeade_River,,9997.7,-70520.7,3513.4
Hogsmeade River,SM_Bulrush_Reeds_151,PlacedFoliageSkinnedNaniteAssembly,LV_Overland/Region/Hogwarts Valley/Hogsmeade_RiverBlockout/LI_Hogsmeade_River/SM_Bulrush_Reeds_151,AA608D6A-430C-78BE-AE69-1C95AC2AEA34,1,DL_OVERLAND;DL_RENDER,DL_HM_EXT;DL_HOGSMEADE,LI_Hogsmeade_River,/Game/Environment/River/LI_Hogsmeade_River,,15412.5,-87023.1,5772.9
Hogsmeade River,SM_Bulrush_Reeds_152,PlacedFoliageSkinnedNaniteAssembly,LV_Overland/Region/Hogwarts Valley/Hogsmeade_RiverBlockout/LI_Hogsmeade_River/SM_Bulrush_Reeds_152,7D9904CC-43DC-2495-55F4-3EA3312A5C02,1,DL_OVERLAND;DL_RENDER,DL_HM_EXT;DL_HOGSMEADE,LI_Hogsmeade_River,/Game/Environment/River/LI_Hogsmeade_River,,15481.1,-87106.2,5772.9
Hogsmeade River,SM_Bulrush_Reeds_153,PlacedFoliageSkinnedNaniteAssembly,LV_Overland/Region/Hogwarts Valley/Hogsmeade_RiverBlockout/LI_Hogsmeade_River/SM_Bulrush_Reeds_153,D6C7CCF0-410D-3E74-33E7-DF83F282DD37,1,DL_OVERLAND;DL_RENDER,DL_HM_EXT;DL_HOGSMEADE,LI_Hogsmeade_River,/Game/Environment/River/LI_Hogsmeade_River,,15402.4,-86890.5,5730.0
Hogsmeade River,SM_Bulrush_Reeds_154,PlacedFoliageSkinnedNaniteAssembly,LV_Overland/Region/Hogwarts Valley/Hogsmeade_RiverBlockout/LI_Hogsmeade_River/SM_Bulrush_Reeds_154,A2054800-4511-45E1-C79B-C0A1EAC60C87,1,DL_OVERLAND;DL_RENDER,DL_HM_EXT;DL_HOGSMEADE,LI_Hogsmeade_River,/Game/Environment/River/LI_Hogsmeade_River,,15589.7,-87003.0,5730.0
Hogsmeade River,SM_Bulrush_Reeds_155,PlacedFoliageSkinnedNaniteAssembly,LV_Overland/Region/Hogwarts Valley/Hogsmeade_RiverBlockout/LI_Hogsmeade_River/SM_Bulrush_Reeds_155,31FE319A-445A-EB7B-D064-FD861ABE4315,1,DL_OVERLAND;DL_RENDER,DL_HM_EXT;DL_HOGSMEADE,LI_Hogsmeade_River,/Game/Environment/River/LI_Hogsmeade_River,,15745.9,-86970.4,5730.0
Hogsmeade River,SM_Bulrush_Reeds_156,PlacedFoliageSkinnedNaniteAssembly,LV_Overland/Region/Hogwarts Valley/Hogsmeade_RiverBlockout/LI_Hogsmeade_River/SM_Bulrush_Reeds_156,599D04D4-40DE-941B-91D1-D5A53FEEEC71,1,DL_OVERLAND;DL_RENDER,DL_HM_EXT;DL_HOGSMEADE,LI_Hogsmeade_River,/Game/Environment/River/LI_Hogsmeade_River,,17548.0,-87785.4,5893.1
Hogsmeade River,SM_Bulrush_Reeds_157,PlacedFoliageSkinnedNaniteAssembly,LV_Overland/Region/Hogwarts Valley/Hogsmeade_RiverBlockout/LI_Hogsmeade_River/SM_Bulrush_Reeds_157,45791DC1-4A6C-06FB-A5EF-018C9B6E7572,1,DL_OVERLAND;DL_RENDER,DL_HM_EXT;DL_HOGSMEADE,LI_Hogsmeade_River,/Game/Environment/River/LI_Hogsmeade_River,,17397.6,-87693.5,5893.1
Hogsmeade River,SM_Bulrush_Reeds_158,PlacedFoliageSkinnedNaniteAssembly,LV_Overland/Region/Hogwarts Valley/Hogsmeade_RiverBlockout/LI_Hogsmeade_River/SM_Bulrush_Reeds_158,38F36CA9-4CD6-AF4F-D554-0CB7ABB4C5AC,1,DL_OVERLAND;DL_RENDER,DL_HM_EXT;DL_HOGSMEADE,LI_Hogsmeade_River,/Game/Environment/River/LI_Hogsmeade_River,,17150.9,-87578.1,5880.3
Hogsmeade River,SM_Bulrush_Reeds_159,PlacedFoliageSkinnedNaniteAssembly,LV_Overland/Region/Hogwarts Valley/Hogsmeade_RiverBlockout/LI_Hogsmeade_River/SM_Bulrush_Reeds_159,8B77DBD5-4978-FCF0-02D6-37B36CEE47DB,1,DL_OVERLAND;DL_RENDER,DL_HM_EXT;DL_HOGSMEADE,LI_Hogsmeade_River,/Game/Environment/River/LI_Hogsmeade_River,,17309.6,-87673.0,5880.3
Hogsmeade River,SM_Bulrush_Reeds_16,PlacedFoliageSkinnedNaniteAssembly,LV_Overland/Region/Hogwarts Valley/Hogsmeade_RiverBlockout/LI_Hogsmeade_River/SM_Bulrush_Reeds_16,153018FF-4929-7B21-BA40-BBB075537038,1,DL_OVERLAND;DL_RENDER,DL_HM_EXT;DL_HOGSMEADE,LI_Hogsmeade_River,/Game/Environment/River/LI_Hogsmeade_River,,10073.3,-71173.1,3530.3
Hogsmeade River,SM_Bulrush_Reeds_160,PlacedFoliageSkinnedNaniteAssembly,LV_Overland/Region/Hogwarts Valley/Hogsmeade_RiverBlockout/LI_Hogsmeade_River/SM_Bulrush_Reeds_160,ECA53102-4A7C-46D5-85BA-B2B0DD4FD670,1,DL_OVERLAND;DL_RENDER,DL_HM_EXT;DL_HOGSMEADE,LI_Hogsmeade_River,/Game/Environment/River/LI_Hogsmeade_River,,17180.3,-87648.7,5880.3
Hogsmeade River,SM_Bulrush_Reeds_161,PlacedFoliageSkinnedNaniteAssembly,LV_Overland/Region/Hogwarts Valley/Hogsmeade_RiverBlockout/LI_Hogsmeade_River/SM_Bulrush_Reeds_161,060ABB92-494B-41EF-3317-0786DA80D1ED,1,DL_OVERLAND;DL_RENDER,DL_HM_EXT;DL_HOGSMEADE,LI_Hogsmeade_River,/Game/Environment/River/LI_Hogsmeade_River,,17298.3,-87796.7,5880.3
Hogsmeade River,SM_Bulrush_Reeds_164,PlacedFoliageSkinnedNaniteAssembly,LV_Overland/Region/Hogwarts Valley/Hogsmeade_RiverBlockout/LI_Hogsmeade_River/SM_Bulrush_Reeds_164,760F800A-4219-E8EE-74D4-ACB7E484E4AB,1,DL_OVERLAND;DL_RENDER,DL_HM_EXT;DL_HOGSMEADE,LI_Hogsmeade_River,/Game/Environment/River/LI_Hogsmeade_River,,6223.9,-78634.9,4065.5
Hogsmeade River,SM_Bulrush_Reeds_165,PlacedFoliageSkinnedNaniteAssembly,LV_Overland/Region/Hogwarts Valley/Hogsmeade_RiverBlockout/LI_Hogsmeade_River/SM_Bulrush_Reeds_165,1AB8CBF4-4576-CF97-312F-B5A7AA05FA52,1,DL_OVERLAND;DL_RENDER,DL_HM_EXT;DL_HOGSMEADE,LI_Hogsmeade_River,/Game/Environment/River/LI_Hogsmeade_River,,6202.7,-78721.9,3951.5
Hogsmeade River,SM_Bulrush_Reeds_167,PlacedFoliageSkinnedNaniteAssembly,LV_Overland/Region/Hogwarts Valley/Hogsmeade_RiverBlockout/LI_Hogsmeade_River/SM_Bulrush_Reeds_167,6A36123B-4DB5-ABB3-25BD-9DA0B1528DF5,1,DL_OVERLAND;DL_RENDER,DL_HM_EXT;DL_HOGSMEADE,LI_Hogsmeade_River,/Game/Environment/River/LI_Hogsmeade_River,,6190.2,-78674.2,3998.9
Hogsmeade River,SM_Bulrush_Reeds_17,PlacedFoliageSkinnedNaniteAssembly,LV_Overland/Region/Hogwarts Valley/Hogsmeade_RiverBlockout/LI_Hogsmeade_River/SM_Bulrush_Reeds_17,50886BE0-4D3F-C4B6-1851-F7858F97D73F,1,DL_OVERLAND;DL_RENDER,DL_HM_EXT;DL_HOGSMEADE,LI_Hogsmeade_River,/Game/Environment/River/LI_Hogsmeade_River,,8792.3,-74446.2,4079.0
Hogsmeade River,SM_Bulrush_Reeds_173,PlacedFoliageSkinnedNaniteAssembly,LV_Overland/Region/Hogwarts Valley/Hogsmeade_RiverBlockout/LI_Hogsmeade_River/SM_Bulrush_Reeds_173,5706174B-4583-19E5-98C2-ECADE7F2883C,1,DL_OVERLAND;DL_RENDER,DL_HM_EXT;DL_HOGSMEADE,LI_Hogsmeade_River,/Game/Environment/River/LI_Hogsmeade_River,,10216.5,-70978.5,3479.3
Hogsmeade River,SM_Bulrush_Reeds_174,PlacedFoliageSkinnedNaniteAssembly,LV_Overland/Region/Hogwarts Valley/Hogsmeade_RiverBlockout/LI_Hogsmeade_River/SM_Bulrush_Reeds_174,7B8CC1DE-4426-8258-9DA7-B386FB0DC3D4,1,DL_OVERLAND;DL_RENDER,DL_HM_EXT;DL_HOGSMEADE,LI_Hogsmeade_River,/Game/Environment/River/LI_Hogsmeade_River,,10136.6,-71078.7,3489.7
Hogsmeade River,SM_Bulrush_Reeds_175,PlacedFoliageSkinnedNaniteAssembly,LV_Overland/Region/Hogwarts Valley/Hogsmeade_RiverBlockout/LI_Hogsmeade_River/SM_Bulrush_Reeds_175,DC8DB201-4C4B-3B70-9B81-1BAF103CED23,1,DL_OVERLAND;DL_RENDER,DL_HM_EXT;DL_HOGSMEADE,LI_Hogsmeade_River,/Game/Environment/River/LI_Hogsmeade_River,,10396.1,-70976.4,3467.7
Hogsmeade River,SM_Bulrush_Reeds_176,PlacedFoliageSkinnedNaniteAssembly,LV_Overland/Region/Hogwarts Valley/Hogsmeade_RiverBlockout/LI_Hogsmeade_River/SM_Bulrush_Reeds_176,1AA5A19D-4E5F-B038-9F61-908678009A28,1,DL_OVERLAND;DL_RENDER,DL_HM_EXT;DL_HOGSMEADE,LI_Hogsmeade_River,/Game/Environment/River/LI_Hogsmeade_River,,10341.7,-70935.7,3467.7
Hogsmeade River,SM_Bulrush_Reeds_177,PlacedFoliageSkinnedNaniteAssembly,LV_Overland/Region/Hogwarts Valley/Hogsmeade_RiverBlockout/LI_Hogsmeade_River/SM_Bulrush_Reeds_177,3CD99706-4232-F08C-DCB1-C4A1AD1F0CDE,1,DL_OVERLAND;DL_RENDER,DL_HM_EXT;DL_HOGSMEADE,LI_Hogsmeade_River,/Game/Environment/River/LI_Hogsmeade_River,,10454.1,-70873.4,3467.7
Hogsmeade River,SM_Bulrush_Reeds_178,PlacedFoliageSkinnedNaniteAssembly,LV_Overland/Region/Hogwarts Valley/Hogsmeade_RiverBlockout/LI_Hogsmeade_River/SM_Bulrush_Reeds_178,56931A38-42F2-E85A-8878-019337B0C28B,1,DL_OVERLAND;DL_RENDER,DL_HM_EXT;DL_HOGSMEADE,LI_Hogsmeade_River,/Game/Environment/River/LI_Hogsmeade_River,,10157.2,-71082.7,3503.9
Hogsmeade River,SM_Bulrush_Reeds_18,PlacedFoliageSkinnedNaniteAssembly,LV_Overland/Region/Hogwarts Valley/Hogsmeade_RiverBlockout/LI_Hogsmeade_River/SM_Bulrush_Reeds_18,D0D3B845-4C92-E124-8EAA-50999BFD84F8,1,DL_OVERLAND;DL_RENDER,DL_HM_EXT;DL_HOGSMEADE,LI_Hogsmeade_River,/Game/Environment/River/LI_Hogsmeade_River,,8832.7,-74251.7,4021.5
Hogsmeade River,SM_Bulrush_Reeds_19,PlacedFoliageSkinnedNaniteAssembly,LV_Overland/Region/Hogwarts Valley/Hogsmeade_RiverBlockout/LI_Hogsmeade_River/SM_Bulrush_Reeds_19,E7137D8E-4F01-7910-5A46-CEAA20A20DA6,1,DL_OVERLAND;DL_RENDER,DL_HM_EXT;DL_HOGSMEADE,LI_Hogsmeade_River,/Game/Environment/River/LI_Hogsmeade_River,,6350.5,-79045.7,4019.1
Hogsmeade River,SM_Bulrush_Reeds_22,PlacedFoliageSkinnedNaniteAssembly,LV_Overland/Region/Hogwarts Valley/Hogsmeade_RiverBlockout/LI_Hogsmeade_River/SM_Bulrush_Reeds_22,7C3C8A51-42F3-5E84-04F4-5F8E6D66321C,1,DL_OVERLAND;DL_RENDER,DL_HM_EXT;DL_HOGSMEADE,LI_Hogsmeade_River,/Game/Environment/River/LI_Hogsmeade_River,,5903.2,-79932.0,4150.1
Hogsmeade River,SM_Bulrush_Reeds_23,PlacedFoliageSkinnedNaniteAssembly,LV_Overland/Region/Hogwarts Valley/Hogsmeade_RiverBlockout/LI_Hogsmeade_River/SM_Bulrush_Reeds_23,2C8C23DE-447E-0804-367F-E4B65ECAF635,1,DL_OVERLAND;DL_RENDER,DL_HM_EXT;DL_HOGSMEADE,LI_Hogsmeade_River,/Game/Environment/River/LI_Hogsmeade_River,,5949.6,-79853.7,4160.1
Hogsmeade River,SM_Bulrush_Reeds_26,PlacedFoliageSkinnedNaniteAssembly,LV_Overland/Region/Hogwarts Valley/Hogsmeade_RiverBlockout/LI_Hogsmeade_River/SM_Bulrush_Reeds_26,6040E2D2-4DD2-BBB2-5537-9F9C1F54F128,1,DL_OVERLAND;DL_RENDER,DL_HM_EXT;DL_HOGSMEADE,LI_Hogsmeade_River,/Game/Environment/River/LI_Hogsmeade_River,,3117.0,-79616.8,4122.5
Hogsmeade River,SM_Bulrush_Reeds_27,PlacedFoliageSkinnedNaniteAssembly,LV_Overland/Region/Hogwarts Valley/Hogsmeade_RiverBlockout/LI_Hogsmeade_River/SM_Bulrush_Reeds_27,DE5415CE-4FD1-B849-7F54-ED85B3EF8B9C,1,DL_OVERLAND;DL_RENDER,DL_HM_EXT;DL_HOGSMEADE,LI_Hogsmeade_River,/Game/Environment/River/LI_Hogsmeade_River,,6357.4,-78920.2,4006.1
Hogsmeade River,SM_Bulrush_Reeds_28,PlacedFoliageSkinnedNaniteAssembly,LV_Overland/Region/Hogwarts Valley/Hogsmeade_RiverBlockout/LI_Hogsmeade_River/SM_Bulrush_Reeds_28,4E79F930-464B-338B-8232-C6AC411A8744,1,DL_OVERLAND;DL_RENDER,DL_HM_EXT;DL_HOGSMEADE,LI_Hogsmeade_River,/Game/Environment/River/LI_Hogsmeade_River,,6345.7,-78738.8,3947.1
Hogsmeade River,SM_Bulrush_Reeds_29,PlacedFoliageSkinnedNaniteAssembly,LV_Overland/Region/Hogwarts Valley/Hogsmeade_RiverBlockout/LI_Hogsmeade_River/SM_Bulrush_Reeds_29,445CF237-429E-8AF8-EACA-6C86D61AC8C7,1,DL_OVERLAND;DL_RENDER,DL_HM_EXT;DL_HOGSMEADE,LI_Hogsmeade_River,/Game/Environment/River/LI_Hogsmeade_River,,5967.2,-79919.6,4177.4
Hogsmeade River,SM_Bulrush_Reeds_30,PlacedFoliageSkinnedNaniteAssembly,LV_Overland/Region/Hogwarts Valley/Hogsmeade_RiverBlockout/LI_Hogsmeade_River/SM_Bulrush_Reeds_30,064B9638-4A34-E558-C41D-31B6B52D4F50,1,DL_OVERLAND;DL_RENDER,DL_HM_EXT;DL_HOGSMEADE,LI_Hogsmeade_River,/Game/Environment/River/LI_Hogsmeade_River,,5941.3,-79940.9,4162.8
Hogsmeade River,SM_Bulrush_Reeds_32,PlacedFoliageSkinnedNaniteAssembly,LV_Overland/Region/Hogwarts Valley/Hogsmeade_RiverBlockout/LI_Hogsmeade_River/SM_Bulrush_Reeds_32,C914FE3A-4006-DA3C-2309-2195D34E743B,1,DL_OVERLAND;DL_RENDER,DL_HM_EXT;DL_HOGSMEADE,LI_Hogsmeade_River,/Game/Environment/River/LI_Hogsmeade_River,,8744.7,-74344.7,4003.1
Hogsmeade River,SM_Bulrush_Reeds_33,PlacedFoliageSkinnedNaniteAssembly,LV_Overland/Region/Hogwarts Valley/Hogsmeade_RiverBlockout/LI_Hogsmeade_River/SM_Bulrush_Reeds_33,9A3B49BD-4EF6-9D3D-1F40-61A5B7418B71,1,DL_OVERLAND;DL_RENDER,DL_HM_EXT;DL_HOGSMEADE,LI_Hogsmeade_River,/Game/Environment/River/LI_Hogsmeade_River,,6369.0,-79079.9,4097.7
Hogsmeade River,SM_Bulrush_Reeds_34,PlacedFoliageSkinnedNaniteAssembly,LV_Overland/Region/Hogwarts Valley/Hogsmeade_RiverBlockout/LI_Hogsmeade_River/SM_Bulrush_Reeds_34,B8B91B56-48A3-55A9-D312-95877F790453,1,DL_OVERLAND;DL_RENDER,DL_HM_EXT;DL_HOGSMEADE,LI_Hogsmeade_River,/Game/Environment/River/LI_Hogsmeade_River,,6420.9,-78986.4,4097.7
Hogsmeade River,SM_Bulrush_Reeds_35,PlacedFoliageSkinnedNaniteAssembly,LV_Overland/Region/Hogwarts Valley/Hogsmeade_RiverBlockout/LI_Hogsmeade_River/SM_Bulrush_Reeds_35,C5EBD0B6-415B-476E-0F54-FE8AFAAD9C0E,1,DL_OVERLAND;DL_RENDER,DL_HM_EXT;DL_HOGSMEADE,LI_Hogsmeade_River,/Game/Environment/River/LI_Hogsmeade_River,,3045.4,-79579.3,4145.7
Hogsmeade River,SM_Bulrush_Reeds_4,PlacedFoliageSkinnedNaniteAssembly,LV_Overland/Region/Hogwarts Valley/Hogsmeade_RiverBlockout/LI_Hogsmeade_River/SM_Bulrush_Reeds_4,8B7461B5-47C4-2BF0-659A-91B909026B6C,1,DL_OVERLAND;DL_RENDER,DL_HM_EXT;DL_HOGSMEADE,LI_Hogsmeade_River,/Game/Environment/River/LI_Hogsmeade_River,,10005.7,-70592.8,3525.5
Hogsmeade River,SM_Bulrush_Reeds_48,PlacedFoliageSkinnedNaniteAssembly,LV_Overland/Region/Hogwarts Valley/Hogsmeade_RiverBlockout/LI_Hogsmeade_River/SM_Bulrush_Reeds_48,05100D2C-44C9-9DE4-7A0B-51B7FDCC6119,1,DL_OVERLAND;DL_RENDER,DL_HM_EXT;DL_HOGSMEADE,LI_Hogsmeade_River,/Game/Environment/River/LI_Hogsmeade_River,,10296.1,-71344.3,3531.9
Hogsmeade River,SM_Bulrush_Reeds_49,PlacedFoliageSkinnedNaniteAssembly,LV_Overland/Region/Hogwarts Valley/Hogsmeade_RiverBlockout/LI_Hogsmeade_River/SM_Bulrush_Reeds_49,DA22FBB6-49A8-6E73-35A2-9D8C026FECB1,1,DL_OVERLAND;DL_RENDER,DL_HM_EXT;DL_HOGSMEADE,LI_Hogsmeade_River,/Game/Environment/River/LI_Hogsmeade_River,,10810.9,-70377.6,3565.5
Hogsmeade River,SM_Bulrush_Reeds_5,PlacedFoliageSkinnedNaniteAssembly,LV_Overland/Region/Hogwarts Valley/Hogsmeade_RiverBlockout/LI_Hogsmeade_River/SM_Bulrush_Reeds_5,921397AD-4427-E6D6-FD03-9FAB882202A4,1,DL_OVERLAND;DL_RENDER,DL_HM_EXT;DL_HOGSMEADE,LI_Hogsmeade_River,/Game/Environment/River/LI_Hogsmeade_River,,10001.5,-70574.5,3525.3
Hogsmeade River,SM_Bulrush_Reeds_50,PlacedFoliageSkinnedNaniteAssembly,LV_Overland/Region/Hogwarts Valley/Hogsmeade_RiverBlockout/LI_Hogsmeade_River/SM_Bulrush_Reeds_50,B10C9547-4028-C262-01DD-FFA40089D3F5,1,DL_OVERLAND;DL_RENDER,DL_HM_EXT;DL_HOGSMEADE,LI_Hogsmeade_River,/Game/Environment/River/LI_Hogsmeade_River,,10097.3,-71107.5,3512.6
Hogsmeade River,SM_Bulrush_Reeds_51,PlacedFoliageSkinnedNaniteAssembly,LV_Overland/Region/Hogwarts Valley/Hogsmeade_RiverBlockout/LI_Hogsmeade_River/SM_Bulrush_Reeds_51,5A3E3ECC-4363-8200-E948-40BBEA3B8FD9,1,DL_OVERLAND;DL_RENDER,DL_HM_EXT;DL_HOGSMEADE,LI_Hogsmeade_River,/Game/Environment/River/LI_Hogsmeade_River,,8688.9,-74517.1,3991.5
Hogsmeade River,SM_Bulrush_Reeds_52,PlacedFoliageSkinnedNaniteAssembly,LV_Overland/Region/Hogwarts Valley/Hogsmeade_RiverBlockout/LI_Hogsmeade_River/SM_Bulrush_Reeds_52,D9AE4AA5-41B7-A7E9-08A6-7B9349CE224E,1,DL_OVERLAND;DL_RENDER,DL_HM_EXT;DL_HOGSMEADE,LI_Hogsmeade_River,/Game/Environment/River/LI_Hogsmeade_River,,8823.9,-74374.3,4076.6
Hogsmeade River,SM_Bulrush_Reeds_55,PlacedFoliageSkinnedNaniteAssembly,LV_Overland/Region/Hogwarts Valley/Hogsmeade_RiverBlockout/LI_Hogsmeade_River/SM_Bulrush_Reeds_55,491FE0A4-478B-AC6D-E59C-23995D9053D2,1,DL_OVERLAND;DL_RENDER,DL_HM_EXT;DL_HOGSMEADE,LI_Hogsmeade_River,/Game/Environment/River/LI_Hogsmeade_River,,6335.0,-78852.5,4106.2
Hogsmeade River,SM_Bulrush_Reeds_56,PlacedFoliageSkinnedNaniteAssembly,LV_Overland/Region/Hogwarts Valley/Hogsmeade_RiverBlockout/LI_Hogsmeade_River/SM_Bulrush_Reeds_56,90FC2CB7-4AF4-0A2E-2D3B-6D8D93377972,1,DL_OVERLAND;DL_RENDER,DL_HM_EXT;DL_HOGSMEADE,LI_Hogsmeade_River,/Game/Environment/River/LI_Hogsmeade_River,,6255.6,-78975.1,4022.8
Hogsmeade River,SM_Bulrush_Reeds_57,PlacedFoliageSkinnedNaniteAssembly,LV_Overland/Region/Hogwarts Valley/Hogsmeade_RiverBlockout/LI_Hogsmeade_River/SM_Bulrush_Reeds_57,23238D80-4C1C-CE31-6DAA-7BBA11EB19E8,1,DL_OVERLAND;DL_RENDER,DL_HM_EXT;DL_HOGSMEADE,LI_Hogsmeade_River,/Game/Environment/River/LI_Hogsmeade_River,,6231.6,-78735.8,4035.9
Hogsmeade River,SM_Bulrush_Reeds_6,PlacedFoliageSkinnedNaniteAssembly,LV_Overland/Region/Hogwarts Valley/Hogsmeade_RiverBlockout/LI_Hogsmeade_River/SM_Bulrush_Reeds_6,C455D0B6-4FDE-B8B0-C6E8-87B77DA8EADC,1,DL_OVERLAND;DL_RENDER,DL_HM_EXT;DL_HOGSMEADE,LI_Hogsmeade_River,/Game/Environment/River/LI_Hogsmeade_River,,10966.6,-70820.6,3473.4
Hogsmeade River,SM_Bulrush_Reeds_61,PlacedFoliageSkinnedNaniteAssembly,LV_Overland/Region/Hogwarts Valley/Hogsmeade_RiverBlockout/LI_Hogsmeade_River/SM_Bulrush_Reeds_61,4901176F-4F39-2E30-9683-D58F2BC5BFF9,1,DL_OVERLAND;DL_RENDER,DL_HM_EXT;DL_HOGSMEADE,LI_Hogsmeade_River,/Game/Environment/River/LI_Hogsmeade_River,,6269.0,-78627.0,4123.0
Hogsmeade River,SM_Bulrush_Reeds_68,PlacedFoliageSkinnedNaniteAssembly,LV_Overland/Region/Hogwarts Valley/Hogsmeade_RiverBlockout/LI_Hogsmeade_River/SM_Bulrush_Reeds_68,3DE25F95-4507-C9A0-A697-3F91FFED6C96,1,DL_OVERLAND;DL_RENDER,DL_HM_EXT;DL_HOGSMEADE,LI_Hogsmeade_River,/Game/Environment/River/LI_Hogsmeade_River,,6352.6,-78423.3,4021.7
Hogsmeade River,SM_Bulrush_Reeds_69,PlacedFoliageSkinnedNaniteAssembly,LV_Overland/Region/Hogwarts Valley/Hogsmeade_RiverBlockout/LI_Hogsmeade_River/SM_Bulrush_Reeds_69,8B0CE843-4569-BC16-F5D5-E1A7DD7ABD08,1,DL_OVERLAND;DL_RENDER,DL_HM_EXT;DL_HOGSMEADE,LI_Hogsmeade_River,/Game/Environment/River/LI_Hogsmeade_River,,6237.3,-78563.2,4037.1
Hogsmeade River,SM_Bulrush_Reeds_7,PlacedFoliageSkinnedNaniteAssembly,LV_Overland/Region/Hogwarts Valley/Hogsmeade_RiverBlockout/LI_Hogsmeade_River/SM_Bulrush_Reeds_7,AA84F067-46C9-842B-C0B8-5D8EE09DC427,1,DL_OVERLAND;DL_RENDER,DL_HM_EXT;DL_HOGSMEADE,LI_Hogsmeade_River,/Game/Environment/River/LI_Hogsmeade_River,,10948.8,-70844.7,3488.6
Hogsmeade River,SM_Bulrush_Reeds_70,PlacedFoliageSkinnedNaniteAssembly,LV_Overland/Region/Hogwarts Valley/Hogsmeade_RiverBlockout/LI_Hogsmeade_River/SM_Bulrush_Reeds_70,34114B5C-489C-1E95-7469-6BBCEA1C82CB,1,DL_OVERLAND;DL_RENDER,DL_HM_EXT;DL_HOGSMEADE,LI_Hogsmeade_River,/Game/Environment/River/LI_Hogsmeade_River,,6190.8,-78700.1,4037.1
Hogsmeade River,SM_Bulrush_Reeds_71,PlacedFoliageSkinnedNaniteAssembly,LV_Overland/Region/Hogwarts Valley/Hogsmeade_RiverBlockout/LI_Hogsmeade_River/SM_Bulrush_Reeds_71,DF221E86-4AF1-16AE-3BB1-EF96CBECE723,1,DL_OVERLAND;DL_RENDER,DL_HM_EXT;DL_HOGSMEADE,LI_Hogsmeade_River,/Game/Environment/River/LI_Hogsmeade_River,,6344.9,-78412.1,4021.8
Hogsmeade River,SM_Bulrush_Reeds_72,PlacedFoliageSkinnedNaniteAssembly,LV_Overland/Region/Hogwarts Valley/Hogsmeade_RiverBlockout/LI_Hogsmeade_River/SM_Bulrush_Reeds_72,39943E77-4D44-107E-FFDE-FB9E67466662,1,DL_OVERLAND;DL_RENDER,DL_HM_EXT;DL_HOGSMEADE,LI_Hogsmeade_River,/Game/Environment/River/LI_Hogsmeade_River,,6238.4,-78620.9,4097.4
Hogsmeade River,SM_Bulrush_Reeds_73,PlacedFoliageSkinnedNaniteAssembly,LV_Overland/Region/Hogwarts Valley/Hogsmeade_RiverBlockout/LI_Hogsmeade_River/SM_Bulrush_Reeds_73,8A94066E-4878-37DA-2F79-19ACDF20CF77,1,DL_OVERLAND;DL_RENDER,DL_HM_EXT;DL_HOGSMEADE,LI_Hogsmeade_River,/Game/Environment/River/LI_Hogsmeade_River,,6212.8,-78596.5,4083.2
Hogsmeade River,SM_Bulrush_Reeds_8,PlacedFoliageSkinnedNaniteAssembly,LV_Overland/Region/Hogwarts Valley/Hogsmeade_RiverBlockout/LI_Hogsmeade_River/SM_Bulrush_Reeds_8,A9281EE8-476E-4162-10BB-9FBEAB74285B,1,DL_OVERLAND;DL_RENDER,DL_HM_EXT;DL_HOGSMEADE,LI_Hogsmeade_River,/Game/Environment/River/LI_Hogsmeade_River,,10872.3,-70935.7,3495.5
Hogsmeade River,SM_Bulrush_Reeds_83,PlacedFoliageSkinnedNaniteAssembly,LV_Overland/Region/Hogwarts Valley/Hogsmeade_RiverBlockout/LI_Hogsmeade_River/SM_Bulrush_Reeds_83,982DFEFF-4FA6-24A0-EEA5-F6ABC45F0CED,1,DL_OVERLAND;DL_RENDER,DL_HM_EXT;DL_HOGSMEADE,LI_Hogsmeade_River,/Game/Environment/River/LI_Hogsmeade_River,,4702.6,-77104.0,4057.6
Hogsmeade River,SM_Bulrush_Reeds_84,PlacedFoliageSkinnedNaniteAssembly,LV_Overland/Region/Hogwarts Valley/Hogsmeade_RiverBlockout/LI_Hogsmeade_River/SM_Bulrush_Reeds_84,066754C0-41A1-7588-1ADB-369DD0BD45D4,1,DL_OVERLAND;DL_RENDER,DL_HM_EXT;DL_HOGSMEADE,LI_Hogsmeade_River,/Game/Environment/River/LI_Hogsmeade_River,,4774.1,-77061.0,4065.1
Hogsmeade River,SM_Bulrush_Reeds_85,PlacedFoliageSkinnedNaniteAssembly,LV_Overland/Region/Hogwarts Valley/Hogsmeade_RiverBlockout/LI_Hogsmeade_River/SM_Bulrush_Reeds_85,71B809DF-4F47-F2F0-E4D6-17AC42A611D9,1,DL_OVERLAND;DL_RENDER,DL_HM_EXT;DL_HOGSMEADE,LI_Hogsmeade_River,/Game/Environment/River/LI_Hogsmeade_River,,4754.0,-77133.7,4001.2
Hogsmeade River,SM_Bulrush_Reeds_86,PlacedFoliageSkinnedNaniteAssembly,LV_Overland/Region/Hogwarts Valley/Hogsmeade_RiverBlockout/LI_Hogsmeade_River/SM_Bulrush_Reeds_86,BB8919D4-497C-A4BF-B737-8CAFE7B81A54,1,DL_OVERLAND;DL_RENDER,DL_HM_EXT;DL_HOGSMEADE,LI_Hogsmeade_River,/Game/Environment/River/LI_Hogsmeade_River,,4749.7,-77101.0,4000.7
Hogsmeade River,SM_Bulrush_Reeds_87,PlacedFoliageSkinnedNaniteAssembly,LV_Overland/Region/Hogwarts Valley/Hogsmeade_RiverBlockout/LI_Hogsmeade_River/SM_Bulrush_Reeds_87,0340F680-4206-65A5-F1D9-E6A215EADE0A,1,DL_OVERLAND;DL_RENDER,DL_HM_EXT;DL_HOGSMEADE,LI_Hogsmeade_River,/Game/Environment/River/LI_Hogsmeade_River,,4753.9,-77180.0,3987.8
Hogsmeade River,SM_Bulrush_Reeds_88,PlacedFoliageSkinnedNaniteAssembly,LV_Overland/Region/Hogwarts Valley/Hogsmeade_RiverBlockout/LI_Hogsmeade_River/SM_Bulrush_Reeds_88,9DEED87C-4C64-62AC-871F-71A2F8133B44,1,DL_OVERLAND;DL_RENDER,DL_HM_EXT;DL_HOGSMEADE,LI_Hogsmeade_River,/Game/Environment/River/LI_Hogsmeade_River,,4553.7,-77152.1,4036.6
Hogsmeade River,SM_Bulrush_Reeds_89,PlacedFoliageSkinnedNaniteAssembly,LV_Overland/Region/Hogwarts Valley/Hogsmeade_RiverBlockout/LI_Hogsmeade_River/SM_Bulrush_Reeds_89,D0609A38-4834-D5A2-2E0E-5AA1DC80CEB5,1,DL_OVERLAND;DL_RENDER,DL_HM_EXT;DL_HOGSMEADE,LI_Hogsmeade_River,/Game/Environment/River/LI_Hogsmeade_River,,4152.5,-77400.1,4024.1
Hogsmeade River,SM_Bulrush_Reeds_9,PlacedFoliageSkinnedNaniteAssembly,LV_Overland/Region/Hogwarts Valley/Hogsmeade_RiverBlockout/LI_Hogsmeade_River/SM_Bulrush_Reeds_9,041783A7-480D-2D6B-B170-96BFCDFAE362,1,DL_OVERLAND;DL_RENDER,DL_HM_EXT;DL_HOGSMEADE,LI_Hogsmeade_River,/Game/Environment/River/LI_Hogsmeade_River,,10860.5,-70915.6,3523.8
Hogsmeade River,SM_Bulrush_Reeds_90,PlacedFoliageSkinnedNaniteAssembly,LV_Overland/Region/Hogwarts Valley/Hogsmeade_RiverBlockout/LI_Hogsmeade_River/SM_Bulrush_Reeds_90,54CA7042-4AE8-07E5-C091-FA8E0D76534A,1,DL_OVERLAND;DL_RENDER,DL_HM_EXT;DL_HOGSMEADE,LI_Hogsmeade_River,/Game/Environment/River/LI_Hogsmeade_River,,4108.9,-77364.0,4097.7
Hogsmeade River,SM_Bulrush_Reeds_91,PlacedFoliageSkinnedNaniteAssembly,LV_Overland/Region/Hogwarts Valley/Hogsmeade_RiverBlockout/LI_Hogsmeade_River/SM_Bulrush_Reeds_91,602CEAA1-4667-293B-6129-4FA505284C07,1,DL_OVERLAND;DL_RENDER,DL_HM_EXT;DL_HOGSMEADE,LI_Hogsmeade_River,/Game/Environment/River/LI_Hogsmeade_River,,4161.9,-77220.7,4052.0
Hogsmeade River,SM_Bulrush_Reeds_92,PlacedFoliageSkinnedNaniteAssembly,LV_Overland/Region/Hogwarts Valley/Hogsmeade_RiverBlockout/LI_Hogsmeade_River/SM_Bulrush_Reeds_92,B859171D-4DF6-607F-7C19-FC96FCD83747,1,DL_OVERLAND;DL_RENDER,DL_HM_EXT;DL_HOGSMEADE,LI_Hogsmeade_River,/Game/Environment/River/LI_Hogsmeade_River,,4097.2,-77310.0,4097.7
Hogsmeade River,SM_Bulrush_Reeds_93,PlacedFoliageSkinnedNaniteAssembly,LV_Overland/Region/Hogwarts Valley/Hogsmeade_RiverBlockout/LI_Hogsmeade_River/SM_Bulrush_Reeds_93,61581B19-4B89-C38B-E8B1-3A9076C62219,1,DL_OVERLAND;DL_RENDER,DL_HM_EXT;DL_HOGSMEADE,LI_Hogsmeade_River,/Game/Environment/River/LI_Hogsmeade_River,,4134.3,-77302.3,4037.4
Hogsmeade River,SM_Bulrush_Reeds_94,PlacedFoliageSkinnedNaniteAssembly,LV_Overland/Region/Hogwarts Valley/Hogsmeade_RiverBlockout/LI_Hogsmeade_River/SM_Bulrush_Reeds_94,6016E979-49A0-F672-ADC2-C9A904C63EE0,1,DL_OVERLAND;DL_RENDER,DL_HM_EXT;DL_HOGSMEADE,LI_Hogsmeade_River,/Game/Environment/River/LI_Hogsmeade_River,,4092.3,-77274.6,4097.7
Hogsmeade River,SM_Bulrush_Reeds_95,PlacedFoliageSkinnedNaniteAssembly,LV_Overland/Region/Hogwarts Valley/Hogsmeade_RiverBlockout/LI_Hogsmeade_River/SM_Bulrush_Reeds_95,08652074-4084-8711-ED72-D1802FBE170D,1,DL_OVERLAND;DL_RENDER,DL_HM_EXT;DL_HOGSMEADE,LI_Hogsmeade_River,/Game/Environment/River/LI_Hogsmeade_River,,3151.2,-79227.5,4117.6
Hogsmeade River,SM_Bulrush_Reeds_96,PlacedFoliageSkinnedNaniteAssembly,LV_Overland/Region/Hogwarts Valley/Hogsmeade_RiverBlockout/LI_Hogsmeade_River/SM_Bulrush_Reeds_96,1AF47327-427A-0110-08E4-E28489C18D9D,1,DL_OVERLAND;DL_RENDER,DL_HM_EXT;DL_HOGSMEADE,LI_Hogsmeade_River,/Game/Environment/River/LI_Hogsmeade_River,,3048.4,-79325.0,4078.3
Hogsmeade River,SM_Bulrush_Reeds_97,PlacedFoliageSkinnedNaniteAssembly,LV_Overland/Region/Hogwarts Valley/Hogsmeade_RiverBlockout/LI_Hogsmeade_River/SM_Bulrush_Reeds_97,7267A24B-4560-9520-1EC7-C8A1AD030D16,1,DL_OVERLAND;DL_RENDER,DL_HM_EXT;DL_HOGSMEADE,LI_Hogsmeade_River,/Game/Environment/River/LI_Hogsmeade_River,,2769.7,-78788.8,4078.3
Hogsmeade River,SM_Bulrush_Reeds_98,PlacedFoliageSkinnedNaniteAssembly,LV_Overland/Region/Hogwarts Valley/Hogsmeade_RiverBlockout/LI_Hogsmeade_River/SM_Bulrush_Reeds_98,51BD2738-4B07-5763-9B75-9EAE82592BC1,1,DL_OVERLAND;DL_RENDER,DL_HM_EXT;DL_HOGSMEADE,LI_Hogsmeade_River,/Game/Environment/River/LI_Hogsmeade_River,,3134.3,-79331.2,4060.0
Hogsmeade River,SM_Bulrush_Reeds_99,PlacedFoliageSkinnedNaniteAssembly,LV_Overland/Region/Hogwarts Valley/Hogsmeade_RiverBlockout/LI_Hogsmeade_River/SM_Bulrush_Reeds_99,FE7910E1-4F51-A999-18BD-1C9A94D78DB8,1,DL_OVERLAND;DL_RENDER,DL_HM_EXT;DL_HOGSMEADE,LI_Hogsmeade_River,/Game/Environment/River/LI_Hogsmeade_River,,3075.9,-79023.1,4095.0
Hogsmeade River,SM_Foxglove_A10,PlacedFoliageSkinnedNaniteAssembly,LV_Overland/Region/Hogwarts Valley/Hogsmeade_RiverBlockout/LI_Hogsmeade_River/SM_Foxglove_A10,A74FCEE1-406A-1ACD-4286-86B4A9EF34DB,1,DL_OVERLAND;DL_RENDER,DL_HM_EXT;DL_HOGSMEADE,LI_Hogsmeade_River,/Game/Environment/River/LI_Hogsmeade_River,,10105.4,-72854.9,4309.9
Hogsmeade River,SM_Foxglove_A11,PlacedFoliageSkinnedNaniteAssembly,LV_Overland/Region/Hogwarts Valley/Hogsmeade_RiverBlockout/LI_Hogsmeade_River/SM_Foxglove_A11,A41F0FC6-4EDB-6518-45C4-E99DCA415866,1,DL_OVERLAND;DL_RENDER,DL_HM_EXT;DL_HOGSMEADE,LI_Hogsmeade_River,/Game/Environment/River/LI_Hogsmeade_River,,10146.1,-72833.2,4308.7
Hogsmeade River,SM_Foxglove_A5,PlacedFoliageSkinnedNaniteAssembly,LV_Overland/Region/Hogwarts Valley/Hogsmeade_RiverBlockout/LI_Hogsmeade_River/SM_Foxglove_A5,68EC8A37-495C-5136-426A-A6B36C6C1747,1,DL_OVERLAND;DL_RENDER,DL_HM_EXT;DL_HOGSMEADE,LI_Hogsmeade_River,/Game/Environment/River/LI_Hogsmeade_River,,6556.9,-78578.1,4355.0
Hogsmeade River,SM_Foxglove_A6,PlacedFoliageSkinnedNaniteAssembly,LV_Overland/Region/Hogwarts Valley/Hogsmeade_RiverBlockout/LI_Hogsmeade_River/SM_Foxglove_A6,F95C4DA4-4969-3722-F075-AA8165464BB8,1,DL_OVERLAND;DL_RENDER,DL_HM_EXT;DL_HOGSMEADE,LI_Hogsmeade_River,/Game/Environment/River/LI_Hogsmeade_River,,7478.4,-75848.4,4221.8
Hogsmeade River,SM_Foxglove_A7,PlacedFoliageSkinnedNaniteAssembly,LV_Overland/Region/Hogwarts Valley/Hogsmeade_RiverBlockout/LI_Hogsmeade_River/SM_Foxglove_A7,14191CDA-474A-A3EA-6C15-A0AEF82A1797,1,DL_OVERLAND;DL_RENDER,DL_HM_EXT;DL_HOGSMEADE,LI_Hogsmeade_River,/Game/Environment/River/LI_Hogsmeade_River,,7575.1,-75846.2,4232.0
Hogsmeade River,SM_Foxglove_B6,PlacedFoliageSkinnedNaniteAssembly,LV_Overland/Region/Hogwarts Valley/Hogsmeade_RiverBlockout/LI_Hogsmeade_River/SM_Foxglove_B6,32386D6B-4D90-7501-02C4-FAA74882BF3A,1,DL_OVERLAND;DL_RENDER,DL_HM_EXT;DL_HOGSMEADE,LI_Hogsmeade_River,/Game/Environment/River/LI_Hogsmeade_River,,6578.0,-78536.1,4352.6
Hogsmeade River,SM_Foxglove_B7,PlacedFoliageSkinnedNaniteAssembly,LV_Overland/Region/Hogwarts Valley/Hogsmeade_RiverBlockout/LI_Hogsmeade_River/SM_Foxglove_B7,0F5787E2-4969-23B9-B048-D090E5CCE4EB,1,DL_OVERLAND;DL_RENDER,DL_HM_EXT;DL_HOGSMEADE,LI_Hogsmeade_River,/Game/Environment/River/LI_Hogsmeade_River,,7414.5,-75925.2,4219.6
Hogsmeade River,SM_Foxglove_B9,PlacedFoliageSkinnedNaniteAssembly,LV_Overland/Region/Hogwarts Valley/Hogsmeade_RiverBlockout/LI_Hogsmeade_River/SM_Foxglove_B9,65C6DAC2-4654-9430-3CBE-758CE0BD2C2F,1,DL_OVERLAND;DL_RENDER,DL_HM_EXT;DL_HOGSMEADE,LI_Hogsmeade_River,/Game/Environment/River/LI_Hogsmeade_River,,10035.1,-72883.2,4309.1
Hogsmeade River,SM_Foxglove_C3,PlacedFoliageSkinnedNaniteAssembly,LV_Overland/Region/Hogwarts Valley/Hogsmeade_RiverBlockout/LI_Hogsmeade_River/SM_Foxglove_C3,8CFDC605-465C-76D0-D7E1-DF8F1375713F,1,DL_OVERLAND;DL_RENDER,DL_HM_EXT;DL_HOGSMEADE,LI_Hogsmeade_River,/Game/Environment/River/LI_Hogsmeade_River,,6488.2,-78466.1,4348.2
Hogsmeade River,SM_Foxglove_C4,PlacedFoliageSkinnedNaniteAssembly,LV_Overland/Region/Hogwarts Valley/Hogsmeade_RiverBlockout/LI_Hogsmeade_River/SM_Foxglove_C4,13480D33-428F-74A2-FDD2-839524D514CC,1,DL_OVERLAND;DL_RENDER,DL_HM_EXT;DL_HOGSMEADE,LI_Hogsmeade_River,/Game/Environment/River/LI_Hogsmeade_River,,7423.1,-75887.3,4188.6
Hogsmeade River,SM_Foxglove_C6,PlacedFoliageSkinnedNaniteAssembly,LV_Overland/Region/Hogwarts Valley/Hogsmeade_RiverBlockout/LI_Hogsmeade_River/SM_Foxglove_C6,D1ABA3CC-439B-8C79-5758-FBBDA1F4772A,1,DL_OVERLAND;DL_RENDER,DL_HM_EXT;DL_HOGSMEADE,LI_Hogsmeade_River,/Game/Environment/River/LI_Hogsmeade_River,,9973.5,-72887.0,4293.2
Hogsmeade River,SM_Gorse_A17,PlacedFoliageSkinnedNaniteAssembly,LV_Overland/Region/Hogwarts Valley/Hogsmeade_RiverBlockout/LI_Hogsmeade_River/SM_Gorse_A17,42373774-42FE-9AAD-46CD-0EB021C86D7C,1,DL_OVERLAND;DL_RENDER,DL_HM_EXT;DL_HOGSMEADE,LI_Hogsmeade_River,/Game/Environment/River/LI_Hogsmeade_River,,12294.8,-71351.0,3919.2
Hogsmeade River,SM_Gorse_A18,PlacedFoliageSkinnedNaniteAssembly,LV_Overland/Region/Hogwarts Valley/Hogsmeade_RiverBlockout/LI_Hogsmeade_River/SM_Gorse_A18,5D54D760-421A-5614-734E-8F8FFC626B18,1,DL_OVERLAND;DL_RENDER,DL_HM_EXT;DL_HOGSMEADE,LI_Hogsmeade_River,/Game/Environment/River/LI_Hogsmeade_River,,11917.8,-71689.5,3988.5
Hogsmeade River,SM_Gorse_A2,PlacedFoliageSkinnedNaniteAssembly,LV_Overland/Region/Hogwarts Valley/Hogsmeade_RiverBlockout/LI_Hogsmeade_River/SM_Gorse_A2,E77E69D2-4DC4-CF08-0817-B2A2229C54B7,1,DL_OVERLAND;DL_RENDER,DL_HM_EXT;DL_HOGSMEADE,LI_Hogsmeade_River,/Game/Environment/River/LI_Hogsmeade_River,,26136.0,-87718.3,7029.8
Hogsmeade River,SM_Gorse_A3,PlacedFoliageSkinnedNaniteAssembly,LV_Overland/Region/Hogwarts Valley/Hogsmeade_RiverBlockout/LI_Hogsmeade_River/SM_Gorse_A3,BB24A7D6-4CD8-660B-F667-CF9A6E4C2D90,1,DL_OVERLAND;DL_RENDER,DL_HM_EXT;DL_HOGSMEADE,LI_Hogsmeade_River,/Game/Environment/River/LI_Hogsmeade_River,,24334.7,-88711.5,6280.5
Hogsmeade River,SM_Gorse_A6,PlacedFoliageSkinnedNaniteAssembly,LV_Overland/Region/Hogwarts Valley/Hogsmeade_RiverBlockout/LI_Hogsmeade_River/SM_Gorse_A6,8FE0A617-4EDC-707B-3E2D-F1BFABCF4E18,1,DL_OVERLAND;DL_RENDER,DL_HM_EXT;DL_HOGSMEADE,LI_Hogsmeade_River,/Game/Environment/River/LI_Hogsmeade_River,,23496.8,-89698.9,6684.4
Hogsmeade River,SM_Gorse_A62,PlacedFoliageSkinnedNaniteAssembly,LV_Overland/Region/Hogwarts Valley/Hogsmeade_RiverBlockout/LI_Hogsmeade_River/SM_Gorse_A62,E2F0AB81-40B7-0F90-EAE2-769D4D570FF7,1,DL_OVERLAND;DL_RENDER,DL_HM_EXT;DL_HOGSMEADE,LI_Hogsmeade_River,/Game/Environment/River/LI_Hogsmeade_River,,13251.8,-70819.9,3695.0
Hogsmeade River,SM_Gorse_A63,PlacedFoliageSkinnedNaniteAssembly,LV_Overland/Region/Hogwarts Valley/Hogsmeade_RiverBlockout/LI_Hogsmeade_River/SM_Gorse_A63,56B31418-4B16-85EC-9881-9E968A58C54F,1,DL_OVERLAND;DL_RENDER,DL_HM_EXT;DL_HOGSMEADE,LI_Hogsmeade_River,/Game/Environment/River/LI_Hogsmeade_River,,13142.0,-71008.4,3739.5
Hogsmeade River,SM_Gorse_A7,PlacedFoliageSkinnedNaniteAssembly,LV_Overland/Region/Hogwarts Valley/Hogsmeade_RiverBlockout/LI_Hogsmeade_River/SM_Gorse_A7,40622183-4565-AB70-96FF-658852C468C3,1,DL_OVERLAND;DL_RENDER,DL_HM_EXT;DL_HOGSMEADE,LI_Hogsmeade_River,/Game/Environment/River/LI_Hogsmeade_River,,26906.6,-87849.7,7332.2
Hogsmeade River,SM_Gorse_A8,PlacedFoliageSkinnedNaniteAssembly,LV_Overland/Region/Hogwarts Valley/Hogsmeade_RiverBlockout/LI_Hogsmeade_River/SM_Gorse_A8,538ECDE7-49D6-767A-A7B8-50BF7402199B,1,DL_OVERLAND;DL_RENDER,DL_HM_EXT;DL_HOGSMEADE,LI_Hogsmeade_River,/Game/Environment/River/LI_Hogsmeade_River,,26451.8,-88646.6,7189.3
Hogsmeade River,SM_Gorse_A9,PlacedFoliageSkinnedNaniteAssembly,LV_Overland/Region/Hogwarts Valley/Hogsmeade_RiverBlockout/LI_Hogsmeade_River/SM_Gorse_A9,B4C08B7D-488F-3093-19BB-A59ED0D751A0,1,DL_OVERLAND;DL_RENDER,DL_HM_EXT;DL_HOGSMEADE,LI_Hogsmeade_River,/Game/Environment/River/LI_Hogsmeade_River,,24709.2,-88575.1,6363.8
Hogsmeade River,SM_Gorse_B2,PlacedFoliageSkinnedNaniteAssembly,LV_Overland/Region/Hogwarts Valley/Hogsmeade_RiverBlockout/LI_Hogsmeade_River/SM_Gorse_B2,6CD1BAA2-4DB8-013E-B91D-CB923F56E7DB,1,DL_OVERLAND;DL_RENDER,DL_HM_EXT;DL_HOGSMEADE,LI_Hogsmeade_River,/Game/Environment/River/LI_Hogsmeade_River,,26096.0,-87618.3,6915.3
Hogsmeade River,SM_Gorse_B26,PlacedFoliageSkinnedNaniteAssembly,LV_Overland/Region/Hogwarts Valley/Hogsmeade_RiverBlockout/LI_Hogsmeade_River/SM_Gorse_B26,E060B981-4916-93ED-1899-0D98AF6AEB35,1,DL_OVERLAND;DL_RENDER,DL_HM_EXT;DL_HOGSMEADE,LI_Hogsmeade_River,/Game/Environment/River/LI_Hogsmeade_River,,9442.5,-72550.3,3757.5
Hogsmeade River,SM_Gorse_B27,PlacedFoliageSkinnedNaniteAssembly,LV_Overland/Region/Hogwarts Valley/Hogsmeade_RiverBlockout/LI_Hogsmeade_River/SM_Gorse_B27,BAA68FF5-4CD5-A949-9D5E-19BB9607B6A8,1,DL_OVERLAND;DL_RENDER,DL_HM_EXT;DL_HOGSMEADE,LI_Hogsmeade_River,/Game/Environment/River/LI_Hogsmeade_River,,10114.9,-72560.3,3939.6
Hogsmeade River,SM_Gorse_B28,PlacedFoliageSkinnedNaniteAssembly,LV_Overland/Region/Hogwarts Valley/Hogsmeade_RiverBlockout/LI_Hogsmeade_River/SM_Gorse_B28,6147605C-400B-1256-15BB-0D93745B7DF0,1,DL_OVERLAND;DL_RENDER,DL_HM_EXT;DL_HOGSMEADE,LI_Hogsmeade_River,/Game/Environment/River/LI_Hogsmeade_River,,13577.3,-70539.5,3664.1
Hogsmeade River,SM_Gorse_B29,PlacedFoliageSkinnedNaniteAssembly,LV_Overland/Region/Hogwarts Valley/Hogsmeade_RiverBlockout/LI_Hogsmeade_River/SM_Gorse_B29,152D20A2-4511-8D1C-AF6B-B8BB68D24EBC,1,DL_OVERLAND;DL_RENDER,DL_HM_EXT;DL_HOGSMEADE,LI_Hogsmeade_River,/Game/Environment/River/LI_Hogsmeade_River,,13083.0,-71156.2,3777.6
Hogsmeade River,SM_Gorse_B3,PlacedFoliageSkinnedNaniteAssembly,LV_Overland/Region/Hogwarts Valley/Hogsmeade_RiverBlockout/LI_Hogsmeade_River/SM_Gorse_B3,8F6C0515-4BB0-F2D9-FD72-58B5E7CA686C,1,DL_OVERLAND;DL_RENDER,DL_HM_EXT;DL_HOGSMEADE,LI_Hogsmeade_River,/Game/Environment/River/LI_Hogsmeade_River,,26837.9,-87732.3,7310.0
Hogsmeade River,SM_Gorse_B30,PlacedFoliageSkinnedNaniteAssembly,LV_Overland/Region/Hogwarts Valley/Hogsmeade_RiverBlockout/LI_Hogsmeade_River/SM_Gorse_B30,8F97F6E0-4226-0793-0DB8-9E81626DC6E2,1,DL_OVERLAND;DL_RENDER,DL_HM_EXT;DL_HOGSMEADE,LI_Hogsmeade_River,/Game/Environment/River/LI_Hogsmeade_River,,13205.6,-69708.8,3902.0
Hogsmeade River,SM_Gorse_B4,PlacedFoliageSkinnedNaniteAssembly,LV_Overland/Region/Hogwarts Valley/Hogsmeade_RiverBlockout/LI_Hogsmeade_River/SM_Gorse_B4,BE6508A9-4C15-3274-68D5-47A489B1B68B,1,DL_OVERLAND;DL_RENDER,DL_HM_EXT;DL_HOGSMEADE,LI_Hogsmeade_River,/Game/Environment/River/LI_Hogsmeade_River,,26345.3,-88555.0,7181.4
Hogsmeade River,SM_Gorse_B8,PlacedFoliageSkinnedNaniteAssembly,LV_Overland/Region/Hogwarts Valley/Hogsmeade_RiverBlockout/LI_Hogsmeade_River/SM_Gorse_B8,92441373-4C7D-CB9B-5BDC-A984DE6115C5,1,DL_OVERLAND;DL_RENDER,DL_HM_EXT;DL_HOGSMEADE,LI_Hogsmeade_River,/Game/Environment/River/LI_Hogsmeade_River,,12441.1,-71319.2,3876.8
Hogsmeade River,SM_Gorse_B9,PlacedFoliageSkinnedNaniteAssembly,LV_Overland/Region/Hogwarts Valley/Hogsmeade_RiverBlockout/LI_Hogsmeade_River/SM_Gorse_B9,17103759-4C68-FC57-F1D9-E8988FF4608C,1,DL_OVERLAND;DL_RENDER,DL_HM_EXT;DL_HOGSMEADE,LI_Hogsmeade_River,/Game/Environment/River/LI_Hogsmeade_River,,11846.4,-71783.9,3997.1
Hogsmeade River,SM_Gorse_C,PlacedFoliageSkinnedNaniteAssembly,LV_Overland/Region/Hogwarts Valley/Hogsmeade_RiverBlockout/LI_Hogsmeade_River/SM_Gorse_C,8C409034-46FD-C7C9-BD4E-B39AE60522A4,1,DL_OVERLAND;DL_RENDER,DL_HM_EXT;DL_HOGSMEADE,LI_Hogsmeade_River,/Game/Environment/River/LI_Hogsmeade_River,,26159.9,-87518.1,6833.8
Hogsmeade River,SM_Gorse_C10,PlacedFoliageSkinnedNaniteAssembly,LV_Overland/Region/Hogwarts Valley/Hogsmeade_RiverBlockout/LI_Hogsmeade_River/SM_Gorse_C10,1909061A-494D-3527-AEC9-3089505708F5,1,DL_OVERLAND;DL_RENDER,DL_HM_EXT;DL_HOGSMEADE,LI_Hogsmeade_River,/Game/Environment/River/LI_Hogsmeade_River,,12298.5,-71448.9,3867.3
Hogsmeade River,SM_Gorse_C11,PlacedFoliageSkinnedNaniteAssembly,LV_Overland/Region/Hogwarts Valley/Hogsmeade_RiverBlockout/LI_Hogsmeade_River/SM_Gorse_C11,35738FB2-4C9D-DE0A-1E48-B8AEDFFFA484,1,DL_OVERLAND;DL_RENDER,DL_HM_EXT;DL_HOGSMEADE,LI_Hogsmeade_River,/Game/Environment/River/LI_Hogsmeade_River,,12211.1,-71321.8,3857.6
Hogsmeade River,SM_Gorse_C2,PlacedFoliageSkinnedNaniteAssembly,LV_Overland/Region/Hogwarts Valley/Hogsmeade_RiverBlockout/LI_Hogsmeade_River/SM_Gorse_C2,FB60FE02-43DE-9E5E-922A-AF968755B724,1,DL_OVERLAND;DL_RENDER,DL_HM_EXT;DL_HOGSMEADE,LI_Hogsmeade_River,/Game/Environment/River/LI_Hogsmeade_River,,26510.7,-88486.1,7169.8
Hogsmeade River,SM_Gorse_C21,PlacedFoliageSkinnedNaniteAssembly,LV_Overland/Region/Hogwarts Valley/Hogsmeade_RiverBlockout/LI_Hogsmeade_River/SM_Gorse_C21,382D7BB6-4DD7-400B-3092-4C879F3375BF,1,DL_OVERLAND;DL_RENDER,DL_HM_EXT;DL_HOGSMEADE,LI_Hogsmeade_River,/Game/Environment/River/LI_Hogsmeade_River,,13025.3,-71015.9,3613.5
Hogsmeade River,SM_Gorse_C22,PlacedFoliageSkinnedNaniteAssembly,LV_Overland/Region/Hogwarts Valley/Hogsmeade_RiverBlockout/LI_Hogsmeade_River/SM_Gorse_C22,19F70F4B-4CE0-0474-3732-15A9CA44C04E,1,DL_OVERLAND;DL_RENDER,DL_HM_EXT;DL_HOGSMEADE,LI_Hogsmeade_River,/Game/Environment/River/LI_Hogsmeade_River,,13287.0,-69820.0,3840.9
Hogsmeade River,SM_Gorse_D10,PlacedFoliageSkinnedNaniteAssembly,LV_Overland/Region/Hogwarts Valley/Hogsmeade_RiverBlockout/LI_Hogsmeade_River/SM_Gorse_D10,E981FCCE-43B4-3669-A2DC-2F829AEC6FF4,1,DL_OVERLAND;DL_RENDER,DL_HM_EXT;DL_HOGSMEADE,LI_Hogsmeade_River,/Game/Environment/River/LI_Hogsmeade_River,,11928.7,-71641.9,3921.4
Hogsmeade River,SM_Gorse_D11,PlacedFoliageSkinnedNaniteAssembly,LV_Overland/Region/Hogwarts Valley/Hogsmeade_RiverBlockout/LI_Hogsmeade_River/SM_Gorse_D11,CB571624-46EB-CE8D-CD68-3E9B130DB88E,1,DL_OVERLAND;DL_RENDER,DL_HM_EXT;DL_HOGSMEADE,LI_Hogsmeade_River,/Game/Environment/River/LI_Hogsmeade_River,,11993.8,-71556.4,3817.4
Hogsmeade River,SM_Gorse_D16,PlacedFoliageSkinnedNaniteAssembly,LV_Overland/Region/Hogwarts Valley/Hogsmeade_RiverBlockout/LI_Hogsmeade_River/SM_Gorse_D16,8C8CC70F-4A64-F615-BAC4-769BEC76D876,1,DL_OVERLAND;DL_RENDER,DL_HM_EXT;DL_HOGSMEADE,LI_Hogsmeade_River,/Game/Environment/River/LI_Hogsmeade_River,,9337.2,-72629.9,3716.1
Hogsmeade River,SM_Gorse_D17,PlacedFoliageSkinnedNaniteAssembly,LV_Overland/Region/Hogwarts Valley/Hogsmeade_RiverBlockout/LI_Hogsmeade_River/SM_Gorse_D17,020BD3FD-42FD-7255-21C0-C78F2AEE08F9,1,DL_OVERLAND;DL_RENDER,DL_HM_EXT;DL_HOGSMEADE,LI_Hogsmeade_River,/Game/Environment/River/LI_Hogsmeade_River,,9271.8,-72685.9,3685.6
Hogsmeade River,SM_Gorse_D19,PlacedFoliageSkinnedNaniteAssembly,LV_Overland/Region/Hogwarts Valley/Hogsmeade_RiverBlockout/LI_Hogsmeade_River/SM_Gorse_D19,98187653-4DCC-52CC-7013-07A89DE21D59,1,DL_OVERLAND;DL_RENDER,DL_HM_EXT;DL_HOGSMEADE,LI_Hogsmeade_River,/Game/Environment/River/LI_Hogsmeade_River,,13302.6,-70709.6,3620.0
Hogsmeade River,SM_Gorse_D20,PlacedFoliageSkinnedNaniteAssembly,LV_Overland/Region/Hogwarts Valley/Hogsmeade_RiverBlockout/LI_Hogsmeade_River/SM_Gorse_D20,B51D52DF-43DF-AE80-1555-858CD7C26539,1,DL_OVERLAND;DL_RENDER,DL_HM_EXT;DL_HOGSMEADE,LI_Hogsmeade_River,/Game/Environment/River/LI_Hogsmeade_River,,13122.3,-70845.3,3613.8
Hogsmeade River,SM_Gorse_D21,PlacedFoliageSkinnedNaniteAssembly,LV_Overland/Region/Hogwarts Valley/Hogsmeade_RiverBlockout/LI_Hogsmeade_River/SM_Gorse_D21,508E23E7-4146-33A8-2C0B-D8BD7190202C,1,DL_OVERLAND;DL_RENDER,DL_HM_EXT;DL_HOGSMEADE,LI_Hogsmeade_River,/Game/Environment/River/LI_Hogsmeade_River,,13060.2,-70935.3,3623.6
Hogsmeade River,SM_Gorse_D22,PlacedFoliageSkinnedNaniteAssembly,LV_Overland/Region/Hogwarts Valley/Hogsmeade_RiverBlockout/LI_Hogsmeade_River/SM_Gorse_D22,5ED7BBCF-4DAA-4866-200D-CDA3E6FD9A3F,1,DL_OVERLAND;DL_RENDER,DL_HM_EXT;DL_HOGSMEADE,LI_Hogsmeade_River,/Game/Environment/River/LI_Hogsmeade_River,,13133.4,-69686.3,3790.0
Hogsmeade River,SM_Gorse_D23,PlacedFoliageSkinnedNaniteAssembly,LV_Overland/Region/Hogwarts Valley/Hogsmeade_RiverBlockout/LI_Hogsmeade_River/SM_Gorse_D23,83F9E8E9-447D-CB7C-CB95-7ABA1E69C1AB,1,DL_OVERLAND;DL_RENDER,DL_HM_EXT;DL_HOGSMEADE,LI_Hogsmeade_River,/Game/Environment/River/LI_Hogsmeade_River,,13187.9,-69780.8,3823.0
Hogsmeade River,SM_Gorse_D5,PlacedFoliageSkinnedNaniteAssembly,LV_Overland/Region/Hogwarts Valley/Hogsmeade_RiverBlockout/LI_Hogsmeade_River/SM_Gorse_D5,3CA52909-4CC4-91A1-8DA7-3290FD5E8103,1,DL_OVERLAND;DL_RENDER,DL_HM_EXT;DL_HOGSMEADE,LI_Hogsmeade_River,/Game/Environment/River/LI_Hogsmeade_River,,23408.3,-89766.2,6613.2
Hogsmeade River,SM_Gorse_D6,PlacedFoliageSkinnedNaniteAssembly,LV_Overland/Region/Hogwarts Valley/Hogsmeade_RiverBlockout/LI_Hogsmeade_River/SM_Gorse_D6,EF54A486-43C0-48D5-FF54-0093FFF3B8CE,1,DL_OVERLAND;DL_RENDER,DL_HM_EXT;DL_HOGSMEADE,LI_Hogsmeade_River,/Game/Environment/River/LI_Hogsmeade_River,,26997.1,-87663.2,7229.9
Hogsmeade River,SM_Gorse_D7,PlacedFoliageSkinnedNaniteAssembly,LV_Overland/Region/Hogwarts Valley/Hogsmeade_RiverBlockout/LI_Hogsmeade_River/SM_Gorse_D7,C39643ED-437F-1AAE-84C3-05B4F187FFB6,1,DL_OVERLAND;DL_RENDER,DL_HM_EXT;DL_HOGSMEADE,LI_Hogsmeade_River,/Game/Environment/River/LI_Hogsmeade_River,,26559.2,-88343.5,7201.1
Hogsmeade River,SM_Gorse_D9,PlacedFoliageSkinnedNaniteAssembly,LV_Overland/Region/Hogwarts Valley/Hogsmeade_RiverBlockout/LI_Hogsmeade_River/SM_Gorse_D9,DD82BDD3-449B-FD65-ACE2-769D2FFB1F32,1,DL_OVERLAND;DL_RENDER,DL_HM_EXT;DL_HOGSMEADE,LI_Hogsmeade_River,/Game/Environment/River/LI_Hogsmeade_River,,12097.9,-71501.4,3828.6
Hogsmeade River,SM_Gorse_E18,PlacedFoliageSkinnedNaniteAssembly,LV_Overland/Region/Hogwarts Valley/Hogsmeade_RiverBlockout/LI_Hogsmeade_River/SM_Gorse_E18,4CE5A304-4AB4-CD34-656D-C0911E0F9289,1,DL_OVERLAND;DL_RENDER,DL_HM_EXT;DL_HOGSMEADE,LI_Hogsmeade_River,/Game/Environment/River/LI_Hogsmeade_River,,12229.5,-71567.2,3919.7
Hogsmeade River,SM_Gorse_E19,PlacedFoliageSkinnedNaniteAssembly,LV_Overland/Region/Hogwarts Valley/Hogsmeade_RiverBlockout/LI_Hogsmeade_River/SM_Gorse_E19,79E0E140-4B70-5AD2-229A-7A9909514C1B,1,DL_OVERLAND;DL_RENDER,DL_HM_EXT;DL_HOGSMEADE,LI_Hogsmeade_River,/Game/Environment/River/LI_Hogsmeade_River,,12118.4,-71719.0,4036.6
Hogsmeade River,SM_Gorse_E2,PlacedFoliageSkinnedNaniteAssembly,LV_Overland/Region/Hogwarts Valley/Hogsmeade_RiverBlockout/LI_Hogsmeade_River/SM_Gorse_E2,1D6E5607-4714-87DA-1180-4D90C1150998,1,DL_OVERLAND;DL_RENDER,DL_HM_EXT;DL_HOGSMEADE,LI_Hogsmeade_River,/Game/Environment/River/LI_Hogsmeade_River,,26308.6,-87491.3,6918.9
Hogsmeade River,SM_Gorse_E23,PlacedFoliageSkinnedNaniteAssembly,LV_Overland/Region/Hogwarts Valley/Hogsmeade_RiverBlockout/LI_Hogsmeade_River/SM_Gorse_E23,D6AA9A49-412F-66F4-46A7-5F92537A33F8,1,DL_OVERLAND;DL_RENDER,DL_HM_EXT;DL_HOGSMEADE,LI_Hogsmeade_River,/Game/Environment/River/LI_Hogsmeade_River,,9884.3,-72445.3,3750.6
Hogsmeade River,SM_Gorse_E24,PlacedFoliageSkinnedNaniteAssembly,LV_Overland/Region/Hogwarts Valley/Hogsmeade_RiverBlockout/LI_Hogsmeade_River/SM_Gorse_E24,20017B55-401B-FE49-920B-57BCE6205118,1,DL_OVERLAND;DL_RENDER,DL_HM_EXT;DL_HOGSMEADE,LI_Hogsmeade_River,/Game/Environment/River/LI_Hogsmeade_River,,13327.9,-70966.2,3763.7
Hogsmeade River,SM_Gorse_E25,PlacedFoliageSkinnedNaniteAssembly,LV_Overland/Region/Hogwarts Valley/Hogsmeade_RiverBlockout/LI_Hogsmeade_River/SM_Gorse_E25,F4F101DD-47B6-E785-8E08-899B5609EF5B,1,DL_OVERLAND;DL_RENDER,DL_HM_EXT;DL_HOGSMEADE,LI_Hogsmeade_River,/Game/Environment/River/LI_Hogsmeade_River,,24701.4,-89490.7,6749.3
Hogsmeade River,SM_Gorse_E26,PlacedFoliageSkinnedNaniteAssembly,LV_Overland/Region/Hogwarts Valley/Hogsmeade_RiverBlockout/LI_Hogsmeade_River/SM_Gorse_E26,34CCC2D4-44EA-271C-CB10-9680619B5806,1,DL_OVERLAND;DL_RENDER,DL_HM_EXT;DL_HOGSMEADE,LI_Hogsmeade_River,/Game/Environment/River/LI_Hogsmeade_River,,24883.5,-89433.7,6771.9
Hogsmeade River,SM_Gorse_E27,PlacedFoliageSkinnedNaniteAssembly,LV_Overland/Region/Hogwarts Valley/Hogsmeade_RiverBlockout/LI_Hogsmeade_River/SM_Gorse_E27,A44D9D37-4623-97CD-D78A-F1BDB902F166,1,DL_OVERLAND;DL_RENDER,DL_HM_EXT;DL_HOGSMEADE,LI_Hogsmeade_River,/Game/Environment/River/LI_Hogsmeade_River,,24072.1,-89766.6,6840.8
Hogsmeade River,SM_Gorse_E28,PlacedFoliageSkinnedNaniteAssembly,LV_Overland/Region/Hogwarts Valley/Hogsmeade_RiverBlockout/LI_Hogsmeade_River/SM_Gorse_E28,62AE1191-4D54-E7A6-F6AF-1D9911F5117D,1,DL_OVERLAND;DL_RENDER,DL_HM_EXT;DL_HOGSMEADE,LI_Hogsmeade_River,/Game/Environment/River/LI_Hogsmeade_River,,23931.3,-89878.4,6816.3
Hogsmeade River,SM_Gorse_E3,PlacedFoliageSkinnedNaniteAssembly,LV_Overland/Region/Hogwarts Valley/Hogsmeade_RiverBlockout/LI_Hogsmeade_River/SM_Gorse_E3,4572CB55-4398-6F18-0B91-69845558EAD0,1,DL_OVERLAND;DL_RENDER,DL_HM_EXT;DL_HOGSMEADE,LI_Hogsmeade_River,/Game/Environment/River/LI_Hogsmeade_River,,26082.3,-87892.3,7009.7
Hogsmeade River,SM_Gorse_E4,PlacedFoliageSkinnedNaniteAssembly,LV_Overland/Region/Hogwarts Valley/Hogsmeade_RiverBlockout/LI_Hogsmeade_River/SM_Gorse_E4,83FECF13-4864-0AE0-AC68-E596BBEA2E3D,1,DL_OVERLAND;DL_RENDER,DL_HM_EXT;DL_HOGSMEADE,LI_Hogsmeade_River,/Game/Environment/River/LI_Hogsmeade_River,,24538.8,-88740.6,6319.7
Hogsmeade River,SM_Gorse_E7,PlacedFoliageSkinnedNaniteAssembly,LV_Overland/Region/Hogwarts Valley/Hogsmeade_RiverBlockout/LI_Hogsmeade_River/SM_Gorse_E7,B6DAE8B1-40BB-2C51-BFB4-5A85DA72E90A,1,DL_OVERLAND;DL_RENDER,DL_HM_EXT;DL_HOGSMEADE,LI_Hogsmeade_River,/Game/Environment/River/LI_Hogsmeade_River,,27123.7,-87640.0,7291.4
Hogsmeade River,SM_Gorse_E8,PlacedFoliageSkinnedNaniteAssembly,LV_Overland/Region/Hogwarts Valley/Hogsmeade_RiverBlockout/LI_Hogsmeade_River/SM_Gorse_E8,13E5F675-4FA1-CAAA-43F6-1B9B1E3B4A97,1,DL_OVERLAND;DL_RENDER,DL_HM_EXT;DL_HOGSMEADE,LI_Hogsmeade_River,/Game/Environment/River/LI_Hogsmeade_River,,26390.4,-88414.2,7240.6
Hogsmeade River,SM_Gorse_F3,PlacedFoliageSkinnedNaniteAssembly,LV_Overland/Region/Hogwarts Valley/Hogsmeade_RiverBlockout/LI_Hogsmeade_River/SM_Gorse_F3,B93D7EDE-4960-2429-EFA1-B298668C3629,1,DL_OVERLAND;DL_RENDER,DL_HM_EXT;DL_HOGSMEADE,LI_Hogsmeade_River,/Game/Environment/River/LI_Hogsmeade_River,,24777.4,-89543.4,6832.7
Hogsmeade River,SM_Gorse_G,PlacedFoliageSkinnedNaniteAssembly,LV_Overland/Region/Hogwarts Valley/Hogsmeade_RiverBlockout/LI_Hogsmeade_River/SM_Gorse_G,B3D9DA9D-4387-8254-0E48-9F85E6F6BE12,1,DL_OVERLAND;DL_RENDER,DL_HM_EXT;DL_HOGSMEADE,LI_Hogsmeade_River,/Game/Environment/River/LI_Hogsmeade_River,,22845.7,-88645.6,5993.6
Hogsmeade River,SM_Gorse_Hedge_A,PlacedFoliageSkinnedNaniteAssembly,LV_Overland/Region/Hogwarts Valley/Hogsmeade_RiverBlockout/LI_Hogsmeade_River/SM_Gorse_Hedge_A,4B288A20-4473-047C-1711-608C3C1132E8,1,DL_OVERLAND;DL_RENDER,DL_HM_EXT;DL_HOGSMEADE,LI_Hogsmeade_River,/Game/Environment/River/LI_Hogsmeade_River,,24290.4,-88888.2,6391.4
Hogsmeade River,SM_HardFern_A2,PlacedFoliageSkinnedNaniteAssembly,LV_Overland/Region/Hogwarts Valley/Hogsmeade_RiverBlockout/LI_Hogsmeade_River/SM_HardFern_A2,45A9DD68-4544-0026-1939-5DB6FB636B29,1,DL_OVERLAND;DL_RENDER,DL_HM_EXT;DL_HOGSMEADE,LI_Hogsmeade_River,/Game/Environment/River/LI_Hogsmeade_River,,4998.0,-76682.6,4142.4
Hogsmeade River,SM_HardFern_A3,PlacedFoliageSkinnedNaniteAssembly,LV_Overland/Region/Hogwarts Valley/Hogsmeade_RiverBlockout/LI_Hogsmeade_River/SM_HardFern_A3,A50DDDC2-4564-77EA-A69F-5E81F8E6BB38,1,DL_OVERLAND;DL_RENDER,DL_HM_EXT;DL_HOGSMEADE,LI_Hogsmeade_River,/Game/Environment/River/LI_Hogsmeade_River,,6774.7,-77307.1,4216.4
Hogsmeade River,SM_HardFern_A4,PlacedFoliageSkinnedNaniteAssembly,LV_Overland/Region/Hogwarts Valley/Hogsmeade_RiverBlockout/LI_Hogsmeade_River/SM_HardFern_A4,7057DD3B-439F-D4E8-EE2E-5FAACA2F2AD3,1,DL_OVERLAND;DL_RENDER,DL_HM_EXT;DL_HOGSMEADE,LI_Hogsmeade_River,/Game/Environment/River/LI_Hogsmeade_River,,24600.4,-89100.0,6493.0
Hogsmeade River,SM_HardFern_A6,PlacedFoliageSkinnedNaniteAssembly,LV_Overland/Region/Hogwarts Valley/Hogsmeade_RiverBlockout/LI_Hogsmeade_River/SM_HardFern_A6,77A5287E-4F32-216F-F04F-00A7ECE390DC,1,DL_OVERLAND;DL_RENDER,DL_HM_EXT;DL_HOGSMEADE,LI_Hogsmeade_River,/Game/Environment/River/LI_Hogsmeade_River,,22847.2,-88645.7,5945.2
Hogsmeade River,SM_HardFern_B2,PlacedFoliageSkinnedNaniteAssembly,LV_Overland/Region/Hogwarts Valley/Hogsmeade_RiverBlockout/LI_Hogsmeade_River/SM_HardFern_B2,6AD78811-469E-F151-36DB-419C99857569,1,DL_OVERLAND;DL_RENDER,DL_HM_EXT;DL_HOGSMEADE,LI_Hogsmeade_River,/Game/Environment/River/LI_Hogsmeade_River,,24507.9,-89095.1,6452.9
Hogsmeade River,SM_HardFern_B3,PlacedFoliageSkinnedNaniteAssembly,LV_Overland/Region/Hogwarts Valley/Hogsmeade_RiverBlockout/LI_Hogsmeade_River/SM_HardFern_B3,62CF3294-4AA6-E3BE-94F5-0A9CC5803424,1,DL_OVERLAND;DL_RENDER,DL_HM_EXT;DL_HOGSMEADE,LI_Hogsmeade_River,/Game/Environment/River/LI_Hogsmeade_River,,24213.8,-89134.1,6337.8
Hogsmeade River,SM_HardFern_B4,PlacedFoliageSkinnedNaniteAssembly,LV_Overland/Region/Hogwarts Valley/Hogsmeade_RiverBlockout/LI_Hogsmeade_River/SM_HardFern_B4,C0F9935B-41D7-DA93-DE5D-DBACE4816DC3,1,DL_OVERLAND;DL_RENDER,DL_HM_EXT;DL_HOGSMEADE,LI_Hogsmeade_River,/Game/Environment/River/LI_Hogsmeade_River,,22870.3,-88607.5,5937.5
Hogsmeade River,SM_HardFern_C,PlacedFoliageSkinnedNaniteAssembly,LV_Overland/Region/Hogwarts Valley/Hogsmeade_RiverBlockout/LI_Hogsmeade_River/SM_HardFern_C,B0302646-419E-14CE-CF1E-5D8AC1722F54,1,DL_OVERLAND;DL_RENDER,DL_HM_EXT;DL_HOGSMEADE,LI_Hogsmeade_River,/Game/Environment/River/LI_Hogsmeade_River,,22914.5,-88611.5,5890.2
Hogsmeade River,SM_Holly_B3,PlacedFoliageSkinnedNaniteAssembly,LV_Overland/Region/Hogwarts Valley/Hogsmeade_RiverBlockout/LI_Hogsmeade_River/SM_Holly_B3,24631B47-4288-C2A2-9C0F-5AA93C3C66A8,1,DL_OVERLAND;DL_RENDER,DL_HM_EXT;DL_HOGSMEADE,LI_Hogsmeade_River,/Game/Environment/River/LI_Hogsmeade_River,,25831.4,-88157.8,6742.1
Hogsmeade River,SM_Holly_B4,PlacedFoliageSkinnedNaniteAssembly,LV_Overland/Region/Hogwarts Valley/Hogsmeade_RiverBlockout/LI_Hogsmeade_River/SM_Holly_B4,C157F972-49C3-47E7-1582-EBB3E0BB1FF5,1,DL_OVERLAND;DL_RENDER,DL_HM_EXT;DL_HOGSMEADE,LI_Hogsmeade_River,/Game/Environment/River/LI_Hogsmeade_River,,25878.0,-88247.0,6727.0
Hogsmeade River,SM_Holly_B5,PlacedFoliageSkinnedNaniteAssembly,LV_Overland/Region/Hogwarts Valley/Hogsmeade_RiverBlockout/LI_Hogsmeade_River/SM_Holly_B5,D9CECCF6-4D77-01F3-05D2-98B481ACE59B,1,DL_OVERLAND;DL_RENDER,DL_HM_EXT;DL_HOGSMEADE,LI_Hogsmeade_River,/Game/Environment/River/LI_Hogsmeade_River,,25952.7,-88275.9,6734.5
Hogsmeade River,SM_Juniper_A2,PlacedFoliageSkinnedNaniteAssembly,LV_Overland/Region/Hogwarts Valley/Hogsmeade_RiverBlockout/LI_Hogsmeade_River/SM_Juniper_A2,8DF775BF-4E2B-4AF8-1973-68B6234B30AA,1,DL_OVERLAND;DL_RENDER,DL_HM_EXT;DL_HOGSMEADE,LI_Hogsmeade_River,/Game/Environment/River/LI_Hogsmeade_River,,10418.1,-72281.4,3933.8
Hogsmeade River,SM_Juniper_A3,PlacedFoliageSkinnedNaniteAssembly,LV_Overland/Region/Hogwarts Valley/Hogsmeade_RiverBlockout/LI_Hogsmeade_River/SM_Juniper_A3,43D2B8CC-4346-D783-03F2-F7A54BD60C36,1,DL_OVERLAND;DL_RENDER,DL_HM_EXT;DL_HOGSMEADE,LI_Hogsmeade_River,/Game/Environment/River/LI_Hogsmeade_River,,13865.9,-67915.8,3767.2
Hogsmeade River,SM_Juniper_B,PlacedFoliageSkinnedNaniteAssembly,LV_Overland/Region/Hogwarts Valley/Hogsmeade_RiverBlockout/LI_Hogsmeade_River/SM_Juniper_B,42139F9F-4E14-CE9A-2825-1080F8756589,1,DL_OVERLAND;DL_RENDER,DL_HM_EXT;DL_HOGSMEADE,LI_Hogsmeade_River,/Game/Environment/River/LI_Hogsmeade_River,,4381.7,-82639.2,4828.3
Hogsmeade River,SM_Juniper_B2,PlacedFoliageSkinnedNaniteAssembly,LV_Overland/Region/Hogwarts Valley/Hogsmeade_RiverBlockout/LI_Hogsmeade_River/SM_Juniper_B2,4F108678-41C0-1597-1342-D49F37CF1CFD,1,DL_OVERLAND;DL_RENDER,DL_HM_EXT;DL_HOGSMEADE,LI_Hogsmeade_River,/Game/Environment/River/LI_Hogsmeade_River,,25749.0,-87535.3,6257.7
Hogsmeade River,SM_Juniper_B3,PlacedFoliageSkinnedNaniteAssembly,LV_Overland/Region/Hogwarts Valley/Hogsmeade_RiverBlockout/LI_Hogsmeade_River/SM_Juniper_B3,3A658FDC-438E-8611-8DE3-3B8242C09820,1,DL_OVERLAND;DL_RENDER,DL_HM_EXT;DL_HOGSMEADE,LI_Hogsmeade_River,/Game/Environment/River/LI_Hogsmeade_River,,25905.3,-88154.8,6816.5
Hogsmeade River,SM_Juniper_B4,PlacedFoliageSkinnedNaniteAssembly,LV_Overland/Region/Hogwarts Valley/Hogsmeade_RiverBlockout/LI_Hogsmeade_River/SM_Juniper_B4,C7FB65A6-4EC9-92A6-F9E4-9EA9B1EBB7BA,1,DL_OVERLAND;DL_RENDER,DL_HM_EXT;DL_HOGSMEADE,LI_Hogsmeade_River,/Game/Environment/River/LI_Hogsmeade_River,,8505.9,-85183.5,5312.7
Hogsmeade River,SM_Juniper_C10,PlacedFoliageSkinnedNaniteAssembly,LV_Overland/Region/Hogwarts Valley/Hogsmeade_RiverBlockout/LI_Hogsmeade_River/SM_Juniper_C10,6F5A907E-432C-CA46-3E31-3BA072B8A2E3,1,DL_OVERLAND;DL_RENDER,DL_HM_EXT;DL_HOGSMEADE,LI_Hogsmeade_River,/Game/Environment/River/LI_Hogsmeade_River,,23775.8,-89226.6,6328.0
Hogsmeade River,SM_Juniper_C11,PlacedFoliageSkinnedNaniteAssembly,LV_Overland/Region/Hogwarts Valley/Hogsmeade_RiverBlockout/LI_Hogsmeade_River/SM_Juniper_C11,18100692-47EB-24F4-390E-1C8E9103ED0D,1,DL_OVERLAND;DL_RENDER,DL_HM_EXT;DL_HOGSMEADE,LI_Hogsmeade_River,/Game/Environment/River/LI_Hogsmeade_River,,23746.9,-88980.8,6052.7
Hogsmeade River,SM_Juniper_C12,PlacedFoliageSkinnedNaniteAssembly,LV_Overland/Region/Hogwarts Valley/Hogsmeade_RiverBlockout/LI_Hogsmeade_River/SM_Juniper_C12,3D11DC0F-40C3-E61A-A4A7-56BA85F48593,1,DL_OVERLAND;DL_RENDER,DL_HM_EXT;DL_HOGSMEADE,LI_Hogsmeade_River,/Game/Environment/River/LI_Hogsmeade_River,,15492.8,-87301.9,6338.6
Hogsmeade River,SM_Juniper_C13,PlacedFoliageSkinnedNaniteAssembly,LV_Overland/Region/Hogwarts Valley/Hogsmeade_RiverBlockout/LI_Hogsmeade_River/SM_Juniper_C13,89A83B03-4307-3603-AA23-B48210AF2064,1,DL_OVERLAND;DL_RENDER,DL_HM_EXT;DL_HOGSMEADE,LI_Hogsmeade_River,/Game/Environment/River/LI_Hogsmeade_River,,23554.4,-89252.7,6068.4
Hogsmeade River,SM_Juniper_C14,PlacedFoliageSkinnedNaniteAssembly,LV_Overland/Region/Hogwarts Valley/Hogsmeade_RiverBlockout/LI_Hogsmeade_River/SM_Juniper_C14,5EB14B2A-4960-53A5-8614-A7843008A851,1,DL_OVERLAND;DL_RENDER,DL_HM_EXT;DL_HOGSMEADE,LI_Hogsmeade_River,/Game/Environment/River/LI_Hogsmeade_River,,23992.0,-88894.9,6128.5
Hogsmeade River,SM_Juniper_C17,PlacedFoliageSkinnedNaniteAssembly,LV_Overland/Region/Hogwarts Valley/Hogsmeade_RiverBlockout/LI_Hogsmeade_River/SM_Juniper_C17,DFAA43A8-45EC-04EE-DD77-939A8BC14B82,1,DL_OVERLAND;DL_RENDER,DL_HM_EXT;DL_HOGSMEADE,LI_Hogsmeade_River,/Game/Environment/River/LI_Hogsmeade_River,,25710.5,-87707.3,6407.5
Hogsmeade River,SM_Juniper_C18,PlacedFoliageSkinnedNaniteAssembly,LV_Overland/Region/Hogwarts Valley/Hogsmeade_RiverBlockout/LI_Hogsmeade_River/SM_Juniper_C18,860E49A7-4188-DA0D-6535-88A0EA3401CA,1,DL_OVERLAND;DL_RENDER,DL_HM_EXT;DL_HOGSMEADE,LI_Hogsmeade_River,/Game/Environment/River/LI_Hogsmeade_River,,25836.5,-87630.2,6631.3
Hogsmeade River,SM_Juniper_C19,PlacedFoliageSkinnedNaniteAssembly,LV_Overland/Region/Hogwarts Valley/Hogsmeade_RiverBlockout/LI_Hogsmeade_River/SM_Juniper_C19,079A5C94-4955-9128-EB64-3EAB2D7B6273,1,DL_OVERLAND;DL_RENDER,DL_HM_EXT;DL_HOGSMEADE,LI_Hogsmeade_River,/Game/Environment/River/LI_Hogsmeade_River,,15290.6,-87174.9,6374.2
Hogsmeade River,SM_Juniper_C2,PlacedFoliageSkinnedNaniteAssembly,LV_Overland/Region/Hogwarts Valley/Hogsmeade_RiverBlockout/LI_Hogsmeade_River/SM_Juniper_C2,959216DC-4A78-732A-E9C9-D2BC58AC539A,1,DL_OVERLAND;DL_RENDER,DL_HM_EXT;DL_HOGSMEADE,LI_Hogsmeade_River,/Game/Environment/River/LI_Hogsmeade_River,,4545.1,-82214.3,4780.9
Hogsmeade River,SM_Juniper_C20,PlacedFoliageSkinnedNaniteAssembly,LV_Overland/Region/Hogwarts Valley/Hogsmeade_RiverBlockout/LI_Hogsmeade_River/SM_Juniper_C20,D34A3B2F-4D8C-D129-E125-CDBDA70B2D66,1,DL_OVERLAND;DL_RENDER,DL_HM_EXT;DL_HOGSMEADE,LI_Hogsmeade_River,/Game/Environment/River/LI_Hogsmeade_River,,14735.2,-87016.1,6248.6
Hogsmeade River,SM_Juniper_C25,PlacedFoliageSkinnedNaniteAssembly,LV_Overland/Region/Hogwarts Valley/Hogsmeade_RiverBlockout/LI_Hogsmeade_River/SM_Juniper_C25,C3F50E46-4DD9-E6A4-8B46-F0BC54C828F6,1,DL_OVERLAND;DL_RENDER,DL_HM_EXT;DL_HOGSMEADE,LI_Hogsmeade_River,/Game/Environment/River/LI_Hogsmeade_River,,7657.9,-84825.0,5507.1
Hogsmeade River,SM_Juniper_C29,PlacedFoliageSkinnedNaniteAssembly,LV_Overland/Region/Hogwarts Valley/Hogsmeade_RiverBlockout/LI_Hogsmeade_River/SM_Juniper_C29,3C30FC39-4E56-D3A9-0747-C89DE6FEBFE9,1,DL_OVERLAND;DL_RENDER,DL_HM_EXT;DL_HOGSMEADE,LI_Hogsmeade_River,/Game/Environment/River/LI_Hogsmeade_River,,3811.2,-82043.6,4732.2
Hogsmeade River,SM_Juniper_C3,PlacedFoliageSkinnedNaniteAssembly,LV_Overland/Region/Hogwarts Valley/Hogsmeade_RiverBlockout/LI_Hogsmeade_River/SM_Juniper_C3,25A17B27-4291-9F0E-E937-808B0EFAA169,1,DL_OVERLAND;DL_RENDER,DL_HM_EXT;DL_HOGSMEADE,LI_Hogsmeade_River,/Game/Environment/River/LI_Hogsmeade_River,,4650.8,-82641.5,4807.5
Hogsmeade River,SM_Juniper_C4,PlacedFoliageSkinnedNaniteAssembly,LV_Overland/Region/Hogwarts Valley/Hogsmeade_RiverBlockout/LI_Hogsmeade_River/SM_Juniper_C4,BE5EDCAD-420C-1836-2BFB-40B05792A39D,1,DL_OVERLAND;DL_RENDER,DL_HM_EXT;DL_HOGSMEADE,LI_Hogsmeade_River,/Game/Environment/River/LI_Hogsmeade_River,,8810.9,-85370.4,5397.3
Hogsmeade River,SM_Juniper_C6,PlacedFoliageSkinnedNaniteAssembly,LV_Overland/Region/Hogwarts Valley/Hogsmeade_RiverBlockout/LI_Hogsmeade_River/SM_Juniper_C6,3A3ED447-4097-3044-68D4-C8AE0E2E36C6,1,DL_OVERLAND;DL_RENDER,DL_HM_EXT;DL_HOGSMEADE,LI_Hogsmeade_River,/Game/Environment/River/LI_Hogsmeade_River,,5780.0,-83229.5,5063.0
Hogsmeade River,SM_Juniper_C9,PlacedFoliageSkinnedNaniteAssembly,LV_Overland/Region/Hogwarts Valley/Hogsmeade_RiverBlockout/LI_Hogsmeade_River/SM_Juniper_C9,350AD67A-4521-D56D-E388-EBBA43752507,1,DL_OVERLAND;DL_RENDER,DL_HM_EXT;DL_HOGSMEADE,LI_Hogsmeade_River,/Game/Environment/River/LI_Hogsmeade_River,,23960.9,-89068.9,6436.2
Hogsmeade River,SM_Juniper_D,PlacedFoliageSkinnedNaniteAssembly,LV_Overland/Region/Hogwarts Valley/Hogsmeade_RiverBlockout/LI_Hogsmeade_River/SM_Juniper_D,0C08BE12-45A3-18DF-8A0E-A183EC9A48AB,1,DL_OVERLAND;DL_RENDER,DL_HM_EXT;DL_HOGSMEADE,LI_Hogsmeade_River,/Game/Environment/River/LI_Hogsmeade_River,,5901.1,-83342.7,5151.6
Hogsmeade River,SM_Juniper_Manicured_Hedge_A,PlacedFoliageSkinnedNaniteAssembly,LV_Overland/Region/Hogwarts Valley/Hogsmeade_RiverBlockout/LI_Hogsmeade_River/SM_Juniper_Manicured_Hedge_A,3546B8EF-41F5-7FA8-BD91-4EA6C3F36C3B,1,DL_OVERLAND;DL_RENDER,DL_HM_EXT;DL_HOGSMEADE,LI_Hogsmeade_River,/Game/Environment/River/LI_Hogsmeade_River,,26951.4,-88900.0,7290.2
Hogsmeade River,SM_Juniper_Manicured_Hedge_A2,PlacedFoliageSkinnedNaniteAssembly,LV_Overland/Region/Hogwarts Valley/Hogsmeade_RiverBlockout/LI_Hogsmeade_River/SM_Juniper_Manicured_Hedge_A2,AE85B7D6-478B-7092-5DAC-048B1A4B3063,1,DL_OVERLAND;DL_RENDER,DL_HM_EXT;DL_HOGSMEADE,LI_Hogsmeade_River,/Game/Environment/River/LI_Hogsmeade_River,,26631.3,-88506.3,7189.4
Hogsmeade River,SM_OL_BeachErosion_A01,StaticMeshActor,LV_Overland/Region/Hogwarts Valley/Hogsmeade_RiverBlockout/LI_Hogsmeade_River/Hogsmeade_RiverBlockout/SM_OL_BeachErosion_A01,EEEC208B-404F-3271-5DEC-589136FAA69A,1,DL_OVERLAND;DL_RENDER,DL_HM_EXT;DL_HOGSMEADE,LI_Hogsmeade_River,/Game/Environment/River/LI_Hogsmeade_River,,13524.9,-85686.5,5388.7
Hogsmeade River,SM_OL_BeachErosion_A13,StaticMeshActor,LV_Overland/Region/Hogwarts Valley/Hogsmeade_RiverBlockout/LI_Hogsmeade_River/Hogsmeade_RiverBlockout/SM_OL_BeachErosion_A13,694BF6AD-4098-289B-3E6F-108064372885,1,DL_OVERLAND;DL_RENDER,DL_HM_EXT;DL_HOGSMEADE,LI_Hogsmeade_River,/Game/Environment/River/LI_Hogsmeade_River,,10369.7,-72199.8,3358.4
Hogsmeade River,SM_OL_BeachErosion_A14,StaticMeshActor,LV_Overland/Region/Hogwarts Valley/Hogsmeade_RiverBlockout/LI_Hogsmeade_River/Hogsmeade_RiverBlockout/SM_OL_BeachErosion_A14,994051E9-4C9B-C61F-F970-ACA75C62DC69,1,DL_OVERLAND;DL_RENDER,DL_HM_EXT;DL_HOGSMEADE,LI_Hogsmeade_River,/Game/Environment/River/LI_Hogsmeade_River,,10584.8,-71995.7,3369.2
Hogsmeade River,SM_OL_BeachErosion_A15,StaticMeshActor,LV_Overland/Region/Hogwarts Valley/Hogsmeade_RiverBlockout/LI_Hogsmeade_River/Hogsmeade_RiverBlockout/SM_OL_BeachErosion_A15,00504E3A-406F-5277-BBCC-B592BF8F3F35,1,DL_OVERLAND;DL_RENDER,DL_HM_EXT;DL_HOGSMEADE,LI_Hogsmeade_River,/Game/Environment/River/LI_Hogsmeade_River,,12015.9,-69163.5,3316.5
Hogsmeade River,SM_OL_BeachErosion_A16,StaticMeshActor,LV_Overland/Region/Hogwarts Valley/Hogsmeade_RiverBlockout/LI_Hogsmeade_River/Hogsmeade_RiverBlockout/SM_OL_BeachErosion_A16,B668A7F7-4FD1-B69B-6809-7E974100464C,1,DL_OVERLAND;DL_RENDER,DL_HM_EXT;DL_HOGSMEADE,LI_Hogsmeade_River,/Game/Environment/River/LI_Hogsmeade_River,,11730.0,-68025.7,3278.7
Hogsmeade River,SM_OL_BeachErosion_A17,StaticMeshActor,LV_Overland/Region/Hogwarts Valley/Hogsmeade_RiverBlockout/LI_Hogsmeade_River/Hogsmeade_RiverBlockout/SM_OL_BeachErosion_A17,635173E1-432E-F983-43E6-2796FB0863F5,1,DL_OVERLAND;DL_RENDER,DL_HM_EXT;DL_HOGSMEADE,LI_Hogsmeade_River,/Game/Environment/River/LI_Hogsmeade_River,,11506.4,-68392.9,3299.4
Hogsmeade River,SM_OL_BeachErosion_A18,StaticMeshActor,LV_Overland/Region/Hogwarts Valley/Hogsmeade_RiverBlockout/LI_Hogsmeade_River/Hogsmeade_RiverBlockout/SM_OL_BeachErosion_A18,FEE12694-457C-AE06-4D4C-0D8A34F737D1,1,DL_OVERLAND;DL_RENDER,DL_HM_EXT;DL_HOGSMEADE,LI_Hogsmeade_River,/Game/Environment/River/LI_Hogsmeade_River,,5014.6,-81511.3,3759.9
Hogsmeade River,SM_OL_BeachErosion_A19,StaticMeshActor,LV_Overland/Region/Hogwarts Valley/Hogsmeade_RiverBlockout/LI_Hogsmeade_River/Hogsmeade_RiverBlockout/SM_OL_BeachErosion_A19,AF5EDC64-4831-3F2E-D4C0-F38A2F3ECD12,1,DL_OVERLAND;DL_RENDER,DL_HM_EXT;DL_HOGSMEADE,LI_Hogsmeade_River,/Game/Environment/River/LI_Hogsmeade_River,,5277.1,-81539.9,3781.4
Hogsmeade River,SM_OL_BeachErosion_A2,StaticMeshActor,LV_Overland/Region/Hogwarts Valley/Hogsmeade_RiverBlockout/LI_Hogsmeade_River/SM_OL_BeachErosion_A2,12E94005-4E58-5DA3-07A7-72B37CE0925E,1,DL_OVERLAND;DL_RENDER,DL_HM_EXT;DL_HOGSMEADE,LI_Hogsmeade_River,/Game/Environment/River/LI_Hogsmeade_River,,15207.4,-86879.7,5723.3
Hogsmeade River,SM_OL_BeachErosion_A20,StaticMeshActor,LV_Overland/Region/Hogwarts Valley/Hogsmeade_RiverBlockout/LI_Hogsmeade_River/Hogsmeade_RiverBlockout/SM_OL_BeachErosion_A20,26AA29F8-4ABC-A50D-DA7B-D0BADCE8DF48,1,DL_OVERLAND;DL_RENDER,DL_HM_EXT;DL_HOGSMEADE,LI_Hogsmeade_River,/Game/Environment/River/LI_Hogsmeade_River,,5326.0,-81824.4,3831.3
Hogsmeade River,SM_OL_BeachErosion_A21,StaticMeshActor,LV_Overland/Region/Hogwarts Valley/Hogsmeade_RiverBlockout/LI_Hogsmeade_River/Hogsmeade_RiverBlockout/SM_OL_BeachErosion_A21,6F513604-413D-6379-466B-F0B94202E039,1,DL_OVERLAND;DL_RENDER,DL_HM_EXT;DL_HOGSMEADE,LI_Hogsmeade_River,/Game/Environment/River/LI_Hogsmeade_River,,5430.4,-81726.6,3837.9
Hogsmeade River,SM_OL_BeachErosion_A22,StaticMeshActor,LV_Overland/Region/Hogwarts Valley/Hogsmeade_RiverBlockout/LI_Hogsmeade_River/Hogsmeade_RiverBlockout/SM_OL_BeachErosion_A22,05F4D747-4918-8303-7677-32B5CB22D7C4,1,DL_OVERLAND;DL_RENDER,DL_HM_EXT;DL_HOGSMEADE,LI_Hogsmeade_River,/Game/Environment/River/LI_Hogsmeade_River,,5503.6,-81596.3,3822.5
Hogsmeade River,SM_OL_BeachErosion_A28,StaticMeshActor,LV_Overland/Region/Hogwarts Valley/Hogsmeade_RiverBlockout/LI_Hogsmeade_River/Hogsmeade_RiverBlockout/SM_OL_BeachErosion_A28,6162EE15-4BC3-2BE1-F144-63A3E6D08C67,1,DL_OVERLAND;DL_RENDER,DL_HM_EXT;DL_HOGSMEADE,LI_Hogsmeade_River,/Game/Environment/River/LI_Hogsmeade_River,,5428.3,-82201.2,3874.7
Hogsmeade River,SM_OL_BeachErosion_A29,StaticMeshActor,LV_Overland/Region/Hogwarts Valley/Hogsmeade_RiverBlockout/LI_Hogsmeade_River/Hogsmeade_RiverBlockout/SM_OL_BeachErosion_A29,0A09D63E-431D-654B-540A-4294AF261597,1,DL_OVERLAND;DL_RENDER,DL_HM_EXT;DL_HOGSMEADE,LI_Hogsmeade_River,/Game/Environment/River/LI_Hogsmeade_River,,5691.5,-82169.0,3874.7
Hogsmeade River,SM_OL_BeachErosion_A5,StaticMeshActor,LV_Overland/Region/Hogwarts Valley/Hogsmeade_RiverBlockout/LI_Hogsmeade_River/Hogsmeade_RiverBlockout/SM_OL_BeachErosion_A5,02295C6F-4E2B-FAD5-FD52-61BE09DD9C36,1,DL_OVERLAND;DL_RENDER,DL_HM_EXT;DL_HOGSMEADE,LI_Hogsmeade_River,/Game/Environment/River/LI_Hogsmeade_River,,10051.0,-71286.2,3332.7
Hogsmeade River,SM_OL_RockPile_A01,StaticMeshActor,LV_Overland/Region/Hogwarts Valley/Hogsmeade_RiverBlockout/LI_Hogsmeade_River/Hogsmeade_RiverBlockout/SM_OL_RockPile_A01,49CD2E14-4FA2-E97B-443C-E6BDD64A7B8F,1,DL_OVERLAND;DL_RENDER,DL_HM_EXT;DL_HOGSMEADE,LI_Hogsmeade_River,/Game/Environment/River/LI_Hogsmeade_River,,10589.1,-71625.3,3304.7
Hogsmeade River,SM_OL_RockPile_A02,StaticMeshActor,LV_Overland/Region/Hogwarts Valley/Hogsmeade_RiverBlockout/LI_Hogsmeade_River/Hogsmeade_RiverBlockout/SM_OL_RockPile_A02,99F912E3-436B-BAE3-7181-0DA7B5F231E0,1,DL_OVERLAND;DL_RENDER,DL_HM_EXT;DL_HOGSMEADE,LI_Hogsmeade_River,/Game/Environment/River/LI_Hogsmeade_River,,10629.6,-71316.3,3283.2
Hogsmeade River,SM_OL_RockPile_A16,StaticMeshActor,LV_Overland/Region/Hogwarts Valley/Hogsmeade_RiverBlockout/LI_Hogsmeade_River/SM_OL_RockPile_A16,7333264C-43D9-72DA-E0DF-758CB48AFB17,1,DL_OVERLAND;DL_RENDER,DL_HM_EXT;DL_HOGSMEADE,LI_Hogsmeade_River,/Game/Environment/River/LI_Hogsmeade_River,,7843.6,-75346.8,3955.4
Hogsmeade River,SM_OL_RockPile_A17,StaticMeshActor,LV_Overland/Region/Hogwarts Valley/Hogsmeade_RiverBlockout/LI_Hogsmeade_River/SM_OL_RockPile_A17,D18CD39E-4212-EA8E-86F2-BE9DBC052847,1,DL_OVERLAND;DL_RENDER,DL_HM_EXT;DL_HOGSMEADE,LI_Hogsmeade_River,/Game/Environment/River/LI_Hogsmeade_River,,7719.9,-75361.4,3973.1
Hogsmeade River,SM_OL_RockPile_A18,StaticMeshActor,LV_Overland/Region/Hogwarts Valley/Hogsmeade_RiverBlockout/LI_Hogsmeade_River/SM_OL_RockPile_A18,E1BAC99A-4308-A04E-E162-3A98D9A98507,1,DL_OVERLAND;DL_RENDER,DL_HM_EXT;DL_HOGSMEADE,LI_Hogsmeade_River,/Game/Environment/River/LI_Hogsmeade_River,,7698.0,-75443.0,3973.7
Hogsmeade River,SM_OL_RockPile_A3,StaticMeshActor,LV_Overland/Region/Hogwarts Valley/Hogsmeade_RiverBlockout/LI_Hogsmeade_River/Hogsmeade_RiverBlockout/SM_OL_RockPile_A3,F894BDA8-48F1-DB56-F2ED-E6A6F49EF244,1,DL_OVERLAND;DL_RENDER,DL_HM_EXT;DL_HOGSMEADE,LI_Hogsmeade_River,/Game/Environment/River/LI_Hogsmeade_River,,10504.0,-71367.1,3288.7
Hogsmeade River,SM_RockPile_LI_A01,StaticMeshActor,LV_Overland/Region/Hogwarts Valley/Hogsmeade_RiverBlockout/LI_Hogsmeade_River/Hogsmeade_RiverBlockout/RiverBank_LargeStones_A04_noplants26/SM_RockPile_LI_A01,9F074E12-4619-B8BA-5CCE-40BCACA3F988,12,DL_OVERLAND;DL_RENDER,DL_HM_EXT;DL_HOGSMEADE;DL_OVERLAND,LI_Hogsmeade_River > RiverBank_SmallSharpRocks_A7,/Game/Environment/River/LevelActors/RiverBanks_Large_Stones/LA_RiverBank_SmallSharpRocks_A01,,4517.7,-78413.5,3757.0
Hogsmeade River,SM_RockPile_LI_A01,StaticMeshActor,LV_Overland/Region/Hogwarts Valley/Hogsmeade_RiverBlockout/LI_Hogsmeade_River/Hogsmeade_RiverBlockout/RiverBank_SmallSharpRocks_A10/SM_RockPile_LI_A01,9F074E12-4619-B8BA-5CCE-40BCACA3F988,12,DL_OVERLAND;DL_RENDER,DL_HM_EXT;DL_HOGSMEADE;DL_OVERLAND,LI_Hogsmeade_River > RiverBank_SmallSharpRocks_A7,/Game/Environment/River/LevelActors/RiverBanks_Large_Stones/LA_RiverBank_SmallSharpRocks_A01,,4517.7,-78413.5,3757.0
Hogsmeade River,SM_RockPile_LI_A01,StaticMeshActor,LV_Overland/Region/Hogwarts Valley/Hogsmeade_RiverBlockout/LI_Hogsmeade_River/Hogsmeade_RiverBlockout/RiverBank_SmallSharpRocks_A11/SM_RockPile_LI_A01,9F074E12-4619-B8BA-5CCE-40BCACA3F988,12,DL_OVERLAND;DL_RENDER,DL_HM_EXT;DL_HOGSMEADE;DL_OVERLAND,LI_Hogsmeade_River > RiverBank_SmallSharpRocks_A7,/Game/Environment/River/LevelActors/RiverBanks_Large_Stones/LA_RiverBank_SmallSharpRocks_A01,,4517.7,-78413.5,3757.0
Hogsmeade River,SM_RockPile_LI_A01,StaticMeshActor,LV_Overland/Region/Hogwarts Valley/Hogsmeade_RiverBlockout/LI_Hogsmeade_River/Hogsmeade_RiverBlockout/RiverBank_SmallSharpRocks_A12/SM_RockPile_LI_A01,9F074E12-4619-B8BA-5CCE-40BCACA3F988,12,DL_OVERLAND;DL_RENDER,DL_HM_EXT;DL_HOGSMEADE;DL_OVERLAND,LI_Hogsmeade_River > RiverBank_SmallSharpRocks_A7,/Game/Environment/River/LevelActors/RiverBanks_Large_Stones/LA_RiverBank_SmallSharpRocks_A01,,4517.7,-78413.5,3757.0
Hogsmeade River,SM_RockPile_LI_A01,StaticMeshActor,LV_Overland/Region/Hogwarts Valley/Hogsmeade_RiverBlockout/LI_Hogsmeade_River/Hogsmeade_RiverBlockout/RiverBank_SmallSharpRocks_A2/SM_RockPile_LI_A01,9F074E12-4619-B8BA-5CCE-40BCACA3F988,12,DL_OVERLAND;DL_RENDER,DL_HM_EXT;DL_HOGSMEADE;DL_OVERLAND,LI_Hogsmeade_River > RiverBank_SmallSharpRocks_A7,/Game/Environment/River/LevelActors/RiverBanks_Large_Stones/LA_RiverBank_SmallSharpRocks_A01,,4517.7,-78413.5,3757.0
Hogsmeade River,SM_RockPile_LI_A01,StaticMeshActor,LV_Overland/Region/Hogwarts Valley/Hogsmeade_RiverBlockout/LI_Hogsmeade_River/Hogsmeade_RiverBlockout/RiverBank_SmallSharpRocks_A3/SM_RockPile_LI_A01,9F074E12-4619-B8BA-5CCE-40BCACA3F988,12,DL_OVERLAND;DL_RENDER,DL_HM_EXT;DL_HOGSMEADE;DL_OVERLAND,LI_Hogsmeade_River > RiverBank_SmallSharpRocks_A7,/Game/Environment/River/LevelActors/RiverBanks_Large_Stones/LA_RiverBank_SmallSharpRocks_A01,,4517.7,-78413.5,3757.0
Hogsmeade River,SM_RockPile_LI_A01,StaticMeshActor,LV_Overland/Region/Hogwarts Valley/Hogsmeade_RiverBlockout/LI_Hogsmeade_River/Hogsmeade_RiverBlockout/RiverBank_SmallSharpRocks_A4/SM_RockPile_LI_A01,9F074E12-4619-B8BA-5CCE-40BCACA3F988,12,DL_OVERLAND;DL_RENDER,DL_HM_EXT;DL_HOGSMEADE;DL_OVERLAND,LI_Hogsmeade_River > RiverBank_SmallSharpRocks_A7,/Game/Environment/River/LevelActors/RiverBanks_Large_Stones/LA_RiverBank_SmallSharpRocks_A01,,4517.7,-78413.5,3757.0
Hogsmeade River,SM_RockPile_LI_A01,StaticMeshActor,LV_Overland/Region/Hogwarts Valley/Hogsmeade_RiverBlockout/LI_Hogsmeade_River/Hogsmeade_RiverBlockout/RiverBank_SmallSharpRocks_A5/SM_RockPile_LI_A01,9F074E12-4619-B8BA-5CCE-40BCACA3F988,12,DL_OVERLAND;DL_RENDER,DL_HM_EXT;DL_HOGSMEADE;DL_OVERLAND,LI_Hogsmeade_River > RiverBank_SmallSharpRocks_A7,/Game/Environment/River/LevelActors/RiverBanks_Large_Stones/LA_RiverBank_SmallSharpRocks_A01,,4517.7,-78413.5,3757.0
Hogsmeade River,SM_RockPile_LI_A01,StaticMeshActor,LV_Overland/Region/Hogwarts Valley/Hogsmeade_RiverBlockout/LI_Hogsmeade_River/Hogsmeade_RiverBlockout/RiverBank_SmallSharpRocks_A6/SM_RockPile_LI_A01,9F074E12-4619-B8BA-5CCE-40BCACA3F988,12,DL_OVERLAND;DL_RENDER,DL_HM_EXT;DL_HOGSMEADE;DL_OVERLAND,LI_Hogsmeade_River > RiverBank_SmallSharpRocks_A7,/Game/Environment/River/LevelActors/RiverBanks_Large_Stones/LA_RiverBank_SmallSharpRocks_A01,,4517.7,-78413.5,3757.0
Hogsmeade River,SM_RockPile_LI_A01,StaticMeshActor,LV_Overland/Region/Hogwarts Valley/Hogsmeade_RiverBlockout/LI_Hogsmeade_River/Hogsmeade_RiverBlockout/RiverBank_SmallSharpRocks_A7/SM_RockPile_LI_A01,9F074E12-4619-B8BA-5CCE-40BCACA3F988,12,DL_OVERLAND;DL_RENDER,DL_HM_EXT;DL_HOGSMEADE;DL_OVERLAND,LI_Hogsmeade_River > RiverBank_SmallSharpRocks_A7,/Game/Environment/River/LevelActors/RiverBanks_Large_Stones/LA_RiverBank_SmallSharpRocks_A01,,4517.7,-78413.5,3757.0
Hogsmeade River,SM_RockPile_LI_A01,StaticMeshActor,LV_Overland/Region/Hogwarts Valley/Hogsmeade_RiverBlockout/LI_Hogsmeade_River/Hogsmeade_RiverBlockout/RiverBank_SmallSharpRocks_A8/SM_RockPile_LI_A01,9F074E12-4619-B8BA-5CCE-40BCACA3F988,12,DL_OVERLAND;DL_RENDER,DL_HM_EXT;DL_HOGSMEADE;DL_OVERLAND,LI_Hogsmeade_River > RiverBank_SmallSharpRocks_A7,/Game/Environment/River/LevelActors/RiverBanks_Large_Stones/LA_RiverBank_SmallSharpRocks_A01,,4517.7,-78413.5,3757.0
Hogsmeade River,SM_RockPile_LI_A01,StaticMeshActor,LV_Overland/Region/Hogwarts Valley/Hogsmeade_RiverBlockout/LI_Hogsmeade_River/Hogsmeade_RiverBlockout/RiverBank_SmallSharpRocks_A9/SM_RockPile_LI_A01,9F074E12-4619-B8BA-5CCE-40BCACA3F988,12,DL_OVERLAND;DL_RENDER,DL_HM_EXT;DL_HOGSMEADE;DL_OVERLAND,LI_Hogsmeade_River > RiverBank_SmallSharpRocks_A7,/Game/Environment/River/LevelActors/RiverBanks_Large_Stones/LA_RiverBank_SmallSharpRocks_A01,,4517.7,-78413.5,3757.0
Hogsmeade River,SM_Rocks_Woodland_A01,StaticMeshActor,LV_Overland/Region/Hogwarts Valley/Hogsmeade_RiverBlockout/LI_Hogsmeade_River/Hogsmeade_RiverBlockout/SM_Rocks_Woodland_A01,06E7C1C1-430F-8388-9799-9F8C160AADA3,1,DL_OVERLAND;DL_RENDER,DL_HM_EXT;DL_HOGSMEADE,LI_Hogsmeade_River,/Game/Environment/River/LI_Hogsmeade_River,,10577.4,-71411.7,3304.0
Hogsmeade River,SM_WildCherry_Med_A4,PlacedFoliageSkinnedNaniteAssembly,LV_Overland/Region/Hogwarts Valley/Hogsmeade_RiverBlockout/LI_Hogsmeade_River/SM_WildCherry_Med_A4,721C5D05-4B6F-174A-93BB-7A921346992E,1,DL_OVERLAND;DL_RENDER,DL_HM_EXT;DL_HOGSMEADE,LI_Hogsmeade_River,/Game/Environment/River/LI_Hogsmeade_River,,27805.4,-87251.5,7505.8
